user_id,gender,dob,sign_up_date,location,campaign_id,chanel_id,last_active_date
FNP-U00001,Male,2002-06-19,2026-01-29,Lagos,CMP-004,CH-005,2026-03-13
FNP-U00002,Female,2008-06-14,2026-02-16,Ogun,CMP-005,CH-003,2026-03-20
FNP-U00003,Female,1996-06-27,2026-04-19,Abuja,CMP-005,CH-003,2026-04-19
FNP-U00004,Female,1990-03-06,2026-03-23,Lagos,CMP-006,CH-002,2026-04-09
FNP-U00005,Male,1988-12-16,2026-02-27,Ogun,CMP-006,CH-002,2026-03-02
FNP-U00006,Female,1996-04-11,2026-02-20,Ogun,CMP-004,CH-005,2026-04-22
FNP-U00007,Female,1988-10-18,2026-02-02,Lagos,CMP-003,CH-004,2026-02-15
FNP-U00008,Male,2007-12-15,2026-03-30,Abuja,CMP-001,CH-001,2026-04-13
FNP-U00009,Female,2006-05-27,2026-04-25,Abuja,CMP-005,CH-003,2026-04-25
FNP-U00010,Male,2008-09-17,2026-03-18,Ogun,CMP-001,CH-001,2026-04-14
FNP-U00011,Female,1992-01-11,2026-03-07,Ogun,CMP-002,CH-002,2026-04-15
FNP-U00012,Female,1989-08-08,2026-04-05,Lagos,CMP-004,CH-005,2026-04-23
FNP-U00013,Female,2005-03-11,2026-04-10,Abuja,CMP-005,CH-003,2026-04-23
FNP-U00014,Female,1979-02-16,2026-03-08,Ogun,CMP-003,CH-004,2026-03-22
FNP-U00015,Male,1978-03-06,2026-02-03,Ogun,CMP-002,CH-002,2026-04-08
FNP-U00016,Male,2000-12-11,2026-02-20,Abuja,CMP-006,CH-002,2026-03-05
FNP-U00017,Male,1979-09-03,2026-02-09,Lagos,CMP-002,CH-002,2026-03-18
FNP-U00018,Male,1982-09-15,2026-03-21,Abuja,CMP-006,CH-002,2026-04-04
FNP-U00019,Female,1983-10-20,2026-04-02,Ogun,CMP-001,CH-001,2026-04-23
FNP-U00020,Male,2005-01-06,2026-03-10,Abuja,CMP-004,CH-005,2026-03-16
FNP-U00021,Female,1984-01-12,2026-03-19,Ogun,CMP-001,CH-001,2026-04-18
FNP-U00022,Female,1993-02-06,2026-02-19,Abuja,CMP-002,CH-002,2026-02-20
FNP-U00023,Female,1990-01-17,2026-02-04,Ogun,CMP-001,CH-001,2026-02-06
FNP-U00024,Female,2005-06-20,2026-03-15,Lagos,CMP-005,CH-003,2026-03-30
FNP-U00025,Female,1978-11-27,2026-03-14,Abuja,CMP-006,CH-002,2026-03-21
FNP-U00026,Male,1995-06-03,2026-03-27,Ogun,CMP-005,CH-003,2026-04-22
FNP-U00027,Female,2008-02-27,2026-02-06,Lagos,CMP-004,CH-005,2026-02-07
FNP-U00028,Male,1991-01-09,2026-04-18,Abuja,CMP-003,CH-004,2026-04-21
FNP-U00029,Female,1985-07-02,2026-03-08,Lagos,CMP-003,CH-004,2026-04-03
FNP-U00030,Female,1991-12-10,2026-03-20,Ogun,CMP-001,CH-001,2026-03-29
FNP-U00031,Male,1993-08-05,2026-03-03,Abuja,CMP-004,CH-005,2026-03-31
FNP-U00032,Male,2007-04-12,2026-03-26,Abuja,CMP-002,CH-002,2026-04-04
FNP-U00033,Male,1994-06-18,2026-04-05,Ogun,CMP-005,CH-003,2026-04-10
FNP-U00034,Male,1976-01-23,2026-02-09,Lagos,CMP-003,CH-004,2026-04-16
FNP-U00035,Female,1996-05-27,2026-04-11,Ogun,CMP-004,CH-005,2026-04-22
FNP-U00036,Male,2000-06-23,2026-02-11,Abuja,CMP-001,CH-001,2026-03-06
FNP-U00037,Female,1985-07-03,2026-02-19,Lagos,CMP-001,CH-001,2026-04-10
FNP-U00038,Female,1991-03-16,2026-02-20,Abuja,CMP-005,CH-003,2026-04-05
FNP-U00039,Male,1986-02-15,2026-04-10,Abuja,CMP-006,CH-002,2026-04-22
FNP-U00040,Male,1988-11-10,2026-01-30,Lagos,CMP-002,CH-002,2026-02-15
FNP-U00041,Female,2001-10-03,2026-02-10,Lagos,CMP-002,CH-002,2026-03-08
FNP-U00042,Male,1971-05-20,2026-01-29,Abuja,CMP-003,CH-004,2026-04-07
FNP-U00043,Female,1990-05-09,2026-03-18,Abuja,CMP-002,CH-002,2026-03-22
FNP-U00044,Female,1988-11-07,2026-03-16,Ogun,CMP-004,CH-005,2026-03-24
FNP-U00045,Male,1992-07-24,2026-02-12,Abuja,CMP-003,CH-004,2026-02-17
FNP-U00046,Male,1998-03-15,2026-02-01,Lagos,CMP-003,CH-004,2026-04-14
FNP-U00047,Female,1990-01-10,2026-03-27,Abuja,CMP-002,CH-002,2026-04-13
FNP-U00048,Male,2003-12-14,2026-04-14,Abuja,CMP-001,CH-001,2026-04-22
FNP-U00049,Female,2002-09-13,2026-03-24,Lagos,CMP-002,CH-002,2026-04-02
FNP-U00050,Female,2001-09-02,2026-03-06,Lagos,CMP-003,CH-004,2026-04-15
FNP-U00051,Female,1992-03-07,2026-03-27,Abuja,CMP-005,CH-003,2026-04-20
FNP-U00052,Female,2004-09-06,2026-03-13,Lagos,CMP-002,CH-002,2026-03-13
FNP-U00053,Female,2001-05-15,2026-04-18,Lagos,CMP-004,CH-005,2026-04-23
FNP-U00054,Male,1993-05-19,2026-02-16,Ogun,CMP-004,CH-005,2026-02-24
FNP-U00055,Male,1986-10-26,2026-03-14,Ogun,CMP-003,CH-004,2026-04-03
FNP-U00056,Female,1981-04-24,2026-03-02,Lagos,CMP-001,CH-001,2026-03-18
FNP-U00057,Male,1976-07-26,2026-01-28,Ogun,CMP-006,CH-002,2026-02-10
FNP-U00058,Male,1974-10-05,2026-03-03,Ogun,CMP-002,CH-002,2026-04-04
FNP-U00059,Female,1995-06-13,2026-02-17,Lagos,CMP-005,CH-003,2026-04-15
FNP-U00060,Male,2002-09-01,2026-03-25,Abuja,CMP-004,CH-005,2026-04-03
FNP-U00061,Male,1974-12-15,2026-03-27,Lagos,CMP-003,CH-004,2026-04-06
FNP-U00062,Male,2000-04-04,2026-04-20,Lagos,CMP-005,CH-003,2026-04-25
FNP-U00063,Female,2004-08-21,2026-02-06,Lagos,CMP-001,CH-001,2026-02-21
FNP-U00064,Female,1995-12-06,2026-04-20,Lagos,CMP-005,CH-003,2026-04-24
FNP-U00065,Male,1985-08-27,2026-04-18,Abuja,CMP-001,CH-001,2026-04-21
FNP-U00066,Female,2007-12-14,2026-02-08,Ogun,CMP-004,CH-005,2026-03-09
FNP-U00067,Female,1990-05-17,2026-03-18,Abuja,CMP-001,CH-001,2026-03-19
FNP-U00068,Female,1996-07-05,2026-03-10,Abuja,CMP-006,CH-002,2026-04-13
FNP-U00069,Female,2008-07-19,2026-02-19,Lagos,CMP-002,CH-002,2026-03-10
FNP-U00070,Male,1980-04-10,2026-02-22,Abuja,CMP-003,CH-004,2026-04-06
FNP-U00071,Female,1999-12-04,2026-03-16,Lagos,CMP-002,CH-002,2026-04-14
FNP-U00072,Male,1986-08-03,2026-04-03,Abuja,CMP-003,CH-004,2026-04-17
FNP-U00073,Male,1987-11-15,2026-03-17,Lagos,CMP-003,CH-004,2026-04-21
FNP-U00074,Male,2002-08-28,2026-03-13,Abuja,CMP-001,CH-001,2026-03-30
FNP-U00075,Male,2004-12-09,2026-04-05,Ogun,CMP-001,CH-001,2026-04-11
FNP-U00076,Female,1986-07-18,2026-04-24,Ogun,CMP-004,CH-005,2026-04-24
FNP-U00077,Male,1972-07-05,2026-02-08,Ogun,CMP-002,CH-002,2026-03-08
FNP-U00078,Male,1999-03-23,2026-03-21,Abuja,CMP-006,CH-002,2026-04-18
FNP-U00079,Male,2000-11-04,2026-02-02,Abuja,CMP-002,CH-002,2026-02-28
FNP-U00080,Male,1983-12-13,2026-04-03,Abuja,CMP-001,CH-001,2026-04-15
FNP-U00081,Male,1995-02-03,2026-03-13,Lagos,CMP-002,CH-002,2026-03-26
FNP-U00082,Female,1998-10-19,2026-03-01,Lagos,CMP-004,CH-005,2026-03-29
FNP-U00083,Male,1984-12-13,2026-02-16,Lagos,CMP-001,CH-001,2026-04-04
FNP-U00084,Female,2000-02-08,2026-02-08,Abuja,CMP-002,CH-002,2026-04-10
FNP-U00085,Female,1990-09-22,2026-02-07,Lagos,CMP-003,CH-004,2026-02-14
FNP-U00086,Female,2006-04-03,2026-04-04,Ogun,CMP-001,CH-001,2026-04-23
FNP-U00087,Male,1984-07-10,2026-04-06,Abuja,CMP-002,CH-002,2026-04-22
FNP-U00088,Female,2004-12-15,2026-02-04,Ogun,CMP-006,CH-002,2026-04-22
FNP-U00089,Male,2008-08-11,2026-02-10,Lagos,CMP-005,CH-003,2026-04-04
FNP-U00090,Female,2006-08-12,2026-04-03,Ogun,CMP-002,CH-002,2026-04-08
FNP-U00091,Female,2002-12-23,2026-04-21,Ogun,CMP-003,CH-004,2026-04-22
FNP-U00092,Female,2004-11-04,2026-04-16,Abuja,CMP-004,CH-005,2026-04-25
FNP-U00093,Male,1994-04-12,2026-03-16,Lagos,CMP-004,CH-005,2026-04-25
FNP-U00094,Male,1995-03-03,2026-02-16,Abuja,CMP-006,CH-002,2026-03-09
FNP-U00095,Male,1983-08-06,2026-03-06,Ogun,CMP-002,CH-002,2026-03-22
FNP-U00096,Male,1973-09-20,2026-03-09,Ogun,CMP-006,CH-002,2026-04-09
FNP-U00097,Male,1995-09-02,2026-04-12,Abuja,CMP-005,CH-003,2026-04-18
FNP-U00098,Male,2006-09-04,2026-02-22,Abuja,CMP-006,CH-002,2026-03-14
FNP-U00099,Female,1977-08-08,2026-02-12,Abuja,CMP-002,CH-002,2026-02-21
FNP-U00100,Female,1995-06-16,2026-03-03,Abuja,CMP-005,CH-003,2026-04-17
FNP-U00101,Female,1991-11-23,2026-03-16,Lagos,CMP-001,CH-001,2026-03-21
FNP-U00102,Female,2001-01-16,2026-02-05,Abuja,CMP-003,CH-004,2026-02-08
FNP-U00103,Female,1987-06-21,2026-03-15,Lagos,CMP-004,CH-005,2026-03-27
FNP-U00104,Male,1992-05-13,2026-03-14,Ogun,CMP-001,CH-001,2026-04-09
FNP-U00105,Male,1999-11-20,2026-03-23,Abuja,CMP-001,CH-001,2026-04-15
FNP-U00106,Male,1982-04-22,2026-04-16,Lagos,CMP-003,CH-004,2026-04-22
FNP-U00107,Male,2001-06-11,2026-04-21,Ogun,CMP-005,CH-003,2026-04-23
FNP-U00108,Female,1992-07-05,2026-03-15,Abuja,CMP-004,CH-005,2026-03-26
FNP-U00109,Male,1979-06-21,2026-03-05,Ogun,CMP-006,CH-002,2026-04-12
FNP-U00110,Female,1988-11-09,2026-04-08,Ogun,CMP-003,CH-004,2026-04-08
FNP-U00111,Female,1991-09-21,2026-03-14,Lagos,CMP-005,CH-003,2026-04-13
FNP-U00112,Female,1997-12-13,2026-02-12,Ogun,CMP-001,CH-001,2026-02-13
FNP-U00113,Female,1993-10-15,2026-01-26,Abuja,CMP-001,CH-001,2026-03-01
FNP-U00114,Male,2003-08-23,2026-01-29,Lagos,CMP-004,CH-005,2026-04-11
FNP-U00115,Female,1984-09-01,2026-04-03,Ogun,CMP-006,CH-002,2026-04-16
FNP-U00116,Male,1994-08-10,2026-03-31,Abuja,CMP-006,CH-002,2026-04-01
FNP-U00117,Female,2005-11-12,2026-02-18,Ogun,CMP-004,CH-005,2026-04-04
FNP-U00118,Male,2000-04-24,2026-02-18,Lagos,CMP-004,CH-005,2026-04-01
FNP-U00119,Female,1980-09-17,2026-02-25,Lagos,CMP-003,CH-004,2026-04-24
FNP-U00120,Male,2005-07-22,2026-02-17,Lagos,CMP-005,CH-003,2026-02-22
FNP-U00121,Female,1997-11-28,2026-04-25,Ogun,CMP-005,CH-003,2026-04-25
FNP-U00122,Female,1985-01-19,2026-02-15,Ogun,CMP-002,CH-002,2026-04-19
FNP-U00123,Female,2002-04-04,2026-04-04,Abuja,CMP-003,CH-004,2026-04-20
FNP-U00124,Male,1984-11-14,2026-01-29,Lagos,CMP-003,CH-004,2026-02-25
FNP-U00125,Female,1996-01-05,2026-03-22,Ogun,CMP-001,CH-001,2026-04-25
FNP-U00126,Male,1998-06-21,2026-04-19,Abuja,CMP-002,CH-002,2026-04-25
FNP-U00127,Female,1982-12-21,2026-02-17,Abuja,CMP-001,CH-001,2026-04-10
FNP-U00128,Male,1987-02-25,2026-02-25,Lagos,CMP-004,CH-005,2026-03-28
FNP-U00129,Male,2004-06-01,2026-03-13,Lagos,CMP-001,CH-001,2026-04-10
FNP-U00130,Female,2000-03-24,2026-03-31,Ogun,CMP-001,CH-001,2026-04-17
FNP-U00131,Female,1977-12-10,2026-03-29,Lagos,CMP-003,CH-004,2026-04-23
FNP-U00132,Male,1991-05-19,2026-03-29,Ogun,CMP-004,CH-005,2026-04-16
FNP-U00133,Male,1998-01-23,2026-02-11,Abuja,CMP-004,CH-005,2026-03-10
FNP-U00134,Male,1987-06-09,2026-03-17,Lagos,CMP-006,CH-002,2026-03-25
FNP-U00135,Male,1989-09-20,2026-03-06,Abuja,CMP-003,CH-004,2026-04-16
FNP-U00136,Female,2004-06-21,2026-03-12,Abuja,CMP-001,CH-001,2026-04-04
FNP-U00137,Male,1997-09-18,2026-03-13,Lagos,CMP-002,CH-002,2026-03-27
FNP-U00138,Female,2007-01-08,2026-02-13,Ogun,CMP-004,CH-005,2026-02-25
FNP-U00139,Female,1993-10-12,2026-02-27,Abuja,CMP-005,CH-003,2026-03-27
FNP-U00140,Male,1986-09-18,2026-03-16,Lagos,CMP-002,CH-002,2026-04-10
FNP-U00141,Male,1999-08-13,2026-02-18,Abuja,CMP-002,CH-002,2026-04-16
FNP-U00142,Female,1998-11-26,2026-01-27,Lagos,CMP-002,CH-002,2026-04-11
FNP-U00143,Female,2001-04-22,2026-03-07,Abuja,CMP-003,CH-004,2026-03-26
FNP-U00144,Female,2005-10-25,2026-02-18,Lagos,CMP-002,CH-002,2026-04-24
FNP-U00145,Female,2006-12-06,2026-04-09,Abuja,CMP-002,CH-002,2026-04-09
FNP-U00146,Male,1991-07-07,2026-03-17,Abuja,CMP-005,CH-003,2026-04-02
FNP-U00147,Female,1990-01-14,2026-04-15,Abuja,CMP-003,CH-004,2026-04-15
FNP-U00148,Female,2004-10-11,2026-03-01,Ogun,CMP-004,CH-005,2026-03-25
FNP-U00149,Female,1984-04-22,2026-03-23,Lagos,CMP-006,CH-002,2026-04-04
FNP-U00150,Female,1977-06-19,2026-02-25,Abuja,CMP-003,CH-004,2026-03-21
FNP-U00151,Male,1994-11-14,2026-03-04,Abuja,CMP-002,CH-002,2026-03-09
FNP-U00152,Female,1997-02-17,2026-03-04,Ogun,CMP-005,CH-003,2026-03-07
FNP-U00153,Male,1978-09-02,2026-03-02,Lagos,CMP-002,CH-002,2026-04-15
FNP-U00154,Male,1996-12-19,2026-01-30,Lagos,CMP-001,CH-001,2026-03-28
FNP-U00155,Female,1997-06-16,2026-04-04,Ogun,CMP-005,CH-003,2026-04-09
FNP-U00156,Male,2003-07-19,2026-02-04,Ogun,CMP-003,CH-004,2026-02-10
FNP-U00157,Female,1999-09-07,2026-04-06,Abuja,CMP-003,CH-004,2026-04-08
FNP-U00158,Female,2005-12-23,2026-03-14,Abuja,CMP-005,CH-003,2026-03-29
FNP-U00159,Male,1972-05-11,2026-02-12,Ogun,CMP-002,CH-002,2026-03-29
FNP-U00160,Male,1995-12-18,2026-02-20,Lagos,CMP-004,CH-005,2026-04-03
FNP-U00161,Female,2006-06-20,2026-02-18,Lagos,CMP-002,CH-002,2026-04-06
FNP-U00162,Female,1987-06-26,2026-04-22,Abuja,CMP-001,CH-001,2026-04-22
FNP-U00163,Male,1996-01-19,2026-03-26,Lagos,CMP-003,CH-004,2026-04-09
FNP-U00164,Female,1982-07-16,2026-02-26,Lagos,CMP-006,CH-002,2026-04-16
FNP-U00165,Male,2003-01-01,2026-01-29,Lagos,CMP-004,CH-005,2026-04-11
FNP-U00166,Male,1978-09-28,2026-03-27,Lagos,CMP-002,CH-002,2026-04-08
FNP-U00167,Male,1994-02-13,2026-02-18,Ogun,CMP-006,CH-002,2026-02-19
FNP-U00168,Female,1987-11-22,2026-03-18,Ogun,CMP-002,CH-002,2026-03-18
FNP-U00169,Male,2001-08-04,2026-03-14,Lagos,CMP-004,CH-005,2026-04-02
FNP-U00170,Male,1997-01-25,2026-02-13,Lagos,CMP-002,CH-002,2026-02-25
FNP-U00171,Male,2008-06-21,2026-02-05,Abuja,CMP-002,CH-002,2026-04-10
FNP-U00172,Male,2000-05-01,2026-03-04,Abuja,CMP-006,CH-002,2026-03-09
FNP-U00173,Male,1976-02-27,2026-02-12,Ogun,CMP-006,CH-002,2026-03-31
FNP-U00174,Female,2005-02-04,2026-02-04,Lagos,CMP-005,CH-003,2026-03-19
FNP-U00175,Female,1973-01-10,2026-02-22,Abuja,CMP-006,CH-002,2026-04-02
FNP-U00176,Male,2003-05-17,2026-03-26,Ogun,CMP-005,CH-003,2026-04-02
FNP-U00177,Female,1984-02-02,2026-02-17,Ogun,CMP-006,CH-002,2026-03-02
FNP-U00178,Female,2003-05-19,2026-02-08,Abuja,CMP-004,CH-005,2026-04-07
FNP-U00179,Female,1997-01-08,2026-03-17,Lagos,CMP-005,CH-003,2026-04-09
FNP-U00180,Female,1990-06-15,2026-04-23,Ogun,CMP-004,CH-005,2026-04-24
FNP-U00181,Female,2003-11-06,2026-01-27,Lagos,CMP-003,CH-004,2026-03-16
FNP-U00182,Male,2004-04-26,2026-03-13,Abuja,CMP-001,CH-001,2026-03-23
FNP-U00183,Female,1984-07-12,2026-03-05,Abuja,CMP-003,CH-004,2026-04-10
FNP-U00184,Female,1995-01-17,2026-02-28,Abuja,CMP-003,CH-004,2026-03-24
FNP-U00185,Female,1990-03-28,2026-03-29,Abuja,CMP-006,CH-002,2026-04-18
FNP-U00186,Female,1998-05-06,2026-02-13,Lagos,CMP-001,CH-001,2026-03-29
FNP-U00187,Male,1995-12-04,2026-02-09,Ogun,CMP-001,CH-001,2026-03-13
FNP-U00188,Female,1992-12-16,2026-02-27,Abuja,CMP-004,CH-005,2026-03-24
FNP-U00189,Female,1994-12-03,2026-03-19,Abuja,CMP-002,CH-002,2026-04-06
FNP-U00190,Male,2003-11-25,2026-02-01,Abuja,CMP-006,CH-002,2026-03-18
FNP-U00191,Female,1990-11-16,2026-02-23,Ogun,CMP-004,CH-005,2026-04-21
FNP-U00192,Male,2003-01-25,2026-04-10,Abuja,CMP-005,CH-003,2026-04-18
FNP-U00193,Male,1993-02-03,2026-01-29,Abuja,CMP-001,CH-001,2026-04-02
FNP-U00194,Male,1984-01-19,2026-04-01,Lagos,CMP-003,CH-004,2026-04-08
FNP-U00195,Female,1996-02-18,2026-03-14,Abuja,CMP-001,CH-001,2026-04-20
FNP-U00196,Female,1985-01-11,2026-04-13,Ogun,CMP-002,CH-002,2026-04-19
FNP-U00197,Male,1981-05-24,2026-03-23,Abuja,CMP-003,CH-004,2026-03-28
FNP-U00198,Female,2000-11-17,2026-02-21,Ogun,CMP-004,CH-005,2026-03-20
FNP-U00199,Male,1995-09-27,2026-03-31,Lagos,CMP-005,CH-003,2026-04-14
FNP-U00200,Male,1985-11-14,2026-03-27,Ogun,CMP-006,CH-002,2026-04-02
FNP-U00201,Female,2001-08-09,2026-03-15,Ogun,CMP-002,CH-002,2026-03-18
FNP-U00202,Female,2000-10-04,2026-04-09,Abuja,CMP-005,CH-003,2026-04-24
FNP-U00203,Female,1997-07-12,2026-03-05,Abuja,CMP-004,CH-005,2026-04-07
FNP-U00204,Male,2002-05-04,2026-04-19,Abuja,CMP-002,CH-002,2026-04-23
FNP-U00205,Female,1973-03-19,2026-03-17,Abuja,CMP-006,CH-002,2026-04-19
FNP-U00206,Male,2006-07-21,2026-04-16,Abuja,CMP-004,CH-005,2026-04-16
FNP-U00207,Female,1994-01-23,2026-03-15,Lagos,CMP-003,CH-004,2026-04-16
FNP-U00208,Female,1985-06-11,2026-02-11,Ogun,CMP-002,CH-002,2026-03-07
FNP-U00209,Female,1997-12-08,2026-02-06,Lagos,CMP-005,CH-003,2026-04-25
FNP-U00210,Male,1995-09-02,2026-02-14,Lagos,CMP-004,CH-005,2026-04-02
FNP-U00211,Male,1998-09-24,2026-04-08,Lagos,CMP-006,CH-002,2026-04-11
FNP-U00212,Female,1996-12-25,2026-03-07,Abuja,CMP-004,CH-005,2026-04-04
FNP-U00213,Female,1984-03-12,2026-02-26,Abuja,CMP-001,CH-001,2026-04-03
FNP-U00214,Male,1998-11-27,2026-03-13,Lagos,CMP-006,CH-002,2026-04-15
FNP-U00215,Male,1993-10-06,2026-02-09,Lagos,CMP-005,CH-003,2026-03-08
FNP-U00216,Male,1984-06-02,2026-03-17,Ogun,CMP-001,CH-001,2026-04-05
FNP-U00217,Male,1983-09-03,2026-04-12,Abuja,CMP-006,CH-002,2026-04-15
FNP-U00218,Female,1992-03-25,2026-03-17,Ogun,CMP-005,CH-003,2026-03-23
FNP-U00219,Female,1998-02-01,2026-02-16,Abuja,CMP-003,CH-004,2026-03-10
FNP-U00220,Male,2001-01-15,2026-02-05,Abuja,CMP-004,CH-005,2026-02-20
FNP-U00221,Female,2003-11-16,2026-02-13,Abuja,CMP-005,CH-003,2026-04-03
FNP-U00222,Male,1995-08-09,2026-04-04,Ogun,CMP-006,CH-002,2026-04-23
FNP-U00223,Female,1984-10-09,2026-03-06,Abuja,CMP-001,CH-001,2026-04-17
FNP-U00224,Male,1972-01-14,2026-02-07,Lagos,CMP-003,CH-004,2026-02-14
FNP-U00225,Female,2006-03-12,2026-03-06,Lagos,CMP-001,CH-001,2026-03-08
FNP-U00226,Male,1992-06-23,2026-03-23,Ogun,CMP-003,CH-004,2026-04-19
FNP-U00227,Male,1974-01-09,2026-02-04,Ogun,CMP-006,CH-002,2026-04-03
FNP-U00228,Female,1976-02-01,2026-01-29,Abuja,CMP-002,CH-002,2026-04-10
FNP-U00229,Female,2007-10-27,2026-02-16,Abuja,CMP-001,CH-001,2026-04-13
FNP-U00230,Female,1991-06-20,2026-01-28,Lagos,CMP-005,CH-003,2026-02-06
FNP-U00231,Male,1978-04-01,2026-03-20,Lagos,CMP-003,CH-004,2026-04-25
FNP-U00232,Male,2000-09-19,2026-02-12,Abuja,CMP-005,CH-003,2026-04-18
FNP-U00233,Male,1997-06-18,2026-03-24,Lagos,CMP-004,CH-005,2026-04-02
FNP-U00234,Female,1999-05-24,2026-04-10,Abuja,CMP-005,CH-003,2026-04-13
FNP-U00235,Male,1995-10-26,2026-04-23,Lagos,CMP-001,CH-001,2026-04-23
FNP-U00236,Male,1999-11-13,2026-02-04,Lagos,CMP-003,CH-004,2026-04-09
FNP-U00237,Female,1988-06-27,2026-03-11,Abuja,CMP-003,CH-004,2026-03-19
FNP-U00238,Female,1997-08-20,2026-04-10,Abuja,CMP-006,CH-002,2026-04-19
FNP-U00239,Male,1994-02-18,2026-02-24,Ogun,CMP-004,CH-005,2026-04-18
FNP-U00240,Female,1993-11-08,2026-02-08,Abuja,CMP-001,CH-001,2026-03-03
FNP-U00241,Male,1971-07-12,2026-02-15,Ogun,CMP-003,CH-004,2026-03-01
FNP-U00242,Male,1994-07-21,2026-04-19,Abuja,CMP-005,CH-003,2026-04-24
FNP-U00243,Female,2007-10-08,2026-04-10,Abuja,CMP-006,CH-002,2026-04-11
FNP-U00244,Female,1990-01-10,2026-01-31,Abuja,CMP-004,CH-005,2026-02-02
FNP-U00245,Female,2000-07-05,2026-02-01,Ogun,CMP-001,CH-001,2026-02-27
FNP-U00246,Female,2003-07-24,2026-03-12,Ogun,CMP-005,CH-003,2026-03-24
FNP-U00247,Female,2003-07-28,2026-03-12,Abuja,CMP-004,CH-005,2026-04-08
FNP-U00248,Female,2002-05-11,2026-04-24,Abuja,CMP-005,CH-003,2026-04-24
FNP-U00249,Female,1987-02-03,2026-02-06,Ogun,CMP-006,CH-002,2026-02-15
FNP-U00250,Female,1999-07-20,2026-04-01,Abuja,CMP-005,CH-003,2026-04-18
FNP-U00251,Male,1995-08-18,2026-03-27,Ogun,CMP-005,CH-003,2026-04-16
FNP-U00252,Female,1975-08-14,2026-02-24,Abuja,CMP-002,CH-002,2026-04-22
FNP-U00253,Female,1990-02-09,2026-02-19,Lagos,CMP-001,CH-001,2026-02-20
FNP-U00254,Male,1999-02-26,2026-02-19,Abuja,CMP-002,CH-002,2026-03-19
FNP-U00255,Male,1988-07-06,2026-01-31,Lagos,CMP-003,CH-004,2026-02-19
FNP-U00256,Male,2002-08-02,2026-03-11,Ogun,CMP-004,CH-005,2026-03-24
FNP-U00257,Male,1993-11-13,2026-02-10,Abuja,CMP-004,CH-005,2026-03-20
FNP-U00258,Female,2004-07-20,2026-02-12,Lagos,CMP-004,CH-005,2026-02-24
FNP-U00259,Female,2001-07-16,2026-03-11,Abuja,CMP-002,CH-002,2026-04-13
FNP-U00260,Female,1987-08-12,2026-02-09,Lagos,CMP-004,CH-005,2026-02-20
FNP-U00261,Male,2007-03-26,2026-02-25,Lagos,CMP-006,CH-002,2026-03-05
FNP-U00262,Male,1976-08-18,2026-03-07,Lagos,CMP-003,CH-004,2026-04-04
FNP-U00263,Male,1989-02-15,2026-02-02,Ogun,CMP-001,CH-001,2026-03-01
FNP-U00264,Male,2006-12-05,2026-03-17,Ogun,CMP-006,CH-002,2026-04-24
FNP-U00265,Male,1996-10-19,2026-04-04,Abuja,CMP-006,CH-002,2026-04-16
FNP-U00266,Female,1983-10-05,2026-03-07,Abuja,CMP-002,CH-002,2026-04-01
FNP-U00267,Female,1991-08-21,2026-03-21,Ogun,CMP-001,CH-001,2026-04-13
FNP-U00268,Male,1990-11-08,2026-03-15,Abuja,CMP-003,CH-004,2026-04-14
FNP-U00269,Male,1991-03-05,2026-04-05,Ogun,CMP-003,CH-004,2026-04-09
FNP-U00270,Female,1975-04-12,2026-04-03,Ogun,CMP-003,CH-004,2026-04-21
FNP-U00271,Male,2003-05-12,2026-04-07,Abuja,CMP-006,CH-002,2026-04-09
FNP-U00272,Male,2008-05-22,2026-02-28,Abuja,CMP-001,CH-001,2026-03-09
FNP-U00273,Male,1990-05-25,2026-02-05,Ogun,CMP-004,CH-005,2026-04-23
FNP-U00274,Male,1980-09-17,2026-03-09,Abuja,CMP-003,CH-004,2026-04-19
FNP-U00275,Male,2000-01-12,2026-04-23,Lagos,CMP-002,CH-002,2026-04-25
FNP-U00276,Female,2000-01-03,2026-03-27,Lagos,CMP-001,CH-001,2026-04-05
FNP-U00277,Female,1973-09-12,2026-02-21,Abuja,CMP-003,CH-004,2026-04-12
FNP-U00278,Male,2005-11-14,2026-02-12,Abuja,CMP-002,CH-002,2026-03-26
FNP-U00279,Female,1995-12-11,2026-04-24,Ogun,CMP-006,CH-002,2026-04-24
FNP-U00280,Female,1974-02-07,2026-03-11,Abuja,CMP-002,CH-002,2026-03-26
FNP-U00281,Male,2008-10-22,2026-04-11,Ogun,CMP-001,CH-001,2026-04-23
FNP-U00282,Male,1984-07-02,2026-02-14,Abuja,CMP-003,CH-004,2026-04-10
FNP-U00283,Male,2006-12-11,2026-03-29,Lagos,CMP-002,CH-002,2026-04-15
FNP-U00284,Male,1992-01-12,2026-04-18,Abuja,CMP-001,CH-001,2026-04-23
FNP-U00285,Female,1980-11-21,2026-04-08,Lagos,CMP-002,CH-002,2026-04-25
FNP-U00286,Female,1998-11-26,2026-02-15,Abuja,CMP-004,CH-005,2026-02-23
FNP-U00287,Male,1992-02-05,2026-04-19,Ogun,CMP-005,CH-003,2026-04-21
FNP-U00288,Male,1996-05-11,2026-01-29,Ogun,CMP-005,CH-003,2026-04-17
FNP-U00289,Male,1999-04-14,2026-04-21,Lagos,CMP-004,CH-005,2026-04-25
FNP-U00290,Female,1983-12-25,2026-02-25,Abuja,CMP-006,CH-002,2026-03-06
FNP-U00291,Female,1988-01-14,2026-02-27,Ogun,CMP-006,CH-002,2026-04-23
FNP-U00292,Female,1983-07-05,2026-04-09,Abuja,CMP-003,CH-004,2026-04-10
FNP-U00293,Female,1980-09-11,2026-02-08,Lagos,CMP-003,CH-004,2026-04-16
FNP-U00294,Male,2005-04-18,2026-03-26,Abuja,CMP-005,CH-003,2026-04-17
FNP-U00295,Female,1996-07-23,2026-02-12,Abuja,CMP-001,CH-001,2026-04-06
FNP-U00296,Female,1976-04-08,2026-04-03,Ogun,CMP-003,CH-004,2026-04-22
FNP-U00297,Male,1981-10-13,2026-03-03,Abuja,CMP-003,CH-004,2026-04-18
FNP-U00298,Male,2001-01-01,2026-02-15,Abuja,CMP-004,CH-005,2026-03-28
FNP-U00299,Female,2005-11-07,2026-03-15,Abuja,CMP-005,CH-003,2026-04-16
FNP-U00300,Female,1996-07-02,2026-04-11,Lagos,CMP-003,CH-004,2026-04-24
FNP-U00301,Male,1998-09-01,2026-01-26,Abuja,CMP-003,CH-004,2026-01-31
FNP-U00302,Female,1998-02-28,2026-04-21,Abuja,CMP-003,CH-004,2026-04-21
FNP-U00303,Female,1994-05-13,2026-04-01,Ogun,CMP-003,CH-004,2026-04-23
FNP-U00304,Female,1983-03-24,2026-02-10,Ogun,CMP-003,CH-004,2026-02-10
FNP-U00305,Female,1991-04-10,2026-04-05,Abuja,CMP-001,CH-001,2026-04-11
FNP-U00306,Female,2000-03-12,2026-03-13,Abuja,CMP-001,CH-001,2026-04-07
FNP-U00307,Female,1997-08-22,2026-03-01,Lagos,CMP-001,CH-001,2026-03-02
FNP-U00308,Female,2003-06-18,2026-02-15,Abuja,CMP-005,CH-003,2026-04-15
FNP-U00309,Female,1998-12-08,2026-01-31,Lagos,CMP-003,CH-004,2026-04-19
FNP-U00310,Female,2006-04-26,2026-03-26,Abuja,CMP-005,CH-003,2026-04-16
FNP-U00311,Male,1982-04-18,2026-03-18,Abuja,CMP-006,CH-002,2026-04-23
FNP-U00312,Female,1977-03-11,2026-03-04,Lagos,CMP-006,CH-002,2026-04-20
FNP-U00313,Female,2007-01-17,2026-04-19,Lagos,CMP-004,CH-005,2026-04-24
FNP-U00314,Male,1981-06-01,2026-04-17,Lagos,CMP-001,CH-001,2026-04-23
FNP-U00315,Female,1972-10-01,2026-04-06,Ogun,CMP-002,CH-002,2026-04-08
FNP-U00316,Female,1997-05-13,2026-03-04,Lagos,CMP-003,CH-004,2026-03-13
FNP-U00317,Male,1994-06-03,2026-04-22,Ogun,CMP-002,CH-002,2026-04-22
FNP-U00318,Female,1993-08-21,2026-03-04,Abuja,CMP-005,CH-003,2026-04-03
FNP-U00319,Female,1992-05-01,2026-04-11,Abuja,CMP-003,CH-004,2026-04-12
FNP-U00320,Female,1973-08-27,2026-04-24,Abuja,CMP-006,CH-002,2026-04-24
FNP-U00321,Female,2000-07-11,2026-02-19,Lagos,CMP-006,CH-002,2026-03-01
FNP-U00322,Female,1996-04-28,2026-03-21,Ogun,CMP-003,CH-004,2026-04-10
FNP-U00323,Male,2002-09-26,2026-02-14,Ogun,CMP-003,CH-004,2026-04-12
FNP-U00324,Male,1980-11-09,2026-03-16,Lagos,CMP-002,CH-002,2026-03-18
FNP-U00325,Female,1997-08-27,2026-03-05,Lagos,CMP-004,CH-005,2026-04-10
FNP-U00326,Female,1993-10-17,2026-04-06,Lagos,CMP-001,CH-001,2026-04-17
FNP-U00327,Female,1980-01-23,2026-04-06,Ogun,CMP-002,CH-002,2026-04-07
FNP-U00328,Male,2005-04-27,2026-04-16,Ogun,CMP-002,CH-002,2026-04-22
FNP-U00329,Female,1994-11-04,2026-03-11,Lagos,CMP-001,CH-001,2026-03-11
FNP-U00330,Female,2005-07-12,2026-03-07,Abuja,CMP-001,CH-001,2026-04-07
FNP-U00331,Female,1985-10-25,2026-02-12,Ogun,CMP-001,CH-001,2026-03-03
FNP-U00332,Female,1988-12-27,2026-03-17,Lagos,CMP-003,CH-004,2026-04-17
FNP-U00333,Female,1983-05-05,2026-01-28,Lagos,CMP-001,CH-001,2026-03-05
FNP-U00334,Female,1977-12-20,2026-03-27,Lagos,CMP-003,CH-004,2026-04-24
FNP-U00335,Male,2002-02-23,2026-03-16,Abuja,CMP-003,CH-004,2026-04-13
FNP-U00336,Male,1977-08-06,2026-02-11,Abuja,CMP-002,CH-002,2026-04-25
FNP-U00337,Female,1987-08-15,2026-02-08,Ogun,CMP-002,CH-002,2026-02-16
FNP-U00338,Male,1996-10-23,2026-04-07,Ogun,CMP-005,CH-003,2026-04-19
FNP-U00339,Female,1998-01-24,2026-03-31,Lagos,CMP-002,CH-002,2026-04-15
FNP-U00340,Female,1996-02-08,2026-03-02,Ogun,CMP-005,CH-003,2026-04-18
FNP-U00341,Female,1991-09-15,2026-02-09,Ogun,CMP-005,CH-003,2026-03-03
FNP-U00342,Female,1974-05-04,2026-02-04,Ogun,CMP-003,CH-004,2026-04-16
FNP-U00343,Female,2006-11-16,2026-03-26,Abuja,CMP-005,CH-003,2026-04-08
FNP-U00344,Female,2001-08-16,2026-04-03,Lagos,CMP-001,CH-001,2026-04-11
FNP-U00345,Male,1990-05-17,2026-03-15,Lagos,CMP-004,CH-005,2026-03-24
FNP-U00346,Male,1988-08-19,2026-04-09,Abuja,CMP-003,CH-004,2026-04-14
FNP-U00347,Male,1993-07-16,2026-02-02,Lagos,CMP-003,CH-004,2026-03-07
FNP-U00348,Female,1995-09-15,2026-02-28,Ogun,CMP-001,CH-001,2026-04-13
FNP-U00349,Female,2008-01-03,2026-04-01,Ogun,CMP-004,CH-005,2026-04-03
FNP-U00350,Male,1999-03-26,2026-02-03,Lagos,CMP-002,CH-002,2026-02-11
FNP-U00351,Female,1982-01-08,2026-03-09,Abuja,CMP-002,CH-002,2026-03-23
FNP-U00352,Female,1990-10-17,2026-02-14,Abuja,CMP-002,CH-002,2026-04-20
FNP-U00353,Female,1996-03-09,2026-03-23,Abuja,CMP-005,CH-003,2026-03-31
FNP-U00354,Male,1998-03-15,2026-04-16,Lagos,CMP-005,CH-003,2026-04-23
FNP-U00355,Female,1991-06-09,2026-04-11,Abuja,CMP-002,CH-002,2026-04-11
FNP-U00356,Female,1997-11-04,2026-04-18,Abuja,CMP-004,CH-005,2026-04-23
FNP-U00357,Female,1993-09-03,2026-02-14,Abuja,CMP-006,CH-002,2026-02-22
FNP-U00358,Male,1997-10-05,2026-04-11,Lagos,CMP-006,CH-002,2026-04-23
FNP-U00359,Female,1998-12-07,2026-02-04,Lagos,CMP-004,CH-005,2026-02-24
FNP-U00360,Male,2006-05-20,2026-02-05,Lagos,CMP-005,CH-003,2026-03-31
FNP-U00361,Male,1988-11-05,2026-02-22,Ogun,CMP-006,CH-002,2026-03-06
FNP-U00362,Male,1982-04-09,2026-02-10,Lagos,CMP-003,CH-004,2026-04-22
FNP-U00363,Male,1991-10-27,2026-02-09,Ogun,CMP-001,CH-001,2026-03-30
FNP-U00364,Female,1992-01-03,2026-02-01,Abuja,CMP-003,CH-004,2026-04-04
FNP-U00365,Female,2005-07-06,2026-02-06,Ogun,CMP-006,CH-002,2026-03-24
FNP-U00366,Female,2003-11-27,2026-03-22,Lagos,CMP-002,CH-002,2026-03-26
FNP-U00367,Female,2002-12-13,2026-04-19,Ogun,CMP-002,CH-002,2026-04-24
FNP-U00368,Male,1977-03-15,2026-04-04,Abuja,CMP-002,CH-002,2026-04-10
FNP-U00369,Male,2006-05-16,2026-02-20,Ogun,CMP-004,CH-005,2026-03-23
FNP-U00370,Male,1994-12-24,2026-02-03,Abuja,CMP-005,CH-003,2026-03-28
FNP-U00371,Male,2005-01-04,2026-01-26,Lagos,CMP-005,CH-003,2026-04-17
FNP-U00372,Female,2000-07-23,2026-02-26,Lagos,CMP-004,CH-005,2026-03-19
FNP-U00373,Male,1997-10-21,2026-03-09,Abuja,CMP-004,CH-005,2026-03-14
FNP-U00374,Male,2004-03-22,2026-03-30,Lagos,CMP-004,CH-005,2026-03-31
FNP-U00375,Male,1987-01-11,2026-02-08,Lagos,CMP-006,CH-002,2026-03-14
FNP-U00376,Male,1997-10-23,2026-03-07,Ogun,CMP-004,CH-005,2026-04-14
FNP-U00377,Male,2003-06-15,2026-03-24,Abuja,CMP-004,CH-005,2026-03-30
FNP-U00378,Female,1988-02-28,2026-04-03,Ogun,CMP-001,CH-001,2026-04-23
FNP-U00379,Male,1979-02-19,2026-04-03,Lagos,CMP-006,CH-002,2026-04-06
FNP-U00380,Male,1991-12-03,2026-01-28,Lagos,CMP-003,CH-004,2026-04-14
FNP-U00381,Male,1999-10-08,2026-04-23,Ogun,CMP-006,CH-002,2026-04-24
FNP-U00382,Female,2006-11-07,2026-03-14,Ogun,CMP-004,CH-005,2026-03-23
FNP-U00383,Male,1974-09-25,2026-03-21,Abuja,CMP-003,CH-004,2026-04-05
FNP-U00384,Male,1997-11-12,2026-02-28,Ogun,CMP-003,CH-004,2026-04-07
FNP-U00385,Female,2008-10-11,2026-03-23,Ogun,CMP-005,CH-003,2026-03-23
FNP-U00386,Female,1990-12-17,2026-03-23,Abuja,CMP-002,CH-002,2026-03-23
FNP-U00387,Female,1978-11-15,2026-01-26,Ogun,CMP-002,CH-002,2026-02-15
FNP-U00388,Female,2001-03-26,2026-02-08,Ogun,CMP-004,CH-005,2026-03-03
FNP-U00389,Female,1999-07-05,2026-01-28,Abuja,CMP-005,CH-003,2026-02-08
FNP-U00390,Female,1991-08-06,2026-04-20,Ogun,CMP-004,CH-005,2026-04-20
FNP-U00391,Male,1987-06-13,2026-03-17,Ogun,CMP-002,CH-002,2026-04-15
FNP-U00392,Male,1987-09-15,2026-02-14,Ogun,CMP-003,CH-004,2026-03-15
FNP-U00393,Male,1997-06-17,2026-03-01,Abuja,CMP-002,CH-002,2026-04-07
FNP-U00394,Female,1990-03-18,2026-04-18,Abuja,CMP-003,CH-004,2026-04-22
FNP-U00395,Male,2005-11-27,2026-03-16,Lagos,CMP-005,CH-003,2026-04-20
FNP-U00396,Female,1984-01-25,2026-02-27,Ogun,CMP-001,CH-001,2026-04-06
FNP-U00397,Female,1996-09-10,2026-04-16,Lagos,CMP-005,CH-003,2026-04-21
FNP-U00398,Male,1991-01-16,2026-02-22,Abuja,CMP-005,CH-003,2026-03-07
FNP-U00399,Female,1994-11-03,2026-02-26,Abuja,CMP-003,CH-004,2026-04-19
FNP-U00400,Male,2003-06-17,2026-01-26,Abuja,CMP-003,CH-004,2026-03-28
FNP-U00401,Female,1989-07-03,2026-03-23,Lagos,CMP-006,CH-002,2026-04-04
FNP-U00402,Male,2000-07-07,2026-04-07,Ogun,CMP-006,CH-002,2026-04-15
FNP-U00403,Male,1972-02-23,2026-02-02,Lagos,CMP-003,CH-004,2026-03-27
FNP-U00404,Female,1976-03-17,2026-02-19,Ogun,CMP-002,CH-002,2026-02-23
FNP-U00405,Male,2003-07-15,2026-02-23,Ogun,CMP-005,CH-003,2026-03-04
FNP-U00406,Female,2001-04-07,2026-03-03,Lagos,CMP-005,CH-003,2026-03-09
FNP-U00407,Female,1990-11-06,2026-03-22,Lagos,CMP-004,CH-005,2026-03-24
FNP-U00408,Male,1991-12-25,2026-03-28,Lagos,CMP-004,CH-005,2026-04-11
FNP-U00409,Female,2002-03-12,2026-04-02,Lagos,CMP-003,CH-004,2026-04-02
FNP-U00410,Male,2008-03-03,2026-03-21,Abuja,CMP-005,CH-003,2026-03-25
FNP-U00411,Male,1999-09-27,2026-03-27,Abuja,CMP-006,CH-002,2026-04-10
FNP-U00412,Female,1987-08-26,2026-03-12,Lagos,CMP-004,CH-005,2026-03-16
FNP-U00413,Female,1987-12-04,2026-02-12,Lagos,CMP-006,CH-002,2026-03-15
FNP-U00414,Female,1980-03-05,2026-04-23,Lagos,CMP-003,CH-004,2026-04-25
FNP-U00415,Female,1986-05-27,2026-02-24,Ogun,CMP-004,CH-005,2026-04-22
FNP-U00416,Male,1988-12-01,2026-03-05,Abuja,CMP-004,CH-005,2026-03-08
FNP-U00417,Female,1988-01-23,2026-04-18,Lagos,CMP-004,CH-005,2026-04-18
FNP-U00418,Female,1994-02-19,2026-03-28,Lagos,CMP-001,CH-001,2026-04-12
FNP-U00419,Female,1995-06-09,2026-04-08,Lagos,CMP-001,CH-001,2026-04-18
FNP-U00420,Female,1984-03-27,2026-02-20,Abuja,CMP-001,CH-001,2026-03-19
FNP-U00421,Female,1984-03-04,2026-01-28,Ogun,CMP-001,CH-001,2026-04-03
FNP-U00422,Male,1985-10-26,2026-01-30,Ogun,CMP-002,CH-002,2026-02-28
FNP-U00423,Female,2006-12-02,2026-04-04,Abuja,CMP-001,CH-001,2026-04-24
FNP-U00424,Female,2007-01-12,2026-04-15,Abuja,CMP-005,CH-003,2026-04-20
FNP-U00425,Female,1984-10-04,2026-04-24,Ogun,CMP-001,CH-001,2026-04-25
FNP-U00426,Male,1975-11-19,2026-03-18,Abuja,CMP-006,CH-002,2026-04-06
FNP-U00427,Female,2004-09-23,2026-02-26,Lagos,CMP-004,CH-005,2026-03-29
FNP-U00428,Female,1984-10-14,2026-02-23,Lagos,CMP-006,CH-002,2026-04-05
FNP-U00429,Male,1998-03-20,2026-04-10,Ogun,CMP-001,CH-001,2026-04-11
FNP-U00430,Female,1994-12-08,2026-02-17,Ogun,CMP-003,CH-004,2026-04-24
FNP-U00431,Male,2000-01-16,2026-02-23,Abuja,CMP-003,CH-004,2026-03-21
FNP-U00432,Male,1998-08-04,2026-02-05,Abuja,CMP-002,CH-002,2026-03-26
FNP-U00433,Male,1983-09-02,2026-03-02,Lagos,CMP-001,CH-001,2026-04-08
FNP-U00434,Female,1989-09-20,2026-04-04,Ogun,CMP-004,CH-005,2026-04-18
FNP-U00435,Male,1988-05-20,2026-03-29,Abuja,CMP-002,CH-002,2026-04-11
FNP-U00436,Female,2006-03-10,2026-04-23,Abuja,CMP-002,CH-002,2026-04-24
FNP-U00437,Female,2002-08-01,2026-03-08,Lagos,CMP-001,CH-001,2026-03-14
FNP-U00438,Male,1992-05-21,2026-03-26,Ogun,CMP-001,CH-001,2026-04-23
FNP-U00439,Female,1995-09-08,2026-02-05,Ogun,CMP-003,CH-004,2026-03-30
FNP-U00440,Female,1998-02-14,2026-03-21,Lagos,CMP-005,CH-003,2026-04-01
FNP-U00441,Male,1986-05-24,2026-03-26,Abuja,CMP-001,CH-001,2026-04-14
FNP-U00442,Male,1973-10-27,2026-01-30,Lagos,CMP-006,CH-002,2026-03-28
FNP-U00443,Male,1974-07-21,2026-01-31,Abuja,CMP-006,CH-002,2026-04-20
FNP-U00444,Male,1972-02-10,2026-02-08,Ogun,CMP-003,CH-004,2026-04-19
FNP-U00445,Male,1993-02-17,2026-02-07,Lagos,CMP-004,CH-005,2026-02-10
FNP-U00446,Female,2003-06-08,2026-02-19,Abuja,CMP-003,CH-004,2026-04-07
FNP-U00447,Female,1988-11-28,2026-02-01,Abuja,CMP-002,CH-002,2026-03-16
FNP-U00448,Female,1993-03-04,2026-03-06,Ogun,CMP-004,CH-005,2026-03-30
FNP-U00449,Male,2004-12-14,2026-03-06,Ogun,CMP-002,CH-002,2026-03-06
FNP-U00450,Male,1972-12-27,2026-03-13,Ogun,CMP-006,CH-002,2026-03-14
FNP-U00451,Female,1993-01-11,2026-03-18,Lagos,CMP-005,CH-003,2026-04-10
FNP-U00452,Male,1987-12-04,2026-02-14,Abuja,CMP-006,CH-002,2026-03-01
FNP-U00453,Female,1991-12-10,2026-03-06,Lagos,CMP-001,CH-001,2026-04-04
FNP-U00454,Male,1993-02-07,2026-03-18,Lagos,CMP-001,CH-001,2026-03-25
FNP-U00455,Female,2002-07-18,2026-04-10,Ogun,CMP-002,CH-002,2026-04-12
FNP-U00456,Male,2003-08-17,2026-04-21,Lagos,CMP-006,CH-002,2026-04-23
FNP-U00457,Female,1973-08-05,2026-03-22,Lagos,CMP-003,CH-004,2026-03-26
FNP-U00458,Male,2003-11-02,2026-03-22,Lagos,CMP-001,CH-001,2026-03-31
FNP-U00459,Male,1984-03-17,2026-02-06,Abuja,CMP-002,CH-002,2026-02-17
FNP-U00460,Male,1975-09-11,2026-01-26,Lagos,CMP-002,CH-002,2026-04-23
FNP-U00461,Female,1982-10-14,2026-03-09,Ogun,CMP-003,CH-004,2026-04-15
FNP-U00462,Male,1986-07-24,2026-04-05,Lagos,CMP-006,CH-002,2026-04-25
FNP-U00463,Male,1993-05-28,2026-03-28,Abuja,CMP-004,CH-005,2026-04-05
FNP-U00464,Male,1995-11-05,2026-02-02,Ogun,CMP-006,CH-002,2026-03-26
FNP-U00465,Female,1996-07-19,2026-03-25,Lagos,CMP-003,CH-004,2026-04-21
FNP-U00466,Male,1994-02-18,2026-03-13,Lagos,CMP-002,CH-002,2026-03-16
FNP-U00467,Male,1995-01-09,2026-02-26,Abuja,CMP-004,CH-005,2026-03-18
FNP-U00468,Male,1981-09-01,2026-02-11,Lagos,CMP-006,CH-002,2026-03-18
FNP-U00469,Male,1994-11-19,2026-01-26,Lagos,CMP-004,CH-005,2026-03-26
FNP-U00470,Female,1990-01-14,2026-03-12,Lagos,CMP-003,CH-004,2026-03-18
FNP-U00471,Female,1999-07-17,2026-03-17,Ogun,CMP-006,CH-002,2026-04-01
FNP-U00472,Female,1993-06-15,2026-04-23,Abuja,CMP-002,CH-002,2026-04-24
FNP-U00473,Male,1996-01-02,2026-03-16,Lagos,CMP-002,CH-002,2026-04-18
FNP-U00474,Female,2008-01-27,2026-02-22,Lagos,CMP-005,CH-003,2026-03-30
FNP-U00475,Male,1990-10-11,2026-03-31,Lagos,CMP-004,CH-005,2026-04-08
FNP-U00476,Male,2002-11-15,2026-04-17,Ogun,CMP-005,CH-003,2026-04-25
FNP-U00477,Male,2001-10-16,2026-02-26,Abuja,CMP-006,CH-002,2026-03-05
FNP-U00478,Male,1980-06-16,2026-03-12,Lagos,CMP-003,CH-004,2026-03-23
FNP-U00479,Male,2003-12-22,2026-04-23,Abuja,CMP-006,CH-002,2026-04-25
FNP-U00480,Female,1992-03-26,2026-03-24,Abuja,CMP-002,CH-002,2026-04-14
FNP-U00481,Female,2000-05-13,2026-03-04,Abuja,CMP-006,CH-002,2026-03-09
FNP-U00482,Male,2002-08-05,2026-03-29,Lagos,CMP-005,CH-003,2026-04-07
FNP-U00483,Male,1998-04-02,2026-03-03,Ogun,CMP-005,CH-003,2026-03-27
FNP-U00484,Female,1989-03-28,2026-01-28,Abuja,CMP-001,CH-001,2026-04-04
FNP-U00485,Male,1996-08-03,2026-03-09,Lagos,CMP-003,CH-004,2026-03-17
FNP-U00486,Male,1985-07-23,2026-04-05,Ogun,CMP-001,CH-001,2026-04-08
FNP-U00487,Female,2006-08-28,2026-02-04,Ogun,CMP-004,CH-005,2026-03-16
FNP-U00488,Male,1981-01-19,2026-04-25,Lagos,CMP-003,CH-004,2026-04-25
FNP-U00489,Female,1981-01-26,2026-03-16,Abuja,CMP-002,CH-002,2026-04-09
FNP-U00490,Female,1987-06-25,2026-02-15,Ogun,CMP-004,CH-005,2026-03-26
FNP-U00491,Male,2001-03-20,2026-03-27,Lagos,CMP-004,CH-005,2026-04-03
FNP-U00492,Male,1998-06-14,2026-04-04,Lagos,CMP-002,CH-002,2026-04-16
FNP-U00493,Male,1998-01-13,2026-03-24,Lagos,CMP-001,CH-001,2026-04-06
FNP-U00494,Female,2001-01-05,2026-03-24,Lagos,CMP-003,CH-004,2026-04-25
FNP-U00495,Male,1985-08-11,2026-04-13,Ogun,CMP-002,CH-002,2026-04-16
FNP-U00496,Male,1985-11-15,2026-03-24,Ogun,CMP-001,CH-001,2026-04-25
FNP-U00497,Female,2003-04-25,2026-02-24,Lagos,CMP-002,CH-002,2026-04-04
FNP-U00498,Male,1988-08-08,2026-02-19,Ogun,CMP-003,CH-004,2026-03-22
FNP-U00499,Male,2007-02-21,2026-02-07,Lagos,CMP-005,CH-003,2026-03-18
FNP-U00500,Male,1984-10-10,2026-04-25,Abuja,CMP-003,CH-004,2026-04-25
FNP-U00501,Female,1979-05-08,2026-02-14,Ogun,CMP-003,CH-004,2026-03-22
FNP-U00502,Male,2001-05-22,2026-02-15,Lagos,CMP-005,CH-003,2026-04-13
FNP-U00503,Male,1992-05-23,2026-04-23,Abuja,CMP-005,CH-003,2026-04-25
FNP-U00504,Female,1997-01-15,2026-02-07,Ogun,CMP-006,CH-002,2026-02-26
FNP-U00505,Male,2004-07-03,2026-02-10,Abuja,CMP-005,CH-003,2026-03-09
FNP-U00506,Male,1992-07-04,2026-03-15,Abuja,CMP-005,CH-003,2026-04-23
FNP-U00507,Female,1979-02-01,2026-01-27,Lagos,CMP-002,CH-002,2026-02-17
FNP-U00508,Female,1986-01-11,2026-02-26,Abuja,CMP-001,CH-001,2026-04-22
FNP-U00509,Male,1976-06-12,2026-03-20,Abuja,CMP-002,CH-002,2026-04-16
FNP-U00510,Female,1996-02-13,2026-02-09,Abuja,CMP-001,CH-001,2026-03-24
FNP-U00511,Male,1987-05-27,2026-04-05,Lagos,CMP-004,CH-005,2026-04-09
FNP-U00512,Female,1987-11-09,2026-02-25,Ogun,CMP-003,CH-004,2026-02-27
FNP-U00513,Male,1999-11-08,2026-02-07,Abuja,CMP-006,CH-002,2026-04-02
FNP-U00514,Female,2007-09-02,2026-02-09,Ogun,CMP-004,CH-005,2026-03-25
FNP-U00515,Male,1992-12-16,2026-01-27,Abuja,CMP-003,CH-004,2026-02-14
FNP-U00516,Female,1988-03-13,2026-03-05,Lagos,CMP-002,CH-002,2026-03-15
FNP-U00517,Female,2000-06-09,2026-02-05,Lagos,CMP-004,CH-005,2026-02-06
FNP-U00518,Female,2003-09-09,2026-03-27,Ogun,CMP-005,CH-003,2026-04-14
FNP-U00519,Female,1995-01-03,2026-04-17,Ogun,CMP-005,CH-003,2026-04-24
FNP-U00520,Male,1988-06-09,2026-01-28,Abuja,CMP-003,CH-004,2026-03-16
FNP-U00521,Male,2000-03-27,2026-04-17,Ogun,CMP-006,CH-002,2026-04-21
FNP-U00522,Female,1978-03-16,2026-03-11,Abuja,CMP-002,CH-002,2026-03-29
FNP-U00523,Female,2003-04-21,2026-03-18,Abuja,CMP-004,CH-005,2026-03-31
FNP-U00524,Male,1998-04-13,2026-03-26,Ogun,CMP-004,CH-005,2026-04-24
FNP-U00525,Female,1995-07-03,2026-03-10,Abuja,CMP-004,CH-005,2026-03-11
FNP-U00526,Male,2004-03-20,2026-02-01,Abuja,CMP-001,CH-001,2026-03-16
FNP-U00527,Female,2007-12-03,2026-01-31,Abuja,CMP-005,CH-003,2026-04-11
FNP-U00528,Male,1995-11-26,2026-02-10,Abuja,CMP-005,CH-003,2026-03-14
FNP-U00529,Female,1998-09-26,2026-03-10,Abuja,CMP-002,CH-002,2026-04-08
FNP-U00530,Female,1998-03-17,2026-02-04,Ogun,CMP-005,CH-003,2026-02-28
FNP-U00531,Female,1991-11-27,2026-04-02,Lagos,CMP-004,CH-005,2026-04-25
FNP-U00532,Male,2004-06-15,2026-01-30,Lagos,CMP-005,CH-003,2026-03-08
FNP-U00533,Female,2001-03-07,2026-03-29,Ogun,CMP-002,CH-002,2026-04-06
FNP-U00534,Male,1972-04-06,2026-02-23,Abuja,CMP-002,CH-002,2026-04-06
FNP-U00535,Male,1980-05-07,2026-04-21,Ogun,CMP-006,CH-002,2026-04-25
FNP-U00536,Male,2000-11-20,2026-04-09,Lagos,CMP-006,CH-002,2026-04-20
FNP-U00537,Male,1982-06-25,2026-02-20,Lagos,CMP-002,CH-002,2026-03-16
FNP-U00538,Female,1992-01-04,2026-03-05,Abuja,CMP-001,CH-001,2026-03-08
FNP-U00539,Male,1980-09-13,2026-02-22,Lagos,CMP-003,CH-004,2026-02-25
FNP-U00540,Female,2005-06-05,2026-03-13,Lagos,CMP-004,CH-005,2026-03-16
FNP-U00541,Female,1999-09-08,2026-03-23,Lagos,CMP-002,CH-002,2026-03-28
FNP-U00542,Female,1987-05-22,2026-04-19,Ogun,CMP-002,CH-002,2026-04-19
FNP-U00543,Male,1984-02-13,2026-04-04,Abuja,CMP-001,CH-001,2026-04-16
FNP-U00544,Male,2007-12-24,2026-03-15,Ogun,CMP-002,CH-002,2026-04-16
FNP-U00545,Female,2003-05-06,2026-02-15,Abuja,CMP-002,CH-002,2026-02-17
FNP-U00546,Male,2004-09-24,2026-03-14,Ogun,CMP-001,CH-001,2026-03-31
FNP-U00547,Female,1988-04-11,2026-03-02,Abuja,CMP-001,CH-001,2026-03-07
FNP-U00548,Male,2001-07-08,2026-03-10,Abuja,CMP-005,CH-003,2026-04-14
FNP-U00549,Male,1994-05-06,2026-01-26,Abuja,CMP-004,CH-005,2026-03-12
FNP-U00550,Female,1997-01-21,2026-02-14,Ogun,CMP-005,CH-003,2026-04-22
FNP-U00551,Male,1984-09-17,2026-04-23,Ogun,CMP-003,CH-004,2026-04-25
FNP-U00552,Female,1981-10-09,2026-03-27,Abuja,CMP-003,CH-004,2026-03-30
FNP-U00553,Male,2008-06-16,2026-03-04,Ogun,CMP-005,CH-003,2026-04-21
FNP-U00554,Male,2008-12-15,2026-02-12,Ogun,CMP-005,CH-003,2026-04-21
FNP-U00555,Male,1979-03-09,2026-02-19,Abuja,CMP-006,CH-002,2026-03-10
FNP-U00556,Female,1989-09-21,2026-03-08,Ogun,CMP-001,CH-001,2026-03-14
FNP-U00557,Female,2003-12-06,2026-04-17,Lagos,CMP-005,CH-003,2026-04-21
FNP-U00558,Male,1981-10-08,2026-04-23,Ogun,CMP-002,CH-002,2026-04-24
FNP-U00559,Female,2004-10-16,2026-03-18,Abuja,CMP-002,CH-002,2026-04-18
FNP-U00560,Male,2008-08-26,2026-03-12,Lagos,CMP-005,CH-003,2026-04-21
FNP-U00561,Male,1990-11-25,2026-02-26,Abuja,CMP-003,CH-004,2026-04-23
FNP-U00562,Male,1992-03-28,2026-01-29,Abuja,CMP-005,CH-003,2026-02-24
FNP-U00563,Male,1972-02-10,2026-04-03,Lagos,CMP-006,CH-002,2026-04-22
FNP-U00564,Male,1993-06-03,2026-04-23,Abuja,CMP-002,CH-002,2026-04-24
FNP-U00565,Female,1992-06-22,2026-02-19,Lagos,CMP-004,CH-005,2026-03-14
FNP-U00566,Female,1987-10-28,2026-04-12,Lagos,CMP-001,CH-001,2026-04-13
FNP-U00567,Female,2002-04-26,2026-03-17,Lagos,CMP-006,CH-002,2026-04-17
FNP-U00568,Male,1986-04-07,2026-04-16,Lagos,CMP-003,CH-004,2026-04-17
FNP-U00569,Female,1986-05-21,2026-02-02,Abuja,CMP-006,CH-002,2026-03-18
FNP-U00570,Female,2008-01-02,2026-02-03,Abuja,CMP-005,CH-003,2026-04-16
FNP-U00571,Female,1999-09-05,2026-04-21,Ogun,CMP-004,CH-005,2026-04-21
FNP-U00572,Male,1979-02-25,2026-04-05,Ogun,CMP-002,CH-002,2026-04-13
FNP-U00573,Female,1979-08-25,2026-04-24,Lagos,CMP-006,CH-002,2026-04-24
FNP-U00574,Female,1986-03-20,2026-04-21,Lagos,CMP-004,CH-005,2026-04-21
FNP-U00575,Male,2005-01-23,2026-03-22,Ogun,CMP-001,CH-001,2026-03-31
FNP-U00576,Female,2007-02-21,2026-02-20,Lagos,CMP-005,CH-003,2026-03-13
FNP-U00577,Female,1981-09-14,2026-02-15,Abuja,CMP-001,CH-001,2026-03-14
FNP-U00578,Female,1985-04-12,2026-03-06,Abuja,CMP-006,CH-002,2026-04-14
FNP-U00579,Male,1987-12-10,2026-03-18,Lagos,CMP-001,CH-001,2026-04-12
FNP-U00580,Male,1987-06-25,2026-04-25,Abuja,CMP-001,CH-001,2026-04-25
FNP-U00581,Male,2003-03-12,2026-02-16,Ogun,CMP-005,CH-003,2026-03-26
FNP-U00582,Female,2006-07-25,2026-02-03,Abuja,CMP-006,CH-002,2026-04-02
FNP-U00583,Female,1996-01-18,2026-04-18,Abuja,CMP-004,CH-005,2026-04-25
FNP-U00584,Male,2007-07-17,2026-02-11,Ogun,CMP-001,CH-001,2026-04-04
FNP-U00585,Male,1984-06-23,2026-03-10,Abuja,CMP-002,CH-002,2026-03-27
FNP-U00586,Female,2001-10-17,2026-03-20,Ogun,CMP-004,CH-005,2026-04-13
FNP-U00587,Male,1993-01-17,2026-04-16,Abuja,CMP-004,CH-005,2026-04-18
FNP-U00588,Female,1995-11-12,2026-03-15,Lagos,CMP-004,CH-005,2026-03-21
FNP-U00589,Female,1987-10-21,2026-02-26,Ogun,CMP-004,CH-005,2026-03-04
FNP-U00590,Female,2000-07-26,2026-04-01,Abuja,CMP-001,CH-001,2026-04-11
FNP-U00591,Female,1971-02-21,2026-03-28,Abuja,CMP-006,CH-002,2026-04-04
FNP-U00592,Female,1997-07-03,2026-03-24,Abuja,CMP-002,CH-002,2026-03-26
FNP-U00593,Male,1986-08-17,2026-02-11,Lagos,CMP-004,CH-005,2026-03-23
FNP-U00594,Male,1994-07-17,2026-02-12,Lagos,CMP-005,CH-003,2026-02-16
FNP-U00595,Male,1995-10-19,2026-02-23,Lagos,CMP-006,CH-002,2026-03-02
FNP-U00596,Female,1983-06-18,2026-02-17,Ogun,CMP-006,CH-002,2026-03-19
FNP-U00597,Male,2006-01-11,2026-04-08,Abuja,CMP-004,CH-005,2026-04-24
FNP-U00598,Male,1982-09-12,2026-04-03,Ogun,CMP-002,CH-002,2026-04-21
FNP-U00599,Female,1980-05-24,2026-03-16,Abuja,CMP-003,CH-004,2026-04-19
FNP-U00600,Male,2004-10-10,2026-02-17,Abuja,CMP-004,CH-005,2026-03-10
FNP-U00601,Female,2002-06-05,2026-02-17,Abuja,CMP-004,CH-005,2026-03-03
FNP-U00602,Male,2005-01-10,2026-04-06,Ogun,CMP-005,CH-003,2026-04-25
FNP-U00603,Female,1993-10-27,2026-02-25,Lagos,CMP-003,CH-004,2026-03-11
FNP-U00604,Female,1997-08-21,2026-03-30,Lagos,CMP-006,CH-002,2026-04-15
FNP-U00605,Female,1994-08-21,2026-03-01,Lagos,CMP-003,CH-004,2026-04-05
FNP-U00606,Female,2006-05-12,2026-03-09,Abuja,CMP-005,CH-003,2026-04-25
FNP-U00607,Male,2000-11-07,2026-02-18,Ogun,CMP-004,CH-005,2026-03-08
FNP-U00608,Female,2004-10-19,2026-02-15,Lagos,CMP-006,CH-002,2026-02-16
FNP-U00609,Female,1988-12-03,2026-03-15,Lagos,CMP-004,CH-005,2026-03-26
FNP-U00610,Female,1979-09-13,2026-02-09,Ogun,CMP-002,CH-002,2026-03-04
FNP-U00611,Female,1987-09-18,2026-01-31,Ogun,CMP-003,CH-004,2026-03-11
FNP-U00612,Male,1990-03-23,2026-02-28,Lagos,CMP-001,CH-001,2026-04-02
FNP-U00613,Male,1997-03-23,2026-03-19,Abuja,CMP-005,CH-003,2026-04-07
FNP-U00614,Male,1975-01-16,2026-04-18,Ogun,CMP-002,CH-002,2026-04-18
FNP-U00615,Male,1990-02-19,2026-04-15,Ogun,CMP-001,CH-001,2026-04-16
FNP-U00616,Female,2001-06-03,2026-02-17,Ogun,CMP-001,CH-001,2026-03-27
FNP-U00617,Male,1988-10-22,2026-03-17,Ogun,CMP-006,CH-002,2026-03-30
FNP-U00618,Female,1982-01-14,2026-04-22,Abuja,CMP-003,CH-004,2026-04-24
FNP-U00619,Female,2005-07-04,2026-03-12,Ogun,CMP-002,CH-002,2026-04-16
FNP-U00620,Male,1985-07-27,2026-04-17,Lagos,CMP-006,CH-002,2026-04-23
FNP-U00621,Female,2003-05-28,2026-04-17,Abuja,CMP-005,CH-003,2026-04-23
FNP-U00622,Male,1976-02-18,2026-02-04,Ogun,CMP-003,CH-004,2026-03-09
FNP-U00623,Female,1987-08-26,2026-01-29,Lagos,CMP-004,CH-005,2026-02-04
FNP-U00624,Male,1983-10-20,2026-03-19,Ogun,CMP-001,CH-001,2026-04-12
FNP-U00625,Female,2007-10-28,2026-02-24,Ogun,CMP-001,CH-001,2026-04-09
FNP-U00626,Female,2007-01-28,2026-03-15,Ogun,CMP-001,CH-001,2026-04-10
FNP-U00627,Female,1983-12-08,2026-03-14,Abuja,CMP-006,CH-002,2026-03-15
FNP-U00628,Female,2008-08-17,2026-03-30,Ogun,CMP-006,CH-002,2026-04-06
FNP-U00629,Male,1999-04-02,2026-03-05,Abuja,CMP-004,CH-005,2026-03-09
FNP-U00630,Female,2002-02-01,2026-04-03,Abuja,CMP-003,CH-004,2026-04-22
FNP-U00631,Male,2008-12-21,2026-02-17,Ogun,CMP-004,CH-005,2026-04-22
FNP-U00632,Male,1985-08-13,2026-03-22,Lagos,CMP-006,CH-002,2026-04-08
FNP-U00633,Female,1982-05-24,2026-02-16,Abuja,CMP-002,CH-002,2026-03-16
FNP-U00634,Female,1999-09-14,2026-01-29,Lagos,CMP-002,CH-002,2026-02-28
FNP-U00635,Male,1977-10-10,2026-04-05,Abuja,CMP-006,CH-002,2026-04-16
FNP-U00636,Male,2007-03-24,2026-02-19,Ogun,CMP-005,CH-003,2026-03-09
FNP-U00637,Female,2003-11-25,2026-02-10,Abuja,CMP-005,CH-003,2026-03-02
FNP-U00638,Male,1976-11-11,2026-03-24,Lagos,CMP-002,CH-002,2026-03-24
FNP-U00639,Male,1993-06-07,2026-02-06,Lagos,CMP-003,CH-004,2026-04-09
FNP-U00640,Female,2006-09-08,2026-03-30,Lagos,CMP-001,CH-001,2026-04-07
FNP-U00641,Male,1977-04-19,2026-04-12,Ogun,CMP-002,CH-002,2026-04-24
FNP-U00642,Male,1998-02-18,2026-02-18,Ogun,CMP-005,CH-003,2026-03-27
FNP-U00643,Male,2004-10-23,2026-03-19,Lagos,CMP-004,CH-005,2026-03-24
FNP-U00644,Male,1992-02-23,2026-02-12,Lagos,CMP-001,CH-001,2026-03-08
FNP-U00645,Male,1975-04-24,2026-03-02,Lagos,CMP-002,CH-002,2026-03-06
FNP-U00646,Female,1991-10-05,2026-03-20,Lagos,CMP-005,CH-003,2026-04-19
FNP-U00647,Male,1994-11-23,2026-03-23,Lagos,CMP-005,CH-003,2026-04-18
FNP-U00648,Female,1987-07-02,2026-03-25,Ogun,CMP-004,CH-005,2026-04-25
FNP-U00649,Male,1994-05-22,2026-04-18,Lagos,CMP-001,CH-001,2026-04-18
FNP-U00650,Female,1980-01-18,2026-02-08,Abuja,CMP-003,CH-004,2026-04-02
FNP-U00651,Female,1990-12-26,2026-03-03,Ogun,CMP-004,CH-005,2026-04-20
FNP-U00652,Female,1991-10-15,2026-03-08,Ogun,CMP-004,CH-005,2026-03-30
FNP-U00653,Female,2003-04-08,2026-02-14,Abuja,CMP-005,CH-003,2026-04-01
FNP-U00654,Female,1987-06-27,2026-02-09,Abuja,CMP-003,CH-004,2026-02-13
FNP-U00655,Male,1999-09-27,2026-02-05,Lagos,CMP-003,CH-004,2026-04-19
FNP-U00656,Female,2002-03-27,2026-02-18,Lagos,CMP-002,CH-002,2026-03-22
FNP-U00657,Male,1980-06-21,2026-04-09,Lagos,CMP-003,CH-004,2026-04-25
FNP-U00658,Male,2002-11-14,2026-04-23,Ogun,CMP-005,CH-003,2026-04-23
FNP-U00659,Female,1973-02-19,2026-04-03,Lagos,CMP-002,CH-002,2026-04-04
FNP-U00660,Female,1997-07-17,2026-02-20,Lagos,CMP-005,CH-003,2026-03-14
FNP-U00661,Male,2002-04-01,2026-02-23,Lagos,CMP-006,CH-002,2026-03-29
FNP-U00662,Female,2005-05-26,2026-03-06,Abuja,CMP-006,CH-002,2026-04-17
FNP-U00663,Male,2004-08-25,2026-02-15,Abuja,CMP-002,CH-002,2026-04-14
FNP-U00664,Male,1975-12-16,2026-02-15,Ogun,CMP-002,CH-002,2026-04-15
FNP-U00665,Female,2008-03-12,2026-04-25,Abuja,CMP-004,CH-005,2026-04-25
FNP-U00666,Male,1977-06-26,2026-02-04,Ogun,CMP-002,CH-002,2026-03-03
FNP-U00667,Male,2001-05-27,2026-01-28,Ogun,CMP-003,CH-004,2026-03-27
FNP-U00668,Female,1997-01-13,2026-01-30,Abuja,CMP-003,CH-004,2026-02-10
FNP-U00669,Male,1976-09-03,2026-03-11,Lagos,CMP-002,CH-002,2026-03-25
FNP-U00670,Female,1999-02-28,2026-02-20,Abuja,CMP-001,CH-001,2026-03-01
FNP-U00671,Female,1990-03-16,2026-03-02,Ogun,CMP-002,CH-002,2026-04-06
FNP-U00672,Male,1989-01-27,2026-04-03,Ogun,CMP-004,CH-005,2026-04-07
FNP-U00673,Female,2008-10-20,2026-03-21,Abuja,CMP-005,CH-003,2026-04-16
FNP-U00674,Male,1995-12-25,2026-02-09,Ogun,CMP-004,CH-005,2026-03-12
FNP-U00675,Female,2006-05-18,2026-04-23,Lagos,CMP-005,CH-003,2026-04-25
FNP-U00676,Male,1988-10-27,2026-02-21,Ogun,CMP-003,CH-004,2026-03-12
FNP-U00677,Female,2000-01-22,2026-02-13,Ogun,CMP-001,CH-001,2026-02-25
FNP-U00678,Female,1995-06-14,2026-04-01,Ogun,CMP-005,CH-003,2026-04-10
FNP-U00679,Female,1989-10-06,2026-01-27,Abuja,CMP-004,CH-005,2026-04-20
FNP-U00680,Female,2002-09-24,2026-03-30,Abuja,CMP-004,CH-005,2026-04-20
FNP-U00681,Female,2002-04-11,2026-03-23,Abuja,CMP-005,CH-003,2026-04-15
FNP-U00682,Female,1990-05-05,2026-02-12,Lagos,CMP-002,CH-002,2026-03-05
FNP-U00683,Male,1993-08-26,2026-04-07,Ogun,CMP-005,CH-003,2026-04-10
FNP-U00684,Male,2005-01-09,2026-02-22,Abuja,CMP-006,CH-002,2026-04-06
FNP-U00685,Male,2005-11-04,2026-01-27,Lagos,CMP-004,CH-005,2026-04-13
FNP-U00686,Female,1986-09-28,2026-03-31,Abuja,CMP-003,CH-004,2026-04-01
FNP-U00687,Male,1995-07-21,2026-02-16,Ogun,CMP-006,CH-002,2026-03-10
FNP-U00688,Female,1983-02-01,2026-03-22,Ogun,CMP-001,CH-001,2026-04-07
FNP-U00689,Male,2000-12-28,2026-03-19,Abuja,CMP-005,CH-003,2026-04-15
FNP-U00690,Female,1998-08-02,2026-03-19,Abuja,CMP-001,CH-001,2026-04-25
FNP-U00691,Male,1996-04-27,2026-04-09,Abuja,CMP-001,CH-001,2026-04-19
FNP-U00692,Male,1996-10-19,2026-03-18,Lagos,CMP-001,CH-001,2026-04-12
FNP-U00693,Male,1983-12-16,2026-03-17,Abuja,CMP-003,CH-004,2026-04-18
FNP-U00694,Male,1994-12-28,2026-02-28,Abuja,CMP-004,CH-005,2026-04-24
FNP-U00695,Female,1978-01-14,2026-04-07,Abuja,CMP-002,CH-002,2026-04-11
FNP-U00696,Female,1998-10-09,2026-01-29,Ogun,CMP-001,CH-001,2026-03-04
FNP-U00697,Male,1995-08-14,2026-01-31,Ogun,CMP-004,CH-005,2026-04-11
FNP-U00698,Male,2003-01-13,2026-04-13,Ogun,CMP-004,CH-005,2026-04-20
FNP-U00699,Female,1979-07-19,2026-02-21,Lagos,CMP-002,CH-002,2026-04-19
FNP-U00700,Female,2004-06-18,2026-03-12,Abuja,CMP-001,CH-001,2026-03-20
FNP-U00701,Male,2002-08-28,2026-02-11,Abuja,CMP-006,CH-002,2026-03-03
FNP-U00702,Female,1986-09-05,2026-04-24,Ogun,CMP-004,CH-005,2026-04-24
FNP-U00703,Female,1986-11-15,2026-02-16,Lagos,CMP-001,CH-001,2026-04-06
FNP-U00704,Female,2007-10-12,2026-04-01,Lagos,CMP-005,CH-003,2026-04-12
FNP-U00705,Male,1987-11-25,2026-02-02,Ogun,CMP-006,CH-002,2026-02-20
FNP-U00706,Female,1999-04-19,2026-04-24,Ogun,CMP-002,CH-002,2026-04-24
FNP-U00707,Male,1999-03-11,2026-02-15,Ogun,CMP-005,CH-003,2026-04-14
FNP-U00708,Female,2003-07-24,2026-02-26,Lagos,CMP-005,CH-003,2026-03-14
FNP-U00709,Male,1991-09-15,2026-02-04,Ogun,CMP-003,CH-004,2026-04-18
FNP-U00710,Male,2007-02-08,2026-04-24,Abuja,CMP-006,CH-002,2026-04-25
FNP-U00711,Male,1978-05-17,2026-04-19,Ogun,CMP-002,CH-002,2026-04-22
FNP-U00712,Female,2002-08-23,2026-03-24,Abuja,CMP-005,CH-003,2026-04-11
FNP-U00713,Female,1996-06-17,2026-03-13,Ogun,CMP-001,CH-001,2026-04-06
FNP-U00714,Male,1996-09-28,2026-03-09,Ogun,CMP-003,CH-004,2026-04-25
FNP-U00715,Male,2003-11-17,2026-02-06,Ogun,CMP-001,CH-001,2026-03-30
FNP-U00716,Male,1985-11-03,2026-02-13,Ogun,CMP-003,CH-004,2026-03-08
FNP-U00717,Female,1971-08-27,2026-04-02,Ogun,CMP-003,CH-004,2026-04-16
FNP-U00718,Female,1980-12-06,2026-02-03,Lagos,CMP-006,CH-002,2026-03-19
FNP-U00719,Male,2002-12-12,2026-01-30,Ogun,CMP-002,CH-002,2026-04-20
FNP-U00720,Male,1993-08-11,2026-02-01,Abuja,CMP-004,CH-005,2026-03-09
FNP-U00721,Male,1972-06-12,2026-03-06,Abuja,CMP-002,CH-002,2026-04-16
FNP-U00722,Female,1989-03-02,2026-04-01,Ogun,CMP-006,CH-002,2026-04-25
FNP-U00723,Male,1992-11-09,2026-02-07,Ogun,CMP-005,CH-003,2026-03-19
FNP-U00724,Male,2005-04-25,2026-03-01,Ogun,CMP-002,CH-002,2026-03-21
FNP-U00725,Female,2001-04-25,2026-03-28,Ogun,CMP-005,CH-003,2026-04-15
FNP-U00726,Male,2006-09-14,2026-02-06,Abuja,CMP-005,CH-003,2026-03-08
FNP-U00727,Female,1990-03-08,2026-01-29,Abuja,CMP-003,CH-004,2026-04-15
FNP-U00728,Male,2002-05-13,2026-03-25,Abuja,CMP-005,CH-003,2026-04-17
FNP-U00729,Female,2003-05-05,2026-03-20,Lagos,CMP-004,CH-005,2026-04-09
FNP-U00730,Female,1972-12-03,2026-03-15,Ogun,CMP-006,CH-002,2026-04-19
FNP-U00731,Male,1977-02-22,2026-02-27,Abuja,CMP-002,CH-002,2026-04-08
FNP-U00732,Male,1983-12-22,2026-03-29,Abuja,CMP-001,CH-001,2026-04-15
FNP-U00733,Male,1999-04-16,2026-02-04,Abuja,CMP-004,CH-005,2026-02-18
FNP-U00734,Male,1975-09-22,2026-03-13,Lagos,CMP-002,CH-002,2026-03-16
FNP-U00735,Female,2001-07-17,2026-03-05,Abuja,CMP-003,CH-004,2026-03-15
FNP-U00736,Female,1986-10-06,2026-03-10,Lagos,CMP-002,CH-002,2026-03-27
FNP-U00737,Female,2003-11-03,2026-02-17,Lagos,CMP-003,CH-004,2026-03-12
FNP-U00738,Female,1977-02-28,2026-02-06,Ogun,CMP-006,CH-002,2026-02-07
FNP-U00739,Male,2000-03-10,2026-01-28,Abuja,CMP-002,CH-002,2026-02-05
FNP-U00740,Female,2005-03-09,2026-03-08,Lagos,CMP-002,CH-002,2026-04-11
FNP-U00741,Female,1993-06-16,2026-02-19,Ogun,CMP-005,CH-003,2026-04-08
FNP-U00742,Male,1993-06-19,2026-04-25,Lagos,CMP-002,CH-002,2026-04-25
FNP-U00743,Female,1994-03-12,2026-03-18,Abuja,CMP-005,CH-003,2026-03-31
FNP-U00744,Female,1994-08-28,2026-03-20,Lagos,CMP-006,CH-002,2026-04-24
FNP-U00745,Female,1985-05-11,2026-04-22,Abuja,CMP-001,CH-001,2026-04-25
FNP-U00746,Male,1996-12-22,2026-04-15,Ogun,CMP-006,CH-002,2026-04-20
FNP-U00747,Male,1996-08-22,2026-04-03,Ogun,CMP-002,CH-002,2026-04-23
FNP-U00748,Male,1987-03-17,2026-04-01,Lagos,CMP-003,CH-004,2026-04-21
FNP-U00749,Female,2004-08-24,2026-01-28,Abuja,CMP-004,CH-005,2026-04-23
FNP-U00750,Female,2002-09-25,2026-04-17,Ogun,CMP-005,CH-003,2026-04-20
FNP-U00751,Female,1981-12-19,2026-03-26,Lagos,CMP-006,CH-002,2026-04-13
FNP-U00752,Female,1987-12-22,2026-02-19,Lagos,CMP-001,CH-001,2026-03-18
FNP-U00753,Male,1994-04-22,2026-02-25,Abuja,CMP-004,CH-005,2026-04-19
FNP-U00754,Female,2007-01-11,2026-03-30,Ogun,CMP-006,CH-002,2026-04-04
FNP-U00755,Female,1983-02-07,2026-02-12,Lagos,CMP-002,CH-002,2026-03-08
FNP-U00756,Female,2001-09-20,2026-02-19,Abuja,CMP-006,CH-002,2026-03-27
FNP-U00757,Female,1986-03-21,2026-01-31,Lagos,CMP-001,CH-001,2026-03-09
FNP-U00758,Male,2006-09-22,2026-02-05,Lagos,CMP-004,CH-005,2026-02-17
FNP-U00759,Male,2005-04-24,2026-04-23,Ogun,CMP-001,CH-001,2026-04-24
FNP-U00760,Female,1999-09-23,2026-03-19,Lagos,CMP-002,CH-002,2026-04-22
FNP-U00761,Female,1981-06-23,2026-04-08,Lagos,CMP-001,CH-001,2026-04-23
FNP-U00762,Male,1974-06-05,2026-03-27,Abuja,CMP-006,CH-002,2026-04-08
FNP-U00763,Male,1990-04-02,2026-03-23,Lagos,CMP-004,CH-005,2026-04-16
FNP-U00764,Male,2006-05-06,2026-02-06,Ogun,CMP-001,CH-001,2026-03-07
FNP-U00765,Male,1975-06-15,2026-02-22,Abuja,CMP-003,CH-004,2026-03-15
FNP-U00766,Female,2000-07-07,2026-01-30,Abuja,CMP-005,CH-003,2026-04-11
FNP-U00767,Female,1975-02-26,2026-03-16,Ogun,CMP-003,CH-004,2026-04-23
FNP-U00768,Male,2007-07-08,2026-01-28,Ogun,CMP-006,CH-002,2026-04-10
FNP-U00769,Female,1977-10-11,2026-03-31,Ogun,CMP-003,CH-004,2026-04-14
FNP-U00770,Male,1984-03-15,2026-02-05,Lagos,CMP-003,CH-004,2026-02-10
FNP-U00771,Male,1993-01-28,2026-02-08,Abuja,CMP-006,CH-002,2026-03-30
FNP-U00772,Female,1986-08-11,2026-02-04,Lagos,CMP-006,CH-002,2026-02-15
FNP-U00773,Female,2003-12-07,2026-04-04,Ogun,CMP-005,CH-003,2026-04-19
FNP-U00774,Male,1987-01-13,2026-02-02,Ogun,CMP-006,CH-002,2026-04-04
FNP-U00775,Male,1983-09-15,2026-02-17,Ogun,CMP-001,CH-001,2026-03-26
FNP-U00776,Female,2003-04-26,2026-04-07,Ogun,CMP-002,CH-002,2026-04-09
FNP-U00777,Male,1979-03-07,2026-03-06,Ogun,CMP-003,CH-004,2026-04-18
FNP-U00778,Female,1997-10-20,2026-02-11,Lagos,CMP-005,CH-003,2026-03-03
FNP-U00779,Male,1998-08-19,2026-04-04,Ogun,CMP-003,CH-004,2026-04-15
FNP-U00780,Female,1994-02-22,2026-01-28,Lagos,CMP-003,CH-004,2026-03-10
FNP-U00781,Female,1991-07-23,2026-03-03,Abuja,CMP-001,CH-001,2026-03-06
FNP-U00782,Female,2004-11-06,2026-04-20,Abuja,CMP-005,CH-003,2026-04-24
FNP-U00783,Male,1972-06-03,2026-02-15,Abuja,CMP-006,CH-002,2026-04-24
FNP-U00784,Female,1998-05-07,2026-03-29,Abuja,CMP-002,CH-002,2026-04-22
FNP-U00785,Male,2006-12-14,2026-04-14,Abuja,CMP-004,CH-005,2026-04-17
FNP-U00786,Female,2006-08-22,2026-03-17,Lagos,CMP-004,CH-005,2026-04-07
FNP-U00787,Male,2006-11-13,2026-03-12,Lagos,CMP-004,CH-005,2026-04-06
FNP-U00788,Male,2007-07-22,2026-03-05,Lagos,CMP-004,CH-005,2026-04-05
FNP-U00789,Male,2006-06-20,2026-03-14,Lagos,CMP-001,CH-001,2026-04-10
FNP-U00790,Female,1997-06-02,2026-04-24,Lagos,CMP-005,CH-003,2026-04-24
FNP-U00791,Male,1984-02-28,2026-03-28,Ogun,CMP-001,CH-001,2026-04-08
FNP-U00792,Male,1994-05-01,2026-02-17,Abuja,CMP-001,CH-001,2026-03-26
FNP-U00793,Male,1981-03-14,2026-04-12,Lagos,CMP-003,CH-004,2026-04-24
FNP-U00794,Female,2005-10-18,2026-02-21,Abuja,CMP-004,CH-005,2026-03-26
FNP-U00795,Female,1971-01-28,2026-02-12,Abuja,CMP-006,CH-002,2026-03-07
FNP-U00796,Male,1994-02-22,2026-04-18,Abuja,CMP-005,CH-003,2026-04-21
FNP-U00797,Male,1995-09-15,2026-02-15,Lagos,CMP-004,CH-005,2026-04-12
FNP-U00798,Male,1993-03-12,2026-02-07,Lagos,CMP-006,CH-002,2026-02-26
FNP-U00799,Male,2003-10-01,2026-03-09,Lagos,CMP-005,CH-003,2026-04-21
FNP-U00800,Male,1982-12-28,2026-02-28,Abuja,CMP-003,CH-004,2026-04-05
FNP-U00801,Female,2000-03-27,2026-03-01,Lagos,CMP-006,CH-002,2026-03-18
FNP-U00802,Female,1994-06-14,2026-03-11,Lagos,CMP-005,CH-003,2026-04-18
FNP-U00803,Female,1980-08-25,2026-02-23,Abuja,CMP-002,CH-002,2026-03-29
FNP-U00804,Female,1998-09-06,2026-04-21,Abuja,CMP-005,CH-003,2026-04-25
FNP-U00805,Male,2002-11-07,2026-03-18,Lagos,CMP-006,CH-002,2026-04-23
FNP-U00806,Female,1998-01-16,2026-03-06,Lagos,CMP-006,CH-002,2026-04-14
FNP-U00807,Male,1974-03-08,2026-02-02,Abuja,CMP-006,CH-002,2026-04-23
FNP-U00808,Male,2006-12-12,2026-03-02,Lagos,CMP-001,CH-001,2026-04-20
FNP-U00809,Male,1989-03-13,2026-03-06,Ogun,CMP-001,CH-001,2026-03-21
FNP-U00810,Female,2004-10-26,2026-03-21,Ogun,CMP-005,CH-003,2026-04-08
FNP-U00811,Male,1991-02-17,2026-04-06,Ogun,CMP-005,CH-003,2026-04-06
FNP-U00812,Male,1983-02-11,2026-04-01,Lagos,CMP-006,CH-002,2026-04-25
FNP-U00813,Male,1984-05-11,2026-03-26,Abuja,CMP-006,CH-002,2026-04-25
FNP-U00814,Male,1990-05-06,2026-02-03,Abuja,CMP-004,CH-005,2026-03-05
FNP-U00815,Male,1994-11-17,2026-02-10,Abuja,CMP-005,CH-003,2026-03-03
FNP-U00816,Male,2007-02-09,2026-04-06,Lagos,CMP-004,CH-005,2026-04-07
FNP-U00817,Female,1997-08-13,2026-03-13,Ogun,CMP-004,CH-005,2026-04-24
FNP-U00818,Female,1973-06-03,2026-03-16,Lagos,CMP-006,CH-002,2026-03-23
FNP-U00819,Female,1994-08-23,2026-01-28,Lagos,CMP-005,CH-003,2026-03-09
FNP-U00820,Female,1985-07-16,2026-03-11,Ogun,CMP-001,CH-001,2026-04-02
FNP-U00821,Male,1973-01-06,2026-03-22,Ogun,CMP-006,CH-002,2026-04-18
FNP-U00822,Female,1979-01-11,2026-04-05,Lagos,CMP-006,CH-002,2026-04-23
FNP-U00823,Male,1988-10-18,2026-03-21,Abuja,CMP-002,CH-002,2026-04-11
FNP-U00824,Female,2004-01-07,2026-03-04,Abuja,CMP-004,CH-005,2026-04-01
FNP-U00825,Female,1984-05-15,2026-02-24,Ogun,CMP-002,CH-002,2026-04-05
FNP-U00826,Female,2000-09-22,2026-03-30,Ogun,CMP-006,CH-002,2026-04-10
FNP-U00827,Female,1973-11-07,2026-02-12,Abuja,CMP-003,CH-004,2026-02-19
FNP-U00828,Male,1981-11-08,2026-02-24,Lagos,CMP-003,CH-004,2026-04-18
FNP-U00829,Female,2005-09-04,2026-03-04,Ogun,CMP-005,CH-003,2026-04-20
FNP-U00830,Female,1998-03-27,2026-04-21,Ogun,CMP-001,CH-001,2026-04-22
FNP-U00831,Female,2005-02-28,2026-03-04,Lagos,CMP-004,CH-005,2026-03-15
FNP-U00832,Female,1981-08-27,2026-04-21,Lagos,CMP-002,CH-002,2026-04-22
FNP-U00833,Female,2003-05-07,2026-04-13,Lagos,CMP-002,CH-002,2026-04-18
FNP-U00834,Male,1989-11-24,2026-04-03,Ogun,CMP-004,CH-005,2026-04-06
FNP-U00835,Female,1996-08-09,2026-02-22,Lagos,CMP-006,CH-002,2026-04-06
FNP-U00836,Male,2007-09-14,2026-04-14,Ogun,CMP-002,CH-002,2026-04-25
FNP-U00837,Female,1986-07-03,2026-02-19,Ogun,CMP-001,CH-001,2026-02-26
FNP-U00838,Female,1986-10-18,2026-03-25,Lagos,CMP-001,CH-001,2026-04-02
FNP-U00839,Female,1999-04-21,2026-03-24,Lagos,CMP-004,CH-005,2026-04-22
FNP-U00840,Female,1983-12-03,2026-02-27,Lagos,CMP-003,CH-004,2026-03-05
FNP-U00841,Female,2005-10-22,2026-02-28,Lagos,CMP-004,CH-005,2026-03-23
FNP-U00842,Male,1992-03-14,2026-03-19,Ogun,CMP-005,CH-003,2026-04-12
FNP-U00843,Male,2002-02-14,2026-02-03,Ogun,CMP-001,CH-001,2026-04-15
FNP-U00844,Male,1991-11-20,2026-04-16,Lagos,CMP-005,CH-003,2026-04-20
FNP-U00845,Female,2003-10-09,2026-04-25,Abuja,CMP-005,CH-003,2026-04-25
FNP-U00846,Female,1984-01-24,2026-01-26,Abuja,CMP-006,CH-002,2026-03-17
FNP-U00847,Male,2003-09-22,2026-02-15,Ogun,CMP-005,CH-003,2026-03-19
FNP-U00848,Female,1994-09-24,2026-04-16,Lagos,CMP-005,CH-003,2026-04-16
FNP-U00849,Female,2002-11-04,2026-03-18,Ogun,CMP-002,CH-002,2026-04-13
FNP-U00850,Male,1998-09-19,2026-02-07,Abuja,CMP-002,CH-002,2026-04-14
FNP-U00851,Male,2002-06-02,2026-02-22,Ogun,CMP-005,CH-003,2026-03-14
FNP-U00852,Male,1992-05-18,2026-03-19,Lagos,CMP-002,CH-002,2026-04-08
FNP-U00853,Female,2000-09-10,2026-03-31,Abuja,CMP-003,CH-004,2026-04-25
FNP-U00854,Male,1974-07-11,2026-04-04,Ogun,CMP-002,CH-002,2026-04-22
FNP-U00855,Female,2000-10-24,2026-04-21,Lagos,CMP-006,CH-002,2026-04-22
FNP-U00856,Female,2003-12-10,2026-03-21,Lagos,CMP-006,CH-002,2026-04-04
FNP-U00857,Female,2005-10-18,2026-04-22,Ogun,CMP-004,CH-005,2026-04-22
FNP-U00858,Male,1997-01-10,2026-04-03,Abuja,CMP-001,CH-001,2026-04-21
FNP-U00859,Male,2002-12-06,2026-03-04,Ogun,CMP-004,CH-005,2026-04-10
FNP-U00860,Male,1972-05-04,2026-02-02,Lagos,CMP-003,CH-004,2026-04-11
FNP-U00861,Female,2007-11-23,2026-03-21,Lagos,CMP-005,CH-003,2026-03-23
FNP-U00862,Female,2004-03-28,2026-02-09,Lagos,CMP-002,CH-002,2026-02-21
FNP-U00863,Male,1986-09-26,2026-02-09,Lagos,CMP-004,CH-005,2026-03-05
FNP-U00864,Male,1995-03-22,2026-02-01,Ogun,CMP-004,CH-005,2026-03-19
FNP-U00865,Female,1981-04-27,2026-02-28,Abuja,CMP-002,CH-002,2026-04-17
FNP-U00866,Female,1975-10-20,2026-04-02,Ogun,CMP-002,CH-002,2026-04-14
FNP-U00867,Female,1995-09-02,2026-04-19,Abuja,CMP-005,CH-003,2026-04-25
FNP-U00868,Female,1991-03-18,2026-04-15,Lagos,CMP-003,CH-004,2026-04-20
FNP-U00869,Male,2000-05-18,2026-02-02,Ogun,CMP-001,CH-001,2026-03-05
FNP-U00870,Male,1997-08-02,2026-02-06,Abuja,CMP-006,CH-002,2026-03-10
FNP-U00871,Female,2005-08-13,2026-02-13,Abuja,CMP-004,CH-005,2026-04-17
FNP-U00872,Male,2006-04-20,2026-03-19,Ogun,CMP-004,CH-005,2026-04-17
FNP-U00873,Male,1992-08-04,2026-02-22,Abuja,CMP-001,CH-001,2026-03-01
FNP-U00874,Female,1999-01-06,2026-02-13,Ogun,CMP-001,CH-001,2026-02-27
FNP-U00875,Male,1998-11-16,2026-04-13,Lagos,CMP-001,CH-001,2026-04-19
FNP-U00876,Female,2002-04-01,2026-03-31,Abuja,CMP-006,CH-002,2026-04-13
FNP-U00877,Male,1999-03-18,2026-02-13,Ogun,CMP-002,CH-002,2026-04-22
FNP-U00878,Female,1994-05-20,2026-02-20,Abuja,CMP-002,CH-002,2026-04-03
FNP-U00879,Male,1971-11-22,2026-02-20,Abuja,CMP-003,CH-004,2026-03-16
FNP-U00880,Male,2001-05-02,2026-03-19,Lagos,CMP-004,CH-005,2026-04-03
FNP-U00881,Female,1996-07-09,2026-04-19,Abuja,CMP-004,CH-005,2026-04-23
FNP-U00882,Male,1996-06-11,2026-03-02,Ogun,CMP-002,CH-002,2026-03-12
FNP-U00883,Male,1998-01-04,2026-03-20,Ogun,CMP-002,CH-002,2026-03-28
FNP-U00884,Female,1991-03-28,2026-01-29,Lagos,CMP-005,CH-003,2026-03-19
FNP-U00885,Female,1998-09-27,2026-04-07,Abuja,CMP-005,CH-003,2026-04-12
FNP-U00886,Male,1980-02-16,2026-03-08,Lagos,CMP-002,CH-002,2026-04-01
FNP-U00887,Female,2005-12-19,2026-04-11,Ogun,CMP-004,CH-005,2026-04-20
FNP-U00888,Male,1990-02-22,2026-01-27,Lagos,CMP-001,CH-001,2026-04-01
FNP-U00889,Female,2000-03-27,2026-04-06,Ogun,CMP-004,CH-005,2026-04-23
FNP-U00890,Male,2008-10-10,2026-04-13,Lagos,CMP-005,CH-003,2026-04-17
FNP-U00891,Female,1975-08-03,2026-01-27,Lagos,CMP-002,CH-002,2026-03-10
FNP-U00892,Female,1988-01-16,2026-03-28,Lagos,CMP-002,CH-002,2026-04-01
FNP-U00893,Female,1994-10-26,2026-03-07,Ogun,CMP-005,CH-003,2026-03-08
FNP-U00894,Male,1993-06-24,2026-04-14,Abuja,CMP-004,CH-005,2026-04-21
FNP-U00895,Female,2004-11-24,2026-03-24,Abuja,CMP-005,CH-003,2026-03-27
FNP-U00896,Female,1986-04-10,2026-01-30,Lagos,CMP-004,CH-005,2026-03-05
FNP-U00897,Female,1986-05-25,2026-04-16,Abuja,CMP-004,CH-005,2026-04-24
FNP-U00898,Male,2008-01-05,2026-04-02,Abuja,CMP-004,CH-005,2026-04-07
FNP-U00899,Female,2007-12-12,2026-02-03,Abuja,CMP-001,CH-001,2026-02-28
FNP-U00900,Female,2007-01-22,2026-02-09,Ogun,CMP-004,CH-005,2026-02-18
FNP-U00901,Male,1975-11-06,2026-02-02,Abuja,CMP-006,CH-002,2026-02-11
FNP-U00902,Male,1976-02-06,2026-01-31,Abuja,CMP-006,CH-002,2026-04-22
FNP-U00903,Male,2000-07-13,2026-04-12,Abuja,CMP-005,CH-003,2026-04-12
FNP-U00904,Female,1987-07-13,2026-04-21,Ogun,CMP-001,CH-001,2026-04-24
FNP-U00905,Male,2003-04-28,2026-03-03,Ogun,CMP-005,CH-003,2026-03-03
FNP-U00906,Female,2004-08-14,2026-04-15,Abuja,CMP-004,CH-005,2026-04-25
FNP-U00907,Female,2004-05-26,2026-01-27,Ogun,CMP-004,CH-005,2026-02-02
FNP-U00908,Male,2006-08-28,2026-02-24,Lagos,CMP-006,CH-002,2026-04-16
FNP-U00909,Male,2007-07-24,2026-02-06,Lagos,CMP-002,CH-002,2026-02-15
FNP-U00910,Male,2001-01-15,2026-03-28,Lagos,CMP-003,CH-004,2026-04-06
FNP-U00911,Male,1971-02-01,2026-03-21,Lagos,CMP-003,CH-004,2026-03-21
FNP-U00912,Male,2004-10-05,2026-02-24,Lagos,CMP-005,CH-003,2026-04-03
FNP-U00913,Female,1998-04-10,2026-03-29,Abuja,CMP-004,CH-005,2026-04-18
FNP-U00914,Male,2002-01-26,2026-02-15,Abuja,CMP-004,CH-005,2026-03-13
FNP-U00915,Male,1980-04-13,2026-03-20,Ogun,CMP-002,CH-002,2026-03-21
FNP-U00916,Male,1996-05-12,2026-03-04,Lagos,CMP-005,CH-003,2026-03-07
FNP-U00917,Male,1977-12-18,2026-04-23,Ogun,CMP-002,CH-002,2026-04-25
FNP-U00918,Female,1992-08-19,2026-04-06,Abuja,CMP-004,CH-005,2026-04-22
FNP-U00919,Male,1989-03-14,2026-04-15,Abuja,CMP-001,CH-001,2026-04-18
FNP-U00920,Female,2000-06-08,2026-04-21,Ogun,CMP-005,CH-003,2026-04-24
FNP-U00921,Female,1997-09-01,2026-03-17,Lagos,CMP-005,CH-003,2026-03-31
FNP-U00922,Female,1995-10-14,2026-04-21,Ogun,CMP-005,CH-003,2026-04-22
FNP-U00923,Female,2005-03-05,2026-02-05,Ogun,CMP-001,CH-001,2026-03-31
FNP-U00924,Female,1982-03-02,2026-04-23,Lagos,CMP-002,CH-002,2026-04-25
FNP-U00925,Female,1992-07-28,2026-02-16,Lagos,CMP-001,CH-001,2026-03-13
FNP-U00926,Female,1981-07-11,2026-03-06,Ogun,CMP-003,CH-004,2026-04-02
FNP-U00927,Male,2002-01-17,2026-04-15,Abuja,CMP-002,CH-002,2026-04-17
FNP-U00928,Female,1995-02-11,2026-02-22,Lagos,CMP-001,CH-001,2026-03-04
FNP-U00929,Male,1990-03-21,2026-04-01,Lagos,CMP-003,CH-004,2026-04-20
FNP-U00930,Male,1999-06-24,2026-02-09,Ogun,CMP-004,CH-005,2026-02-28
FNP-U00931,Female,1994-08-11,2026-03-14,Abuja,CMP-005,CH-003,2026-04-16
FNP-U00932,Male,1985-11-05,2026-04-04,Abuja,CMP-002,CH-002,2026-04-21
FNP-U00933,Male,2007-11-21,2026-02-02,Lagos,CMP-005,CH-003,2026-03-21
FNP-U00934,Male,1984-12-24,2026-04-02,Abuja,CMP-006,CH-002,2026-04-23
FNP-U00935,Male,1991-03-17,2026-03-03,Lagos,CMP-003,CH-004,2026-03-15
FNP-U00936,Female,2008-03-13,2026-03-27,Lagos,CMP-001,CH-001,2026-03-31
FNP-U00937,Female,1992-12-19,2026-03-17,Lagos,CMP-004,CH-005,2026-04-11
FNP-U00938,Male,2006-10-21,2026-04-08,Abuja,CMP-006,CH-002,2026-04-18
FNP-U00939,Male,1995-04-09,2026-04-05,Lagos,CMP-003,CH-004,2026-04-09
FNP-U00940,Male,1974-04-24,2026-03-01,Lagos,CMP-006,CH-002,2026-03-10
FNP-U00941,Female,1993-12-26,2026-03-03,Ogun,CMP-001,CH-001,2026-04-10
FNP-U00942,Male,2006-03-26,2026-03-30,Lagos,CMP-004,CH-005,2026-04-13
FNP-U00943,Female,1998-07-15,2026-04-02,Lagos,CMP-006,CH-002,2026-04-09
FNP-U00944,Male,1983-08-20,2026-02-22,Lagos,CMP-002,CH-002,2026-04-16
FNP-U00945,Male,1975-11-10,2026-02-20,Lagos,CMP-002,CH-002,2026-03-02
FNP-U00946,Female,2004-05-08,2026-02-08,Lagos,CMP-004,CH-005,2026-03-30
FNP-U00947,Male,2005-09-27,2026-04-02,Abuja,CMP-006,CH-002,2026-04-11
FNP-U00948,Female,1988-04-24,2026-03-19,Lagos,CMP-004,CH-005,2026-04-08
FNP-U00949,Male,2006-02-05,2026-02-11,Ogun,CMP-001,CH-001,2026-02-26
FNP-U00950,Male,2002-09-23,2026-03-16,Abuja,CMP-004,CH-005,2026-03-19
FNP-U00951,Female,1972-03-20,2026-04-04,Abuja,CMP-003,CH-004,2026-04-21
FNP-U00952,Male,2003-04-13,2026-03-10,Lagos,CMP-004,CH-005,2026-04-12
FNP-U00953,Female,1981-09-22,2026-02-21,Abuja,CMP-001,CH-001,2026-03-12
FNP-U00954,Female,1991-04-10,2026-03-26,Abuja,CMP-001,CH-001,2026-04-14
FNP-U00955,Male,2002-09-21,2026-03-24,Ogun,CMP-004,CH-005,2026-04-22
FNP-U00956,Female,1991-06-04,2026-01-31,Ogun,CMP-001,CH-001,2026-04-18
FNP-U00957,Female,2005-08-21,2026-04-01,Abuja,CMP-006,CH-002,2026-04-17
FNP-U00958,Male,1999-10-11,2026-01-30,Abuja,CMP-006,CH-002,2026-03-02
FNP-U00959,Male,1989-01-04,2026-02-06,Ogun,CMP-002,CH-002,2026-02-26
FNP-U00960,Female,1992-10-15,2026-04-09,Ogun,CMP-006,CH-002,2026-04-09
FNP-U00961,Female,1998-03-18,2026-03-22,Ogun,CMP-005,CH-003,2026-04-09
FNP-U00962,Male,2002-11-11,2026-03-26,Ogun,CMP-005,CH-003,2026-04-13
FNP-U00963,Male,1999-11-17,2026-04-10,Ogun,CMP-004,CH-005,2026-04-21
FNP-U00964,Male,1988-02-22,2026-02-19,Ogun,CMP-001,CH-001,2026-03-15
FNP-U00965,Female,2001-07-13,2026-03-11,Ogun,CMP-005,CH-003,2026-04-05
FNP-U00966,Female,1989-08-16,2026-02-21,Ogun,CMP-003,CH-004,2026-03-13
FNP-U00967,Female,1991-03-11,2026-03-29,Abuja,CMP-005,CH-003,2026-04-19
FNP-U00968,Female,2001-10-12,2026-02-22,Lagos,CMP-001,CH-001,2026-03-01
FNP-U00969,Female,1992-12-08,2026-03-02,Lagos,CMP-004,CH-005,2026-04-16
FNP-U00970,Male,1981-06-24,2026-03-30,Lagos,CMP-001,CH-001,2026-04-15
FNP-U00971,Female,2000-02-12,2026-03-14,Abuja,CMP-001,CH-001,2026-03-30
FNP-U00972,Male,1994-08-19,2026-04-08,Ogun,CMP-005,CH-003,2026-04-11
FNP-U00973,Male,1977-07-07,2026-03-20,Ogun,CMP-003,CH-004,2026-04-04
FNP-U00974,Male,2008-12-28,2026-02-17,Ogun,CMP-005,CH-003,2026-03-05
FNP-U00975,Male,1993-04-08,2026-03-27,Lagos,CMP-005,CH-003,2026-03-31
FNP-U00976,Female,2001-03-01,2026-02-19,Abuja,CMP-004,CH-005,2026-04-23
FNP-U00977,Male,1992-02-20,2026-02-12,Abuja,CMP-001,CH-001,2026-02-15
FNP-U00978,Male,1993-05-03,2026-01-26,Ogun,CMP-004,CH-005,2026-03-31
FNP-U00979,Female,1986-12-24,2026-02-25,Lagos,CMP-003,CH-004,2026-03-19
FNP-U00980,Female,1995-08-10,2026-03-29,Lagos,CMP-004,CH-005,2026-03-30
FNP-U00981,Male,1982-09-02,2026-03-07,Lagos,CMP-001,CH-001,2026-03-25
FNP-U00982,Female,1997-07-12,2026-04-24,Ogun,CMP-006,CH-002,2026-04-24
FNP-U00983,Male,1992-08-20,2026-02-15,Lagos,CMP-001,CH-001,2026-02-20
FNP-U00984,Male,1993-05-15,2026-03-30,Ogun,CMP-004,CH-005,2026-04-11
FNP-U00985,Male,1992-07-05,2026-02-04,Lagos,CMP-004,CH-005,2026-03-01
FNP-U00986,Female,1979-02-26,2026-03-16,Abuja,CMP-002,CH-002,2026-03-19
FNP-U00987,Male,1990-03-08,2026-01-29,Abuja,CMP-001,CH-001,2026-04-24
FNP-U00988,Female,1993-07-25,2026-03-24,Ogun,CMP-001,CH-001,2026-03-24
FNP-U00989,Male,1981-09-28,2026-03-12,Ogun,CMP-006,CH-002,2026-04-03
FNP-U00990,Male,1976-05-12,2026-02-09,Lagos,CMP-006,CH-002,2026-03-30
FNP-U00991,Female,1993-08-09,2026-02-02,Abuja,CMP-002,CH-002,2026-02-23
FNP-U00992,Female,1982-12-07,2026-03-05,Abuja,CMP-006,CH-002,2026-04-06
FNP-U00993,Female,1983-03-14,2026-01-29,Lagos,CMP-001,CH-001,2026-03-13
FNP-U00994,Male,1996-06-09,2026-03-10,Lagos,CMP-001,CH-001,2026-04-09
FNP-U00995,Male,1992-07-07,2026-02-23,Ogun,CMP-004,CH-005,2026-04-09
FNP-U00996,Female,1991-06-21,2026-02-25,Abuja,CMP-001,CH-001,2026-03-01
FNP-U00997,Male,1998-03-22,2026-02-21,Lagos,CMP-001,CH-001,2026-04-11
FNP-U00998,Male,2008-02-19,2026-02-19,Abuja,CMP-006,CH-002,2026-03-12
FNP-U00999,Male,1994-01-01,2026-03-08,Lagos,CMP-005,CH-003,2026-03-30
FNP-U01000,Female,1998-05-09,2026-03-28,Ogun,CMP-003,CH-004,2026-04-19
FNP-U01001,Male,1994-11-13,2026-03-02,Ogun,CMP-004,CH-005,2026-03-25
FNP-U01002,Male,1989-07-11,2026-01-28,Ogun,CMP-001,CH-001,2026-03-08
FNP-U01003,Male,2007-09-12,2026-01-31,Abuja,CMP-004,CH-005,2026-02-07
FNP-U01004,Male,1997-04-21,2026-02-10,Ogun,CMP-005,CH-003,2026-02-12
FNP-U01005,Female,2000-05-23,2026-04-04,Abuja,CMP-003,CH-004,2026-04-18
FNP-U01006,Female,1991-05-13,2026-02-15,Ogun,CMP-001,CH-001,2026-04-15
FNP-U01007,Female,2002-05-15,2026-04-23,Ogun,CMP-005,CH-003,2026-04-23
FNP-U01008,Female,2003-08-03,2026-02-17,Ogun,CMP-004,CH-005,2026-03-27
FNP-U01009,Female,1995-05-15,2026-01-26,Lagos,CMP-005,CH-003,2026-04-10
FNP-U01010,Female,1998-03-17,2026-03-28,Abuja,CMP-005,CH-003,2026-04-21
FNP-U01011,Female,1995-03-26,2026-04-12,Lagos,CMP-001,CH-001,2026-04-16
FNP-U01012,Male,1992-10-11,2026-04-04,Lagos,CMP-004,CH-005,2026-04-06
FNP-U01013,Female,2008-09-15,2026-02-15,Ogun,CMP-001,CH-001,2026-04-11
FNP-U01014,Male,1990-05-06,2026-02-20,Abuja,CMP-002,CH-002,2026-02-25
FNP-U01015,Female,1985-06-07,2026-02-19,Abuja,CMP-001,CH-001,2026-03-21
FNP-U01016,Male,2008-01-18,2026-04-20,Abuja,CMP-002,CH-002,2026-04-25
FNP-U01017,Male,1993-10-01,2026-02-18,Lagos,CMP-006,CH-002,2026-04-15
FNP-U01018,Female,2002-02-18,2026-02-26,Lagos,CMP-005,CH-003,2026-03-02
FNP-U01019,Female,2004-01-03,2026-04-05,Ogun,CMP-005,CH-003,2026-04-16
FNP-U01020,Male,1971-06-11,2026-02-07,Lagos,CMP-003,CH-004,2026-03-15
FNP-U01021,Female,1997-03-21,2026-04-12,Abuja,CMP-004,CH-005,2026-04-23
FNP-U01022,Male,1998-07-12,2026-04-11,Ogun,CMP-001,CH-001,2026-04-23
FNP-U01023,Female,2005-12-05,2026-03-24,Ogun,CMP-004,CH-005,2026-04-23
FNP-U01024,Male,2001-12-14,2026-02-11,Abuja,CMP-003,CH-004,2026-03-12
FNP-U01025,Female,1998-11-10,2026-02-19,Abuja,CMP-003,CH-004,2026-03-04
FNP-U01026,Male,1979-03-17,2026-02-13,Ogun,CMP-002,CH-002,2026-04-24
FNP-U01027,Female,1980-01-25,2026-03-14,Abuja,CMP-003,CH-004,2026-03-15
FNP-U01028,Male,1975-08-11,2026-02-23,Ogun,CMP-003,CH-004,2026-03-10
FNP-U01029,Female,2008-10-08,2026-03-04,Ogun,CMP-001,CH-001,2026-03-21
FNP-U01030,Male,1994-12-23,2026-04-05,Ogun,CMP-002,CH-002,2026-04-07
FNP-U01031,Female,1989-08-02,2026-03-17,Abuja,CMP-003,CH-004,2026-04-23
FNP-U01032,Female,1993-01-06,2026-04-06,Ogun,CMP-005,CH-003,2026-04-07
FNP-U01033,Male,1993-08-06,2026-02-22,Ogun,CMP-003,CH-004,2026-03-30
FNP-U01034,Male,2003-06-10,2026-04-14,Lagos,CMP-004,CH-005,2026-04-17
FNP-U01035,Male,2003-03-14,2026-04-20,Abuja,CMP-003,CH-004,2026-04-22
FNP-U01036,Female,2001-07-16,2026-04-25,Ogun,CMP-005,CH-003,2026-04-25
FNP-U01037,Male,2001-09-23,2026-03-22,Ogun,CMP-004,CH-005,2026-04-12
FNP-U01038,Female,1996-01-21,2026-02-05,Ogun,CMP-006,CH-002,2026-04-17
FNP-U01039,Female,1988-09-18,2026-02-12,Abuja,CMP-006,CH-002,2026-02-17
FNP-U01040,Male,1984-06-15,2026-03-12,Ogun,CMP-002,CH-002,2026-04-14
FNP-U01041,Male,1982-08-09,2026-02-16,Lagos,CMP-001,CH-001,2026-02-22
FNP-U01042,Female,2007-08-28,2026-02-26,Ogun,CMP-001,CH-001,2026-04-23
FNP-U01043,Male,2004-03-24,2026-03-18,Ogun,CMP-006,CH-002,2026-03-30
FNP-U01044,Male,1974-09-18,2026-02-16,Abuja,CMP-002,CH-002,2026-03-31
FNP-U01045,Female,1998-11-10,2026-02-23,Lagos,CMP-006,CH-002,2026-02-23
FNP-U01046,Female,1979-08-03,2026-03-06,Ogun,CMP-002,CH-002,2026-03-18
FNP-U01047,Female,1973-01-18,2026-03-10,Ogun,CMP-003,CH-004,2026-03-31
FNP-U01048,Male,1999-12-24,2026-02-20,Abuja,CMP-002,CH-002,2026-04-08
FNP-U01049,Male,1989-06-22,2026-02-23,Abuja,CMP-006,CH-002,2026-04-10
FNP-U01050,Male,1983-04-07,2026-03-06,Ogun,CMP-001,CH-001,2026-03-23
FNP-U01051,Male,1988-07-05,2026-04-02,Lagos,CMP-003,CH-004,2026-04-13
FNP-U01052,Male,1990-06-07,2026-02-02,Ogun,CMP-004,CH-005,2026-03-31
FNP-U01053,Male,1999-02-22,2026-03-03,Abuja,CMP-005,CH-003,2026-03-08
FNP-U01054,Male,2000-05-18,2026-03-03,Ogun,CMP-005,CH-003,2026-03-03
FNP-U01055,Male,2008-12-06,2026-02-15,Abuja,CMP-005,CH-003,2026-04-11
FNP-U01056,Female,1996-07-07,2026-02-03,Abuja,CMP-005,CH-003,2026-03-21
FNP-U01057,Female,2004-12-04,2026-02-27,Abuja,CMP-003,CH-004,2026-04-08
FNP-U01058,Male,2003-12-22,2026-02-20,Abuja,CMP-002,CH-002,2026-04-06
FNP-U01059,Female,2005-02-14,2026-04-25,Ogun,CMP-005,CH-003,2026-04-25
FNP-U01060,Male,1981-11-10,2026-03-21,Ogun,CMP-002,CH-002,2026-03-27
FNP-U01061,Female,1988-10-11,2026-03-03,Ogun,CMP-002,CH-002,2026-03-08
FNP-U01062,Female,1997-12-12,2026-01-30,Ogun,CMP-005,CH-003,2026-04-21
FNP-U01063,Male,1992-12-14,2026-03-28,Abuja,CMP-001,CH-001,2026-03-28
FNP-U01064,Female,2008-04-15,2026-04-07,Ogun,CMP-001,CH-001,2026-04-09
FNP-U01065,Male,2008-11-09,2026-02-13,Lagos,CMP-006,CH-002,2026-03-22
FNP-U01066,Female,2008-07-03,2026-03-23,Abuja,CMP-005,CH-003,2026-03-31
FNP-U01067,Male,1988-03-27,2026-04-17,Lagos,CMP-003,CH-004,2026-04-19
FNP-U01068,Male,2003-03-25,2026-04-19,Ogun,CMP-005,CH-003,2026-04-20
FNP-U01069,Female,1989-12-24,2026-03-22,Ogun,CMP-006,CH-002,2026-04-05
FNP-U01070,Female,1980-12-11,2026-04-10,Abuja,CMP-002,CH-002,2026-04-19
FNP-U01071,Male,2003-01-21,2026-03-19,Lagos,CMP-004,CH-005,2026-04-21
FNP-U01072,Male,2004-01-24,2026-03-17,Lagos,CMP-005,CH-003,2026-04-08
FNP-U01073,Male,1975-05-24,2026-03-10,Abuja,CMP-006,CH-002,2026-03-24
FNP-U01074,Male,2008-02-27,2026-04-18,Ogun,CMP-005,CH-003,2026-04-21
FNP-U01075,Male,1981-07-17,2026-04-24,Ogun,CMP-002,CH-002,2026-04-25
FNP-U01076,Male,1999-10-21,2026-03-03,Lagos,CMP-001,CH-001,2026-04-02
FNP-U01077,Male,2002-01-28,2026-03-08,Abuja,CMP-005,CH-003,2026-03-21
FNP-U01078,Female,1999-03-06,2026-03-23,Lagos,CMP-005,CH-003,2026-04-17
FNP-U01079,Female,1995-06-01,2026-03-31,Abuja,CMP-001,CH-001,2026-04-16
FNP-U01080,Female,1998-03-17,2026-02-10,Lagos,CMP-004,CH-005,2026-03-29
FNP-U01081,Female,1992-01-06,2026-01-28,Lagos,CMP-006,CH-002,2026-04-07
FNP-U01082,Female,1996-12-01,2026-01-27,Abuja,CMP-005,CH-003,2026-02-27
FNP-U01083,Male,1976-03-11,2026-03-19,Ogun,CMP-003,CH-004,2026-04-08
FNP-U01084,Female,1975-04-27,2026-04-22,Lagos,CMP-006,CH-002,2026-04-25
FNP-U01085,Female,1993-08-11,2026-04-01,Lagos,CMP-003,CH-004,2026-04-21
FNP-U01086,Female,2000-11-18,2026-03-31,Abuja,CMP-005,CH-003,2026-04-22
FNP-U01087,Female,1986-11-27,2026-03-20,Ogun,CMP-001,CH-001,2026-04-10
FNP-U01088,Male,1972-07-14,2026-04-04,Lagos,CMP-003,CH-004,2026-04-20
FNP-U01089,Male,1983-03-17,2026-02-24,Lagos,CMP-006,CH-002,2026-03-28
FNP-U01090,Female,1993-09-08,2026-01-31,Ogun,CMP-005,CH-003,2026-02-26
FNP-U01091,Male,1981-08-19,2026-02-13,Lagos,CMP-001,CH-001,2026-02-20
FNP-U01092,Female,2008-06-19,2026-04-19,Abuja,CMP-001,CH-001,2026-04-21
FNP-U01093,Female,1992-03-04,2026-03-21,Ogun,CMP-004,CH-005,2026-04-21
FNP-U01094,Female,1984-06-19,2026-03-17,Ogun,CMP-001,CH-001,2026-04-16
FNP-U01095,Female,1993-05-20,2026-02-21,Lagos,CMP-006,CH-002,2026-03-06
FNP-U01096,Male,2001-03-13,2026-02-01,Lagos,CMP-003,CH-004,2026-04-22
FNP-U01097,Male,1988-05-18,2026-03-08,Abuja,CMP-001,CH-001,2026-03-27
FNP-U01098,Female,1985-08-10,2026-03-05,Abuja,CMP-001,CH-001,2026-03-25
FNP-U01099,Female,2005-05-12,2026-04-25,Ogun,CMP-004,CH-005,2026-04-25
FNP-U01100,Female,1974-07-03,2026-04-05,Lagos,CMP-006,CH-002,2026-04-09
FNP-U01101,Female,1998-11-03,2026-02-19,Lagos,CMP-002,CH-002,2026-04-02
FNP-U01102,Female,1989-02-08,2026-02-19,Lagos,CMP-006,CH-002,2026-04-15
FNP-U01103,Female,2007-09-09,2026-04-10,Abuja,CMP-006,CH-002,2026-04-11
FNP-U01104,Female,1986-12-26,2026-03-12,Lagos,CMP-001,CH-001,2026-04-23
FNP-U01105,Male,1981-02-11,2026-02-01,Ogun,CMP-006,CH-002,2026-02-01
FNP-U01106,Male,1986-09-16,2026-04-18,Ogun,CMP-006,CH-002,2026-04-24
FNP-U01107,Female,1990-11-03,2026-03-15,Ogun,CMP-001,CH-001,2026-04-21
FNP-U01108,Female,1991-04-05,2026-03-12,Lagos,CMP-005,CH-003,2026-04-14
FNP-U01109,Male,1991-09-13,2026-03-22,Abuja,CMP-004,CH-005,2026-04-09
FNP-U01110,Male,1976-05-28,2026-02-28,Ogun,CMP-003,CH-004,2026-04-15
FNP-U01111,Male,2006-06-03,2026-03-18,Ogun,CMP-005,CH-003,2026-04-17
FNP-U01112,Female,1993-05-11,2026-02-03,Abuja,CMP-005,CH-003,2026-04-20
FNP-U01113,Male,1999-02-14,2026-02-06,Abuja,CMP-004,CH-005,2026-03-31
FNP-U01114,Female,2004-01-07,2026-03-30,Lagos,CMP-003,CH-004,2026-04-14
FNP-U01115,Male,1988-10-12,2026-03-24,Lagos,CMP-002,CH-002,2026-03-27
FNP-U01116,Male,1997-09-03,2026-02-11,Abuja,CMP-004,CH-005,2026-02-12
FNP-U01117,Female,1985-10-06,2026-03-25,Lagos,CMP-003,CH-004,2026-04-03
FNP-U01118,Male,2003-01-10,2026-03-20,Abuja,CMP-002,CH-002,2026-03-30
FNP-U01119,Male,1995-11-23,2026-04-17,Lagos,CMP-005,CH-003,2026-04-20
FNP-U01120,Male,2003-11-23,2026-03-19,Ogun,CMP-006,CH-002,2026-03-27
FNP-U01121,Female,2003-10-15,2026-02-26,Abuja,CMP-002,CH-002,2026-04-14
FNP-U01122,Male,2001-03-19,2026-04-17,Abuja,CMP-003,CH-004,2026-04-24
FNP-U01123,Male,1992-02-23,2026-02-25,Abuja,CMP-004,CH-005,2026-04-11
FNP-U01124,Male,1999-05-06,2026-04-11,Ogun,CMP-005,CH-003,2026-04-14
FNP-U01125,Female,1997-05-28,2026-02-16,Ogun,CMP-005,CH-003,2026-04-03
FNP-U01126,Male,1979-12-15,2026-04-05,Lagos,CMP-006,CH-002,2026-04-16
FNP-U01127,Female,1983-09-13,2026-03-02,Ogun,CMP-003,CH-004,2026-04-09
FNP-U01128,Female,1987-11-21,2026-02-28,Lagos,CMP-003,CH-004,2026-03-11
FNP-U01129,Female,2004-07-15,2026-03-07,Lagos,CMP-001,CH-001,2026-03-15
FNP-U01130,Male,1998-02-24,2026-03-10,Abuja,CMP-005,CH-003,2026-03-24
FNP-U01131,Female,2000-10-18,2026-02-06,Abuja,CMP-004,CH-005,2026-04-12
FNP-U01132,Male,1991-10-27,2026-04-04,Abuja,CMP-002,CH-002,2026-04-06
FNP-U01133,Male,1998-11-26,2026-02-20,Abuja,CMP-005,CH-003,2026-02-26
FNP-U01134,Female,1975-09-10,2026-03-08,Ogun,CMP-003,CH-004,2026-03-22
FNP-U01135,Male,1983-10-15,2026-03-03,Lagos,CMP-003,CH-004,2026-03-29
FNP-U01136,Female,1991-06-26,2026-04-13,Ogun,CMP-001,CH-001,2026-04-18
FNP-U01137,Male,2007-09-15,2026-03-01,Abuja,CMP-005,CH-003,2026-03-21
FNP-U01138,Male,1976-02-07,2026-03-13,Ogun,CMP-002,CH-002,2026-04-14
FNP-U01139,Male,1988-01-08,2026-03-10,Lagos,CMP-001,CH-001,2026-04-23
FNP-U01140,Male,2002-01-17,2026-02-22,Ogun,CMP-005,CH-003,2026-03-29
FNP-U01141,Female,2007-05-15,2026-03-02,Ogun,CMP-004,CH-005,2026-04-09
FNP-U01142,Female,2004-09-28,2026-04-01,Abuja,CMP-005,CH-003,2026-04-13
FNP-U01143,Female,1994-07-12,2026-03-10,Ogun,CMP-005,CH-003,2026-03-24
FNP-U01144,Female,2002-04-15,2026-03-08,Abuja,CMP-005,CH-003,2026-04-19
FNP-U01145,Female,1987-12-20,2026-01-30,Abuja,CMP-001,CH-001,2026-03-03
FNP-U01146,Female,1976-03-12,2026-03-13,Abuja,CMP-003,CH-004,2026-04-18
FNP-U01147,Female,1996-12-14,2026-01-27,Abuja,CMP-001,CH-001,2026-02-27
FNP-U01148,Male,2001-10-17,2026-04-23,Abuja,CMP-005,CH-003,2026-04-23
FNP-U01149,Male,2004-09-04,2026-04-12,Abuja,CMP-006,CH-002,2026-04-25
FNP-U01150,Male,1997-11-28,2026-01-26,Abuja,CMP-001,CH-001,2026-03-19
FNP-U01151,Female,2003-11-21,2026-04-22,Abuja,CMP-005,CH-003,2026-04-24
FNP-U01152,Female,1973-04-12,2026-02-14,Lagos,CMP-002,CH-002,2026-02-22
FNP-U01153,Male,1994-08-27,2026-03-22,Lagos,CMP-005,CH-003,2026-03-26
FNP-U01154,Male,2008-12-13,2026-02-11,Lagos,CMP-002,CH-002,2026-03-27
FNP-U01155,Female,1991-08-02,2026-03-19,Ogun,CMP-005,CH-003,2026-04-16
FNP-U01156,Male,1993-04-02,2026-02-18,Ogun,CMP-004,CH-005,2026-03-12
FNP-U01157,Female,1999-03-14,2026-03-21,Ogun,CMP-005,CH-003,2026-04-21
FNP-U01158,Female,1994-05-20,2026-02-08,Ogun,CMP-004,CH-005,2026-03-02
FNP-U01159,Female,1996-07-14,2026-04-04,Abuja,CMP-005,CH-003,2026-04-14
FNP-U01160,Female,1995-11-01,2026-04-04,Abuja,CMP-006,CH-002,2026-04-25
FNP-U01161,Female,2004-12-08,2026-04-25,Lagos,CMP-005,CH-003,2026-04-25
FNP-U01162,Male,1998-05-27,2026-03-13,Abuja,CMP-004,CH-005,2026-04-24
FNP-U01163,Male,1991-06-24,2026-04-24,Abuja,CMP-005,CH-003,2026-04-24
FNP-U01164,Female,1982-05-15,2026-02-27,Abuja,CMP-003,CH-004,2026-03-16
FNP-U01165,Male,2008-08-20,2026-01-30,Ogun,CMP-001,CH-001,2026-03-18
FNP-U01166,Female,2002-11-04,2026-04-23,Abuja,CMP-005,CH-003,2026-04-24
FNP-U01167,Male,1979-09-19,2026-03-03,Lagos,CMP-006,CH-002,2026-04-15
FNP-U01168,Female,1997-04-28,2026-02-10,Abuja,CMP-003,CH-004,2026-04-13
FNP-U01169,Female,1994-01-20,2026-04-01,Abuja,CMP-005,CH-003,2026-04-16
FNP-U01170,Female,2002-02-24,2026-01-28,Lagos,CMP-002,CH-002,2026-02-21
FNP-U01171,Female,2000-04-02,2026-02-11,Abuja,CMP-004,CH-005,2026-04-07
FNP-U01172,Female,2006-03-28,2026-03-10,Ogun,CMP-001,CH-001,2026-03-23
FNP-U01173,Male,1999-01-23,2026-04-14,Abuja,CMP-006,CH-002,2026-04-21
FNP-U01174,Female,1995-01-08,2026-04-03,Ogun,CMP-005,CH-003,2026-04-21
FNP-U01175,Female,1976-12-26,2026-03-30,Abuja,CMP-003,CH-004,2026-04-18
FNP-U01176,Male,2008-10-10,2026-04-10,Ogun,CMP-002,CH-002,2026-04-25
FNP-U01177,Female,1983-11-25,2026-04-02,Lagos,CMP-003,CH-004,2026-04-20
FNP-U01178,Female,2006-12-25,2026-04-11,Ogun,CMP-001,CH-001,2026-04-21
FNP-U01179,Female,1998-11-20,2026-03-23,Ogun,CMP-003,CH-004,2026-04-20
FNP-U01180,Male,1996-10-18,2026-04-18,Lagos,CMP-001,CH-001,2026-04-25
FNP-U01181,Female,1994-03-11,2026-01-26,Ogun,CMP-002,CH-002,2026-02-20
FNP-U01182,Female,1993-06-20,2026-04-09,Ogun,CMP-003,CH-004,2026-04-24
FNP-U01183,Female,1971-02-22,2026-03-30,Abuja,CMP-002,CH-002,2026-03-31
FNP-U01184,Male,1995-08-03,2026-02-25,Lagos,CMP-001,CH-001,2026-04-21
FNP-U01185,Female,1987-05-17,2026-02-01,Lagos,CMP-004,CH-005,2026-02-06
FNP-U01186,Female,1971-03-04,2026-03-11,Lagos,CMP-006,CH-002,2026-04-05
FNP-U01187,Male,1998-10-15,2026-02-06,Abuja,CMP-001,CH-001,2026-03-21
FNP-U01188,Male,1994-12-28,2026-03-17,Abuja,CMP-006,CH-002,2026-04-24
FNP-U01189,Male,1996-11-21,2026-02-15,Ogun,CMP-001,CH-001,2026-03-14
FNP-U01190,Male,1994-01-09,2026-03-29,Lagos,CMP-005,CH-003,2026-04-02
FNP-U01191,Male,1985-09-07,2026-02-20,Abuja,CMP-002,CH-002,2026-03-06
FNP-U01192,Female,1973-12-08,2026-02-25,Lagos,CMP-006,CH-002,2026-04-10
FNP-U01193,Female,2004-07-10,2026-01-29,Lagos,CMP-005,CH-003,2026-02-14
FNP-U01194,Female,1995-11-02,2026-03-01,Abuja,CMP-004,CH-005,2026-04-03
FNP-U01195,Male,1997-11-25,2026-03-14,Ogun,CMP-004,CH-005,2026-03-22
FNP-U01196,Female,2006-03-12,2026-02-25,Lagos,CMP-005,CH-003,2026-04-11
FNP-U01197,Male,1984-09-11,2026-03-23,Ogun,CMP-006,CH-002,2026-04-22
FNP-U01198,Male,1997-03-23,2026-04-06,Ogun,CMP-001,CH-001,2026-04-12
FNP-U01199,Male,1974-11-10,2026-03-18,Abuja,CMP-002,CH-002,2026-04-14
FNP-U01200,Female,1974-12-01,2026-03-16,Lagos,CMP-002,CH-002,2026-03-27
FNP-U01201,Male,1987-07-16,2026-04-14,Ogun,CMP-003,CH-004,2026-04-19
FNP-U01202,Male,1998-07-23,2026-03-15,Abuja,CMP-001,CH-001,2026-03-19
FNP-U01203,Female,2005-10-09,2026-03-27,Lagos,CMP-004,CH-005,2026-04-19
FNP-U01204,Female,1994-05-25,2026-03-18,Ogun,CMP-004,CH-005,2026-04-23
FNP-U01205,Male,1998-02-28,2026-04-19,Ogun,CMP-002,CH-002,2026-04-23
FNP-U01206,Male,1977-10-11,2026-03-01,Lagos,CMP-006,CH-002,2026-04-02
FNP-U01207,Female,1984-02-01,2026-03-30,Abuja,CMP-001,CH-001,2026-04-07
FNP-U01208,Male,2007-11-27,2026-02-18,Ogun,CMP-002,CH-002,2026-04-13
FNP-U01209,Female,2003-07-25,2026-03-01,Abuja,CMP-002,CH-002,2026-03-12
FNP-U01210,Male,1982-12-18,2026-03-25,Ogun,CMP-001,CH-001,2026-03-30
FNP-U01211,Female,1997-01-07,2026-02-14,Lagos,CMP-006,CH-002,2026-04-06
FNP-U01212,Female,1997-09-12,2026-03-28,Ogun,CMP-004,CH-005,2026-04-18
FNP-U01213,Male,1992-04-26,2026-02-16,Lagos,CMP-004,CH-005,2026-03-19
FNP-U01214,Male,1992-10-25,2026-04-17,Lagos,CMP-004,CH-005,2026-04-18
FNP-U01215,Male,2007-01-19,2026-03-09,Abuja,CMP-006,CH-002,2026-03-15
FNP-U01216,Female,2000-07-14,2026-02-14,Ogun,CMP-004,CH-005,2026-02-26
FNP-U01217,Male,1990-12-12,2026-02-02,Lagos,CMP-006,CH-002,2026-03-09
FNP-U01218,Female,2008-09-26,2026-03-30,Abuja,CMP-005,CH-003,2026-04-11
FNP-U01219,Female,2007-08-28,2026-03-06,Ogun,CMP-006,CH-002,2026-03-08
FNP-U01220,Female,2000-06-20,2026-02-01,Ogun,CMP-005,CH-003,2026-02-09
FNP-U01221,Male,1993-11-18,2026-02-21,Abuja,CMP-002,CH-002,2026-03-31
FNP-U01222,Female,1996-04-25,2026-03-10,Abuja,CMP-002,CH-002,2026-04-11
FNP-U01223,Male,1986-07-21,2026-04-10,Ogun,CMP-001,CH-001,2026-04-15
FNP-U01224,Male,2003-06-13,2026-04-23,Ogun,CMP-001,CH-001,2026-04-25
FNP-U01225,Female,1994-12-01,2026-02-19,Ogun,CMP-004,CH-005,2026-04-11
FNP-U01226,Male,1983-10-07,2026-02-10,Abuja,CMP-003,CH-004,2026-03-07
FNP-U01227,Female,1984-06-20,2026-03-15,Abuja,CMP-006,CH-002,2026-03-27
FNP-U01228,Male,2005-01-11,2026-03-07,Abuja,CMP-006,CH-002,2026-04-02
FNP-U01229,Female,1975-08-07,2026-04-23,Lagos,CMP-003,CH-004,2026-04-24
FNP-U01230,Female,1998-11-09,2026-04-19,Ogun,CMP-001,CH-001,2026-04-19
FNP-U01231,Male,2003-10-13,2026-04-08,Lagos,CMP-002,CH-002,2026-04-16
FNP-U01232,Male,1971-03-23,2026-04-15,Lagos,CMP-003,CH-004,2026-04-24
FNP-U01233,Female,2007-01-23,2026-03-05,Lagos,CMP-005,CH-003,2026-04-24
FNP-U01234,Female,1988-05-27,2026-03-15,Ogun,CMP-002,CH-002,2026-04-10
FNP-U01235,Male,1993-06-12,2026-02-13,Abuja,CMP-005,CH-003,2026-04-23
FNP-U01236,Female,1998-10-15,2026-02-04,Abuja,CMP-005,CH-003,2026-02-05
FNP-U01237,Male,1973-12-25,2026-03-02,Abuja,CMP-003,CH-004,2026-03-25
FNP-U01238,Female,2005-05-04,2026-02-13,Abuja,CMP-001,CH-001,2026-03-05
FNP-U01239,Male,1975-10-28,2026-02-10,Ogun,CMP-006,CH-002,2026-02-20
FNP-U01240,Male,1985-07-05,2026-01-31,Ogun,CMP-003,CH-004,2026-03-11
FNP-U01241,Female,1987-01-09,2026-04-04,Abuja,CMP-001,CH-001,2026-04-11
FNP-U01242,Male,1999-09-19,2026-04-18,Abuja,CMP-001,CH-001,2026-04-20
FNP-U01243,Female,1991-10-25,2026-02-08,Abuja,CMP-001,CH-001,2026-04-19
FNP-U01244,Male,1988-08-16,2026-03-18,Ogun,CMP-006,CH-002,2026-03-27
FNP-U01245,Female,1993-05-01,2026-01-31,Abuja,CMP-005,CH-003,2026-02-04
FNP-U01246,Male,2008-04-16,2026-01-30,Lagos,CMP-001,CH-001,2026-03-23
FNP-U01247,Male,2008-04-18,2026-03-21,Lagos,CMP-001,CH-001,2026-04-22
FNP-U01248,Female,1978-06-03,2026-03-11,Abuja,CMP-002,CH-002,2026-04-10
FNP-U01249,Female,2003-10-19,2026-04-04,Abuja,CMP-005,CH-003,2026-04-07
FNP-U01250,Female,1978-12-02,2026-01-27,Lagos,CMP-006,CH-002,2026-02-16
FNP-U01251,Male,1976-08-24,2026-04-22,Lagos,CMP-003,CH-004,2026-04-22
FNP-U01252,Female,2004-09-26,2026-03-07,Ogun,CMP-005,CH-003,2026-03-30
FNP-U01253,Female,2006-07-04,2026-02-11,Lagos,CMP-001,CH-001,2026-03-03
FNP-U01254,Male,1991-11-01,2026-02-28,Ogun,CMP-005,CH-003,2026-03-27
FNP-U01255,Female,1998-01-12,2026-04-23,Ogun,CMP-005,CH-003,2026-04-25
FNP-U01256,Male,1992-03-12,2026-03-17,Abuja,CMP-004,CH-005,2026-04-08
FNP-U01257,Male,1992-05-14,2026-03-04,Ogun,CMP-003,CH-004,2026-04-14
FNP-U01258,Male,1981-02-21,2026-03-25,Abuja,CMP-001,CH-001,2026-04-01
FNP-U01259,Female,1993-09-16,2026-01-26,Ogun,CMP-002,CH-002,2026-03-23
FNP-U01260,Male,2001-09-14,2026-01-29,Lagos,CMP-004,CH-005,2026-04-06
FNP-U01261,Female,2000-01-22,2026-02-17,Ogun,CMP-004,CH-005,2026-04-20
FNP-U01262,Female,2000-05-28,2026-03-23,Ogun,CMP-001,CH-001,2026-03-24
FNP-U01263,Female,1992-12-23,2026-03-19,Lagos,CMP-003,CH-004,2026-03-30
FNP-U01264,Male,1992-04-07,2026-02-02,Lagos,CMP-003,CH-004,2026-02-08
FNP-U01265,Male,2004-06-04,2026-01-29,Lagos,CMP-001,CH-001,2026-01-30
FNP-U01266,Female,1976-08-22,2026-04-25,Lagos,CMP-003,CH-004,2026-04-25
FNP-U01267,Female,2005-09-16,2026-03-11,Abuja,CMP-002,CH-002,2026-04-11
FNP-U01268,Female,2005-10-28,2026-03-09,Lagos,CMP-006,CH-002,2026-04-03
FNP-U01269,Female,2000-05-12,2026-03-12,Abuja,CMP-005,CH-003,2026-04-14
FNP-U01270,Male,2006-11-11,2026-03-23,Lagos,CMP-001,CH-001,2026-04-09
FNP-U01271,Male,1984-12-05,2026-04-15,Abuja,CMP-001,CH-001,2026-04-15
FNP-U01272,Male,1988-08-19,2026-04-14,Abuja,CMP-004,CH-005,2026-04-17
FNP-U01273,Male,2000-02-07,2026-03-15,Abuja,CMP-004,CH-005,2026-04-25
FNP-U01274,Male,1983-09-25,2026-02-20,Abuja,CMP-003,CH-004,2026-04-05
FNP-U01275,Female,2008-01-11,2026-03-18,Abuja,CMP-004,CH-005,2026-04-10
FNP-U01276,Female,1990-12-21,2026-03-14,Ogun,CMP-006,CH-002,2026-03-24
FNP-U01277,Male,1996-06-05,2026-04-02,Lagos,CMP-005,CH-003,2026-04-06
FNP-U01278,Female,1971-10-11,2026-03-29,Lagos,CMP-006,CH-002,2026-04-21
FNP-U01279,Female,2001-01-02,2026-04-13,Lagos,CMP-003,CH-004,2026-04-13
FNP-U01280,Male,1972-01-18,2026-02-27,Abuja,CMP-006,CH-002,2026-04-23
FNP-U01281,Male,2007-11-05,2026-02-27,Lagos,CMP-005,CH-003,2026-03-04
FNP-U01282,Female,1998-03-08,2026-04-24,Abuja,CMP-005,CH-003,2026-04-25
FNP-U01283,Female,1974-03-14,2026-04-14,Abuja,CMP-003,CH-004,2026-04-23
FNP-U01284,Female,1981-10-12,2026-02-22,Abuja,CMP-001,CH-001,2026-02-26
FNP-U01285,Male,2006-10-04,2026-02-03,Abuja,CMP-004,CH-005,2026-02-08
FNP-U01286,Female,2004-12-12,2026-02-05,Abuja,CMP-004,CH-005,2026-04-18
FNP-U01287,Male,1972-11-24,2026-03-15,Ogun,CMP-003,CH-004,2026-04-17
FNP-U01288,Male,2008-07-07,2026-02-07,Ogun,CMP-005,CH-003,2026-03-28
FNP-U01289,Female,1988-01-03,2026-02-12,Abuja,CMP-004,CH-005,2026-04-04
FNP-U01290,Male,2007-01-12,2026-03-09,Lagos,CMP-006,CH-002,2026-03-21
FNP-U01291,Male,1998-11-13,2026-02-01,Ogun,CMP-003,CH-004,2026-04-03
FNP-U01292,Male,2002-10-23,2026-03-20,Abuja,CMP-003,CH-004,2026-04-22
FNP-U01293,Female,2004-03-14,2026-02-14,Ogun,CMP-004,CH-005,2026-02-26
FNP-U01294,Female,1981-09-23,2026-04-20,Lagos,CMP-003,CH-004,2026-04-25
FNP-U01295,Male,1980-10-12,2026-03-26,Lagos,CMP-003,CH-004,2026-04-18
FNP-U01296,Male,1992-06-27,2026-04-23,Lagos,CMP-001,CH-001,2026-04-23
FNP-U01297,Male,1973-06-25,2026-03-25,Ogun,CMP-003,CH-004,2026-04-04
FNP-U01298,Female,2003-06-03,2026-02-18,Lagos,CMP-004,CH-005,2026-04-01
FNP-U01299,Male,1996-09-23,2026-04-12,Lagos,CMP-004,CH-005,2026-04-25
FNP-U01300,Male,1985-12-04,2026-02-20,Abuja,CMP-003,CH-004,2026-04-14
FNP-U01301,Female,2003-06-13,2026-03-18,Lagos,CMP-005,CH-003,2026-03-25
FNP-U01302,Male,2002-04-27,2026-04-20,Ogun,CMP-001,CH-001,2026-04-20
FNP-U01303,Female,1993-09-20,2026-02-27,Ogun,CMP-001,CH-001,2026-03-13
FNP-U01304,Male,2008-07-18,2026-03-05,Lagos,CMP-006,CH-002,2026-03-27
FNP-U01305,Female,1992-12-02,2026-03-18,Lagos,CMP-001,CH-001,2026-04-19
FNP-U01306,Male,1972-06-06,2026-04-10,Abuja,CMP-003,CH-004,2026-04-24
FNP-U01307,Male,1994-08-19,2026-03-09,Lagos,CMP-001,CH-001,2026-03-24
FNP-U01308,Female,2001-06-13,2026-04-10,Ogun,CMP-005,CH-003,2026-04-12
FNP-U01309,Male,2003-02-06,2026-04-25,Lagos,CMP-001,CH-001,2026-04-25
FNP-U01310,Male,1982-11-12,2026-03-27,Ogun,CMP-006,CH-002,2026-03-31
FNP-U01311,Female,2008-10-22,2026-02-24,Lagos,CMP-006,CH-002,2026-04-02
FNP-U01312,Male,1999-01-09,2026-02-16,Lagos,CMP-005,CH-003,2026-03-18
FNP-U01313,Male,1992-08-15,2026-02-14,Abuja,CMP-003,CH-004,2026-03-11
FNP-U01314,Male,1998-05-01,2026-02-07,Lagos,CMP-006,CH-002,2026-04-21
FNP-U01315,Male,1976-10-18,2026-03-19,Lagos,CMP-002,CH-002,2026-04-22
FNP-U01316,Male,2001-04-27,2026-03-25,Ogun,CMP-003,CH-004,2026-04-08
FNP-U01317,Male,2006-05-26,2026-04-14,Lagos,CMP-001,CH-001,2026-04-25
FNP-U01318,Male,1971-09-22,2026-04-05,Abuja,CMP-003,CH-004,2026-04-11
FNP-U01319,Male,1998-07-14,2026-03-18,Ogun,CMP-002,CH-002,2026-04-14
FNP-U01320,Female,1983-06-28,2026-04-07,Ogun,CMP-006,CH-002,2026-04-23
FNP-U01321,Female,2007-12-21,2026-02-14,Lagos,CMP-006,CH-002,2026-02-16
FNP-U01322,Female,1988-01-05,2026-03-20,Ogun,CMP-006,CH-002,2026-04-11
FNP-U01323,Female,1996-10-28,2026-01-27,Lagos,CMP-002,CH-002,2026-02-13
FNP-U01324,Male,2004-04-24,2026-02-12,Abuja,CMP-001,CH-001,2026-03-28
FNP-U01325,Male,1982-08-14,2026-04-23,Abuja,CMP-001,CH-001,2026-04-24
FNP-U01326,Female,1986-07-06,2026-04-03,Abuja,CMP-001,CH-001,2026-04-03
FNP-U01327,Female,1989-11-18,2026-04-17,Abuja,CMP-006,CH-002,2026-04-23
FNP-U01328,Male,1980-02-16,2026-01-26,Lagos,CMP-002,CH-002,2026-03-17
FNP-U01329,Female,2004-09-13,2026-04-21,Ogun,CMP-006,CH-002,2026-04-25
FNP-U01330,Male,1991-11-21,2026-02-20,Ogun,CMP-006,CH-002,2026-03-18
FNP-U01331,Female,1976-09-12,2026-04-02,Abuja,CMP-003,CH-004,2026-04-10
FNP-U01332,Male,1999-05-17,2026-02-20,Abuja,CMP-003,CH-004,2026-02-22
FNP-U01333,Male,1992-06-10,2026-02-03,Abuja,CMP-002,CH-002,2026-03-01
FNP-U01334,Male,1991-11-25,2026-04-13,Abuja,CMP-002,CH-002,2026-04-19
FNP-U01335,Female,1996-03-27,2026-01-26,Abuja,CMP-004,CH-005,2026-03-25
FNP-U01336,Male,1971-05-15,2026-04-23,Lagos,CMP-003,CH-004,2026-04-24
FNP-U01337,Male,1992-06-13,2026-04-14,Lagos,CMP-002,CH-002,2026-04-25
FNP-U01338,Female,2007-05-27,2026-03-31,Ogun,CMP-002,CH-002,2026-04-13
FNP-U01339,Female,1989-03-18,2026-04-12,Abuja,CMP-002,CH-002,2026-04-22
FNP-U01340,Male,2005-07-25,2026-04-21,Ogun,CMP-005,CH-003,2026-04-21
FNP-U01341,Male,1974-07-15,2026-03-30,Lagos,CMP-002,CH-002,2026-03-30
FNP-U01342,Female,1986-12-18,2026-02-04,Lagos,CMP-004,CH-005,2026-03-15
FNP-U01343,Female,1978-09-21,2026-04-01,Lagos,CMP-003,CH-004,2026-04-06
FNP-U01344,Male,1993-08-09,2026-03-09,Ogun,CMP-003,CH-004,2026-04-17
FNP-U01345,Male,2001-04-05,2026-04-07,Lagos,CMP-003,CH-004,2026-04-21
FNP-U01346,Female,1999-10-16,2026-02-22,Ogun,CMP-004,CH-005,2026-04-07
FNP-U01347,Male,1976-02-04,2026-02-03,Abuja,CMP-006,CH-002,2026-02-17
FNP-U01348,Female,1973-12-04,2026-02-17,Lagos,CMP-006,CH-002,2026-03-22
FNP-U01349,Male,1998-10-12,2026-03-19,Lagos,CMP-002,CH-002,2026-04-06
FNP-U01350,Male,1983-07-14,2026-02-02,Abuja,CMP-006,CH-002,2026-02-05
FNP-U01351,Female,2001-05-28,2026-04-11,Abuja,CMP-001,CH-001,2026-04-17
FNP-U01352,Female,1971-03-22,2026-03-15,Abuja,CMP-002,CH-002,2026-04-22
FNP-U01353,Male,2007-07-21,2026-02-25,Lagos,CMP-004,CH-005,2026-03-13
FNP-U01354,Female,1994-11-22,2026-02-19,Abuja,CMP-004,CH-005,2026-04-14
FNP-U01355,Male,2000-07-28,2026-02-03,Abuja,CMP-003,CH-004,2026-04-17
FNP-U01356,Female,2005-05-23,2026-03-12,Ogun,CMP-005,CH-003,2026-03-20
FNP-U01357,Female,1990-04-13,2026-04-25,Ogun,CMP-001,CH-001,2026-04-25
FNP-U01358,Female,1996-07-01,2026-02-06,Ogun,CMP-003,CH-004,2026-02-21
FNP-U01359,Male,1992-03-01,2026-01-30,Lagos,CMP-004,CH-005,2026-02-07
FNP-U01360,Female,1993-05-02,2026-04-06,Ogun,CMP-003,CH-004,2026-04-20
FNP-U01361,Female,2008-08-15,2026-03-10,Ogun,CMP-001,CH-001,2026-03-30
FNP-U01362,Male,1976-11-12,2026-01-30,Abuja,CMP-002,CH-002,2026-02-09
FNP-U01363,Female,1992-05-08,2026-02-04,Abuja,CMP-006,CH-002,2026-02-21
FNP-U01364,Female,1986-11-20,2026-03-30,Abuja,CMP-006,CH-002,2026-04-02
FNP-U01365,Male,1979-02-09,2026-03-21,Ogun,CMP-006,CH-002,2026-04-01
FNP-U01366,Female,1977-07-13,2026-03-05,Abuja,CMP-006,CH-002,2026-03-20
FNP-U01367,Female,1975-07-22,2026-02-12,Ogun,CMP-006,CH-002,2026-03-21
FNP-U01368,Female,1987-05-17,2026-03-24,Ogun,CMP-004,CH-005,2026-04-07
FNP-U01369,Female,1999-12-08,2026-04-04,Abuja,CMP-004,CH-005,2026-04-22
FNP-U01370,Male,1988-10-15,2026-04-10,Abuja,CMP-006,CH-002,2026-04-22
FNP-U01371,Female,2007-06-01,2026-04-14,Ogun,CMP-002,CH-002,2026-04-23
FNP-U01372,Male,2002-04-10,2026-02-09,Abuja,CMP-003,CH-004,2026-02-25
FNP-U01373,Female,2001-08-27,2026-02-15,Abuja,CMP-005,CH-003,2026-03-13
FNP-U01374,Female,1981-10-22,2026-04-19,Lagos,CMP-006,CH-002,2026-04-24
FNP-U01375,Female,1997-06-17,2026-02-02,Ogun,CMP-002,CH-002,2026-03-07
FNP-U01376,Female,2000-07-01,2026-03-20,Abuja,CMP-004,CH-005,2026-04-19
FNP-U01377,Female,2005-08-07,2026-03-23,Abuja,CMP-005,CH-003,2026-04-06
FNP-U01378,Male,1997-11-11,2026-02-14,Ogun,CMP-003,CH-004,2026-03-06
FNP-U01379,Male,1993-02-17,2026-03-07,Ogun,CMP-001,CH-001,2026-03-10
FNP-U01380,Female,1973-11-28,2026-02-09,Ogun,CMP-002,CH-002,2026-02-19
FNP-U01381,Male,1983-06-20,2026-03-11,Ogun,CMP-001,CH-001,2026-04-20
FNP-U01382,Male,1987-05-23,2026-03-17,Lagos,CMP-002,CH-002,2026-03-26
FNP-U01383,Male,1999-12-19,2026-02-25,Lagos,CMP-003,CH-004,2026-04-12
FNP-U01384,Male,1975-07-02,2026-03-06,Ogun,CMP-006,CH-002,2026-03-14
FNP-U01385,Female,1989-10-05,2026-03-11,Abuja,CMP-002,CH-002,2026-04-06
FNP-U01386,Female,2002-06-01,2026-04-23,Ogun,CMP-005,CH-003,2026-04-24
FNP-U01387,Female,1992-11-02,2026-02-05,Lagos,CMP-002,CH-002,2026-04-18
FNP-U01388,Female,1994-06-26,2026-02-26,Abuja,CMP-005,CH-003,2026-03-21
FNP-U01389,Female,2005-11-17,2026-04-14,Lagos,CMP-002,CH-002,2026-04-18
FNP-U01390,Female,1998-11-15,2026-02-06,Ogun,CMP-004,CH-005,2026-03-07
FNP-U01391,Female,1992-08-09,2026-01-30,Ogun,CMP-005,CH-003,2026-02-15
FNP-U01392,Female,1994-01-02,2026-03-15,Lagos,CMP-004,CH-005,2026-03-27
FNP-U01393,Female,1987-07-27,2026-02-04,Lagos,CMP-004,CH-005,2026-04-22
FNP-U01394,Female,1999-07-27,2026-04-07,Ogun,CMP-005,CH-003,2026-04-13
FNP-U01395,Male,2006-09-09,2026-03-04,Ogun,CMP-004,CH-005,2026-03-10
FNP-U01396,Female,1988-03-15,2026-02-13,Lagos,CMP-003,CH-004,2026-04-17
FNP-U01397,Female,1997-05-19,2026-02-22,Ogun,CMP-002,CH-002,2026-04-22
FNP-U01398,Female,1999-08-13,2026-03-23,Ogun,CMP-004,CH-005,2026-03-26
FNP-U01399,Female,1996-12-23,2026-04-13,Abuja,CMP-005,CH-003,2026-04-17
FNP-U01400,Male,2000-12-17,2026-03-29,Lagos,CMP-004,CH-005,2026-03-31
FNP-U01401,Female,1993-04-12,2026-04-16,Ogun,CMP-002,CH-002,2026-04-16
FNP-U01402,Male,1973-07-27,2026-04-11,Ogun,CMP-002,CH-002,2026-04-13
FNP-U01403,Female,1997-08-13,2026-02-08,Lagos,CMP-005,CH-003,2026-02-14
FNP-U01404,Female,1987-07-03,2026-03-27,Lagos,CMP-004,CH-005,2026-04-25
FNP-U01405,Female,1976-11-08,2026-02-28,Ogun,CMP-006,CH-002,2026-04-12
FNP-U01406,Female,1978-04-26,2026-02-04,Lagos,CMP-003,CH-004,2026-02-22
FNP-U01407,Female,2004-03-22,2026-04-06,Lagos,CMP-002,CH-002,2026-04-21
FNP-U01408,Female,1977-06-22,2026-01-31,Lagos,CMP-002,CH-002,2026-02-18
FNP-U01409,Female,1997-05-26,2026-02-16,Ogun,CMP-003,CH-004,2026-04-24
FNP-U01410,Male,1989-01-02,2026-03-11,Ogun,CMP-003,CH-004,2026-03-17
FNP-U01411,Female,1999-02-21,2026-04-05,Ogun,CMP-005,CH-003,2026-04-25
FNP-U01412,Female,1999-01-26,2026-04-12,Lagos,CMP-004,CH-005,2026-04-12
FNP-U01413,Female,2007-04-22,2026-02-28,Abuja,CMP-002,CH-002,2026-04-16
FNP-U01414,Female,2003-10-08,2026-04-12,Ogun,CMP-005,CH-003,2026-04-23
FNP-U01415,Female,1980-06-05,2026-02-13,Abuja,CMP-006,CH-002,2026-04-21
FNP-U01416,Male,2007-12-02,2026-02-25,Lagos,CMP-005,CH-003,2026-03-27
FNP-U01417,Female,2004-03-25,2026-03-10,Ogun,CMP-005,CH-003,2026-04-22
FNP-U01418,Female,2001-05-14,2026-03-05,Lagos,CMP-001,CH-001,2026-03-10
FNP-U01419,Female,2004-06-05,2026-02-02,Ogun,CMP-006,CH-002,2026-04-15
FNP-U01420,Male,1989-05-06,2026-04-02,Ogun,CMP-004,CH-005,2026-04-25
FNP-U01421,Male,2003-07-15,2026-03-03,Lagos,CMP-005,CH-003,2026-03-18
FNP-U01422,Female,1986-11-23,2026-02-10,Ogun,CMP-001,CH-001,2026-03-22
FNP-U01423,Male,1990-08-05,2026-01-26,Ogun,CMP-001,CH-001,2026-01-31
FNP-U01424,Female,2002-01-14,2026-04-18,Lagos,CMP-006,CH-002,2026-04-19
FNP-U01425,Male,1989-08-16,2026-02-01,Ogun,CMP-003,CH-004,2026-04-17
FNP-U01426,Female,1980-05-26,2026-04-23,Abuja,CMP-006,CH-002,2026-04-23
FNP-U01427,Male,2003-11-09,2026-02-04,Abuja,CMP-005,CH-003,2026-04-22
FNP-U01428,Female,2008-05-24,2026-03-17,Abuja,CMP-005,CH-003,2026-03-19
FNP-U01429,Male,2007-12-27,2026-03-30,Lagos,CMP-001,CH-001,2026-04-24
FNP-U01430,Female,2002-02-14,2026-03-12,Abuja,CMP-003,CH-004,2026-03-16
FNP-U01431,Female,1990-06-11,2026-02-26,Lagos,CMP-004,CH-005,2026-04-09
FNP-U01432,Male,2003-03-26,2026-02-06,Abuja,CMP-005,CH-003,2026-03-01
FNP-U01433,Female,1996-10-03,2026-03-05,Lagos,CMP-006,CH-002,2026-03-13
FNP-U01434,Male,1985-08-24,2026-03-12,Lagos,CMP-001,CH-001,2026-03-30
FNP-U01435,Male,1973-07-17,2026-01-29,Abuja,CMP-002,CH-002,2026-03-09
FNP-U01436,Male,1983-12-13,2026-03-02,Ogun,CMP-002,CH-002,2026-03-12
FNP-U01437,Male,1984-03-20,2026-02-09,Lagos,CMP-003,CH-004,2026-04-05
FNP-U01438,Female,1993-03-04,2026-02-03,Abuja,CMP-005,CH-003,2026-04-24
FNP-U01439,Male,1992-08-02,2026-02-17,Abuja,CMP-006,CH-002,2026-03-10
FNP-U01440,Male,1987-01-25,2026-03-22,Ogun,CMP-001,CH-001,2026-04-23
FNP-U01441,Male,2000-08-26,2026-03-16,Ogun,CMP-002,CH-002,2026-04-17
FNP-U01442,Male,1972-07-16,2026-02-11,Abuja,CMP-006,CH-002,2026-03-24
FNP-U01443,Male,1989-10-13,2026-01-28,Abuja,CMP-004,CH-005,2026-03-27
FNP-U01444,Male,1981-08-08,2026-03-07,Ogun,CMP-001,CH-001,2026-03-11
FNP-U01445,Female,1985-09-07,2026-02-24,Ogun,CMP-003,CH-004,2026-03-30
FNP-U01446,Male,1993-05-27,2026-03-01,Lagos,CMP-006,CH-002,2026-03-18
FNP-U01447,Male,1981-11-17,2026-02-22,Ogun,CMP-001,CH-001,2026-03-23
FNP-U01448,Female,2001-09-08,2026-02-18,Lagos,CMP-001,CH-001,2026-03-26
FNP-U01449,Female,2008-03-25,2026-02-09,Ogun,CMP-005,CH-003,2026-02-12
FNP-U01450,Male,1987-03-01,2026-04-18,Abuja,CMP-003,CH-004,2026-04-20
FNP-U01451,Female,1991-11-19,2026-03-11,Abuja,CMP-006,CH-002,2026-04-25
FNP-U01452,Male,1985-12-12,2026-02-21,Abuja,CMP-003,CH-004,2026-03-28
FNP-U01453,Female,1996-02-16,2026-04-22,Ogun,CMP-004,CH-005,2026-04-23
FNP-U01454,Male,1991-09-17,2026-01-29,Ogun,CMP-003,CH-004,2026-02-15
FNP-U01455,Female,2005-11-15,2026-03-18,Ogun,CMP-004,CH-005,2026-04-20
FNP-U01456,Female,1997-04-15,2026-02-17,Ogun,CMP-005,CH-003,2026-03-13
FNP-U01457,Male,1992-07-24,2026-03-09,Lagos,CMP-002,CH-002,2026-04-24
FNP-U01458,Male,2006-05-06,2026-02-08,Lagos,CMP-006,CH-002,2026-04-04
FNP-U01459,Female,2003-12-21,2026-02-06,Abuja,CMP-001,CH-001,2026-04-22
FNP-U01460,Female,1995-02-23,2026-03-04,Ogun,CMP-005,CH-003,2026-03-31
FNP-U01461,Male,1986-06-26,2026-03-24,Abuja,CMP-004,CH-005,2026-04-16
FNP-U01462,Female,2003-01-02,2026-02-16,Ogun,CMP-005,CH-003,2026-03-30
FNP-U01463,Male,2005-05-10,2026-03-06,Abuja,CMP-004,CH-005,2026-04-17
FNP-U01464,Male,1993-09-07,2026-03-30,Lagos,CMP-005,CH-003,2026-04-03
FNP-U01465,Male,1972-02-22,2026-04-09,Lagos,CMP-002,CH-002,2026-04-10
FNP-U01466,Male,2002-10-08,2026-02-04,Ogun,CMP-005,CH-003,2026-03-08
FNP-U01467,Male,1976-08-21,2026-04-21,Ogun,CMP-003,CH-004,2026-04-25
FNP-U01468,Female,1995-08-08,2026-02-07,Lagos,CMP-005,CH-003,2026-04-05
FNP-U01469,Male,1994-03-20,2026-02-12,Ogun,CMP-006,CH-002,2026-02-28
FNP-U01470,Male,1981-09-02,2026-04-23,Lagos,CMP-003,CH-004,2026-04-25
FNP-U01471,Male,2001-12-01,2026-03-01,Abuja,CMP-004,CH-005,2026-03-18
FNP-U01472,Male,2006-05-28,2026-02-04,Ogun,CMP-004,CH-005,2026-04-08
FNP-U01473,Male,1988-03-16,2026-03-25,Ogun,CMP-004,CH-005,2026-04-19
FNP-U01474,Female,2007-07-28,2026-01-26,Lagos,CMP-001,CH-001,2026-03-14
FNP-U01475,Female,2005-09-14,2026-04-21,Ogun,CMP-006,CH-002,2026-04-21
FNP-U01476,Female,1987-01-04,2026-03-09,Abuja,CMP-004,CH-005,2026-04-22
FNP-U01477,Female,1975-12-25,2026-02-09,Abuja,CMP-002,CH-002,2026-03-09
FNP-U01478,Female,1980-01-19,2026-03-24,Ogun,CMP-003,CH-004,2026-04-21
FNP-U01479,Female,1998-12-09,2026-03-06,Abuja,CMP-003,CH-004,2026-04-09
FNP-U01480,Female,1996-03-03,2026-04-08,Abuja,CMP-004,CH-005,2026-04-13
FNP-U01481,Female,1985-02-01,2026-02-27,Ogun,CMP-003,CH-004,2026-04-13
FNP-U01482,Female,2002-08-08,2026-04-11,Lagos,CMP-005,CH-003,2026-04-19
FNP-U01483,Female,1979-06-12,2026-04-16,Abuja,CMP-006,CH-002,2026-04-23
FNP-U01484,Male,2002-03-25,2026-04-19,Lagos,CMP-001,CH-001,2026-04-25
FNP-U01485,Male,1991-08-09,2026-01-27,Abuja,CMP-001,CH-001,2026-04-10
FNP-U01486,Male,1997-07-02,2026-03-20,Abuja,CMP-003,CH-004,2026-03-29
FNP-U01487,Female,2000-09-07,2026-02-14,Ogun,CMP-005,CH-003,2026-02-18
FNP-U01488,Male,2005-11-04,2026-03-01,Ogun,CMP-001,CH-001,2026-04-07
FNP-U01489,Female,1997-02-02,2026-02-11,Lagos,CMP-005,CH-003,2026-03-01
FNP-U01490,Male,1995-05-26,2026-04-03,Ogun,CMP-002,CH-002,2026-04-07
FNP-U01491,Male,1998-11-26,2026-02-15,Abuja,CMP-004,CH-005,2026-02-21
FNP-U01492,Female,1982-08-05,2026-01-30,Lagos,CMP-002,CH-002,2026-03-21
FNP-U01493,Male,2008-07-07,2026-02-09,Lagos,CMP-004,CH-005,2026-03-11
FNP-U01494,Female,1988-11-17,2026-02-26,Ogun,CMP-003,CH-004,2026-04-08
FNP-U01495,Female,1979-04-05,2026-04-10,Abuja,CMP-006,CH-002,2026-04-24
FNP-U01496,Male,2005-06-14,2026-04-20,Ogun,CMP-005,CH-003,2026-04-21
FNP-U01497,Female,2006-08-16,2026-03-27,Ogun,CMP-004,CH-005,2026-04-13
FNP-U01498,Male,1996-10-05,2026-03-12,Lagos,CMP-006,CH-002,2026-03-12
FNP-U01499,Female,2007-10-07,2026-03-04,Abuja,CMP-004,CH-005,2026-03-24
FNP-U01500,Male,1997-12-14,2026-02-25,Lagos,CMP-006,CH-002,2026-03-14
FNP-U01501,Male,1974-08-21,2026-03-08,Ogun,CMP-006,CH-002,2026-03-10
FNP-U01502,Male,1982-08-18,2026-02-26,Lagos,CMP-003,CH-004,2026-03-14
FNP-U01503,Female,1997-09-17,2026-04-17,Ogun,CMP-005,CH-003,2026-04-24
FNP-U01504,Female,2008-12-15,2026-04-11,Ogun,CMP-004,CH-005,2026-04-14
FNP-U01505,Female,1986-03-08,2026-01-26,Ogun,CMP-004,CH-005,2026-03-22
FNP-U01506,Female,1983-09-01,2026-04-17,Ogun,CMP-002,CH-002,2026-04-24
FNP-U01507,Female,1975-01-21,2026-03-02,Abuja,CMP-003,CH-004,2026-04-15
FNP-U01508,Male,2004-05-21,2026-02-28,Lagos,CMP-005,CH-003,2026-04-21
FNP-U01509,Female,1998-10-03,2026-04-10,Abuja,CMP-005,CH-003,2026-04-17
FNP-U01510,Female,1997-10-14,2026-04-05,Ogun,CMP-001,CH-001,2026-04-10
FNP-U01511,Male,1987-09-01,2026-03-14,Lagos,CMP-003,CH-004,2026-03-26
FNP-U01512,Male,2005-07-26,2026-04-13,Abuja,CMP-004,CH-005,2026-04-24
FNP-U01513,Female,1989-12-15,2026-02-18,Abuja,CMP-002,CH-002,2026-02-28
FNP-U01514,Male,1999-02-09,2026-04-17,Ogun,CMP-001,CH-001,2026-04-23
FNP-U01515,Male,1973-06-15,2026-03-11,Lagos,CMP-003,CH-004,2026-04-22
FNP-U01516,Female,2007-06-28,2026-04-22,Ogun,CMP-006,CH-002,2026-04-24
FNP-U01517,Male,1999-01-14,2026-04-20,Lagos,CMP-001,CH-001,2026-04-23
FNP-U01518,Male,1985-06-16,2026-03-08,Abuja,CMP-006,CH-002,2026-03-26
FNP-U01519,Female,1985-05-24,2026-01-30,Ogun,CMP-006,CH-002,2026-02-04
FNP-U01520,Female,1982-08-03,2026-04-12,Abuja,CMP-001,CH-001,2026-04-15
FNP-U01521,Male,1985-10-04,2026-04-17,Abuja,CMP-002,CH-002,2026-04-19
FNP-U01522,Male,1983-01-12,2026-04-20,Ogun,CMP-003,CH-004,2026-04-25
FNP-U01523,Female,2001-03-18,2026-04-01,Ogun,CMP-001,CH-001,2026-04-04
FNP-U01524,Male,1985-06-18,2026-02-05,Lagos,CMP-001,CH-001,2026-04-19
FNP-U01525,Female,1984-11-26,2026-04-01,Lagos,CMP-003,CH-004,2026-04-21
FNP-U01526,Female,1997-07-04,2026-02-27,Lagos,CMP-006,CH-002,2026-03-04
FNP-U01527,Female,1998-10-06,2026-01-30,Abuja,CMP-004,CH-005,2026-03-15
FNP-U01528,Female,1986-04-27,2026-04-09,Abuja,CMP-004,CH-005,2026-04-24
FNP-U01529,Male,2003-02-23,2026-04-10,Ogun,CMP-005,CH-003,2026-04-12
FNP-U01530,Female,1996-09-15,2026-02-24,Ogun,CMP-002,CH-002,2026-03-22
FNP-U01531,Female,2006-06-06,2026-02-16,Lagos,CMP-004,CH-005,2026-04-15
FNP-U01532,Female,2005-12-27,2026-03-28,Lagos,CMP-002,CH-002,2026-04-24
FNP-U01533,Male,2002-12-12,2026-03-31,Abuja,CMP-004,CH-005,2026-04-12
FNP-U01534,Male,2002-08-28,2026-04-11,Ogun,CMP-003,CH-004,2026-04-21
FNP-U01535,Female,1999-03-27,2026-04-11,Lagos,CMP-003,CH-004,2026-04-18
FNP-U01536,Male,1996-12-24,2026-02-19,Lagos,CMP-002,CH-002,2026-03-09
FNP-U01537,Female,2006-09-15,2026-01-26,Abuja,CMP-006,CH-002,2026-04-06
FNP-U01538,Male,2002-03-16,2026-04-14,Ogun,CMP-001,CH-001,2026-04-23
FNP-U01539,Male,2000-01-13,2026-01-30,Ogun,CMP-001,CH-001,2026-02-15
FNP-U01540,Female,1993-07-16,2026-01-29,Abuja,CMP-003,CH-004,2026-02-18
FNP-U01541,Female,1986-10-07,2026-02-27,Ogun,CMP-003,CH-004,2026-03-07
FNP-U01542,Male,2007-01-13,2026-03-14,Lagos,CMP-006,CH-002,2026-04-17
FNP-U01543,Male,1983-01-10,2026-03-23,Abuja,CMP-006,CH-002,2026-04-12
FNP-U01544,Male,1996-10-01,2026-03-29,Lagos,CMP-006,CH-002,2026-03-30
FNP-U01545,Male,1978-04-10,2026-02-07,Ogun,CMP-002,CH-002,2026-03-13
FNP-U01546,Female,2004-02-16,2026-03-04,Lagos,CMP-005,CH-003,2026-04-06
FNP-U01547,Female,2000-06-11,2026-03-28,Abuja,CMP-005,CH-003,2026-04-04
FNP-U01548,Female,2005-05-08,2026-03-11,Lagos,CMP-005,CH-003,2026-04-05
FNP-U01549,Male,1987-06-14,2026-01-28,Lagos,CMP-001,CH-001,2026-04-08
FNP-U01550,Female,1993-09-16,2026-02-05,Ogun,CMP-005,CH-003,2026-04-09
FNP-U01551,Female,1996-07-21,2026-04-23,Lagos,CMP-005,CH-003,2026-04-25
FNP-U01552,Male,1999-01-21,2026-02-05,Ogun,CMP-004,CH-005,2026-03-08
FNP-U01553,Male,1981-01-17,2026-04-18,Ogun,CMP-006,CH-002,2026-04-25
FNP-U01554,Female,2000-03-11,2026-03-29,Ogun,CMP-001,CH-001,2026-04-18
FNP-U01555,Female,1989-02-19,2026-03-09,Ogun,CMP-004,CH-005,2026-04-19
FNP-U01556,Male,1996-11-18,2026-02-07,Ogun,CMP-001,CH-001,2026-04-03
FNP-U01557,Female,1994-05-26,2026-04-01,Abuja,CMP-005,CH-003,2026-04-01
FNP-U01558,Male,2007-07-22,2026-03-04,Abuja,CMP-001,CH-001,2026-04-16
FNP-U01559,Female,1998-03-16,2026-01-31,Abuja,CMP-001,CH-001,2026-04-02
FNP-U01560,Female,1989-04-23,2026-02-06,Lagos,CMP-001,CH-001,2026-04-12
FNP-U01561,Female,1971-10-16,2026-02-23,Abuja,CMP-006,CH-002,2026-03-10
FNP-U01562,Male,1997-08-28,2026-04-02,Ogun,CMP-003,CH-004,2026-04-14
FNP-U01563,Female,1990-12-25,2026-02-20,Lagos,CMP-004,CH-005,2026-02-21
FNP-U01564,Male,1992-05-21,2026-03-22,Lagos,CMP-005,CH-003,2026-03-24
FNP-U01565,Male,2001-09-21,2026-02-21,Abuja,CMP-004,CH-005,2026-04-07
FNP-U01566,Male,1994-12-10,2026-04-04,Ogun,CMP-004,CH-005,2026-04-17
FNP-U01567,Male,1976-06-16,2026-03-25,Lagos,CMP-003,CH-004,2026-04-17
FNP-U01568,Male,1992-09-08,2026-03-17,Ogun,CMP-004,CH-005,2026-04-10
FNP-U01569,Male,2006-10-20,2026-03-23,Lagos,CMP-005,CH-003,2026-04-23
FNP-U01570,Female,1993-02-02,2026-01-30,Ogun,CMP-001,CH-001,2026-03-15
FNP-U01571,Female,2005-04-21,2026-04-08,Lagos,CMP-005,CH-003,2026-04-18
FNP-U01572,Male,1994-02-18,2026-03-08,Ogun,CMP-001,CH-001,2026-03-27
FNP-U01573,Female,1990-04-25,2026-04-15,Lagos,CMP-004,CH-005,2026-04-25
FNP-U01574,Female,1975-11-07,2026-04-07,Ogun,CMP-003,CH-004,2026-04-24
FNP-U01575,Female,1998-07-05,2026-04-24,Ogun,CMP-003,CH-004,2026-04-25
FNP-U01576,Female,2006-06-24,2026-03-16,Lagos,CMP-005,CH-003,2026-04-15
FNP-U01577,Female,1991-10-21,2026-02-07,Lagos,CMP-002,CH-002,2026-02-25
FNP-U01578,Female,1990-06-22,2026-03-23,Lagos,CMP-006,CH-002,2026-03-24
FNP-U01579,Male,2007-09-02,2026-02-12,Lagos,CMP-001,CH-001,2026-03-29
FNP-U01580,Female,1991-09-11,2026-03-20,Ogun,CMP-005,CH-003,2026-04-17
FNP-U01581,Female,1988-09-21,2026-03-02,Abuja,CMP-004,CH-005,2026-04-16
FNP-U01582,Male,1999-03-10,2026-04-01,Ogun,CMP-005,CH-003,2026-04-10
FNP-U01583,Male,1993-01-14,2026-04-22,Lagos,CMP-005,CH-003,2026-04-24
FNP-U01584,Male,1982-07-12,2026-04-24,Abuja,CMP-002,CH-002,2026-04-25
FNP-U01585,Female,1998-04-14,2026-01-27,Lagos,CMP-003,CH-004,2026-04-24
FNP-U01586,Female,1992-08-23,2026-03-24,Ogun,CMP-003,CH-004,2026-04-12
FNP-U01587,Male,1996-10-11,2026-04-07,Ogun,CMP-004,CH-005,2026-04-12
FNP-U01588,Female,1973-02-28,2026-03-15,Lagos,CMP-002,CH-002,2026-03-25
FNP-U01589,Female,2005-10-18,2026-03-09,Ogun,CMP-004,CH-005,2026-03-26
FNP-U01590,Female,2001-09-15,2026-01-27,Ogun,CMP-002,CH-002,2026-02-12
FNP-U01591,Male,1977-06-01,2026-04-20,Abuja,CMP-006,CH-002,2026-04-21
FNP-U01592,Female,1990-08-20,2026-02-04,Abuja,CMP-001,CH-001,2026-03-11
FNP-U01593,Female,1980-08-20,2026-02-23,Lagos,CMP-003,CH-004,2026-03-30
FNP-U01594,Female,1988-10-07,2026-01-31,Lagos,CMP-004,CH-005,2026-04-13
FNP-U01595,Male,2003-07-18,2026-02-27,Abuja,CMP-001,CH-001,2026-04-16
FNP-U01596,Male,2006-01-21,2026-04-19,Abuja,CMP-002,CH-002,2026-04-19
FNP-U01597,Female,2007-10-01,2026-04-11,Lagos,CMP-005,CH-003,2026-04-21
FNP-U01598,Female,2006-02-13,2026-04-21,Ogun,CMP-001,CH-001,2026-04-23
FNP-U01599,Male,1978-03-16,2026-03-25,Abuja,CMP-002,CH-002,2026-04-21
FNP-U01600,Female,1985-03-16,2026-02-20,Ogun,CMP-006,CH-002,2026-03-02
FNP-U01601,Male,1974-11-20,2026-03-21,Lagos,CMP-003,CH-004,2026-04-23
FNP-U01602,Female,2008-09-05,2026-03-02,Abuja,CMP-005,CH-003,2026-04-04
FNP-U01603,Male,1993-06-15,2026-03-20,Abuja,CMP-001,CH-001,2026-03-20
FNP-U01604,Female,2004-10-19,2026-04-01,Lagos,CMP-003,CH-004,2026-04-05
FNP-U01605,Male,1993-05-11,2026-03-18,Ogun,CMP-003,CH-004,2026-04-14
FNP-U01606,Male,1985-01-05,2026-02-10,Abuja,CMP-002,CH-002,2026-03-25
FNP-U01607,Female,1992-09-26,2026-03-21,Ogun,CMP-001,CH-001,2026-04-15
FNP-U01608,Female,1982-12-22,2026-02-28,Abuja,CMP-001,CH-001,2026-04-20
FNP-U01609,Male,2001-08-20,2026-04-11,Ogun,CMP-001,CH-001,2026-04-13
FNP-U01610,Male,2004-02-14,2026-03-20,Abuja,CMP-002,CH-002,2026-04-17
FNP-U01611,Male,2007-02-09,2026-02-18,Abuja,CMP-005,CH-003,2026-03-16
FNP-U01612,Female,1992-10-26,2026-03-31,Lagos,CMP-005,CH-003,2026-04-05
FNP-U01613,Female,2001-09-26,2026-03-04,Lagos,CMP-003,CH-004,2026-04-17
FNP-U01614,Female,1996-08-05,2026-03-15,Ogun,CMP-005,CH-003,2026-04-22
FNP-U01615,Male,2007-03-20,2026-03-03,Lagos,CMP-002,CH-002,2026-04-19
FNP-U01616,Male,1992-11-22,2026-02-16,Lagos,CMP-006,CH-002,2026-02-26
FNP-U01617,Female,2002-05-25,2026-04-16,Abuja,CMP-003,CH-004,2026-04-16
FNP-U01618,Female,1994-09-01,2026-04-17,Lagos,CMP-004,CH-005,2026-04-23
FNP-U01619,Male,1983-05-15,2026-04-18,Abuja,CMP-003,CH-004,2026-04-18
FNP-U01620,Female,2006-10-02,2026-02-06,Ogun,CMP-005,CH-003,2026-02-09
FNP-U01621,Male,2003-08-20,2026-03-02,Ogun,CMP-002,CH-002,2026-03-08
FNP-U01622,Male,1976-11-04,2026-04-18,Ogun,CMP-006,CH-002,2026-04-19
FNP-U01623,Male,2004-08-23,2026-02-24,Lagos,CMP-006,CH-002,2026-04-25
FNP-U01624,Male,1974-05-15,2026-03-26,Abuja,CMP-006,CH-002,2026-03-30
FNP-U01625,Female,1986-08-22,2026-03-14,Ogun,CMP-006,CH-002,2026-04-03
FNP-U01626,Male,1989-10-28,2026-03-11,Ogun,CMP-001,CH-001,2026-04-23
FNP-U01627,Male,1995-02-10,2026-04-17,Lagos,CMP-005,CH-003,2026-04-23
FNP-U01628,Male,1990-03-13,2026-02-16,Ogun,CMP-002,CH-002,2026-03-22
FNP-U01629,Male,2003-07-05,2026-03-06,Lagos,CMP-001,CH-001,2026-03-23
FNP-U01630,Male,2002-12-23,2026-02-22,Abuja,CMP-005,CH-003,2026-02-23
FNP-U01631,Female,2005-03-01,2026-03-17,Ogun,CMP-001,CH-001,2026-04-03
FNP-U01632,Female,1994-09-21,2026-04-01,Ogun,CMP-001,CH-001,2026-04-10
FNP-U01633,Male,2008-01-27,2026-04-08,Ogun,CMP-001,CH-001,2026-04-25
FNP-U01634,Male,2001-02-05,2026-02-20,Abuja,CMP-002,CH-002,2026-03-27
FNP-U01635,Female,1995-08-06,2026-02-22,Lagos,CMP-005,CH-003,2026-04-13
FNP-U01636,Male,1990-06-07,2026-02-22,Lagos,CMP-006,CH-002,2026-03-15
FNP-U01637,Male,1972-03-16,2026-03-03,Lagos,CMP-002,CH-002,2026-04-15
FNP-U01638,Male,1992-03-16,2026-03-27,Lagos,CMP-001,CH-001,2026-04-22
FNP-U01639,Female,2002-01-07,2026-01-27,Abuja,CMP-004,CH-005,2026-04-01
FNP-U01640,Female,1976-04-26,2026-02-10,Lagos,CMP-003,CH-004,2026-02-19
FNP-U01641,Male,1991-09-28,2026-04-20,Abuja,CMP-004,CH-005,2026-04-22
FNP-U01642,Female,1996-02-10,2026-02-09,Abuja,CMP-005,CH-003,2026-03-24
FNP-U01643,Female,1998-03-05,2026-03-05,Lagos,CMP-002,CH-002,2026-04-11
FNP-U01644,Male,1988-02-28,2026-03-31,Ogun,CMP-004,CH-005,2026-04-14
FNP-U01645,Female,2000-07-11,2026-03-12,Abuja,CMP-004,CH-005,2026-04-22
FNP-U01646,Female,2006-08-26,2026-02-03,Ogun,CMP-001,CH-001,2026-03-05
FNP-U01647,Male,2007-06-11,2026-04-23,Ogun,CMP-005,CH-003,2026-04-24
FNP-U01648,Female,1984-04-01,2026-04-20,Abuja,CMP-002,CH-002,2026-04-25
FNP-U01649,Male,1986-03-01,2026-03-11,Ogun,CMP-002,CH-002,2026-03-13
FNP-U01650,Male,1988-03-28,2026-04-13,Ogun,CMP-002,CH-002,2026-04-24
FNP-U01651,Female,1992-12-22,2026-04-16,Lagos,CMP-003,CH-004,2026-04-24
FNP-U01652,Female,2002-06-12,2026-01-30,Lagos,CMP-001,CH-001,2026-03-05
FNP-U01653,Male,2006-08-05,2026-03-25,Abuja,CMP-006,CH-002,2026-04-25
FNP-U01654,Male,1988-07-16,2026-04-02,Abuja,CMP-002,CH-002,2026-04-18
FNP-U01655,Male,1987-11-16,2026-01-31,Lagos,CMP-002,CH-002,2026-03-17
FNP-U01656,Female,1996-07-10,2026-03-21,Abuja,CMP-002,CH-002,2026-04-09
FNP-U01657,Female,1985-11-01,2026-01-31,Abuja,CMP-001,CH-001,2026-02-06
FNP-U01658,Male,1981-08-10,2026-02-11,Ogun,CMP-006,CH-002,2026-04-18
FNP-U01659,Female,1972-08-23,2026-03-08,Ogun,CMP-006,CH-002,2026-03-26
FNP-U01660,Female,2000-02-06,2026-03-27,Lagos,CMP-003,CH-004,2026-04-05
FNP-U01661,Female,1993-02-19,2026-02-09,Abuja,CMP-004,CH-005,2026-02-12
FNP-U01662,Female,1980-01-11,2026-03-04,Abuja,CMP-006,CH-002,2026-03-08
FNP-U01663,Male,1996-10-08,2026-03-11,Abuja,CMP-002,CH-002,2026-04-15
FNP-U01664,Male,1996-11-08,2026-03-10,Lagos,CMP-005,CH-003,2026-03-24
FNP-U01665,Female,1993-01-28,2026-01-27,Abuja,CMP-004,CH-005,2026-02-16
FNP-U01666,Female,2006-02-08,2026-02-15,Lagos,CMP-005,CH-003,2026-03-04
FNP-U01667,Female,1996-09-02,2026-04-02,Ogun,CMP-002,CH-002,2026-04-25
FNP-U01668,Female,1997-07-13,2026-02-23,Lagos,CMP-001,CH-001,2026-03-04
FNP-U01669,Male,2000-04-20,2026-02-24,Ogun,CMP-004,CH-005,2026-03-23
FNP-U01670,Male,1987-04-07,2026-03-19,Ogun,CMP-002,CH-002,2026-03-23
FNP-U01671,Male,1996-03-26,2026-03-14,Lagos,CMP-001,CH-001,2026-04-13
FNP-U01672,Female,1995-06-20,2026-02-17,Abuja,CMP-006,CH-002,2026-04-03
FNP-U01673,Male,1975-12-20,2026-02-07,Abuja,CMP-003,CH-004,2026-02-28
FNP-U01674,Male,2008-05-14,2026-03-12,Ogun,CMP-002,CH-002,2026-03-30
FNP-U01675,Male,1992-12-05,2026-02-06,Lagos,CMP-004,CH-005,2026-03-26
FNP-U01676,Male,1989-12-15,2026-04-09,Lagos,CMP-001,CH-001,2026-04-13
FNP-U01677,Male,2008-03-06,2026-04-03,Lagos,CMP-002,CH-002,2026-04-05
FNP-U01678,Female,1980-09-02,2026-04-21,Lagos,CMP-006,CH-002,2026-04-22
FNP-U01679,Male,2001-04-13,2026-03-06,Abuja,CMP-006,CH-002,2026-03-23
FNP-U01680,Female,1982-07-08,2026-04-02,Lagos,CMP-006,CH-002,2026-04-04
FNP-U01681,Male,1986-04-10,2026-02-07,Abuja,CMP-004,CH-005,2026-03-06
FNP-U01682,Male,1994-03-20,2026-03-05,Ogun,CMP-004,CH-005,2026-03-22
FNP-U01683,Male,2000-11-15,2026-03-25,Ogun,CMP-004,CH-005,2026-04-25
FNP-U01684,Female,1979-10-16,2026-03-24,Abuja,CMP-002,CH-002,2026-04-15
FNP-U01685,Female,2007-06-27,2026-02-05,Abuja,CMP-005,CH-003,2026-03-09
FNP-U01686,Female,1985-05-28,2026-04-16,Lagos,CMP-003,CH-004,2026-04-20
FNP-U01687,Female,1984-09-13,2026-02-04,Abuja,CMP-002,CH-002,2026-04-12
FNP-U01688,Male,2005-01-10,2026-04-22,Lagos,CMP-004,CH-005,2026-04-23
FNP-U01689,Male,1989-06-22,2026-02-14,Ogun,CMP-002,CH-002,2026-03-02
FNP-U01690,Male,1991-02-22,2026-02-15,Abuja,CMP-006,CH-002,2026-03-22
FNP-U01691,Male,2005-12-10,2026-02-23,Abuja,CMP-006,CH-002,2026-03-18
FNP-U01692,Male,1982-04-14,2026-04-25,Lagos,CMP-001,CH-001,2026-04-25
FNP-U01693,Male,1984-05-08,2026-02-26,Ogun,CMP-001,CH-001,2026-03-03
FNP-U01694,Male,1993-01-05,2026-04-14,Lagos,CMP-002,CH-002,2026-04-15
FNP-U01695,Female,2007-01-03,2026-02-11,Lagos,CMP-004,CH-005,2026-03-11
FNP-U01696,Female,1994-03-21,2026-02-24,Lagos,CMP-005,CH-003,2026-03-17
FNP-U01697,Male,2005-09-01,2026-04-20,Lagos,CMP-006,CH-002,2026-04-23
FNP-U01698,Male,2003-05-17,2026-04-10,Lagos,CMP-004,CH-005,2026-04-21
FNP-U01699,Male,1996-12-02,2026-04-12,Lagos,CMP-005,CH-003,2026-04-22
FNP-U01700,Male,1994-02-20,2026-04-12,Lagos,CMP-005,CH-003,2026-04-17
FNP-U01701,Female,1993-11-09,2026-03-25,Lagos,CMP-006,CH-002,2026-04-23
FNP-U01702,Male,1988-11-04,2026-03-04,Ogun,CMP-003,CH-004,2026-04-11
FNP-U01703,Male,1993-11-04,2026-02-15,Lagos,CMP-004,CH-005,2026-03-30
FNP-U01704,Male,2003-01-07,2026-04-21,Lagos,CMP-005,CH-003,2026-04-24
FNP-U01705,Male,2006-02-20,2026-01-29,Abuja,CMP-001,CH-001,2026-03-07
FNP-U01706,Female,1994-01-17,2026-02-18,Abuja,CMP-002,CH-002,2026-04-19
FNP-U01707,Female,1999-11-05,2026-02-13,Abuja,CMP-003,CH-004,2026-04-20
FNP-U01708,Male,1981-10-19,2026-02-16,Abuja,CMP-001,CH-001,2026-04-14
FNP-U01709,Male,1996-02-02,2026-03-10,Abuja,CMP-003,CH-004,2026-04-17
FNP-U01710,Male,1999-11-25,2026-02-07,Abuja,CMP-006,CH-002,2026-02-15
FNP-U01711,Female,2000-03-21,2026-02-21,Abuja,CMP-002,CH-002,2026-03-11
FNP-U01712,Female,1996-08-19,2026-03-19,Ogun,CMP-003,CH-004,2026-03-29
FNP-U01713,Male,1996-06-18,2026-02-28,Abuja,CMP-004,CH-005,2026-04-05
FNP-U01714,Female,1995-04-12,2026-04-02,Lagos,CMP-005,CH-003,2026-04-13
FNP-U01715,Female,1974-01-05,2026-03-04,Ogun,CMP-002,CH-002,2026-03-07
FNP-U01716,Male,1983-12-14,2026-03-27,Lagos,CMP-003,CH-004,2026-04-11
FNP-U01717,Female,2005-12-13,2026-01-28,Lagos,CMP-004,CH-005,2026-03-22
FNP-U01718,Female,1998-05-24,2026-03-22,Lagos,CMP-004,CH-005,2026-04-23
FNP-U01719,Female,1976-04-25,2026-03-12,Lagos,CMP-003,CH-004,2026-04-20
FNP-U01720,Male,1974-05-28,2026-04-12,Ogun,CMP-002,CH-002,2026-04-24
FNP-U01721,Male,1997-07-11,2026-02-11,Abuja,CMP-003,CH-004,2026-03-02
FNP-U01722,Female,2000-03-13,2026-04-21,Abuja,CMP-005,CH-003,2026-04-23
FNP-U01723,Female,2004-10-26,2026-04-14,Abuja,CMP-005,CH-003,2026-04-20
FNP-U01724,Female,1984-06-07,2026-02-18,Lagos,CMP-006,CH-002,2026-04-03
FNP-U01725,Female,2001-08-03,2026-04-18,Lagos,CMP-005,CH-003,2026-04-25
FNP-U01726,Female,2004-03-21,2026-03-19,Lagos,CMP-005,CH-003,2026-04-05
FNP-U01727,Male,2005-12-02,2026-03-17,Ogun,CMP-001,CH-001,2026-03-24
FNP-U01728,Male,1996-12-21,2026-03-15,Lagos,CMP-002,CH-002,2026-03-26
FNP-U01729,Female,2007-10-19,2026-02-21,Lagos,CMP-005,CH-003,2026-04-07
FNP-U01730,Female,1985-07-03,2026-04-21,Lagos,CMP-003,CH-004,2026-04-21
FNP-U01731,Female,1990-07-01,2026-02-17,Abuja,CMP-002,CH-002,2026-03-03
FNP-U01732,Female,1999-09-13,2026-02-03,Abuja,CMP-003,CH-004,2026-04-03
FNP-U01733,Male,1984-12-04,2026-04-20,Abuja,CMP-001,CH-001,2026-04-20
FNP-U01734,Male,1994-04-03,2026-03-31,Abuja,CMP-003,CH-004,2026-04-04
FNP-U01735,Male,2006-04-10,2026-04-18,Ogun,CMP-001,CH-001,2026-04-19
FNP-U01736,Female,1975-10-26,2026-03-22,Abuja,CMP-002,CH-002,2026-04-23
FNP-U01737,Male,1988-07-08,2026-03-15,Lagos,CMP-001,CH-001,2026-03-29
FNP-U01738,Male,1996-09-11,2026-03-31,Ogun,CMP-005,CH-003,2026-04-24
FNP-U01739,Female,1988-10-08,2026-04-21,Abuja,CMP-003,CH-004,2026-04-25
FNP-U01740,Female,2004-10-15,2026-01-27,Abuja,CMP-005,CH-003,2026-03-06
FNP-U01741,Male,1985-10-18,2026-04-12,Ogun,CMP-003,CH-004,2026-04-15
FNP-U01742,Male,1989-11-01,2026-03-19,Abuja,CMP-001,CH-001,2026-04-21
FNP-U01743,Male,2003-04-20,2026-01-30,Abuja,CMP-005,CH-003,2026-02-04
FNP-U01744,Male,1994-08-07,2026-01-30,Abuja,CMP-003,CH-004,2026-03-01
FNP-U01745,Male,2005-10-28,2026-04-09,Lagos,CMP-005,CH-003,2026-04-17
FNP-U01746,Male,2007-05-28,2026-02-20,Lagos,CMP-002,CH-002,2026-03-06
FNP-U01747,Female,1984-03-08,2026-03-22,Ogun,CMP-006,CH-002,2026-04-20
FNP-U01748,Male,2001-09-24,2026-02-15,Abuja,CMP-001,CH-001,2026-04-15
FNP-U01749,Male,1971-01-06,2026-03-15,Ogun,CMP-006,CH-002,2026-04-08
FNP-U01750,Male,1991-01-06,2026-04-17,Abuja,CMP-002,CH-002,2026-04-17
FNP-U01751,Male,1978-01-13,2026-04-19,Lagos,CMP-002,CH-002,2026-04-20
FNP-U01752,Male,1980-09-27,2026-02-06,Ogun,CMP-002,CH-002,2026-02-18
FNP-U01753,Female,2000-04-21,2026-03-25,Ogun,CMP-004,CH-005,2026-03-26
FNP-U01754,Female,2003-06-24,2026-01-29,Lagos,CMP-002,CH-002,2026-02-02
FNP-U01755,Male,1972-09-24,2026-01-30,Abuja,CMP-002,CH-002,2026-04-08
FNP-U01756,Male,1986-09-12,2026-03-20,Abuja,CMP-001,CH-001,2026-04-09
FNP-U01757,Male,2001-12-08,2026-03-03,Abuja,CMP-006,CH-002,2026-04-24
FNP-U01758,Female,1996-02-19,2026-03-13,Lagos,CMP-005,CH-003,2026-03-24
FNP-U01759,Female,2006-07-16,2026-03-23,Abuja,CMP-006,CH-002,2026-04-19
FNP-U01760,Male,1974-02-10,2026-02-07,Lagos,CMP-003,CH-004,2026-03-18
FNP-U01761,Male,1977-11-03,2026-03-01,Ogun,CMP-003,CH-004,2026-03-08
FNP-U01762,Female,2002-09-07,2026-03-08,Ogun,CMP-004,CH-005,2026-03-30
FNP-U01763,Male,1996-09-07,2026-03-05,Ogun,CMP-002,CH-002,2026-04-21
FNP-U01764,Male,2000-02-05,2026-04-25,Lagos,CMP-002,CH-002,2026-04-25
FNP-U01765,Male,2003-03-03,2026-03-09,Ogun,CMP-006,CH-002,2026-03-11
FNP-U01766,Male,1987-07-27,2026-02-21,Ogun,CMP-001,CH-001,2026-04-19
FNP-U01767,Female,1974-12-01,2026-02-13,Ogun,CMP-002,CH-002,2026-03-11
FNP-U01768,Female,1973-02-18,2026-03-07,Lagos,CMP-006,CH-002,2026-04-07
FNP-U01769,Male,1997-02-23,2026-03-05,Ogun,CMP-002,CH-002,2026-03-05
FNP-U01770,Female,1997-10-13,2026-04-07,Abuja,CMP-002,CH-002,2026-04-21
FNP-U01771,Male,2000-01-09,2026-04-19,Ogun,CMP-005,CH-003,2026-04-24
FNP-U01772,Male,1985-08-27,2026-02-25,Abuja,CMP-003,CH-004,2026-03-16
FNP-U01773,Male,1993-11-24,2026-02-15,Ogun,CMP-006,CH-002,2026-03-11
FNP-U01774,Female,2002-09-16,2026-02-02,Ogun,CMP-003,CH-004,2026-03-24
FNP-U01775,Male,1989-06-16,2026-03-29,Lagos,CMP-001,CH-001,2026-04-13
FNP-U01776,Female,1994-09-13,2026-02-01,Ogun,CMP-001,CH-001,2026-03-09
FNP-U01777,Female,1987-11-17,2026-02-06,Abuja,CMP-006,CH-002,2026-04-17
FNP-U01778,Female,1984-09-23,2026-03-22,Abuja,CMP-006,CH-002,2026-04-13
FNP-U01779,Female,1989-03-28,2026-03-10,Abuja,CMP-004,CH-005,2026-04-16
FNP-U01780,Male,2008-05-10,2026-02-06,Lagos,CMP-004,CH-005,2026-02-24
FNP-U01781,Male,1998-10-19,2026-02-11,Abuja,CMP-005,CH-003,2026-04-08
FNP-U01782,Male,2005-04-10,2026-04-03,Abuja,CMP-001,CH-001,2026-04-18
FNP-U01783,Female,1984-06-15,2026-01-28,Abuja,CMP-002,CH-002,2026-02-07
FNP-U01784,Female,1991-01-11,2026-03-04,Ogun,CMP-001,CH-001,2026-03-27
FNP-U01785,Male,1987-01-14,2026-01-26,Abuja,CMP-003,CH-004,2026-02-22
FNP-U01786,Female,1991-10-21,2026-03-28,Abuja,CMP-002,CH-002,2026-04-24
FNP-U01787,Female,1994-07-19,2026-02-24,Lagos,CMP-006,CH-002,2026-04-12
FNP-U01788,Female,1992-11-26,2026-03-11,Ogun,CMP-001,CH-001,2026-04-08
FNP-U01789,Male,2001-01-06,2026-02-07,Abuja,CMP-004,CH-005,2026-04-14
FNP-U01790,Male,2002-05-01,2026-03-29,Abuja,CMP-004,CH-005,2026-04-25
FNP-U01791,Male,2004-09-21,2026-03-28,Abuja,CMP-006,CH-002,2026-04-05
FNP-U01792,Female,2003-02-10,2026-03-30,Ogun,CMP-004,CH-005,2026-04-14
FNP-U01793,Female,1985-03-19,2026-04-13,Abuja,CMP-003,CH-004,2026-04-23
FNP-U01794,Female,2003-09-08,2026-04-09,Lagos,CMP-005,CH-003,2026-04-15
FNP-U01795,Female,1987-01-28,2026-02-11,Abuja,CMP-004,CH-005,2026-04-24
FNP-U01796,Male,1994-11-06,2026-01-30,Ogun,CMP-004,CH-005,2026-04-15
FNP-U01797,Female,2001-05-13,2026-03-03,Abuja,CMP-004,CH-005,2026-03-31
FNP-U01798,Female,1989-12-20,2026-02-25,Abuja,CMP-003,CH-004,2026-03-07
FNP-U01799,Female,2001-02-04,2026-03-17,Abuja,CMP-002,CH-002,2026-04-09
FNP-U01800,Female,1985-12-24,2026-04-10,Lagos,CMP-006,CH-002,2026-04-10
FNP-U01801,Male,2004-06-16,2026-04-10,Abuja,CMP-005,CH-003,2026-04-11
FNP-U01802,Female,1990-08-10,2026-04-18,Lagos,CMP-003,CH-004,2026-04-24
FNP-U01803,Male,1997-10-05,2026-02-25,Abuja,CMP-001,CH-001,2026-03-23
FNP-U01804,Male,1999-03-22,2026-04-17,Abuja,CMP-005,CH-003,2026-04-25
FNP-U01805,Female,1990-10-12,2026-04-25,Abuja,CMP-002,CH-002,2026-04-25
FNP-U01806,Female,2003-10-13,2026-03-31,Lagos,CMP-005,CH-003,2026-04-08
FNP-U01807,Female,1979-11-23,2026-02-03,Abuja,CMP-006,CH-002,2026-03-23
FNP-U01808,Male,1999-04-24,2026-03-13,Lagos,CMP-005,CH-003,2026-03-18
FNP-U01809,Male,1976-10-08,2026-04-18,Ogun,CMP-003,CH-004,2026-04-25
FNP-U01810,Male,1984-01-23,2026-03-12,Lagos,CMP-001,CH-001,2026-04-15
FNP-U01811,Male,1987-09-03,2026-02-13,Ogun,CMP-004,CH-005,2026-03-10
FNP-U01812,Female,1999-10-06,2026-02-04,Ogun,CMP-001,CH-001,2026-03-05
FNP-U01813,Male,1979-02-14,2026-03-11,Abuja,CMP-006,CH-002,2026-03-14
FNP-U01814,Female,1989-02-20,2026-02-23,Abuja,CMP-004,CH-005,2026-04-20
FNP-U01815,Female,2001-04-18,2026-04-04,Lagos,CMP-005,CH-003,2026-04-17
FNP-U01816,Female,2001-08-13,2026-02-26,Abuja,CMP-003,CH-004,2026-03-09
FNP-U01817,Male,1996-09-13,2026-04-06,Lagos,CMP-005,CH-003,2026-04-23
FNP-U01818,Female,2003-07-16,2026-01-31,Lagos,CMP-004,CH-005,2026-02-15
FNP-U01819,Female,1975-05-10,2026-03-27,Lagos,CMP-003,CH-004,2026-03-29
FNP-U01820,Male,1993-05-03,2026-02-08,Lagos,CMP-001,CH-001,2026-04-11
FNP-U01821,Male,1976-06-15,2026-03-11,Lagos,CMP-003,CH-004,2026-03-21
FNP-U01822,Female,1980-07-26,2026-02-12,Lagos,CMP-003,CH-004,2026-03-16
FNP-U01823,Female,1981-01-01,2026-03-13,Ogun,CMP-006,CH-002,2026-04-10
FNP-U01824,Male,1990-06-28,2026-03-03,Ogun,CMP-004,CH-005,2026-03-05
FNP-U01825,Male,1991-08-07,2026-03-02,Abuja,CMP-001,CH-001,2026-03-18
FNP-U01826,Male,2002-06-26,2026-02-16,Lagos,CMP-004,CH-005,2026-04-14
FNP-U01827,Female,1978-11-26,2026-02-01,Ogun,CMP-006,CH-002,2026-04-10
FNP-U01828,Female,1993-09-14,2026-03-23,Abuja,CMP-005,CH-003,2026-04-12
FNP-U01829,Male,1994-11-07,2026-03-09,Abuja,CMP-002,CH-002,2026-04-06
FNP-U01830,Male,1992-04-09,2026-02-01,Lagos,CMP-002,CH-002,2026-04-09
FNP-U01831,Male,1999-10-03,2026-03-03,Abuja,CMP-004,CH-005,2026-03-20
FNP-U01832,Female,1991-09-21,2026-03-22,Lagos,CMP-005,CH-003,2026-04-14
FNP-U01833,Male,1974-06-23,2026-03-20,Lagos,CMP-002,CH-002,2026-04-22
FNP-U01834,Female,1972-08-17,2026-02-08,Ogun,CMP-003,CH-004,2026-04-01
FNP-U01835,Female,1996-01-22,2026-02-20,Ogun,CMP-004,CH-005,2026-04-18
FNP-U01836,Male,1993-12-08,2026-03-22,Abuja,CMP-001,CH-001,2026-04-09
FNP-U01837,Male,1977-11-20,2026-03-11,Lagos,CMP-003,CH-004,2026-04-20
FNP-U01838,Male,1983-09-23,2026-02-24,Ogun,CMP-006,CH-002,2026-03-07
FNP-U01839,Female,2004-12-27,2026-02-22,Abuja,CMP-001,CH-001,2026-02-23
FNP-U01840,Male,2000-09-04,2026-04-22,Lagos,CMP-005,CH-003,2026-04-25
FNP-U01841,Male,1998-11-14,2026-03-05,Abuja,CMP-005,CH-003,2026-03-17
FNP-U01842,Male,1980-05-18,2026-01-27,Ogun,CMP-006,CH-002,2026-04-20
FNP-U01843,Male,1980-06-10,2026-02-11,Ogun,CMP-006,CH-002,2026-03-01
FNP-U01844,Male,1971-07-23,2026-03-30,Lagos,CMP-002,CH-002,2026-04-18
FNP-U01845,Male,2001-01-04,2026-02-16,Abuja,CMP-003,CH-004,2026-03-19
FNP-U01846,Male,1985-03-05,2026-03-22,Lagos,CMP-003,CH-004,2026-04-07
FNP-U01847,Female,2002-04-03,2026-02-14,Lagos,CMP-004,CH-005,2026-03-12
FNP-U01848,Male,1976-08-20,2026-04-18,Ogun,CMP-002,CH-002,2026-04-19
FNP-U01849,Male,1992-05-21,2026-03-06,Ogun,CMP-001,CH-001,2026-04-17
FNP-U01850,Female,1982-02-22,2026-02-02,Ogun,CMP-002,CH-002,2026-04-18
FNP-U01851,Female,1997-02-25,2026-02-18,Abuja,CMP-004,CH-005,2026-03-08
FNP-U01852,Male,1994-09-05,2026-03-09,Lagos,CMP-004,CH-005,2026-04-07
FNP-U01853,Female,1990-06-25,2026-02-24,Abuja,CMP-002,CH-002,2026-04-11
FNP-U01854,Male,1992-08-17,2026-03-09,Abuja,CMP-003,CH-004,2026-03-23
FNP-U01855,Male,1999-04-26,2026-04-02,Ogun,CMP-004,CH-005,2026-04-04
FNP-U01856,Female,1991-09-02,2026-04-23,Ogun,CMP-004,CH-005,2026-04-23
FNP-U01857,Male,1995-03-24,2026-01-28,Ogun,CMP-002,CH-002,2026-04-18
FNP-U01858,Female,1996-07-15,2026-04-10,Ogun,CMP-005,CH-003,2026-04-16
FNP-U01859,Male,1985-09-16,2026-03-25,Ogun,CMP-001,CH-001,2026-04-19
FNP-U01860,Male,1992-05-23,2026-04-16,Ogun,CMP-002,CH-002,2026-04-19
FNP-U01861,Male,1999-11-23,2026-04-24,Abuja,CMP-001,CH-001,2026-04-24
FNP-U01862,Male,2006-01-01,2026-04-07,Abuja,CMP-001,CH-001,2026-04-13
FNP-U01863,Female,1992-02-17,2026-04-12,Ogun,CMP-006,CH-002,2026-04-18
FNP-U01864,Male,1978-09-15,2026-04-03,Abuja,CMP-006,CH-002,2026-04-03
FNP-U01865,Male,2003-03-20,2026-03-26,Ogun,CMP-005,CH-003,2026-04-10
FNP-U01866,Male,1984-12-28,2026-03-15,Abuja,CMP-003,CH-004,2026-03-31
FNP-U01867,Male,1979-03-03,2026-03-01,Abuja,CMP-003,CH-004,2026-03-10
FNP-U01868,Female,2000-04-03,2026-02-19,Ogun,CMP-005,CH-003,2026-02-20
FNP-U01869,Male,1995-05-16,2026-02-18,Abuja,CMP-005,CH-003,2026-03-13
FNP-U01870,Female,1987-06-20,2026-04-05,Lagos,CMP-004,CH-005,2026-04-12
FNP-U01871,Male,1997-05-07,2026-04-12,Lagos,CMP-002,CH-002,2026-04-22
FNP-U01872,Female,1997-03-12,2026-02-27,Abuja,CMP-002,CH-002,2026-03-02
FNP-U01873,Female,2001-10-07,2026-02-10,Lagos,CMP-001,CH-001,2026-03-18
FNP-U01874,Male,2002-09-17,2026-03-26,Abuja,CMP-004,CH-005,2026-04-15
FNP-U01875,Male,1995-04-12,2026-04-07,Ogun,CMP-003,CH-004,2026-04-11
FNP-U01876,Male,1988-06-04,2026-04-10,Ogun,CMP-001,CH-001,2026-04-24
FNP-U01877,Male,1994-09-24,2026-04-07,Abuja,CMP-004,CH-005,2026-04-14
FNP-U01878,Male,1994-08-10,2026-04-10,Ogun,CMP-004,CH-005,2026-04-21
FNP-U01879,Female,2006-11-06,2026-02-19,Lagos,CMP-006,CH-002,2026-02-22
FNP-U01880,Female,2000-02-01,2026-03-20,Abuja,CMP-005,CH-003,2026-04-11
FNP-U01881,Female,2000-06-15,2026-04-14,Ogun,CMP-005,CH-003,2026-04-23
FNP-U01882,Female,1991-02-09,2026-04-11,Ogun,CMP-001,CH-001,2026-04-25
FNP-U01883,Male,1986-06-10,2026-02-03,Lagos,CMP-001,CH-001,2026-03-24
FNP-U01884,Female,1971-12-24,2026-02-11,Ogun,CMP-006,CH-002,2026-03-22
FNP-U01885,Female,1981-02-08,2026-03-01,Lagos,CMP-003,CH-004,2026-03-13
FNP-U01886,Female,2004-04-26,2026-03-25,Lagos,CMP-006,CH-002,2026-04-24
FNP-U01887,Female,1992-11-10,2026-02-02,Lagos,CMP-006,CH-002,2026-04-14
FNP-U01888,Male,2002-09-26,2026-03-09,Ogun,CMP-005,CH-003,2026-04-22
FNP-U01889,Female,1995-03-25,2026-02-27,Abuja,CMP-005,CH-003,2026-03-16
FNP-U01890,Male,1991-08-06,2026-03-26,Lagos,CMP-004,CH-005,2026-03-29
FNP-U01891,Male,1985-08-28,2026-04-18,Lagos,CMP-002,CH-002,2026-04-25
FNP-U01892,Male,2002-10-04,2026-02-14,Ogun,CMP-003,CH-004,2026-03-16
FNP-U01893,Female,1984-09-24,2026-03-19,Lagos,CMP-006,CH-002,2026-04-22
FNP-U01894,Male,1991-05-11,2026-01-29,Abuja,CMP-001,CH-001,2026-02-04
FNP-U01895,Male,2008-03-23,2026-03-01,Ogun,CMP-001,CH-001,2026-04-19
FNP-U01896,Female,1981-02-01,2026-02-02,Abuja,CMP-006,CH-002,2026-03-23
FNP-U01897,Female,2008-10-05,2026-02-09,Lagos,CMP-005,CH-003,2026-03-11
FNP-U01898,Female,1994-09-19,2026-02-26,Lagos,CMP-005,CH-003,2026-04-02
FNP-U01899,Female,2000-03-18,2026-04-12,Lagos,CMP-004,CH-005,2026-04-14
FNP-U01900,Male,1993-02-07,2026-03-29,Abuja,CMP-006,CH-002,2026-04-07
FNP-U01901,Female,2000-10-20,2026-02-11,Ogun,CMP-004,CH-005,2026-04-19
FNP-U01902,Female,1985-08-22,2026-03-06,Lagos,CMP-003,CH-004,2026-03-26
FNP-U01903,Female,2005-10-03,2026-04-21,Lagos,CMP-001,CH-001,2026-04-24
FNP-U01904,Female,1993-06-21,2026-02-15,Lagos,CMP-001,CH-001,2026-04-03
FNP-U01905,Male,1989-11-05,2026-03-22,Ogun,CMP-004,CH-005,2026-04-16
FNP-U01906,Male,1989-11-15,2026-01-29,Lagos,CMP-002,CH-002,2026-03-23
FNP-U01907,Female,1985-03-16,2026-04-01,Ogun,CMP-006,CH-002,2026-04-15
FNP-U01908,Female,2007-06-16,2026-04-21,Lagos,CMP-001,CH-001,2026-04-21
FNP-U01909,Male,1993-09-19,2026-04-02,Abuja,CMP-005,CH-003,2026-04-22
FNP-U01910,Female,1994-03-16,2026-04-22,Lagos,CMP-004,CH-005,2026-04-22
FNP-U01911,Male,1992-12-21,2026-02-08,Lagos,CMP-003,CH-004,2026-04-17
FNP-U01912,Female,2002-08-17,2026-03-15,Ogun,CMP-002,CH-002,2026-03-31
FNP-U01913,Female,2001-08-01,2026-02-25,Ogun,CMP-006,CH-002,2026-03-04
FNP-U01914,Male,2001-12-25,2026-03-06,Lagos,CMP-006,CH-002,2026-03-18
FNP-U01915,Female,2005-02-07,2026-03-24,Abuja,CMP-004,CH-005,2026-03-31
FNP-U01916,Female,1998-02-15,2026-03-19,Ogun,CMP-005,CH-003,2026-04-21
FNP-U01917,Male,1994-08-16,2026-04-13,Lagos,CMP-004,CH-005,2026-04-24
FNP-U01918,Male,1984-10-05,2026-01-29,Abuja,CMP-002,CH-002,2026-03-07
FNP-U01919,Female,1995-11-05,2026-03-12,Ogun,CMP-005,CH-003,2026-03-16
FNP-U01920,Female,1986-12-25,2026-03-26,Ogun,CMP-002,CH-002,2026-04-07
FNP-U01921,Male,1990-06-22,2026-04-18,Abuja,CMP-003,CH-004,2026-04-21
FNP-U01922,Female,1986-04-12,2026-03-18,Abuja,CMP-004,CH-005,2026-04-01
FNP-U01923,Male,1993-10-18,2026-03-21,Abuja,CMP-001,CH-001,2026-03-31
FNP-U01924,Male,1988-08-19,2026-03-08,Abuja,CMP-006,CH-002,2026-03-23
FNP-U01925,Male,1985-10-21,2026-03-12,Lagos,CMP-002,CH-002,2026-04-25
FNP-U01926,Female,2008-06-10,2026-04-25,Abuja,CMP-001,CH-001,2026-04-25
FNP-U01927,Female,2003-02-05,2026-04-24,Lagos,CMP-005,CH-003,2026-04-25
FNP-U01928,Female,1983-01-27,2026-04-11,Abuja,CMP-002,CH-002,2026-04-18
FNP-U01929,Female,1989-09-23,2026-02-15,Lagos,CMP-002,CH-002,2026-03-02
FNP-U01930,Female,2004-07-03,2026-01-29,Lagos,CMP-005,CH-003,2026-01-31
FNP-U01931,Female,1993-09-08,2026-03-31,Abuja,CMP-001,CH-001,2026-04-22
FNP-U01932,Male,1997-10-22,2026-03-04,Abuja,CMP-005,CH-003,2026-04-01
FNP-U01933,Female,1971-03-09,2026-04-03,Ogun,CMP-006,CH-002,2026-04-18
FNP-U01934,Male,2002-08-19,2026-02-08,Abuja,CMP-001,CH-001,2026-03-23
FNP-U01935,Female,1980-10-08,2026-02-17,Ogun,CMP-003,CH-004,2026-02-26
FNP-U01936,Male,1999-07-25,2026-02-28,Abuja,CMP-005,CH-003,2026-03-11
FNP-U01937,Female,1979-07-27,2026-03-03,Lagos,CMP-006,CH-002,2026-03-31
FNP-U01938,Male,1989-12-23,2026-03-15,Ogun,CMP-006,CH-002,2026-03-16
FNP-U01939,Male,1996-09-11,2026-04-13,Abuja,CMP-006,CH-002,2026-04-18
FNP-U01940,Male,2002-06-05,2026-02-15,Abuja,CMP-004,CH-005,2026-04-23
FNP-U01941,Female,1997-03-19,2026-04-04,Ogun,CMP-003,CH-004,2026-04-15
FNP-U01942,Female,1981-03-27,2026-02-07,Ogun,CMP-003,CH-004,2026-03-29
FNP-U01943,Female,2006-04-19,2026-04-11,Ogun,CMP-006,CH-002,2026-04-16
FNP-U01944,Female,1999-12-06,2026-03-19,Ogun,CMP-004,CH-005,2026-04-09
FNP-U01945,Female,1988-01-18,2026-04-22,Lagos,CMP-004,CH-005,2026-04-25
FNP-U01946,Female,1992-02-03,2026-04-12,Ogun,CMP-002,CH-002,2026-04-16
FNP-U01947,Female,1997-08-12,2026-03-31,Ogun,CMP-003,CH-004,2026-04-10
FNP-U01948,Male,1982-01-02,2026-04-01,Ogun,CMP-002,CH-002,2026-04-25
FNP-U01949,Male,2004-08-28,2026-02-25,Ogun,CMP-006,CH-002,2026-04-21
FNP-U01950,Female,1977-09-21,2026-04-09,Lagos,CMP-002,CH-002,2026-04-10
FNP-U01951,Male,1990-08-19,2026-04-04,Lagos,CMP-004,CH-005,2026-04-12
FNP-U01952,Female,1998-10-13,2026-03-15,Lagos,CMP-004,CH-005,2026-04-22
FNP-U01953,Male,1991-12-08,2026-02-06,Ogun,CMP-004,CH-005,2026-02-21
FNP-U01954,Female,2002-06-09,2026-04-18,Lagos,CMP-002,CH-002,2026-04-21
FNP-U01955,Male,1997-03-21,2026-04-14,Ogun,CMP-005,CH-003,2026-04-17
FNP-U01956,Male,2005-03-12,2026-03-18,Ogun,CMP-001,CH-001,2026-04-12
FNP-U01957,Female,1997-09-27,2026-02-25,Lagos,CMP-004,CH-005,2026-04-16
FNP-U01958,Male,1974-11-10,2026-03-17,Ogun,CMP-003,CH-004,2026-04-05
FNP-U01959,Female,1999-12-16,2026-04-11,Abuja,CMP-005,CH-003,2026-04-12
FNP-U01960,Male,1987-10-21,2026-03-08,Lagos,CMP-004,CH-005,2026-03-08
FNP-U01961,Female,1991-05-27,2026-02-11,Ogun,CMP-003,CH-004,2026-04-01
FNP-U01962,Female,1997-09-15,2026-03-25,Lagos,CMP-001,CH-001,2026-04-25
FNP-U01963,Female,1977-06-04,2026-02-06,Ogun,CMP-002,CH-002,2026-02-22
FNP-U01964,Male,1997-10-26,2026-01-31,Abuja,CMP-005,CH-003,2026-02-16
FNP-U01965,Female,2003-03-19,2026-04-08,Abuja,CMP-005,CH-003,2026-04-17
FNP-U01966,Male,1973-12-27,2026-02-17,Ogun,CMP-003,CH-004,2026-04-19
FNP-U01967,Female,2006-03-26,2026-02-04,Lagos,CMP-005,CH-003,2026-04-22
FNP-U01968,Female,1999-07-21,2026-04-17,Abuja,CMP-006,CH-002,2026-04-19
FNP-U01969,Female,1997-05-14,2026-02-16,Ogun,CMP-005,CH-003,2026-02-21
FNP-U01970,Female,1983-10-11,2026-03-29,Abuja,CMP-006,CH-002,2026-04-12
FNP-U01971,Male,1981-10-25,2026-03-15,Lagos,CMP-001,CH-001,2026-03-18
FNP-U01972,Female,2008-02-12,2026-02-04,Ogun,CMP-002,CH-002,2026-03-06
FNP-U01973,Male,1989-01-05,2026-03-21,Lagos,CMP-001,CH-001,2026-04-25
FNP-U01974,Male,2007-04-22,2026-03-09,Lagos,CMP-002,CH-002,2026-04-22
FNP-U01975,Female,1994-04-21,2026-04-09,Ogun,CMP-005,CH-003,2026-04-13
FNP-U01976,Female,1979-10-01,2026-02-11,Ogun,CMP-003,CH-004,2026-03-03
FNP-U01977,Male,2004-11-16,2026-03-21,Lagos,CMP-001,CH-001,2026-03-28
FNP-U01978,Female,1997-06-05,2026-03-28,Lagos,CMP-004,CH-005,2026-03-31
FNP-U01979,Female,2004-12-05,2026-02-14,Ogun,CMP-004,CH-005,2026-04-08
FNP-U01980,Male,2000-03-20,2026-02-08,Ogun,CMP-006,CH-002,2026-03-11
FNP-U01981,Male,1977-04-17,2026-01-31,Abuja,CMP-003,CH-004,2026-02-13
FNP-U01982,Male,1982-12-08,2026-02-27,Abuja,CMP-002,CH-002,2026-02-28
FNP-U01983,Male,2005-05-18,2026-02-18,Abuja,CMP-001,CH-001,2026-02-26
FNP-U01984,Male,1991-04-13,2026-04-07,Ogun,CMP-001,CH-001,2026-04-14
FNP-U01985,Female,1990-10-10,2026-03-31,Ogun,CMP-004,CH-005,2026-04-22
FNP-U01986,Female,2004-06-03,2026-02-13,Abuja,CMP-005,CH-003,2026-04-17
FNP-U01987,Female,1998-08-04,2026-02-25,Ogun,CMP-004,CH-005,2026-03-12
FNP-U01988,Male,1976-03-17,2026-03-03,Ogun,CMP-002,CH-002,2026-04-03
FNP-U01989,Female,2000-04-26,2026-03-08,Lagos,CMP-006,CH-002,2026-04-04
FNP-U01990,Male,1991-06-04,2026-02-05,Lagos,CMP-003,CH-004,2026-04-02
FNP-U01991,Female,2008-03-11,2026-04-03,Abuja,CMP-006,CH-002,2026-04-25
FNP-U01992,Male,1990-11-09,2026-04-10,Ogun,CMP-004,CH-005,2026-04-12
FNP-U01993,Male,1999-02-15,2026-02-14,Ogun,CMP-004,CH-005,2026-03-20
FNP-U01994,Male,1980-11-14,2026-04-23,Lagos,CMP-003,CH-004,2026-04-24
FNP-U01995,Male,1999-10-10,2026-03-06,Abuja,CMP-003,CH-004,2026-03-11
FNP-U01996,Male,1993-09-25,2026-04-12,Ogun,CMP-006,CH-002,2026-04-18
FNP-U01997,Female,1986-09-23,2026-03-18,Ogun,CMP-002,CH-002,2026-04-05
FNP-U01998,Male,1980-09-06,2026-02-17,Abuja,CMP-006,CH-002,2026-03-07
FNP-U01999,Male,1997-01-24,2026-02-25,Lagos,CMP-002,CH-002,2026-04-10
FNP-U02000,Male,2006-03-06,2026-02-12,Ogun,CMP-004,CH-005,2026-04-06
FNP-U02001,Male,2005-03-26,2026-04-01,Abuja,CMP-005,CH-003,2026-04-08
FNP-U02002,Female,2003-06-18,2026-02-10,Abuja,CMP-005,CH-003,2026-03-20
FNP-U02003,Female,2002-04-24,2026-04-14,Ogun,CMP-001,CH-001,2026-04-17
FNP-U02004,Female,1981-06-11,2026-03-31,Ogun,CMP-002,CH-002,2026-04-12
FNP-U02005,Female,1989-11-09,2026-02-12,Abuja,CMP-006,CH-002,2026-02-15
FNP-U02006,Male,1997-03-02,2026-03-16,Ogun,CMP-004,CH-005,2026-03-17
FNP-U02007,Male,1997-04-04,2026-04-21,Abuja,CMP-001,CH-001,2026-04-21
FNP-U02008,Male,1984-01-17,2026-02-06,Ogun,CMP-003,CH-004,2026-02-09
FNP-U02009,Female,1991-04-07,2026-02-11,Ogun,CMP-004,CH-005,2026-04-01
FNP-U02010,Female,1981-02-10,2026-04-06,Lagos,CMP-002,CH-002,2026-04-17
FNP-U02011,Male,1978-12-04,2026-03-19,Abuja,CMP-006,CH-002,2026-03-27
FNP-U02012,Female,1986-04-11,2026-04-14,Lagos,CMP-006,CH-002,2026-04-20
FNP-U02013,Male,2005-09-08,2026-02-26,Lagos,CMP-002,CH-002,2026-04-25
FNP-U02014,Male,2008-04-28,2026-03-25,Abuja,CMP-001,CH-001,2026-03-31
FNP-U02015,Male,2002-11-26,2026-02-23,Lagos,CMP-003,CH-004,2026-04-18
FNP-U02016,Male,1997-06-25,2026-02-03,Ogun,CMP-004,CH-005,2026-04-07
FNP-U02017,Female,1988-02-19,2026-02-07,Lagos,CMP-004,CH-005,2026-03-17
FNP-U02018,Male,1990-09-23,2026-03-16,Ogun,CMP-002,CH-002,2026-04-02
FNP-U02019,Male,1992-10-27,2026-03-07,Lagos,CMP-005,CH-003,2026-03-28
FNP-U02020,Female,1990-07-02,2026-02-02,Abuja,CMP-003,CH-004,2026-04-04
FNP-U02021,Female,1982-04-18,2026-02-17,Lagos,CMP-003,CH-004,2026-03-11
FNP-U02022,Female,1986-07-16,2026-02-07,Ogun,CMP-004,CH-005,2026-03-30
FNP-U02023,Male,2005-06-25,2026-02-01,Abuja,CMP-006,CH-002,2026-02-05
FNP-U02024,Female,1981-03-21,2026-03-01,Abuja,CMP-001,CH-001,2026-03-02
FNP-U02025,Female,2007-01-04,2026-02-21,Abuja,CMP-001,CH-001,2026-03-24
FNP-U02026,Male,1996-08-23,2026-03-18,Ogun,CMP-001,CH-001,2026-04-16
FNP-U02027,Female,1976-04-12,2026-02-18,Abuja,CMP-002,CH-002,2026-02-24
FNP-U02028,Female,1988-01-04,2026-04-10,Abuja,CMP-002,CH-002,2026-04-17
FNP-U02029,Female,1976-05-08,2026-04-18,Lagos,CMP-002,CH-002,2026-04-21
FNP-U02030,Male,1990-11-24,2026-04-11,Lagos,CMP-002,CH-002,2026-04-25
FNP-U02031,Female,1994-09-12,2026-02-18,Ogun,CMP-005,CH-003,2026-03-03
FNP-U02032,Male,1996-04-09,2026-03-07,Ogun,CMP-005,CH-003,2026-04-01
FNP-U02033,Female,1995-12-22,2026-03-16,Lagos,CMP-004,CH-005,2026-03-26
FNP-U02034,Male,2006-03-18,2026-04-21,Lagos,CMP-004,CH-005,2026-04-23
FNP-U02035,Male,1983-01-07,2026-02-22,Lagos,CMP-002,CH-002,2026-04-01
FNP-U02036,Male,2000-06-08,2026-03-18,Abuja,CMP-005,CH-003,2026-04-25
FNP-U02037,Male,2001-01-01,2026-02-04,Ogun,CMP-005,CH-003,2026-03-02
FNP-U02038,Female,2004-09-21,2026-01-29,Lagos,CMP-001,CH-001,2026-02-09
FNP-U02039,Male,1993-11-05,2026-02-11,Ogun,CMP-002,CH-002,2026-03-31
FNP-U02040,Female,2006-03-24,2026-02-24,Ogun,CMP-006,CH-002,2026-03-01
FNP-U02041,Male,1993-06-22,2026-03-01,Ogun,CMP-003,CH-004,2026-04-06
FNP-U02042,Male,1993-05-09,2026-04-13,Ogun,CMP-004,CH-005,2026-04-18
FNP-U02043,Female,1995-10-15,2026-02-25,Abuja,CMP-005,CH-003,2026-03-11
FNP-U02044,Male,1993-01-02,2026-04-03,Ogun,CMP-001,CH-001,2026-04-10
FNP-U02045,Female,1973-10-27,2026-03-12,Ogun,CMP-003,CH-004,2026-04-06
FNP-U02046,Male,2005-01-08,2026-03-15,Lagos,CMP-004,CH-005,2026-04-24
FNP-U02047,Male,1997-07-16,2026-03-13,Ogun,CMP-005,CH-003,2026-04-17
FNP-U02048,Female,1982-06-03,2026-04-12,Abuja,CMP-002,CH-002,2026-04-12
FNP-U02049,Male,2001-02-06,2026-04-17,Abuja,CMP-005,CH-003,2026-04-20
FNP-U02050,Female,2004-08-11,2026-04-07,Ogun,CMP-005,CH-003,2026-04-22
FNP-U02051,Female,2005-02-07,2026-03-15,Lagos,CMP-005,CH-003,2026-04-22
FNP-U02052,Female,1991-12-27,2026-04-19,Abuja,CMP-004,CH-005,2026-04-24
FNP-U02053,Male,2007-03-07,2026-04-14,Abuja,CMP-006,CH-002,2026-04-25
FNP-U02054,Female,1990-05-11,2026-03-13,Abuja,CMP-001,CH-001,2026-04-15
FNP-U02055,Male,1995-09-21,2026-03-02,Lagos,CMP-001,CH-001,2026-03-17
FNP-U02056,Female,1982-12-19,2026-01-27,Ogun,CMP-003,CH-004,2026-03-30
FNP-U02057,Female,2004-10-18,2026-04-14,Lagos,CMP-005,CH-003,2026-04-23
FNP-U02058,Male,1995-01-09,2026-03-12,Lagos,CMP-004,CH-005,2026-03-30
FNP-U02059,Male,1975-01-10,2026-03-04,Ogun,CMP-006,CH-002,2026-04-15
FNP-U02060,Male,1998-10-16,2026-03-17,Ogun,CMP-003,CH-004,2026-03-20
FNP-U02061,Female,1988-09-26,2026-02-10,Abuja,CMP-004,CH-005,2026-03-06
FNP-U02062,Female,1994-06-21,2026-03-28,Lagos,CMP-006,CH-002,2026-03-29
FNP-U02063,Male,1993-09-21,2026-03-10,Lagos,CMP-003,CH-004,2026-03-17
FNP-U02064,Female,1972-12-16,2026-02-13,Ogun,CMP-006,CH-002,2026-04-05
FNP-U02065,Female,1998-11-01,2026-03-01,Lagos,CMP-003,CH-004,2026-04-19
FNP-U02066,Female,1991-04-17,2026-01-29,Lagos,CMP-005,CH-003,2026-04-13
FNP-U02067,Female,1989-06-14,2026-03-31,Lagos,CMP-004,CH-005,2026-04-07
FNP-U02068,Male,2000-06-13,2026-04-15,Abuja,CMP-001,CH-001,2026-04-15
FNP-U02069,Male,2005-04-25,2026-04-20,Lagos,CMP-001,CH-001,2026-04-25
FNP-U02070,Female,1982-07-20,2026-04-14,Abuja,CMP-001,CH-001,2026-04-17
FNP-U02071,Female,2002-01-09,2026-02-17,Lagos,CMP-001,CH-001,2026-02-24
FNP-U02072,Male,1983-12-05,2026-04-20,Ogun,CMP-002,CH-002,2026-04-24
FNP-U02073,Female,2008-08-09,2026-03-27,Ogun,CMP-005,CH-003,2026-04-14
FNP-U02074,Male,1974-03-09,2026-04-23,Lagos,CMP-006,CH-002,2026-04-25
FNP-U02075,Male,2005-07-05,2026-02-24,Lagos,CMP-005,CH-003,2026-03-01
FNP-U02076,Female,1999-11-08,2026-02-19,Lagos,CMP-004,CH-005,2026-04-04
FNP-U02077,Male,1984-12-17,2026-04-05,Lagos,CMP-003,CH-004,2026-04-09
FNP-U02078,Female,2007-12-20,2026-04-04,Ogun,CMP-004,CH-005,2026-04-12
FNP-U02079,Female,1994-08-20,2026-04-09,Abuja,CMP-006,CH-002,2026-04-13
FNP-U02080,Male,2003-07-04,2026-02-08,Abuja,CMP-002,CH-002,2026-02-18
FNP-U02081,Male,1977-02-01,2026-04-02,Lagos,CMP-002,CH-002,2026-04-14
FNP-U02082,Male,1988-10-03,2026-02-19,Lagos,CMP-003,CH-004,2026-02-21
FNP-U02083,Female,2002-09-08,2026-03-21,Abuja,CMP-005,CH-003,2026-04-20
FNP-U02084,Female,2006-05-28,2026-03-29,Abuja,CMP-001,CH-001,2026-04-08
FNP-U02085,Male,2006-08-03,2026-02-10,Ogun,CMP-001,CH-001,2026-04-23
FNP-U02086,Male,1998-06-26,2026-03-27,Ogun,CMP-006,CH-002,2026-04-12
FNP-U02087,Female,1995-01-16,2026-02-10,Abuja,CMP-006,CH-002,2026-02-24
FNP-U02088,Female,1986-09-20,2026-04-07,Abuja,CMP-003,CH-004,2026-04-11
FNP-U02089,Male,1980-09-15,2026-04-21,Abuja,CMP-006,CH-002,2026-04-24
FNP-U02090,Male,1988-07-05,2026-01-28,Ogun,CMP-002,CH-002,2026-04-10
FNP-U02091,Female,1975-05-11,2026-03-29,Ogun,CMP-006,CH-002,2026-04-10
FNP-U02092,Male,1990-10-18,2026-02-02,Ogun,CMP-002,CH-002,2026-04-21
FNP-U02093,Male,1996-05-20,2026-03-21,Abuja,CMP-004,CH-005,2026-04-25
FNP-U02094,Male,1993-04-06,2026-02-26,Lagos,CMP-005,CH-003,2026-03-21
FNP-U02095,Male,2004-10-02,2026-02-09,Abuja,CMP-004,CH-005,2026-03-20
FNP-U02096,Female,1992-11-06,2026-04-24,Ogun,CMP-003,CH-004,2026-04-24
FNP-U02097,Female,1999-02-01,2026-03-17,Lagos,CMP-004,CH-005,2026-04-02
FNP-U02098,Male,1991-04-18,2026-03-31,Abuja,CMP-006,CH-002,2026-04-07
FNP-U02099,Female,1978-04-25,2026-02-16,Ogun,CMP-003,CH-004,2026-04-25
FNP-U02100,Male,1992-10-12,2026-04-03,Lagos,CMP-004,CH-005,2026-04-07
FNP-U02101,Female,1980-03-01,2026-02-23,Abuja,CMP-002,CH-002,2026-03-17
FNP-U02102,Male,1986-08-22,2026-04-02,Abuja,CMP-001,CH-001,2026-04-06
FNP-U02103,Male,2008-01-27,2026-02-04,Lagos,CMP-002,CH-002,2026-03-01
FNP-U02104,Male,1980-04-01,2026-02-07,Abuja,CMP-003,CH-004,2026-03-05
FNP-U02105,Female,1981-12-07,2026-03-08,Ogun,CMP-003,CH-004,2026-04-08
FNP-U02106,Male,1982-10-26,2026-01-29,Lagos,CMP-002,CH-002,2026-02-28
FNP-U02107,Male,1994-11-07,2026-04-18,Abuja,CMP-004,CH-005,2026-04-23
FNP-U02108,Female,1999-01-04,2026-02-11,Abuja,CMP-003,CH-004,2026-03-11
FNP-U02109,Female,1977-12-22,2026-04-21,Abuja,CMP-003,CH-004,2026-04-24
FNP-U02110,Female,1994-07-28,2026-01-26,Abuja,CMP-001,CH-001,2026-03-10
FNP-U02111,Female,2005-03-09,2026-04-19,Lagos,CMP-004,CH-005,2026-04-19
FNP-U02112,Female,1973-12-06,2026-02-07,Lagos,CMP-003,CH-004,2026-03-12
FNP-U02113,Female,1989-03-09,2026-03-13,Lagos,CMP-004,CH-005,2026-04-03
FNP-U02114,Male,1990-01-09,2026-04-07,Ogun,CMP-002,CH-002,2026-04-24
FNP-U02115,Male,1993-12-07,2026-03-08,Lagos,CMP-004,CH-005,2026-04-09
FNP-U02116,Female,1998-04-10,2026-01-30,Abuja,CMP-002,CH-002,2026-03-13
FNP-U02117,Female,1990-11-06,2026-02-02,Lagos,CMP-002,CH-002,2026-02-26
FNP-U02118,Female,2006-11-15,2026-02-03,Abuja,CMP-001,CH-001,2026-02-12
FNP-U02119,Male,1987-10-06,2026-03-27,Ogun,CMP-002,CH-002,2026-04-19
FNP-U02120,Male,1986-03-13,2026-02-03,Lagos,CMP-001,CH-001,2026-03-20
FNP-U02121,Female,1971-12-10,2026-04-17,Lagos,CMP-006,CH-002,2026-04-23
FNP-U02122,Female,2007-08-02,2026-03-10,Abuja,CMP-006,CH-002,2026-03-26
FNP-U02123,Female,1999-05-21,2026-02-24,Lagos,CMP-001,CH-001,2026-04-22
FNP-U02124,Female,1982-07-03,2026-03-17,Ogun,CMP-002,CH-002,2026-03-17
FNP-U02125,Male,1989-12-16,2026-04-09,Lagos,CMP-004,CH-005,2026-04-15
FNP-U02126,Male,1984-03-25,2026-02-21,Lagos,CMP-002,CH-002,2026-02-28
FNP-U02127,Female,1984-03-26,2026-03-28,Lagos,CMP-003,CH-004,2026-04-12
FNP-U02128,Male,1993-06-04,2026-04-10,Abuja,CMP-001,CH-001,2026-04-22
FNP-U02129,Male,1996-06-03,2026-01-31,Abuja,CMP-002,CH-002,2026-03-17
FNP-U02130,Female,2007-03-06,2026-02-18,Ogun,CMP-002,CH-002,2026-03-24
FNP-U02131,Female,1995-11-16,2026-03-28,Lagos,CMP-004,CH-005,2026-04-25
FNP-U02132,Female,2006-11-07,2026-04-03,Lagos,CMP-002,CH-002,2026-04-06
FNP-U02133,Male,1981-08-14,2026-04-18,Lagos,CMP-003,CH-004,2026-04-19
FNP-U02134,Male,1998-01-08,2026-03-05,Ogun,CMP-004,CH-005,2026-03-30
FNP-U02135,Male,1980-07-21,2026-03-16,Abuja,CMP-006,CH-002,2026-04-20
FNP-U02136,Male,1991-04-19,2026-03-04,Lagos,CMP-005,CH-003,2026-03-17
FNP-U02137,Male,1993-06-24,2026-04-02,Abuja,CMP-005,CH-003,2026-04-10
FNP-U02138,Female,1991-09-07,2026-04-22,Lagos,CMP-005,CH-003,2026-04-25
FNP-U02139,Female,1987-03-18,2026-03-09,Abuja,CMP-002,CH-002,2026-03-17
FNP-U02140,Male,1996-03-03,2026-03-05,Ogun,CMP-004,CH-005,2026-03-25
FNP-U02141,Female,2000-10-27,2026-02-07,Abuja,CMP-004,CH-005,2026-03-01
FNP-U02142,Female,1989-03-26,2026-02-20,Abuja,CMP-003,CH-004,2026-03-09
FNP-U02143,Female,1999-11-14,2026-01-26,Ogun,CMP-006,CH-002,2026-03-20
FNP-U02144,Male,1993-06-03,2026-03-10,Ogun,CMP-006,CH-002,2026-03-17
FNP-U02145,Female,1990-11-06,2026-03-01,Lagos,CMP-003,CH-004,2026-04-05
FNP-U02146,Male,1986-05-06,2026-04-11,Lagos,CMP-003,CH-004,2026-04-20
FNP-U02147,Female,1977-06-04,2026-04-20,Lagos,CMP-002,CH-002,2026-04-20
FNP-U02148,Female,2002-12-23,2026-03-04,Ogun,CMP-001,CH-001,2026-03-07
FNP-U02149,Female,2005-06-15,2026-03-04,Ogun,CMP-001,CH-001,2026-03-23
FNP-U02150,Female,1991-07-11,2026-04-04,Ogun,CMP-006,CH-002,2026-04-12
FNP-U02151,Male,1993-11-22,2026-02-25,Lagos,CMP-006,CH-002,2026-04-07
FNP-U02152,Male,1986-10-03,2026-03-13,Ogun,CMP-002,CH-002,2026-04-14
FNP-U02153,Male,1996-01-13,2026-03-27,Ogun,CMP-005,CH-003,2026-04-18
FNP-U02154,Male,2002-02-17,2026-03-02,Lagos,CMP-005,CH-003,2026-04-01
FNP-U02155,Male,2006-10-18,2026-03-12,Abuja,CMP-005,CH-003,2026-03-19
FNP-U02156,Male,1982-08-14,2026-02-05,Lagos,CMP-001,CH-001,2026-02-06
FNP-U02157,Male,2007-11-02,2026-04-21,Ogun,CMP-006,CH-002,2026-04-23
FNP-U02158,Male,2003-03-21,2026-02-23,Ogun,CMP-004,CH-005,2026-03-26
FNP-U02159,Male,1982-05-11,2026-04-14,Ogun,CMP-006,CH-002,2026-04-22
FNP-U02160,Male,2005-07-24,2026-02-03,Abuja,CMP-005,CH-003,2026-02-27
FNP-U02161,Female,1988-10-19,2026-04-15,Abuja,CMP-004,CH-005,2026-04-21
FNP-U02162,Female,2002-11-19,2026-04-17,Ogun,CMP-002,CH-002,2026-04-23
FNP-U02163,Female,1989-01-17,2026-02-23,Ogun,CMP-002,CH-002,2026-04-14
FNP-U02164,Female,1973-11-11,2026-02-09,Ogun,CMP-003,CH-004,2026-04-14
FNP-U02165,Female,1987-01-15,2026-03-15,Ogun,CMP-004,CH-005,2026-04-17
FNP-U02166,Male,1998-09-03,2026-04-17,Ogun,CMP-001,CH-001,2026-04-19
FNP-U02167,Male,1984-11-25,2026-04-03,Abuja,CMP-002,CH-002,2026-04-19
FNP-U02168,Female,2001-08-05,2026-03-28,Abuja,CMP-002,CH-002,2026-03-28
FNP-U02169,Female,2002-12-25,2026-03-13,Ogun,CMP-005,CH-003,2026-03-16
FNP-U02170,Female,1997-09-25,2026-04-12,Lagos,CMP-005,CH-003,2026-04-23
FNP-U02171,Female,1974-02-04,2026-03-12,Ogun,CMP-006,CH-002,2026-04-06
FNP-U02172,Female,1974-12-05,2026-03-17,Ogun,CMP-006,CH-002,2026-03-29
FNP-U02173,Male,1996-02-21,2026-03-01,Abuja,CMP-002,CH-002,2026-04-18
FNP-U02174,Female,2001-01-01,2026-04-25,Ogun,CMP-005,CH-003,2026-04-25
FNP-U02175,Female,1978-05-22,2026-03-29,Abuja,CMP-006,CH-002,2026-04-02
FNP-U02176,Female,1986-07-22,2026-02-21,Lagos,CMP-002,CH-002,2026-04-21
FNP-U02177,Female,1984-02-09,2026-04-12,Ogun,CMP-001,CH-001,2026-04-23
FNP-U02178,Male,2004-10-25,2026-04-23,Abuja,CMP-002,CH-002,2026-04-23
FNP-U02179,Female,2000-09-03,2026-02-12,Ogun,CMP-005,CH-003,2026-02-23
FNP-U02180,Female,1988-08-19,2026-03-02,Lagos,CMP-003,CH-004,2026-03-26
FNP-U02181,Male,1999-07-24,2026-03-21,Abuja,CMP-005,CH-003,2026-04-19
FNP-U02182,Male,1980-05-24,2026-02-03,Abuja,CMP-006,CH-002,2026-02-08
FNP-U02183,Male,1971-06-22,2026-03-15,Abuja,CMP-006,CH-002,2026-03-29
FNP-U02184,Female,1985-09-13,2026-03-28,Lagos,CMP-003,CH-004,2026-04-16
FNP-U02185,Female,2004-08-14,2026-02-07,Lagos,CMP-004,CH-005,2026-02-23
FNP-U02186,Female,2001-02-14,2026-03-20,Ogun,CMP-001,CH-001,2026-04-05
FNP-U02187,Male,1974-11-19,2026-03-31,Ogun,CMP-002,CH-002,2026-04-10
FNP-U02188,Female,1992-02-10,2026-03-26,Lagos,CMP-004,CH-005,2026-04-12
FNP-U02189,Female,1999-02-18,2026-03-01,Lagos,CMP-002,CH-002,2026-03-21
FNP-U02190,Female,1996-05-07,2026-03-27,Abuja,CMP-003,CH-004,2026-04-23
FNP-U02191,Male,2003-04-02,2026-03-27,Ogun,CMP-004,CH-005,2026-04-20
FNP-U02192,Female,2001-05-13,2026-02-11,Abuja,CMP-001,CH-001,2026-04-09
FNP-U02193,Female,2002-11-11,2026-03-08,Lagos,CMP-003,CH-004,2026-03-27
FNP-U02194,Female,1980-05-15,2026-02-27,Lagos,CMP-003,CH-004,2026-03-17
FNP-U02195,Male,2007-06-11,2026-04-18,Ogun,CMP-004,CH-005,2026-04-25
FNP-U02196,Female,1971-07-20,2026-01-30,Lagos,CMP-002,CH-002,2026-02-04
FNP-U02197,Female,2002-03-10,2026-02-19,Abuja,CMP-004,CH-005,2026-04-09
FNP-U02198,Male,1971-11-16,2026-02-22,Abuja,CMP-006,CH-002,2026-04-17
FNP-U02199,Female,1974-05-06,2026-03-16,Lagos,CMP-003,CH-004,2026-04-04
FNP-U02200,Female,1991-09-19,2026-04-16,Ogun,CMP-001,CH-001,2026-04-22
FNP-U02201,Female,2003-04-19,2026-03-20,Lagos,CMP-002,CH-002,2026-03-31
FNP-U02202,Female,1993-09-14,2026-01-30,Ogun,CMP-002,CH-002,2026-03-09
FNP-U02203,Female,1993-06-08,2026-03-15,Abuja,CMP-002,CH-002,2026-03-16
FNP-U02204,Female,2004-03-21,2026-03-26,Lagos,CMP-002,CH-002,2026-04-23
FNP-U02205,Female,2001-12-11,2026-02-06,Abuja,CMP-001,CH-001,2026-02-10
FNP-U02206,Female,2006-08-07,2026-04-12,Abuja,CMP-005,CH-003,2026-04-12
FNP-U02207,Male,1972-02-21,2026-03-20,Lagos,CMP-003,CH-004,2026-04-11
FNP-U02208,Male,2001-09-14,2026-02-24,Abuja,CMP-006,CH-002,2026-04-05
FNP-U02209,Female,1996-08-19,2026-04-05,Abuja,CMP-005,CH-003,2026-04-06
FNP-U02210,Male,1993-05-07,2026-04-12,Abuja,CMP-003,CH-004,2026-04-18
FNP-U02211,Female,1993-05-25,2026-03-15,Lagos,CMP-001,CH-001,2026-03-20
FNP-U02212,Male,1982-01-18,2026-03-26,Abuja,CMP-001,CH-001,2026-03-29
FNP-U02213,Female,1980-09-11,2026-04-20,Ogun,CMP-006,CH-002,2026-04-23
FNP-U02214,Male,1981-06-07,2026-02-11,Lagos,CMP-006,CH-002,2026-04-14
FNP-U02215,Female,1976-12-09,2026-02-10,Abuja,CMP-003,CH-004,2026-02-13
FNP-U02216,Male,2006-02-02,2026-01-31,Abuja,CMP-002,CH-002,2026-02-07
FNP-U02217,Female,1999-03-05,2026-03-16,Lagos,CMP-005,CH-003,2026-04-15
FNP-U02218,Male,2000-04-11,2026-02-09,Ogun,CMP-002,CH-002,2026-03-23
FNP-U02219,Female,1993-09-26,2026-03-19,Abuja,CMP-005,CH-003,2026-04-25
FNP-U02220,Male,2001-08-22,2026-02-23,Lagos,CMP-006,CH-002,2026-03-30
FNP-U02221,Male,2002-01-28,2026-03-15,Abuja,CMP-002,CH-002,2026-03-30
FNP-U02222,Female,2007-12-03,2026-02-08,Abuja,CMP-002,CH-002,2026-02-18
FNP-U02223,Female,2003-06-17,2026-02-13,Ogun,CMP-003,CH-004,2026-03-10
FNP-U02224,Male,1975-09-05,2026-04-17,Abuja,CMP-006,CH-002,2026-04-21
FNP-U02225,Male,2007-01-07,2026-02-04,Ogun,CMP-004,CH-005,2026-02-27
FNP-U02226,Female,1986-09-11,2026-03-06,Ogun,CMP-006,CH-002,2026-04-18
FNP-U02227,Female,2001-11-11,2026-03-21,Lagos,CMP-005,CH-003,2026-04-22
FNP-U02228,Male,1982-04-18,2026-03-17,Lagos,CMP-002,CH-002,2026-04-18
FNP-U02229,Female,2000-11-18,2026-02-10,Ogun,CMP-003,CH-004,2026-02-13
FNP-U02230,Female,1998-12-06,2026-04-16,Lagos,CMP-005,CH-003,2026-04-18
FNP-U02231,Male,1991-03-17,2026-02-19,Abuja,CMP-006,CH-002,2026-04-12
FNP-U02232,Female,1993-03-27,2026-02-23,Lagos,CMP-003,CH-004,2026-03-23
FNP-U02233,Female,1985-07-17,2026-04-15,Lagos,CMP-001,CH-001,2026-04-19
FNP-U02234,Female,1998-06-25,2026-03-14,Lagos,CMP-005,CH-003,2026-03-15
FNP-U02235,Female,1974-12-01,2026-01-27,Abuja,CMP-003,CH-004,2026-02-19
FNP-U02236,Female,1999-08-02,2026-02-16,Abuja,CMP-004,CH-005,2026-03-02
FNP-U02237,Female,2005-08-14,2026-02-27,Lagos,CMP-001,CH-001,2026-04-18
FNP-U02238,Female,1990-11-16,2026-04-21,Abuja,CMP-006,CH-002,2026-04-23
FNP-U02239,Female,1971-08-09,2026-04-18,Ogun,CMP-003,CH-004,2026-04-22
FNP-U02240,Female,1985-12-15,2026-03-19,Lagos,CMP-001,CH-001,2026-03-23
FNP-U02241,Male,2007-06-03,2026-03-13,Ogun,CMP-001,CH-001,2026-03-18
FNP-U02242,Female,1982-08-15,2026-03-25,Lagos,CMP-006,CH-002,2026-04-12
FNP-U02243,Female,1972-05-14,2026-04-14,Abuja,CMP-002,CH-002,2026-04-17
FNP-U02244,Female,1978-03-06,2026-03-16,Ogun,CMP-002,CH-002,2026-04-07
FNP-U02245,Female,1990-02-15,2026-04-07,Abuja,CMP-004,CH-005,2026-04-08
FNP-U02246,Male,1973-09-27,2026-03-08,Ogun,CMP-002,CH-002,2026-04-01
FNP-U02247,Male,1989-05-04,2026-02-20,Abuja,CMP-006,CH-002,2026-03-26
FNP-U02248,Male,1999-12-14,2026-04-24,Ogun,CMP-005,CH-003,2026-04-24
FNP-U02249,Female,2004-05-09,2026-04-11,Ogun,CMP-002,CH-002,2026-04-18
FNP-U02250,Male,2002-09-19,2026-03-04,Ogun,CMP-004,CH-005,2026-03-24
FNP-U02251,Female,2004-03-10,2026-02-07,Lagos,CMP-003,CH-004,2026-02-25
FNP-U02252,Male,1974-04-15,2026-02-22,Abuja,CMP-006,CH-002,2026-03-19
FNP-U02253,Male,2005-04-06,2026-01-31,Lagos,CMP-005,CH-003,2026-04-08
FNP-U02254,Female,1995-01-07,2026-02-15,Abuja,CMP-004,CH-005,2026-03-02
FNP-U02255,Male,1996-12-24,2026-03-10,Ogun,CMP-004,CH-005,2026-03-22
FNP-U02256,Male,2001-01-07,2026-02-08,Ogun,CMP-005,CH-003,2026-04-01
FNP-U02257,Female,1985-11-11,2026-03-15,Abuja,CMP-001,CH-001,2026-04-09
FNP-U02258,Male,1990-08-08,2026-02-02,Abuja,CMP-001,CH-001,2026-03-06
FNP-U02259,Male,2000-07-09,2026-04-24,Abuja,CMP-003,CH-004,2026-04-24
FNP-U02260,Female,1996-11-21,2026-01-27,Abuja,CMP-004,CH-005,2026-03-20
FNP-U02261,Female,1995-10-17,2026-02-03,Ogun,CMP-006,CH-002,2026-04-15
FNP-U02262,Female,2006-09-21,2026-03-24,Lagos,CMP-004,CH-005,2026-04-18
FNP-U02263,Female,2000-08-08,2026-02-01,Abuja,CMP-001,CH-001,2026-02-24
FNP-U02264,Female,2002-06-21,2026-01-29,Abuja,CMP-001,CH-001,2026-04-05
FNP-U02265,Male,2005-02-20,2026-03-30,Lagos,CMP-004,CH-005,2026-04-21
FNP-U02266,Female,2002-01-15,2026-02-05,Lagos,CMP-001,CH-001,2026-03-30
FNP-U02267,Male,1999-01-22,2026-03-28,Lagos,CMP-006,CH-002,2026-04-24
FNP-U02268,Female,1998-08-15,2026-03-21,Lagos,CMP-003,CH-004,2026-03-22
FNP-U02269,Female,1996-11-17,2026-01-28,Abuja,CMP-005,CH-003,2026-04-20
FNP-U02270,Female,2003-07-13,2026-02-06,Ogun,CMP-005,CH-003,2026-03-16
FNP-U02271,Male,2004-08-09,2026-01-27,Ogun,CMP-004,CH-005,2026-02-10
FNP-U02272,Female,1974-08-21,2026-02-08,Lagos,CMP-002,CH-002,2026-03-02
FNP-U02273,Female,2001-11-04,2026-02-12,Abuja,CMP-006,CH-002,2026-04-16
FNP-U02274,Female,1997-08-12,2026-02-20,Ogun,CMP-003,CH-004,2026-02-20
FNP-U02275,Male,1989-01-16,2026-04-14,Lagos,CMP-003,CH-004,2026-04-21
FNP-U02276,Female,1991-04-12,2026-03-03,Abuja,CMP-002,CH-002,2026-04-05
FNP-U02277,Female,1973-07-05,2026-02-19,Abuja,CMP-006,CH-002,2026-03-23
FNP-U02278,Male,1995-07-21,2026-02-22,Lagos,CMP-005,CH-003,2026-03-19
FNP-U02279,Female,1995-02-03,2026-02-16,Ogun,CMP-001,CH-001,2026-04-17
FNP-U02280,Male,1985-06-08,2026-02-08,Lagos,CMP-003,CH-004,2026-02-17
FNP-U02281,Male,1971-09-19,2026-02-28,Ogun,CMP-006,CH-002,2026-04-14
FNP-U02282,Male,2007-08-20,2026-02-02,Lagos,CMP-004,CH-005,2026-04-25
FNP-U02283,Male,1979-08-27,2026-04-17,Abuja,CMP-003,CH-004,2026-04-17
FNP-U02284,Female,2001-09-10,2026-02-04,Ogun,CMP-004,CH-005,2026-02-15
FNP-U02285,Male,1998-08-24,2026-02-27,Lagos,CMP-001,CH-001,2026-04-12
FNP-U02286,Male,1973-06-24,2026-03-01,Ogun,CMP-006,CH-002,2026-04-10
FNP-U02287,Male,1976-04-20,2026-03-16,Ogun,CMP-002,CH-002,2026-03-29
FNP-U02288,Female,2008-10-16,2026-04-22,Lagos,CMP-006,CH-002,2026-04-22
FNP-U02289,Male,1984-05-28,2026-02-20,Abuja,CMP-006,CH-002,2026-04-19
FNP-U02290,Female,1973-05-10,2026-04-12,Ogun,CMP-003,CH-004,2026-04-13
FNP-U02291,Male,1993-07-12,2026-04-13,Abuja,CMP-004,CH-005,2026-04-16
FNP-U02292,Male,1985-09-15,2026-04-19,Ogun,CMP-006,CH-002,2026-04-23
FNP-U02293,Female,2007-01-26,2026-02-02,Ogun,CMP-006,CH-002,2026-03-04
FNP-U02294,Male,1975-02-19,2026-04-23,Ogun,CMP-006,CH-002,2026-04-25
FNP-U02295,Female,2003-06-06,2026-03-30,Ogun,CMP-001,CH-001,2026-04-08
FNP-U02296,Male,1993-07-12,2026-02-04,Lagos,CMP-002,CH-002,2026-03-12
FNP-U02297,Male,1993-03-13,2026-02-16,Lagos,CMP-001,CH-001,2026-03-14
FNP-U02298,Female,1984-11-20,2026-03-30,Lagos,CMP-006,CH-002,2026-04-06
FNP-U02299,Female,1978-10-25,2026-04-14,Abuja,CMP-002,CH-002,2026-04-24
FNP-U02300,Female,2005-11-18,2026-02-04,Abuja,CMP-005,CH-003,2026-04-21
FNP-U02301,Male,2001-01-10,2026-03-31,Lagos,CMP-004,CH-005,2026-04-17
FNP-U02302,Female,2001-10-26,2026-03-08,Abuja,CMP-006,CH-002,2026-04-08
FNP-U02303,Male,1997-03-01,2026-02-22,Lagos,CMP-003,CH-004,2026-03-09
FNP-U02304,Female,2005-07-15,2026-02-07,Lagos,CMP-002,CH-002,2026-03-31
FNP-U02305,Female,1991-05-03,2026-04-07,Ogun,CMP-005,CH-003,2026-04-18
FNP-U02306,Female,2003-04-08,2026-04-18,Lagos,CMP-004,CH-005,2026-04-22
FNP-U02307,Male,1982-04-26,2026-02-20,Ogun,CMP-001,CH-001,2026-03-13
FNP-U02308,Male,1986-11-13,2026-03-24,Lagos,CMP-002,CH-002,2026-04-02
FNP-U02309,Male,1975-03-10,2026-02-25,Ogun,CMP-003,CH-004,2026-04-12
FNP-U02310,Female,2001-04-17,2026-02-28,Ogun,CMP-002,CH-002,2026-04-23
FNP-U02311,Female,1993-03-23,2026-03-18,Ogun,CMP-002,CH-002,2026-03-27
FNP-U02312,Male,2004-03-03,2026-03-02,Abuja,CMP-004,CH-005,2026-03-17
FNP-U02313,Male,2006-08-13,2026-04-01,Ogun,CMP-001,CH-001,2026-04-09
FNP-U02314,Male,1991-10-25,2026-02-03,Ogun,CMP-005,CH-003,2026-02-15
FNP-U02315,Female,2008-02-08,2026-04-01,Ogun,CMP-006,CH-002,2026-04-25
FNP-U02316,Female,1983-08-03,2026-01-29,Lagos,CMP-003,CH-004,2026-03-25
FNP-U02317,Female,1981-06-23,2026-01-30,Lagos,CMP-003,CH-004,2026-02-16
FNP-U02318,Female,1991-09-04,2026-02-03,Ogun,CMP-005,CH-003,2026-04-24
FNP-U02319,Male,1997-11-16,2026-03-24,Ogun,CMP-001,CH-001,2026-04-22
FNP-U02320,Female,1977-08-09,2026-02-04,Lagos,CMP-003,CH-004,2026-02-17
FNP-U02321,Female,2002-05-10,2026-03-28,Ogun,CMP-001,CH-001,2026-04-07
FNP-U02322,Female,2002-01-23,2026-02-27,Ogun,CMP-005,CH-003,2026-03-05
FNP-U02323,Male,2008-01-02,2026-03-30,Ogun,CMP-005,CH-003,2026-03-30
FNP-U02324,Female,1997-10-06,2026-03-20,Lagos,CMP-002,CH-002,2026-03-28
FNP-U02325,Male,2006-11-21,2026-03-19,Abuja,CMP-004,CH-005,2026-03-27
FNP-U02326,Male,1999-09-05,2026-02-18,Lagos,CMP-002,CH-002,2026-03-30
FNP-U02327,Female,2008-06-06,2026-03-05,Abuja,CMP-001,CH-001,2026-04-22
FNP-U02328,Male,2005-03-05,2026-03-28,Lagos,CMP-004,CH-005,2026-04-14
FNP-U02329,Male,1996-02-28,2026-02-23,Lagos,CMP-004,CH-005,2026-03-25
FNP-U02330,Female,1999-02-09,2026-04-07,Abuja,CMP-003,CH-004,2026-04-07
FNP-U02331,Male,1993-04-23,2026-02-09,Ogun,CMP-004,CH-005,2026-02-14
FNP-U02332,Female,1984-02-27,2026-01-28,Abuja,CMP-006,CH-002,2026-04-03
FNP-U02333,Male,2004-10-01,2026-01-29,Abuja,CMP-001,CH-001,2026-02-28
FNP-U02334,Male,1977-12-11,2026-02-17,Lagos,CMP-003,CH-004,2026-02-18
FNP-U02335,Male,2006-04-23,2026-03-28,Abuja,CMP-001,CH-001,2026-04-23
FNP-U02336,Female,2003-11-08,2026-04-09,Lagos,CMP-006,CH-002,2026-04-19
FNP-U02337,Female,2006-04-20,2026-03-01,Ogun,CMP-004,CH-005,2026-04-08
FNP-U02338,Female,1995-11-18,2026-04-04,Abuja,CMP-003,CH-004,2026-04-16
FNP-U02339,Male,2001-08-15,2026-02-24,Lagos,CMP-005,CH-003,2026-03-26
FNP-U02340,Male,2002-04-03,2026-02-02,Ogun,CMP-006,CH-002,2026-02-11
FNP-U02341,Female,2005-08-01,2026-04-08,Abuja,CMP-002,CH-002,2026-04-12
FNP-U02342,Female,1993-01-11,2026-03-24,Ogun,CMP-006,CH-002,2026-04-05
FNP-U02343,Female,1995-07-08,2026-03-21,Abuja,CMP-005,CH-003,2026-03-29
FNP-U02344,Female,1989-06-23,2026-04-12,Abuja,CMP-002,CH-002,2026-04-13
FNP-U02345,Male,1995-02-13,2026-03-24,Lagos,CMP-004,CH-005,2026-04-25
FNP-U02346,Male,1995-03-23,2026-02-03,Abuja,CMP-006,CH-002,2026-02-17
FNP-U02347,Male,1990-12-17,2026-04-10,Lagos,CMP-006,CH-002,2026-04-17
FNP-U02348,Male,1994-08-28,2026-02-23,Abuja,CMP-006,CH-002,2026-03-24
FNP-U02349,Female,1986-12-05,2026-04-24,Ogun,CMP-004,CH-005,2026-04-25
FNP-U02350,Male,1972-02-08,2026-02-03,Ogun,CMP-002,CH-002,2026-02-04
FNP-U02351,Male,1987-12-16,2026-03-16,Abuja,CMP-002,CH-002,2026-04-13
FNP-U02352,Male,1993-08-10,2026-04-24,Abuja,CMP-004,CH-005,2026-04-24
FNP-U02353,Female,2001-09-24,2026-02-15,Lagos,CMP-005,CH-003,2026-03-11
FNP-U02354,Male,1974-04-25,2026-03-19,Abuja,CMP-002,CH-002,2026-03-27
FNP-U02355,Female,1994-12-12,2026-02-06,Abuja,CMP-003,CH-004,2026-03-15
FNP-U02356,Male,1976-02-13,2026-02-19,Lagos,CMP-006,CH-002,2026-04-06
FNP-U02357,Male,1989-04-23,2026-01-28,Lagos,CMP-003,CH-004,2026-02-20
FNP-U02358,Male,1972-04-14,2026-04-05,Abuja,CMP-003,CH-004,2026-04-13
FNP-U02359,Female,2007-12-17,2026-01-31,Abuja,CMP-001,CH-001,2026-03-14
FNP-U02360,Male,1998-01-24,2026-02-19,Abuja,CMP-005,CH-003,2026-04-13
FNP-U02361,Male,1996-11-19,2026-02-26,Abuja,CMP-002,CH-002,2026-03-04
FNP-U02362,Female,2008-03-01,2026-01-30,Abuja,CMP-004,CH-005,2026-03-10
FNP-U02363,Female,1997-06-13,2026-03-21,Lagos,CMP-003,CH-004,2026-03-24
FNP-U02364,Male,2003-05-13,2026-01-30,Ogun,CMP-004,CH-005,2026-02-03
FNP-U02365,Female,1994-03-15,2026-03-17,Abuja,CMP-006,CH-002,2026-04-09
FNP-U02366,Male,1998-02-25,2026-02-11,Abuja,CMP-005,CH-003,2026-02-12
FNP-U02367,Female,1981-02-12,2026-03-07,Abuja,CMP-003,CH-004,2026-03-20
FNP-U02368,Male,1999-01-28,2026-04-11,Abuja,CMP-002,CH-002,2026-04-20
FNP-U02369,Female,1973-08-13,2026-03-21,Ogun,CMP-003,CH-004,2026-04-06
FNP-U02370,Male,2007-10-27,2026-04-04,Ogun,CMP-002,CH-002,2026-04-25
FNP-U02371,Male,1986-02-27,2026-02-11,Abuja,CMP-003,CH-004,2026-03-12
FNP-U02372,Female,1987-02-24,2026-02-25,Abuja,CMP-003,CH-004,2026-03-30
FNP-U02373,Male,2008-09-12,2026-03-03,Abuja,CMP-004,CH-005,2026-03-06
FNP-U02374,Female,1993-02-09,2026-04-02,Ogun,CMP-003,CH-004,2026-04-22
FNP-U02375,Male,1996-08-08,2026-03-10,Abuja,CMP-003,CH-004,2026-03-27
FNP-U02376,Male,1994-01-22,2026-02-05,Abuja,CMP-001,CH-001,2026-03-22
FNP-U02377,Female,1984-04-09,2026-02-27,Ogun,CMP-006,CH-002,2026-03-24
FNP-U02378,Male,1993-06-07,2026-02-03,Lagos,CMP-001,CH-001,2026-03-09
FNP-U02379,Male,1998-11-11,2026-03-14,Lagos,CMP-005,CH-003,2026-04-12
FNP-U02380,Female,1993-04-05,2026-02-13,Abuja,CMP-005,CH-003,2026-02-28
FNP-U02381,Male,1992-03-04,2026-03-08,Abuja,CMP-001,CH-001,2026-04-05
FNP-U02382,Female,1995-12-24,2026-02-24,Ogun,CMP-003,CH-004,2026-04-12
FNP-U02383,Male,1999-01-14,2026-04-03,Lagos,CMP-005,CH-003,2026-04-25
FNP-U02384,Male,1977-07-20,2026-03-16,Ogun,CMP-006,CH-002,2026-04-23
FNP-U02385,Male,2003-05-23,2026-04-13,Ogun,CMP-005,CH-003,2026-04-13
FNP-U02386,Male,1997-04-12,2026-02-09,Lagos,CMP-001,CH-001,2026-03-18
FNP-U02387,Female,1999-06-17,2026-02-03,Abuja,CMP-004,CH-005,2026-04-19
FNP-U02388,Male,1996-03-17,2026-01-31,Lagos,CMP-006,CH-002,2026-04-18
FNP-U02389,Male,1993-07-26,2026-04-05,Abuja,CMP-005,CH-003,2026-04-17
FNP-U02390,Female,2004-08-18,2026-04-12,Ogun,CMP-002,CH-002,2026-04-19
FNP-U02391,Female,2003-03-02,2026-03-30,Lagos,CMP-001,CH-001,2026-04-22
FNP-U02392,Female,2002-12-25,2026-02-13,Ogun,CMP-006,CH-002,2026-03-23
FNP-U02393,Male,1997-02-20,2026-04-22,Abuja,CMP-005,CH-003,2026-04-25
FNP-U02394,Male,1987-03-02,2026-03-13,Lagos,CMP-002,CH-002,2026-04-07
FNP-U02395,Female,1997-02-01,2026-01-28,Lagos,CMP-001,CH-001,2026-02-23
FNP-U02396,Male,1992-03-17,2026-02-17,Lagos,CMP-002,CH-002,2026-04-01
FNP-U02397,Female,1995-09-14,2026-03-21,Abuja,CMP-003,CH-004,2026-04-23
FNP-U02398,Female,1985-11-20,2026-03-09,Ogun,CMP-001,CH-001,2026-04-05
FNP-U02399,Male,2005-01-20,2026-04-21,Lagos,CMP-004,CH-005,2026-04-25
FNP-U02400,Female,2004-05-20,2026-04-16,Lagos,CMP-001,CH-001,2026-04-19
FNP-U02401,Female,2005-10-04,2026-02-10,Lagos,CMP-006,CH-002,2026-03-13
FNP-U02402,Female,1998-05-20,2026-02-02,Ogun,CMP-004,CH-005,2026-02-10
FNP-U02403,Male,1977-07-02,2026-03-11,Abuja,CMP-006,CH-002,2026-03-26
FNP-U02404,Male,1983-01-24,2026-03-08,Abuja,CMP-003,CH-004,2026-04-21
FNP-U02405,Male,1978-08-15,2026-02-01,Lagos,CMP-003,CH-004,2026-03-03
FNP-U02406,Male,2006-12-03,2026-02-02,Abuja,CMP-002,CH-002,2026-03-09
FNP-U02407,Female,2006-06-05,2026-02-09,Lagos,CMP-002,CH-002,2026-02-20
FNP-U02408,Male,2001-09-02,2026-03-06,Ogun,CMP-005,CH-003,2026-03-31
FNP-U02409,Female,1977-06-12,2026-01-29,Lagos,CMP-002,CH-002,2026-03-05
FNP-U02410,Female,1987-02-03,2026-02-24,Lagos,CMP-002,CH-002,2026-04-07
FNP-U02411,Female,1982-05-25,2026-01-27,Ogun,CMP-006,CH-002,2026-03-28
FNP-U02412,Male,2004-02-18,2026-04-02,Ogun,CMP-001,CH-001,2026-04-09
FNP-U02413,Female,2008-08-26,2026-04-22,Abuja,CMP-004,CH-005,2026-04-23
FNP-U02414,Female,2006-06-25,2026-03-06,Ogun,CMP-006,CH-002,2026-03-22
FNP-U02415,Male,1985-09-08,2026-04-08,Ogun,CMP-001,CH-001,2026-04-08
FNP-U02416,Female,1974-02-26,2026-03-17,Ogun,CMP-002,CH-002,2026-03-23
FNP-U02417,Female,1981-02-03,2026-03-05,Ogun,CMP-006,CH-002,2026-04-15
FNP-U02418,Male,1990-04-04,2026-01-29,Ogun,CMP-002,CH-002,2026-03-08
FNP-U02419,Female,2001-08-11,2026-02-20,Lagos,CMP-005,CH-003,2026-04-08
FNP-U02420,Male,1978-07-19,2026-02-02,Abuja,CMP-006,CH-002,2026-03-22
FNP-U02421,Male,1996-08-20,2026-02-07,Lagos,CMP-003,CH-004,2026-03-04
FNP-U02422,Female,2001-03-28,2026-04-12,Ogun,CMP-005,CH-003,2026-04-24
FNP-U02423,Male,2000-01-15,2026-02-28,Ogun,CMP-003,CH-004,2026-04-21
FNP-U02424,Female,1996-07-13,2026-02-08,Abuja,CMP-005,CH-003,2026-03-11
FNP-U02425,Female,1981-12-11,2026-04-12,Lagos,CMP-002,CH-002,2026-04-17
FNP-U02426,Female,1981-02-23,2026-02-18,Lagos,CMP-003,CH-004,2026-03-05
FNP-U02427,Male,2000-04-18,2026-02-18,Abuja,CMP-004,CH-005,2026-04-11
FNP-U02428,Female,2001-10-16,2026-04-25,Ogun,CMP-005,CH-003,2026-04-25
FNP-U02429,Female,2004-05-12,2026-02-09,Ogun,CMP-005,CH-003,2026-03-31
FNP-U02430,Male,1998-09-07,2026-02-19,Abuja,CMP-002,CH-002,2026-03-14
FNP-U02431,Female,1980-12-22,2026-03-16,Lagos,CMP-002,CH-002,2026-03-26
FNP-U02432,Male,1993-12-22,2026-03-03,Abuja,CMP-001,CH-001,2026-03-03
FNP-U02433,Male,2000-09-17,2026-04-04,Abuja,CMP-003,CH-004,2026-04-06
FNP-U02434,Male,1992-12-16,2026-02-07,Abuja,CMP-004,CH-005,2026-04-06
FNP-U02435,Female,1986-08-24,2026-02-16,Abuja,CMP-002,CH-002,2026-03-24
FNP-U02436,Female,1998-08-06,2026-04-18,Abuja,CMP-006,CH-002,2026-04-25
FNP-U02437,Male,2002-02-04,2026-02-20,Lagos,CMP-004,CH-005,2026-03-01
FNP-U02438,Male,1996-07-25,2026-02-02,Lagos,CMP-001,CH-001,2026-02-07
FNP-U02439,Female,1987-04-27,2026-02-23,Lagos,CMP-002,CH-002,2026-04-23
FNP-U02440,Female,1986-10-01,2026-02-02,Lagos,CMP-001,CH-001,2026-03-26
FNP-U02441,Female,2002-09-20,2026-03-25,Lagos,CMP-005,CH-003,2026-03-30
FNP-U02442,Male,2004-05-22,2026-04-14,Ogun,CMP-003,CH-004,2026-04-14
FNP-U02443,Female,1998-04-17,2026-03-05,Abuja,CMP-001,CH-001,2026-03-08
FNP-U02444,Male,1997-10-12,2026-03-12,Lagos,CMP-004,CH-005,2026-03-22
FNP-U02445,Male,1993-03-20,2026-02-22,Ogun,CMP-004,CH-005,2026-03-21
FNP-U02446,Male,1991-02-01,2026-03-03,Ogun,CMP-002,CH-002,2026-04-20
FNP-U02447,Male,1973-04-08,2026-03-03,Abuja,CMP-006,CH-002,2026-04-10
FNP-U02448,Male,1972-02-05,2026-02-06,Abuja,CMP-002,CH-002,2026-04-13
FNP-U02449,Male,1977-03-24,2026-02-02,Ogun,CMP-006,CH-002,2026-03-15
FNP-U02450,Female,1992-11-03,2026-02-19,Abuja,CMP-003,CH-004,2026-04-04
FNP-U02451,Male,1990-04-03,2026-03-27,Abuja,CMP-006,CH-002,2026-04-22
FNP-U02452,Male,1984-10-10,2026-02-18,Abuja,CMP-006,CH-002,2026-04-17
FNP-U02453,Male,2005-08-09,2026-04-23,Lagos,CMP-002,CH-002,2026-04-25
FNP-U02454,Male,1987-02-12,2026-03-02,Abuja,CMP-003,CH-004,2026-03-03
FNP-U02455,Male,1998-07-13,2026-03-18,Abuja,CMP-003,CH-004,2026-04-06
FNP-U02456,Male,2007-03-09,2026-03-14,Abuja,CMP-005,CH-003,2026-03-21
FNP-U02457,Female,1982-09-27,2026-01-27,Ogun,CMP-001,CH-001,2026-02-16
FNP-U02458,Male,1994-07-03,2026-04-24,Abuja,CMP-003,CH-004,2026-04-25
FNP-U02459,Male,2003-11-25,2026-04-21,Abuja,CMP-003,CH-004,2026-04-25
FNP-U02460,Female,1990-07-09,2026-04-04,Abuja,CMP-004,CH-005,2026-04-12
FNP-U02461,Female,2000-06-18,2026-04-10,Ogun,CMP-006,CH-002,2026-04-23
FNP-U02462,Female,1999-02-09,2026-04-03,Abuja,CMP-005,CH-003,2026-04-19
FNP-U02463,Female,1986-07-26,2026-02-11,Abuja,CMP-001,CH-001,2026-02-13
FNP-U02464,Male,1978-03-16,2026-02-11,Abuja,CMP-006,CH-002,2026-02-17
FNP-U02465,Female,1998-10-04,2026-04-03,Ogun,CMP-005,CH-003,2026-04-07
FNP-U02466,Female,1984-08-03,2026-02-25,Ogun,CMP-001,CH-001,2026-03-05
FNP-U02467,Female,1980-09-09,2026-03-31,Ogun,CMP-006,CH-002,2026-04-13
FNP-U02468,Female,2002-12-12,2026-03-30,Ogun,CMP-003,CH-004,2026-04-19
FNP-U02469,Male,1999-10-04,2026-02-28,Abuja,CMP-003,CH-004,2026-03-04
FNP-U02470,Female,1990-05-21,2026-03-15,Ogun,CMP-001,CH-001,2026-04-13
FNP-U02471,Female,1999-03-11,2026-03-03,Abuja,CMP-001,CH-001,2026-04-20
FNP-U02472,Female,2008-09-28,2026-03-21,Abuja,CMP-006,CH-002,2026-03-27
FNP-U02473,Male,1986-03-22,2026-04-04,Lagos,CMP-002,CH-002,2026-04-11
FNP-U02474,Female,1983-06-03,2026-04-07,Abuja,CMP-001,CH-001,2026-04-09
FNP-U02475,Female,1973-04-19,2026-03-19,Lagos,CMP-003,CH-004,2026-03-29
FNP-U02476,Female,2002-11-23,2026-03-18,Lagos,CMP-004,CH-005,2026-04-22
FNP-U02477,Male,1998-12-11,2026-03-08,Ogun,CMP-006,CH-002,2026-03-27
FNP-U02478,Female,1992-11-15,2026-02-12,Lagos,CMP-004,CH-005,2026-02-14
FNP-U02479,Male,1982-08-17,2026-02-20,Lagos,CMP-001,CH-001,2026-03-10
FNP-U02480,Female,1999-12-16,2026-02-05,Lagos,CMP-001,CH-001,2026-03-28
FNP-U02481,Male,2005-09-28,2026-02-16,Abuja,CMP-001,CH-001,2026-04-19
FNP-U02482,Female,1990-03-24,2026-04-20,Lagos,CMP-006,CH-002,2026-04-24
FNP-U02483,Male,1987-08-24,2026-04-21,Abuja,CMP-003,CH-004,2026-04-21
FNP-U02484,Female,1997-05-27,2026-04-21,Lagos,CMP-003,CH-004,2026-04-21
FNP-U02485,Female,1996-08-11,2026-02-23,Lagos,CMP-003,CH-004,2026-03-27
FNP-U02486,Male,1983-04-27,2026-01-28,Lagos,CMP-003,CH-004,2026-02-23
FNP-U02487,Male,1999-07-12,2026-04-09,Ogun,CMP-006,CH-002,2026-04-15
FNP-U02488,Male,1979-12-07,2026-04-20,Ogun,CMP-006,CH-002,2026-04-21
FNP-U02489,Male,1986-12-27,2026-02-01,Ogun,CMP-004,CH-005,2026-03-26
FNP-U02490,Female,1979-10-01,2026-01-26,Lagos,CMP-006,CH-002,2026-02-04
FNP-U02491,Male,2000-08-14,2026-04-14,Lagos,CMP-004,CH-005,2026-04-15
FNP-U02492,Female,1992-02-09,2026-04-19,Ogun,CMP-004,CH-005,2026-04-21
FNP-U02493,Male,2004-04-07,2026-02-18,Lagos,CMP-005,CH-003,2026-03-20
FNP-U02494,Male,2008-05-08,2026-04-08,Lagos,CMP-006,CH-002,2026-04-11
FNP-U02495,Male,2000-02-22,2026-02-22,Lagos,CMP-001,CH-001,2026-04-03
FNP-U02496,Female,1989-09-08,2026-03-01,Abuja,CMP-006,CH-002,2026-03-08
FNP-U02497,Male,1997-05-05,2026-03-22,Lagos,CMP-005,CH-003,2026-04-23
FNP-U02498,Male,1978-05-21,2026-03-22,Ogun,CMP-006,CH-002,2026-04-22
FNP-U02499,Female,1999-02-09,2026-02-15,Abuja,CMP-006,CH-002,2026-04-20
FNP-U02500,Male,1993-11-25,2026-02-06,Abuja,CMP-001,CH-001,2026-02-12
FNP-U02501,Female,2006-06-06,2026-02-17,Lagos,CMP-001,CH-001,2026-03-16
FNP-U02502,Female,2001-08-14,2026-03-22,Ogun,CMP-002,CH-002,2026-04-22
FNP-U02503,Male,1996-01-28,2026-03-13,Abuja,CMP-005,CH-003,2026-04-20
FNP-U02504,Female,2007-10-23,2026-02-24,Abuja,CMP-005,CH-003,2026-03-03
FNP-U02505,Male,2004-04-10,2026-04-20,Abuja,CMP-004,CH-005,2026-04-24
FNP-U02506,Female,2008-05-20,2026-03-17,Abuja,CMP-006,CH-002,2026-04-14
FNP-U02507,Male,1985-06-22,2026-03-18,Ogun,CMP-001,CH-001,2026-04-24
FNP-U02508,Male,1989-11-23,2026-03-07,Abuja,CMP-006,CH-002,2026-04-13
FNP-U02509,Male,1994-01-13,2026-04-13,Abuja,CMP-005,CH-003,2026-04-13
FNP-U02510,Female,1973-06-11,2026-04-18,Ogun,CMP-006,CH-002,2026-04-20
FNP-U02511,Male,1994-08-10,2026-03-11,Abuja,CMP-005,CH-003,2026-03-13
FNP-U02512,Female,1987-10-23,2026-02-07,Lagos,CMP-003,CH-004,2026-03-14
FNP-U02513,Female,1990-07-24,2026-02-25,Ogun,CMP-006,CH-002,2026-04-08
FNP-U02514,Male,1992-03-06,2026-04-19,Ogun,CMP-004,CH-005,2026-04-21
FNP-U02515,Female,2003-11-12,2026-04-06,Lagos,CMP-004,CH-005,2026-04-15
FNP-U02516,Female,1977-11-17,2026-02-17,Abuja,CMP-006,CH-002,2026-03-09
FNP-U02517,Female,1983-04-20,2026-03-10,Ogun,CMP-001,CH-001,2026-04-17
FNP-U02518,Male,1976-12-28,2026-04-09,Lagos,CMP-002,CH-002,2026-04-09
FNP-U02519,Male,2004-02-26,2026-02-14,Ogun,CMP-004,CH-005,2026-03-31
FNP-U02520,Male,1994-03-19,2026-02-14,Abuja,CMP-005,CH-003,2026-04-14
FNP-U02521,Female,2000-06-06,2026-03-30,Ogun,CMP-005,CH-003,2026-04-23
FNP-U02522,Male,2004-03-28,2026-02-27,Lagos,CMP-006,CH-002,2026-03-31
FNP-U02523,Male,2003-11-01,2026-04-11,Lagos,CMP-004,CH-005,2026-04-12
FNP-U02524,Female,1987-02-22,2026-03-15,Lagos,CMP-006,CH-002,2026-03-18
FNP-U02525,Male,1972-12-05,2026-02-17,Lagos,CMP-006,CH-002,2026-03-10
FNP-U02526,Male,1978-08-25,2026-01-31,Lagos,CMP-006,CH-002,2026-04-16
FNP-U02527,Male,1997-06-28,2026-03-03,Abuja,CMP-003,CH-004,2026-03-18
FNP-U02528,Female,1990-07-24,2026-03-08,Abuja,CMP-001,CH-001,2026-03-14
FNP-U02529,Male,2007-10-08,2026-03-05,Lagos,CMP-002,CH-002,2026-03-17
FNP-U02530,Female,2006-02-14,2026-02-05,Lagos,CMP-005,CH-003,2026-03-30
FNP-U02531,Male,2002-06-23,2026-02-10,Ogun,CMP-002,CH-002,2026-03-05
FNP-U02532,Male,1983-09-21,2026-03-29,Ogun,CMP-001,CH-001,2026-04-09
FNP-U02533,Female,1989-06-01,2026-04-18,Abuja,CMP-004,CH-005,2026-04-21
FNP-U02534,Female,1978-02-17,2026-04-12,Ogun,CMP-006,CH-002,2026-04-18
FNP-U02535,Male,1975-12-26,2026-03-05,Lagos,CMP-002,CH-002,2026-04-11
FNP-U02536,Male,1986-01-07,2026-02-03,Lagos,CMP-001,CH-001,2026-04-11
FNP-U02537,Female,1984-08-18,2026-03-21,Lagos,CMP-001,CH-001,2026-03-26
FNP-U02538,Female,2002-11-18,2026-04-19,Ogun,CMP-005,CH-003,2026-04-24
FNP-U02539,Male,1982-03-12,2026-02-01,Ogun,CMP-001,CH-001,2026-03-06
FNP-U02540,Female,1993-01-05,2026-03-30,Ogun,CMP-003,CH-004,2026-04-16
FNP-U02541,Female,1993-04-09,2026-02-01,Abuja,CMP-006,CH-002,2026-03-14
FNP-U02542,Male,1998-06-12,2026-03-17,Ogun,CMP-003,CH-004,2026-04-04
FNP-U02543,Female,1981-10-16,2026-04-14,Lagos,CMP-006,CH-002,2026-04-20
FNP-U02544,Female,1979-01-27,2026-04-13,Lagos,CMP-003,CH-004,2026-04-15
FNP-U02545,Female,1991-06-17,2026-03-20,Abuja,CMP-005,CH-003,2026-03-25
FNP-U02546,Male,1986-09-23,2026-03-03,Ogun,CMP-004,CH-005,2026-03-27
FNP-U02547,Female,2003-07-28,2026-04-14,Lagos,CMP-006,CH-002,2026-04-15
FNP-U02548,Male,1986-02-02,2026-04-23,Ogun,CMP-003,CH-004,2026-04-23
FNP-U02549,Male,1987-06-19,2026-03-13,Lagos,CMP-002,CH-002,2026-04-08
FNP-U02550,Female,1990-04-15,2026-02-03,Abuja,CMP-006,CH-002,2026-03-05
FNP-U02551,Male,1984-04-10,2026-03-28,Ogun,CMP-002,CH-002,2026-04-03
FNP-U02552,Female,1985-06-19,2026-03-05,Lagos,CMP-002,CH-002,2026-03-11
FNP-U02553,Male,1994-09-15,2026-04-20,Lagos,CMP-004,CH-005,2026-04-23
FNP-U02554,Female,1994-11-23,2026-02-25,Abuja,CMP-006,CH-002,2026-04-12
FNP-U02555,Female,2006-10-06,2026-04-06,Lagos,CMP-001,CH-001,2026-04-17
FNP-U02556,Male,1983-06-04,2026-03-20,Abuja,CMP-003,CH-004,2026-04-05
FNP-U02557,Male,1973-03-24,2026-02-13,Abuja,CMP-002,CH-002,2026-04-20
FNP-U02558,Male,1991-10-14,2026-04-20,Lagos,CMP-004,CH-005,2026-04-23
FNP-U02559,Female,1981-03-25,2026-04-13,Ogun,CMP-006,CH-002,2026-04-16
FNP-U02560,Male,1998-09-12,2026-03-29,Ogun,CMP-005,CH-003,2026-04-03
FNP-U02561,Female,1995-07-11,2026-01-28,Ogun,CMP-004,CH-005,2026-02-28
FNP-U02562,Female,2007-03-08,2026-04-23,Lagos,CMP-004,CH-005,2026-04-25
FNP-U02563,Female,1988-12-23,2026-01-30,Abuja,CMP-003,CH-004,2026-02-06
FNP-U02564,Male,2004-11-28,2026-04-20,Abuja,CMP-006,CH-002,2026-04-24
FNP-U02565,Male,1980-03-24,2026-04-07,Ogun,CMP-002,CH-002,2026-04-19
FNP-U02566,Male,1972-05-05,2026-01-30,Abuja,CMP-002,CH-002,2026-03-11
FNP-U02567,Female,2007-08-05,2026-03-18,Ogun,CMP-002,CH-002,2026-04-07
FNP-U02568,Male,1984-03-10,2026-04-13,Lagos,CMP-002,CH-002,2026-04-23
FNP-U02569,Female,1999-04-14,2026-02-21,Ogun,CMP-005,CH-003,2026-04-24
FNP-U02570,Male,2002-08-14,2026-02-05,Lagos,CMP-005,CH-003,2026-03-23
FNP-U02571,Female,1991-09-15,2026-02-03,Lagos,CMP-004,CH-005,2026-04-17
FNP-U02572,Male,1985-05-28,2026-04-10,Lagos,CMP-006,CH-002,2026-04-22
FNP-U02573,Female,1990-04-24,2026-04-10,Ogun,CMP-006,CH-002,2026-04-25
FNP-U02574,Male,2003-01-09,2026-02-14,Abuja,CMP-005,CH-003,2026-03-05
FNP-U02575,Female,1977-08-23,2026-02-03,Abuja,CMP-002,CH-002,2026-03-27
FNP-U02576,Female,2000-03-25,2026-02-23,Lagos,CMP-005,CH-003,2026-03-18
FNP-U02577,Female,2000-04-24,2026-02-19,Abuja,CMP-001,CH-001,2026-03-30
FNP-U02578,Male,1997-04-01,2026-03-26,Lagos,CMP-001,CH-001,2026-04-01
FNP-U02579,Male,2002-04-05,2026-02-15,Abuja,CMP-004,CH-005,2026-03-11
FNP-U02580,Female,1993-01-22,2026-03-14,Lagos,CMP-002,CH-002,2026-04-21
FNP-U02581,Female,1992-02-14,2026-02-09,Ogun,CMP-001,CH-001,2026-03-27
FNP-U02582,Male,1991-07-18,2026-01-31,Abuja,CMP-004,CH-005,2026-02-13
FNP-U02583,Male,2008-04-27,2026-04-25,Ogun,CMP-004,CH-005,2026-04-25
FNP-U02584,Female,1990-10-03,2026-04-25,Abuja,CMP-001,CH-001,2026-04-25
FNP-U02585,Female,2002-01-14,2026-04-09,Lagos,CMP-001,CH-001,2026-04-22
FNP-U02586,Female,1997-07-23,2026-02-07,Lagos,CMP-004,CH-005,2026-03-06
FNP-U02587,Female,1981-05-15,2026-04-01,Ogun,CMP-001,CH-001,2026-04-01
FNP-U02588,Male,2002-08-05,2026-04-04,Abuja,CMP-005,CH-003,2026-04-09
FNP-U02589,Male,1991-06-06,2026-04-13,Ogun,CMP-001,CH-001,2026-04-22
FNP-U02590,Male,1977-01-08,2026-04-23,Ogun,CMP-002,CH-002,2026-04-25
FNP-U02591,Male,2006-05-02,2026-03-21,Ogun,CMP-004,CH-005,2026-04-01
FNP-U02592,Male,1987-05-09,2026-03-27,Lagos,CMP-003,CH-004,2026-03-27
FNP-U02593,Female,2008-03-15,2026-03-31,Lagos,CMP-005,CH-003,2026-04-25
FNP-U02594,Female,2002-01-21,2026-03-27,Abuja,CMP-006,CH-002,2026-04-04
FNP-U02595,Female,1994-04-14,2026-03-08,Ogun,CMP-003,CH-004,2026-03-31
FNP-U02596,Male,1976-08-02,2026-04-12,Abuja,CMP-002,CH-002,2026-04-22
FNP-U02597,Female,1994-05-13,2026-02-05,Ogun,CMP-004,CH-005,2026-03-21
FNP-U02598,Female,2002-02-13,2026-02-04,Abuja,CMP-001,CH-001,2026-02-04
FNP-U02599,Female,1974-06-11,2026-03-31,Ogun,CMP-006,CH-002,2026-04-23
FNP-U02600,Female,1998-02-05,2026-02-19,Ogun,CMP-001,CH-001,2026-04-02
FNP-U02601,Male,1989-03-01,2026-03-04,Lagos,CMP-003,CH-004,2026-03-13
FNP-U02602,Male,1996-12-11,2026-03-28,Ogun,CMP-005,CH-003,2026-03-31
FNP-U02603,Female,1996-07-17,2026-03-06,Abuja,CMP-005,CH-003,2026-03-13
FNP-U02604,Female,2002-03-05,2026-02-23,Lagos,CMP-006,CH-002,2026-04-09
FNP-U02605,Female,2008-01-13,2026-04-24,Ogun,CMP-005,CH-003,2026-04-25
FNP-U02606,Male,1979-06-03,2026-04-17,Abuja,CMP-003,CH-004,2026-04-17
FNP-U02607,Female,2008-02-04,2026-03-03,Abuja,CMP-001,CH-001,2026-03-03
FNP-U02608,Female,2006-09-13,2026-02-01,Ogun,CMP-005,CH-003,2026-03-30
FNP-U02609,Female,1971-03-16,2026-03-12,Ogun,CMP-002,CH-002,2026-03-14
FNP-U02610,Female,2003-12-20,2026-04-06,Lagos,CMP-003,CH-004,2026-04-06
FNP-U02611,Female,1998-04-20,2026-02-06,Ogun,CMP-001,CH-001,2026-03-02
FNP-U02612,Female,1992-06-01,2026-03-16,Abuja,CMP-005,CH-003,2026-04-04
FNP-U02613,Female,1982-04-04,2026-04-07,Abuja,CMP-002,CH-002,2026-04-11
FNP-U02614,Male,1976-11-26,2026-03-07,Ogun,CMP-003,CH-004,2026-04-04
FNP-U02615,Male,1984-06-12,2026-03-23,Lagos,CMP-003,CH-004,2026-03-24
FNP-U02616,Female,1975-07-10,2026-02-08,Abuja,CMP-003,CH-004,2026-03-21
FNP-U02617,Male,2004-02-01,2026-03-28,Abuja,CMP-002,CH-002,2026-04-19
FNP-U02618,Male,1991-11-17,2026-03-15,Lagos,CMP-004,CH-005,2026-03-30
FNP-U02619,Male,1985-11-05,2026-03-18,Ogun,CMP-003,CH-004,2026-04-22
FNP-U02620,Male,1992-11-10,2026-03-14,Lagos,CMP-003,CH-004,2026-03-31
FNP-U02621,Female,1990-01-02,2026-03-03,Lagos,CMP-003,CH-004,2026-03-25
FNP-U02622,Male,1993-10-14,2026-04-24,Lagos,CMP-003,CH-004,2026-04-24
FNP-U02623,Female,1988-05-07,2026-03-15,Abuja,CMP-001,CH-001,2026-04-05
FNP-U02624,Female,1999-07-01,2026-03-16,Lagos,CMP-001,CH-001,2026-04-11
FNP-U02625,Female,1991-04-18,2026-03-06,Ogun,CMP-005,CH-003,2026-04-07
FNP-U02626,Female,1997-10-22,2026-03-10,Abuja,CMP-004,CH-005,2026-04-01
FNP-U02627,Female,1999-12-11,2026-02-15,Ogun,CMP-005,CH-003,2026-04-15
FNP-U02628,Male,2007-06-26,2026-04-19,Lagos,CMP-005,CH-003,2026-04-22
FNP-U02629,Female,1987-02-28,2026-02-02,Abuja,CMP-004,CH-005,2026-04-07
FNP-U02630,Male,1994-12-25,2026-04-17,Lagos,CMP-004,CH-005,2026-04-23
FNP-U02631,Female,1998-08-16,2026-03-05,Lagos,CMP-005,CH-003,2026-04-02
FNP-U02632,Male,1990-10-27,2026-02-12,Abuja,CMP-001,CH-001,2026-02-13
FNP-U02633,Female,1973-08-20,2026-03-18,Lagos,CMP-006,CH-002,2026-04-21
FNP-U02634,Male,2005-02-27,2026-02-04,Lagos,CMP-005,CH-003,2026-02-26
FNP-U02635,Male,1977-10-26,2026-04-13,Ogun,CMP-002,CH-002,2026-04-20
FNP-U02636,Male,2006-07-02,2026-03-01,Lagos,CMP-006,CH-002,2026-04-13
FNP-U02637,Female,1978-04-23,2026-01-31,Lagos,CMP-002,CH-002,2026-03-10
FNP-U02638,Female,1988-02-18,2026-04-09,Lagos,CMP-003,CH-004,2026-04-12
FNP-U02639,Female,1978-07-24,2026-04-18,Lagos,CMP-002,CH-002,2026-04-24
FNP-U02640,Female,1986-07-07,2026-03-08,Lagos,CMP-002,CH-002,2026-03-15
FNP-U02641,Male,2003-08-19,2026-04-15,Abuja,CMP-001,CH-001,2026-04-20
FNP-U02642,Male,2005-08-19,2026-02-24,Lagos,CMP-005,CH-003,2026-03-04
FNP-U02643,Male,1994-03-24,2026-04-07,Abuja,CMP-004,CH-005,2026-04-10
FNP-U02644,Male,1973-11-03,2026-03-14,Ogun,CMP-003,CH-004,2026-03-16
FNP-U02645,Male,1989-03-08,2026-04-01,Lagos,CMP-006,CH-002,2026-04-11
FNP-U02646,Male,1993-02-20,2026-04-20,Abuja,CMP-005,CH-003,2026-04-23
FNP-U02647,Female,1999-06-15,2026-04-21,Ogun,CMP-005,CH-003,2026-04-24
FNP-U02648,Female,2006-10-28,2026-04-09,Lagos,CMP-004,CH-005,2026-04-19
FNP-U02649,Male,2008-11-24,2026-01-29,Lagos,CMP-001,CH-001,2026-02-09
FNP-U02650,Male,1996-09-26,2026-02-02,Abuja,CMP-002,CH-002,2026-04-25
FNP-U02651,Female,1972-10-20,2026-01-26,Ogun,CMP-003,CH-004,2026-03-20
FNP-U02652,Male,2004-03-20,2026-02-18,Lagos,CMP-005,CH-003,2026-04-09
FNP-U02653,Male,1997-07-17,2026-03-15,Lagos,CMP-005,CH-003,2026-03-24
FNP-U02654,Female,1990-11-06,2026-03-02,Lagos,CMP-001,CH-001,2026-03-13
FNP-U02655,Female,2006-08-16,2026-02-03,Ogun,CMP-004,CH-005,2026-03-16
FNP-U02656,Male,2003-07-18,2026-03-07,Ogun,CMP-002,CH-002,2026-03-18
FNP-U02657,Female,1995-02-17,2026-04-01,Lagos,CMP-002,CH-002,2026-04-02
FNP-U02658,Female,1974-05-24,2026-02-27,Ogun,CMP-002,CH-002,2026-04-24
FNP-U02659,Female,1984-05-08,2026-03-04,Ogun,CMP-006,CH-002,2026-03-23
FNP-U02660,Female,1996-10-14,2026-04-08,Abuja,CMP-005,CH-003,2026-04-10
FNP-U02661,Female,2003-02-25,2026-04-17,Abuja,CMP-004,CH-005,2026-04-24
FNP-U02662,Male,1996-03-04,2026-04-25,Lagos,CMP-005,CH-003,2026-04-25
FNP-U02663,Female,2007-02-07,2026-03-10,Ogun,CMP-004,CH-005,2026-04-18
FNP-U02664,Female,2003-03-07,2026-02-10,Abuja,CMP-004,CH-005,2026-04-09
FNP-U02665,Male,1986-06-06,2026-04-14,Abuja,CMP-001,CH-001,2026-04-23
FNP-U02666,Female,1986-11-18,2026-03-16,Lagos,CMP-002,CH-002,2026-03-16
FNP-U02667,Female,1996-05-13,2026-03-13,Lagos,CMP-004,CH-005,2026-04-10
FNP-U02668,Female,1975-05-28,2026-01-26,Ogun,CMP-003,CH-004,2026-03-21
FNP-U02669,Female,1976-07-09,2026-02-10,Lagos,CMP-006,CH-002,2026-02-18
FNP-U02670,Female,1995-06-24,2026-01-28,Lagos,CMP-005,CH-003,2026-04-25
FNP-U02671,Male,1991-05-19,2026-04-22,Lagos,CMP-002,CH-002,2026-04-24
FNP-U02672,Female,2004-07-19,2026-02-24,Abuja,CMP-003,CH-004,2026-03-26
FNP-U02673,Female,1991-08-26,2026-02-11,Lagos,CMP-005,CH-003,2026-04-01
FNP-U02674,Male,1987-05-08,2026-02-28,Abuja,CMP-001,CH-001,2026-02-28
FNP-U02675,Male,1997-05-14,2026-01-27,Ogun,CMP-003,CH-004,2026-04-12
FNP-U02676,Female,1996-02-01,2026-04-01,Lagos,CMP-001,CH-001,2026-04-16
FNP-U02677,Male,1991-04-02,2026-03-21,Ogun,CMP-005,CH-003,2026-04-23
FNP-U02678,Male,1976-02-02,2026-03-24,Lagos,CMP-006,CH-002,2026-04-21
FNP-U02679,Female,1989-08-18,2026-03-16,Lagos,CMP-004,CH-005,2026-04-11
FNP-U02680,Female,2000-12-07,2026-01-30,Lagos,CMP-002,CH-002,2026-02-24
FNP-U02681,Female,1998-05-22,2026-03-07,Abuja,CMP-001,CH-001,2026-04-12
FNP-U02682,Male,2005-06-20,2026-02-12,Ogun,CMP-002,CH-002,2026-04-12
FNP-U02683,Male,1992-03-05,2026-02-20,Lagos,CMP-003,CH-004,2026-04-22
FNP-U02684,Male,1981-08-20,2026-04-12,Lagos,CMP-001,CH-001,2026-04-21
FNP-U02685,Female,1992-05-12,2026-03-17,Ogun,CMP-006,CH-002,2026-03-19
FNP-U02686,Male,1989-09-28,2026-03-26,Ogun,CMP-004,CH-005,2026-03-28
FNP-U02687,Male,1973-04-21,2026-03-02,Ogun,CMP-002,CH-002,2026-03-29
FNP-U02688,Female,1994-08-14,2026-03-24,Abuja,CMP-003,CH-004,2026-04-19
FNP-U02689,Male,2004-05-04,2026-02-28,Ogun,CMP-004,CH-005,2026-03-09
FNP-U02690,Female,1999-05-25,2026-03-07,Ogun,CMP-001,CH-001,2026-03-23
FNP-U02691,Female,2001-12-11,2026-03-11,Lagos,CMP-003,CH-004,2026-03-24
FNP-U02692,Female,1980-12-13,2026-04-02,Ogun,CMP-002,CH-002,2026-04-16
FNP-U02693,Female,1989-01-17,2026-03-24,Lagos,CMP-001,CH-001,2026-03-26
FNP-U02694,Female,1989-07-21,2026-03-23,Ogun,CMP-003,CH-004,2026-04-13
FNP-U02695,Female,1984-04-07,2026-02-28,Abuja,CMP-001,CH-001,2026-03-04
FNP-U02696,Female,2005-03-18,2026-02-28,Abuja,CMP-005,CH-003,2026-03-04
FNP-U02697,Female,1980-09-06,2026-03-28,Abuja,CMP-002,CH-002,2026-04-06
FNP-U02698,Male,1996-08-28,2026-04-12,Lagos,CMP-006,CH-002,2026-04-19
FNP-U02699,Female,1999-03-24,2026-02-15,Ogun,CMP-005,CH-003,2026-03-02
FNP-U02700,Female,2000-11-25,2026-02-20,Abuja,CMP-005,CH-003,2026-03-06
FNP-U02701,Male,2005-07-07,2026-02-19,Abuja,CMP-002,CH-002,2026-03-06
FNP-U02702,Female,1985-03-21,2026-03-26,Abuja,CMP-003,CH-004,2026-04-20
FNP-U02703,Female,1997-11-19,2026-03-13,Lagos,CMP-004,CH-005,2026-04-25
FNP-U02704,Male,1983-04-25,2026-04-24,Abuja,CMP-006,CH-002,2026-04-24
FNP-U02705,Female,2007-10-28,2026-02-04,Abuja,CMP-002,CH-002,2026-03-10
FNP-U02706,Female,1992-11-01,2026-03-26,Ogun,CMP-005,CH-003,2026-04-20
FNP-U02707,Female,1993-09-21,2026-03-19,Ogun,CMP-002,CH-002,2026-04-09
FNP-U02708,Female,1981-05-12,2026-02-15,Ogun,CMP-006,CH-002,2026-04-23
FNP-U02709,Male,1995-05-25,2026-02-12,Lagos,CMP-006,CH-002,2026-03-30
FNP-U02710,Male,2007-09-27,2026-02-21,Ogun,CMP-005,CH-003,2026-04-01
FNP-U02711,Female,1995-06-11,2026-04-19,Abuja,CMP-005,CH-003,2026-04-23
FNP-U02712,Female,1997-10-19,2026-04-03,Lagos,CMP-006,CH-002,2026-04-13
FNP-U02713,Male,2007-08-23,2026-04-21,Lagos,CMP-004,CH-005,2026-04-24
FNP-U02714,Male,1976-09-27,2026-02-22,Lagos,CMP-003,CH-004,2026-04-19
FNP-U02715,Female,1994-09-15,2026-03-07,Ogun,CMP-004,CH-005,2026-03-07
FNP-U02716,Male,1998-09-07,2026-02-02,Abuja,CMP-005,CH-003,2026-03-24
FNP-U02717,Female,1989-11-05,2026-04-17,Lagos,CMP-003,CH-004,2026-04-22
FNP-U02718,Male,2007-09-18,2026-02-14,Abuja,CMP-004,CH-005,2026-03-31
FNP-U02719,Female,2007-07-26,2026-02-05,Ogun,CMP-001,CH-001,2026-03-23
FNP-U02720,Female,1983-08-23,2026-04-04,Ogun,CMP-003,CH-004,2026-04-23
FNP-U02721,Female,2007-08-05,2026-01-31,Ogun,CMP-006,CH-002,2026-03-29
FNP-U02722,Female,1988-04-07,2026-03-28,Ogun,CMP-001,CH-001,2026-04-13
FNP-U02723,Female,1987-07-18,2026-03-29,Ogun,CMP-001,CH-001,2026-04-08
FNP-U02724,Male,1983-11-27,2026-03-29,Lagos,CMP-006,CH-002,2026-04-20
FNP-U02725,Male,1998-02-17,2026-03-05,Ogun,CMP-001,CH-001,2026-03-16
FNP-U02726,Male,2004-03-18,2026-03-03,Ogun,CMP-004,CH-005,2026-04-16
FNP-U02727,Female,2000-04-06,2026-01-29,Lagos,CMP-006,CH-002,2026-03-28
FNP-U02728,Male,1979-08-05,2026-04-10,Abuja,CMP-003,CH-004,2026-04-20
FNP-U02729,Female,1992-07-10,2026-04-18,Abuja,CMP-005,CH-003,2026-04-24
FNP-U02730,Male,1998-01-08,2026-02-28,Lagos,CMP-006,CH-002,2026-04-14
FNP-U02731,Female,1985-11-03,2026-02-16,Abuja,CMP-001,CH-001,2026-04-07
FNP-U02732,Female,1982-07-10,2026-03-11,Lagos,CMP-006,CH-002,2026-03-12
FNP-U02733,Female,2005-12-07,2026-03-25,Abuja,CMP-004,CH-005,2026-04-09
FNP-U02734,Female,2004-03-22,2026-02-18,Abuja,CMP-004,CH-005,2026-04-03
FNP-U02735,Male,2008-07-23,2026-04-10,Lagos,CMP-004,CH-005,2026-04-11
FNP-U02736,Male,1980-01-25,2026-02-05,Lagos,CMP-002,CH-002,2026-03-25
FNP-U02737,Male,1989-02-09,2026-04-23,Ogun,CMP-002,CH-002,2026-04-23
FNP-U02738,Male,1997-09-12,2026-04-10,Abuja,CMP-001,CH-001,2026-04-22
FNP-U02739,Female,1979-03-26,2026-04-02,Ogun,CMP-003,CH-004,2026-04-07
FNP-U02740,Male,2008-06-28,2026-02-18,Ogun,CMP-001,CH-001,2026-04-16
FNP-U02741,Female,2008-01-07,2026-04-05,Ogun,CMP-001,CH-001,2026-04-14
FNP-U02742,Male,2002-07-20,2026-04-21,Ogun,CMP-004,CH-005,2026-04-23
FNP-U02743,Male,1973-05-01,2026-01-28,Ogun,CMP-002,CH-002,2026-03-28
FNP-U02744,Male,2005-03-17,2026-01-28,Abuja,CMP-001,CH-001,2026-03-25
FNP-U02745,Male,1993-06-11,2026-04-15,Lagos,CMP-004,CH-005,2026-04-19
FNP-U02746,Female,1971-12-22,2026-04-01,Lagos,CMP-006,CH-002,2026-04-13
FNP-U02747,Male,1974-06-10,2026-03-23,Ogun,CMP-002,CH-002,2026-03-24
FNP-U02748,Female,1981-04-18,2026-02-26,Abuja,CMP-003,CH-004,2026-03-23
FNP-U02749,Male,1981-01-06,2026-03-28,Ogun,CMP-001,CH-001,2026-03-31
FNP-U02750,Male,2002-02-07,2026-02-22,Abuja,CMP-003,CH-004,2026-03-18
FNP-U02751,Male,1995-04-19,2026-02-08,Lagos,CMP-003,CH-004,2026-02-09
FNP-U02752,Female,2004-08-22,2026-02-08,Lagos,CMP-002,CH-002,2026-04-19
FNP-U02753,Female,1982-07-16,2026-03-22,Abuja,CMP-003,CH-004,2026-03-26
FNP-U02754,Female,2002-09-28,2026-02-25,Ogun,CMP-001,CH-001,2026-03-24
FNP-U02755,Male,1999-01-09,2026-03-15,Lagos,CMP-002,CH-002,2026-04-03
FNP-U02756,Male,1983-09-23,2026-02-21,Lagos,CMP-003,CH-004,2026-02-24
FNP-U02757,Female,1989-06-13,2026-04-02,Abuja,CMP-004,CH-005,2026-04-13
FNP-U02758,Male,1973-05-09,2026-03-29,Ogun,CMP-003,CH-004,2026-04-24
FNP-U02759,Female,2003-02-16,2026-02-23,Ogun,CMP-001,CH-001,2026-04-23
FNP-U02760,Female,1998-12-26,2026-03-18,Ogun,CMP-005,CH-003,2026-04-13
FNP-U02761,Female,2005-09-25,2026-02-21,Ogun,CMP-002,CH-002,2026-03-08
FNP-U02762,Female,1991-08-28,2026-03-02,Abuja,CMP-002,CH-002,2026-04-16
FNP-U02763,Male,1990-08-18,2026-02-13,Abuja,CMP-002,CH-002,2026-03-05
FNP-U02764,Male,1973-02-24,2026-01-29,Abuja,CMP-003,CH-004,2026-04-18
FNP-U02765,Female,1996-04-20,2026-03-31,Abuja,CMP-006,CH-002,2026-04-08
FNP-U02766,Female,2000-07-16,2026-03-18,Lagos,CMP-002,CH-002,2026-03-25
FNP-U02767,Male,1999-08-16,2026-03-16,Ogun,CMP-004,CH-005,2026-03-18
FNP-U02768,Female,1982-05-27,2026-02-07,Lagos,CMP-003,CH-004,2026-04-01
FNP-U02769,Male,1982-10-15,2026-04-17,Ogun,CMP-003,CH-004,2026-04-25
FNP-U02770,Female,2003-05-01,2026-03-01,Lagos,CMP-002,CH-002,2026-04-05
FNP-U02771,Male,1998-08-28,2026-03-07,Abuja,CMP-005,CH-003,2026-03-27
FNP-U02772,Male,1992-12-28,2026-02-02,Ogun,CMP-004,CH-005,2026-04-20
FNP-U02773,Female,1983-01-03,2026-02-18,Abuja,CMP-002,CH-002,2026-03-20
FNP-U02774,Female,1976-01-28,2026-03-27,Lagos,CMP-002,CH-002,2026-04-10
FNP-U02775,Female,1993-12-13,2026-02-12,Ogun,CMP-005,CH-003,2026-04-22
FNP-U02776,Female,2005-03-05,2026-02-14,Abuja,CMP-006,CH-002,2026-03-15
FNP-U02777,Female,1990-06-17,2026-02-11,Ogun,CMP-004,CH-005,2026-03-24
FNP-U02778,Male,1981-11-09,2026-03-31,Lagos,CMP-001,CH-001,2026-04-10
FNP-U02779,Female,1998-01-03,2026-02-24,Lagos,CMP-004,CH-005,2026-03-27
FNP-U02780,Female,1983-09-07,2026-04-24,Lagos,CMP-006,CH-002,2026-04-24
FNP-U02781,Female,2001-08-11,2026-03-13,Lagos,CMP-005,CH-003,2026-03-23
FNP-U02782,Male,2001-06-27,2026-03-02,Ogun,CMP-005,CH-003,2026-03-04
FNP-U02783,Male,1980-07-26,2026-03-31,Ogun,CMP-006,CH-002,2026-04-14
FNP-U02784,Female,1985-10-02,2026-03-29,Lagos,CMP-001,CH-001,2026-04-15
FNP-U02785,Female,1987-07-24,2026-04-12,Abuja,CMP-006,CH-002,2026-04-19
FNP-U02786,Male,1996-11-12,2026-02-13,Ogun,CMP-005,CH-003,2026-03-29
FNP-U02787,Male,2003-05-16,2026-04-19,Abuja,CMP-001,CH-001,2026-04-24
FNP-U02788,Female,1990-07-19,2026-04-24,Abuja,CMP-004,CH-005,2026-04-24
FNP-U02789,Male,2007-11-01,2026-02-12,Ogun,CMP-004,CH-005,2026-02-21
FNP-U02790,Male,1978-04-25,2026-04-18,Abuja,CMP-003,CH-004,2026-04-18
FNP-U02791,Female,1979-01-19,2026-03-16,Abuja,CMP-002,CH-002,2026-03-19
FNP-U02792,Male,2008-08-12,2026-03-11,Ogun,CMP-002,CH-002,2026-04-04
FNP-U02793,Female,2006-06-11,2026-04-17,Lagos,CMP-001,CH-001,2026-04-21
FNP-U02794,Female,1997-07-16,2026-02-10,Abuja,CMP-005,CH-003,2026-02-27
FNP-U02795,Female,1995-08-25,2026-04-24,Abuja,CMP-004,CH-005,2026-04-25
FNP-U02796,Male,1996-04-20,2026-04-23,Abuja,CMP-005,CH-003,2026-04-24
FNP-U02797,Male,1981-01-09,2026-03-25,Ogun,CMP-003,CH-004,2026-03-28
FNP-U02798,Male,1994-12-15,2026-02-26,Lagos,CMP-004,CH-005,2026-03-08
FNP-U02799,Female,1986-04-18,2026-03-09,Ogun,CMP-004,CH-005,2026-03-26
FNP-U02800,Female,1999-12-25,2026-04-17,Abuja,CMP-004,CH-005,2026-04-17
FNP-U02801,Male,1994-01-24,2026-02-07,Ogun,CMP-005,CH-003,2026-04-17
FNP-U02802,Male,1996-03-26,2026-03-24,Abuja,CMP-003,CH-004,2026-03-31
FNP-U02803,Male,1995-03-03,2026-03-16,Abuja,CMP-004,CH-005,2026-04-02
FNP-U02804,Female,2005-01-16,2026-02-20,Lagos,CMP-004,CH-005,2026-03-14
FNP-U02805,Female,1994-01-10,2026-03-12,Ogun,CMP-004,CH-005,2026-04-13
FNP-U02806,Male,2005-05-17,2026-03-17,Ogun,CMP-005,CH-003,2026-04-21
FNP-U02807,Male,1990-05-16,2026-03-08,Abuja,CMP-006,CH-002,2026-04-22
FNP-U02808,Female,1983-07-22,2026-02-21,Lagos,CMP-003,CH-004,2026-02-26
FNP-U02809,Male,1983-11-09,2026-04-13,Lagos,CMP-006,CH-002,2026-04-21
FNP-U02810,Female,1999-09-26,2026-02-27,Ogun,CMP-006,CH-002,2026-04-15
FNP-U02811,Male,1980-01-09,2026-04-12,Lagos,CMP-003,CH-004,2026-04-22
FNP-U02812,Female,2008-01-04,2026-04-07,Abuja,CMP-001,CH-001,2026-04-14
FNP-U02813,Male,1986-04-18,2026-02-12,Lagos,CMP-001,CH-001,2026-03-20
FNP-U02814,Male,1999-08-09,2026-03-21,Lagos,CMP-005,CH-003,2026-03-27
FNP-U02815,Male,1998-09-22,2026-02-17,Abuja,CMP-003,CH-004,2026-04-10
FNP-U02816,Male,1992-04-08,2026-04-11,Ogun,CMP-003,CH-004,2026-04-19
FNP-U02817,Male,2005-06-17,2026-02-04,Abuja,CMP-005,CH-003,2026-02-25
FNP-U02818,Male,2000-06-08,2026-02-12,Abuja,CMP-001,CH-001,2026-03-25
FNP-U02819,Male,1983-09-07,2026-04-02,Ogun,CMP-002,CH-002,2026-04-06
FNP-U02820,Male,1988-06-13,2026-01-30,Ogun,CMP-006,CH-002,2026-03-31
FNP-U02821,Female,2003-10-13,2026-04-03,Lagos,CMP-002,CH-002,2026-04-23
FNP-U02822,Female,1989-08-14,2026-02-20,Abuja,CMP-004,CH-005,2026-02-23
FNP-U02823,Female,2005-02-20,2026-04-17,Ogun,CMP-001,CH-001,2026-04-21
FNP-U02824,Male,2005-10-06,2026-02-26,Abuja,CMP-006,CH-002,2026-04-14
FNP-U02825,Male,1972-06-11,2026-04-04,Abuja,CMP-003,CH-004,2026-04-19
FNP-U02826,Female,1990-10-21,2026-02-28,Ogun,CMP-004,CH-005,2026-03-08
FNP-U02827,Male,2004-08-17,2026-01-29,Lagos,CMP-003,CH-004,2026-01-31
FNP-U02828,Male,1995-11-03,2026-03-28,Ogun,CMP-005,CH-003,2026-04-11
FNP-U02829,Female,1998-02-05,2026-03-14,Ogun,CMP-001,CH-001,2026-04-10
FNP-U02830,Female,1993-06-11,2026-01-31,Lagos,CMP-002,CH-002,2026-02-24
FNP-U02831,Female,2000-03-14,2026-04-01,Lagos,CMP-006,CH-002,2026-04-04
FNP-U02832,Male,1986-05-03,2026-02-22,Ogun,CMP-001,CH-001,2026-04-03
FNP-U02833,Male,1993-12-12,2026-03-27,Lagos,CMP-004,CH-005,2026-04-23
FNP-U02834,Male,1984-03-18,2026-03-22,Lagos,CMP-001,CH-001,2026-04-24
FNP-U02835,Female,1996-02-01,2026-02-02,Lagos,CMP-001,CH-001,2026-03-31
FNP-U02836,Male,1996-05-19,2026-03-10,Abuja,CMP-003,CH-004,2026-04-25
FNP-U02837,Female,2004-04-14,2026-03-17,Lagos,CMP-005,CH-003,2026-04-20
FNP-U02838,Male,1988-01-20,2026-01-26,Ogun,CMP-003,CH-004,2026-04-09
FNP-U02839,Female,1996-07-27,2026-03-16,Ogun,CMP-005,CH-003,2026-03-25
FNP-U02840,Male,1978-11-18,2026-02-26,Ogun,CMP-002,CH-002,2026-03-07
FNP-U02841,Female,1991-07-16,2026-02-03,Lagos,CMP-005,CH-003,2026-03-01
FNP-U02842,Female,1994-05-11,2026-04-24,Abuja,CMP-003,CH-004,2026-04-24
FNP-U02843,Female,2008-01-06,2026-03-28,Lagos,CMP-001,CH-001,2026-03-31
FNP-U02844,Female,1991-12-01,2026-01-30,Abuja,CMP-002,CH-002,2026-02-20
FNP-U02845,Female,1992-12-19,2026-03-16,Ogun,CMP-003,CH-004,2026-04-13
FNP-U02846,Female,2004-06-26,2026-02-06,Lagos,CMP-004,CH-005,2026-04-02
FNP-U02847,Male,1995-05-02,2026-02-18,Abuja,CMP-002,CH-002,2026-04-13
FNP-U02848,Female,1979-11-22,2026-03-13,Ogun,CMP-006,CH-002,2026-03-26
FNP-U02849,Male,1989-12-10,2026-02-02,Lagos,CMP-003,CH-004,2026-02-04
FNP-U02850,Male,1988-01-25,2026-04-22,Abuja,CMP-006,CH-002,2026-04-25
FNP-U02851,Male,1982-07-05,2026-03-28,Abuja,CMP-003,CH-004,2026-04-11
FNP-U02852,Male,2008-02-14,2026-02-18,Abuja,CMP-002,CH-002,2026-03-20
FNP-U02853,Female,1996-11-26,2026-03-22,Abuja,CMP-006,CH-002,2026-04-17
FNP-U02854,Male,1990-04-25,2026-04-22,Abuja,CMP-001,CH-001,2026-04-24
FNP-U02855,Female,2001-06-14,2026-03-29,Ogun,CMP-002,CH-002,2026-04-15
FNP-U02856,Male,2006-10-11,2026-02-17,Ogun,CMP-004,CH-005,2026-03-22
FNP-U02857,Male,1986-08-19,2026-04-22,Lagos,CMP-004,CH-005,2026-04-24
FNP-U02858,Male,2002-02-27,2026-04-13,Abuja,CMP-006,CH-002,2026-04-20
FNP-U02859,Male,1984-10-06,2026-04-01,Abuja,CMP-006,CH-002,2026-04-16
FNP-U02860,Male,1987-07-08,2026-03-12,Abuja,CMP-001,CH-001,2026-03-20
FNP-U02861,Male,2008-06-13,2026-03-01,Ogun,CMP-005,CH-003,2026-04-10
FNP-U02862,Female,1994-06-12,2026-04-25,Abuja,CMP-005,CH-003,2026-04-25
FNP-U02863,Female,1992-07-21,2026-03-02,Ogun,CMP-004,CH-005,2026-03-13
FNP-U02864,Female,1992-07-01,2026-04-10,Abuja,CMP-005,CH-003,2026-04-11
FNP-U02865,Male,2006-12-15,2026-02-07,Lagos,CMP-004,CH-005,2026-04-16
FNP-U02866,Female,1984-10-08,2026-03-12,Lagos,CMP-002,CH-002,2026-04-02
FNP-U02867,Female,1996-11-12,2026-01-31,Abuja,CMP-005,CH-003,2026-04-09
FNP-U02868,Male,1976-06-16,2026-01-29,Ogun,CMP-006,CH-002,2026-03-21
FNP-U02869,Male,1999-12-16,2026-03-10,Ogun,CMP-004,CH-005,2026-04-23
FNP-U02870,Male,1984-01-22,2026-04-25,Abuja,CMP-001,CH-001,2026-04-25
FNP-U02871,Female,1995-07-02,2026-04-02,Lagos,CMP-004,CH-005,2026-04-24
FNP-U02872,Male,1993-02-17,2026-04-22,Ogun,CMP-004,CH-005,2026-04-25
FNP-U02873,Male,1986-04-28,2026-02-14,Ogun,CMP-002,CH-002,2026-04-25
FNP-U02874,Male,1991-03-06,2026-04-24,Lagos,CMP-002,CH-002,2026-04-25
FNP-U02875,Female,1986-12-26,2026-03-06,Lagos,CMP-001,CH-001,2026-04-05
FNP-U02876,Male,2005-09-15,2026-04-21,Ogun,CMP-002,CH-002,2026-04-24
FNP-U02877,Male,1997-10-25,2026-03-17,Ogun,CMP-001,CH-001,2026-04-25
FNP-U02878,Female,1986-01-25,2026-03-04,Lagos,CMP-002,CH-002,2026-04-19
FNP-U02879,Female,2005-02-21,2026-01-26,Abuja,CMP-001,CH-001,2026-04-01
FNP-U02880,Male,1989-01-25,2026-04-22,Abuja,CMP-006,CH-002,2026-04-24
FNP-U02881,Male,1986-09-24,2026-04-09,Lagos,CMP-004,CH-005,2026-04-20
FNP-U02882,Male,2004-11-12,2026-02-02,Abuja,CMP-005,CH-003,2026-02-07
FNP-U02883,Male,1993-03-23,2026-02-03,Ogun,CMP-006,CH-002,2026-02-10
FNP-U02884,Female,1994-09-17,2026-02-22,Ogun,CMP-003,CH-004,2026-03-03
FNP-U02885,Male,1986-11-12,2026-01-29,Abuja,CMP-003,CH-004,2026-03-20
FNP-U02886,Male,1990-06-25,2026-02-03,Lagos,CMP-006,CH-002,2026-03-03
FNP-U02887,Male,1982-12-13,2026-04-19,Abuja,CMP-001,CH-001,2026-04-25
FNP-U02888,Male,2004-05-01,2026-04-22,Abuja,CMP-005,CH-003,2026-04-25
FNP-U02889,Male,1982-09-25,2026-03-08,Lagos,CMP-003,CH-004,2026-04-24
FNP-U02890,Female,2006-08-20,2026-02-21,Ogun,CMP-005,CH-003,2026-03-11
FNP-U02891,Female,1997-08-09,2026-03-23,Ogun,CMP-001,CH-001,2026-04-17
FNP-U02892,Male,2003-09-11,2026-02-18,Ogun,CMP-004,CH-005,2026-04-11
FNP-U02893,Female,2004-05-05,2026-02-17,Ogun,CMP-002,CH-002,2026-04-14
FNP-U02894,Male,1983-04-18,2026-04-02,Lagos,CMP-006,CH-002,2026-04-03
FNP-U02895,Male,2008-06-13,2026-04-12,Abuja,CMP-005,CH-003,2026-04-17
FNP-U02896,Male,1992-07-12,2026-02-08,Abuja,CMP-005,CH-003,2026-03-02
FNP-U02897,Female,2007-07-25,2026-01-26,Abuja,CMP-002,CH-002,2026-03-15
FNP-U02898,Male,2001-11-06,2026-02-02,Ogun,CMP-006,CH-002,2026-02-21
FNP-U02899,Female,1986-06-12,2026-02-03,Ogun,CMP-004,CH-005,2026-02-16
FNP-U02900,Female,2005-03-14,2026-02-27,Abuja,CMP-006,CH-002,2026-04-03
FNP-U02901,Female,1985-09-25,2026-04-13,Abuja,CMP-006,CH-002,2026-04-22
FNP-U02902,Male,1976-07-23,2026-01-27,Abuja,CMP-006,CH-002,2026-03-21
FNP-U02903,Male,1978-06-28,2026-03-11,Ogun,CMP-003,CH-004,2026-03-25
FNP-U02904,Male,2005-12-03,2026-02-01,Lagos,CMP-005,CH-003,2026-03-26
FNP-U02905,Female,1997-02-14,2026-04-21,Ogun,CMP-001,CH-001,2026-04-24
FNP-U02906,Female,1978-07-11,2026-03-29,Abuja,CMP-003,CH-004,2026-04-14
FNP-U02907,Male,1988-08-21,2026-03-23,Ogun,CMP-003,CH-004,2026-04-19
FNP-U02908,Female,1990-07-04,2026-03-01,Lagos,CMP-004,CH-005,2026-03-11
FNP-U02909,Female,1984-09-04,2026-03-18,Abuja,CMP-002,CH-002,2026-04-03
FNP-U02910,Male,1990-05-22,2026-02-20,Ogun,CMP-004,CH-005,2026-04-01
FNP-U02911,Female,1994-12-07,2026-04-04,Abuja,CMP-005,CH-003,2026-04-19
FNP-U02912,Female,1998-11-17,2026-04-17,Abuja,CMP-001,CH-001,2026-04-25
FNP-U02913,Male,1998-10-27,2026-02-20,Ogun,CMP-006,CH-002,2026-03-24
FNP-U02914,Male,1977-02-05,2026-01-27,Ogun,CMP-003,CH-004,2026-02-02
FNP-U02915,Female,1996-06-10,2026-04-23,Ogun,CMP-005,CH-003,2026-04-25
FNP-U02916,Male,1972-08-19,2026-02-16,Abuja,CMP-006,CH-002,2026-02-19
FNP-U02917,Female,1982-07-28,2026-04-21,Abuja,CMP-003,CH-004,2026-04-24
FNP-U02918,Female,2001-12-11,2026-03-12,Lagos,CMP-005,CH-003,2026-04-05
FNP-U02919,Male,1999-08-06,2026-02-01,Lagos,CMP-005,CH-003,2026-02-22
FNP-U02920,Male,1997-06-12,2026-03-09,Abuja,CMP-004,CH-005,2026-03-18
FNP-U02921,Female,2003-09-05,2026-03-21,Lagos,CMP-001,CH-001,2026-04-25
FNP-U02922,Female,1998-10-03,2026-04-19,Abuja,CMP-005,CH-003,2026-04-20
FNP-U02923,Male,1993-03-24,2026-02-17,Lagos,CMP-001,CH-001,2026-04-06
FNP-U02924,Male,1993-05-14,2026-03-10,Lagos,CMP-006,CH-002,2026-04-14
FNP-U02925,Male,1978-01-04,2026-04-17,Lagos,CMP-006,CH-002,2026-04-20
FNP-U02926,Male,1999-05-25,2026-04-11,Abuja,CMP-005,CH-003,2026-04-15
FNP-U02927,Male,1983-12-20,2026-04-18,Lagos,CMP-003,CH-004,2026-04-18
FNP-U02928,Male,2006-05-24,2026-04-10,Lagos,CMP-002,CH-002,2026-04-10
FNP-U02929,Male,1982-07-22,2026-04-09,Lagos,CMP-002,CH-002,2026-04-14
FNP-U02930,Female,2000-02-02,2026-03-24,Ogun,CMP-004,CH-005,2026-04-21
FNP-U02931,Male,1972-10-09,2026-02-06,Lagos,CMP-002,CH-002,2026-04-10
FNP-U02932,Female,1972-05-28,2026-03-12,Ogun,CMP-002,CH-002,2026-03-30
FNP-U02933,Male,2002-03-14,2026-04-17,Ogun,CMP-001,CH-001,2026-04-25
FNP-U02934,Male,1997-08-27,2026-04-11,Ogun,CMP-004,CH-005,2026-04-24
FNP-U02935,Male,1980-02-06,2026-03-24,Abuja,CMP-006,CH-002,2026-04-10
FNP-U02936,Female,1994-01-06,2026-01-31,Ogun,CMP-005,CH-003,2026-03-19
FNP-U02937,Female,1994-05-26,2026-04-05,Lagos,CMP-001,CH-001,2026-04-22
FNP-U02938,Female,2000-03-02,2026-04-16,Abuja,CMP-006,CH-002,2026-04-20
FNP-U02939,Male,1996-04-25,2026-02-04,Ogun,CMP-006,CH-002,2026-03-02
FNP-U02940,Male,1986-10-07,2026-03-21,Lagos,CMP-004,CH-005,2026-04-08
FNP-U02941,Female,1999-01-16,2026-02-24,Ogun,CMP-005,CH-003,2026-03-18
FNP-U02942,Female,1974-03-13,2026-03-03,Lagos,CMP-006,CH-002,2026-03-30
FNP-U02943,Male,2000-08-28,2026-02-04,Abuja,CMP-003,CH-004,2026-03-20
FNP-U02944,Male,1986-08-19,2026-03-30,Ogun,CMP-006,CH-002,2026-04-12
FNP-U02945,Male,1981-09-03,2026-03-02,Lagos,CMP-003,CH-004,2026-03-20
FNP-U02946,Male,2004-08-13,2026-04-11,Lagos,CMP-004,CH-005,2026-04-19
FNP-U02947,Female,1999-03-23,2026-04-13,Abuja,CMP-002,CH-002,2026-04-16
FNP-U02948,Male,1982-01-17,2026-03-27,Ogun,CMP-001,CH-001,2026-04-20
FNP-U02949,Male,2004-03-08,2026-04-16,Ogun,CMP-001,CH-001,2026-04-20
FNP-U02950,Male,1994-04-09,2026-02-01,Abuja,CMP-006,CH-002,2026-04-21
FNP-U02951,Male,2006-03-22,2026-02-01,Lagos,CMP-006,CH-002,2026-04-06
FNP-U02952,Female,1990-04-04,2026-03-02,Lagos,CMP-006,CH-002,2026-03-13
FNP-U02953,Female,1995-12-14,2026-04-21,Ogun,CMP-002,CH-002,2026-04-21
FNP-U02954,Female,2008-11-18,2026-04-03,Lagos,CMP-004,CH-005,2026-04-20
FNP-U02955,Male,2005-05-22,2026-04-18,Abuja,CMP-002,CH-002,2026-04-24
FNP-U02956,Male,1981-09-12,2026-03-28,Abuja,CMP-001,CH-001,2026-04-20
FNP-U02957,Female,2002-09-14,2026-02-13,Abuja,CMP-006,CH-002,2026-03-07
FNP-U02958,Female,1982-03-20,2026-04-01,Ogun,CMP-001,CH-001,2026-04-20
FNP-U02959,Male,1991-11-11,2026-02-01,Ogun,CMP-005,CH-003,2026-02-20
FNP-U02960,Male,1972-04-07,2026-04-01,Lagos,CMP-003,CH-004,2026-04-21
FNP-U02961,Female,1987-02-12,2026-04-05,Ogun,CMP-002,CH-002,2026-04-22
FNP-U02962,Male,1989-09-22,2026-02-26,Abuja,CMP-004,CH-005,2026-03-16
FNP-U02963,Male,1976-06-16,2026-04-16,Ogun,CMP-002,CH-002,2026-04-21
FNP-U02964,Female,2002-10-20,2026-03-19,Abuja,CMP-005,CH-003,2026-03-20
FNP-U02965,Male,2004-12-23,2026-04-03,Abuja,CMP-002,CH-002,2026-04-07
FNP-U02966,Male,1997-08-04,2026-02-20,Abuja,CMP-005,CH-003,2026-02-28
FNP-U02967,Male,1989-02-13,2026-04-07,Abuja,CMP-003,CH-004,2026-04-18
FNP-U02968,Male,2000-01-09,2026-02-18,Lagos,CMP-006,CH-002,2026-02-24
FNP-U02969,Female,1991-11-16,2026-02-03,Lagos,CMP-005,CH-003,2026-03-24
FNP-U02970,Female,2007-12-27,2026-04-10,Lagos,CMP-001,CH-001,2026-04-18
FNP-U02971,Female,1990-06-15,2026-03-21,Ogun,CMP-004,CH-005,2026-04-04
FNP-U02972,Female,1982-01-06,2026-04-11,Lagos,CMP-001,CH-001,2026-04-20
FNP-U02973,Female,2002-02-24,2026-02-26,Lagos,CMP-004,CH-005,2026-02-27
FNP-U02974,Male,1996-11-16,2026-04-01,Ogun,CMP-004,CH-005,2026-04-03
FNP-U02975,Male,1995-10-02,2026-02-07,Abuja,CMP-006,CH-002,2026-04-21
FNP-U02976,Female,1976-02-08,2026-04-03,Lagos,CMP-006,CH-002,2026-04-15
FNP-U02977,Male,2006-10-10,2026-02-01,Ogun,CMP-005,CH-003,2026-02-16
FNP-U02978,Male,2007-12-27,2026-03-20,Abuja,CMP-005,CH-003,2026-04-09
FNP-U02979,Male,1973-09-01,2026-03-02,Abuja,CMP-002,CH-002,2026-04-24
FNP-U02980,Female,1990-10-28,2026-02-07,Lagos,CMP-001,CH-001,2026-03-04
FNP-U02981,Female,1986-12-01,2026-03-26,Lagos,CMP-002,CH-002,2026-04-03
FNP-U02982,Male,1991-10-06,2026-04-14,Lagos,CMP-005,CH-003,2026-04-15
FNP-U02983,Male,1993-02-11,2026-04-13,Lagos,CMP-005,CH-003,2026-04-20
FNP-U02984,Female,2008-10-28,2026-03-18,Ogun,CMP-006,CH-002,2026-04-23
FNP-U02985,Male,2008-07-17,2026-02-13,Abuja,CMP-001,CH-001,2026-02-24
FNP-U02986,Female,1994-09-19,2026-04-14,Ogun,CMP-005,CH-003,2026-04-19
FNP-U02987,Male,1975-04-18,2026-02-22,Abuja,CMP-002,CH-002,2026-03-04
FNP-U02988,Male,1997-07-27,2026-04-07,Ogun,CMP-002,CH-002,2026-04-15
FNP-U02989,Male,1977-09-03,2026-03-12,Abuja,CMP-006,CH-002,2026-04-01
FNP-U02990,Female,1995-05-23,2026-03-16,Abuja,CMP-001,CH-001,2026-04-01
FNP-U02991,Female,1991-02-17,2026-04-04,Ogun,CMP-004,CH-005,2026-04-05
FNP-U02992,Male,2000-03-23,2026-03-04,Abuja,CMP-002,CH-002,2026-03-09
FNP-U02993,Female,1996-04-01,2026-01-31,Abuja,CMP-002,CH-002,2026-03-26
FNP-U02994,Female,1990-08-04,2026-04-19,Abuja,CMP-002,CH-002,2026-04-22
FNP-U02995,Female,1992-03-10,2026-01-27,Lagos,CMP-003,CH-004,2026-04-10
FNP-U02996,Female,1994-03-07,2026-04-19,Lagos,CMP-006,CH-002,2026-04-25
FNP-U02997,Female,2005-06-21,2026-02-06,Lagos,CMP-005,CH-003,2026-04-19
FNP-U02998,Male,1989-08-20,2026-02-09,Ogun,CMP-003,CH-004,2026-03-19
FNP-U02999,Female,1989-10-01,2026-02-18,Abuja,CMP-003,CH-004,2026-04-12
FNP-U03000,Male,1974-07-25,2026-02-07,Abuja,CMP-003,CH-004,2026-03-13
FNP-U03001,Female,2008-09-01,2026-02-13,Abuja,CMP-004,CH-005,2026-02-14
FNP-U03002,Female,1980-04-27,2026-02-13,Lagos,CMP-003,CH-004,2026-04-25
FNP-U03003,Male,2005-07-07,2026-03-31,Ogun,CMP-001,CH-001,2026-04-09
FNP-U03004,Male,1996-01-06,2026-03-09,Lagos,CMP-005,CH-003,2026-04-25
FNP-U03005,Male,1992-06-07,2026-02-01,Ogun,CMP-003,CH-004,2026-02-24
FNP-U03006,Male,1991-08-15,2026-03-25,Lagos,CMP-004,CH-005,2026-04-17
FNP-U03007,Male,1986-07-21,2026-03-21,Lagos,CMP-003,CH-004,2026-04-18
FNP-U03008,Female,1983-03-13,2026-03-16,Ogun,CMP-002,CH-002,2026-03-26
FNP-U03009,Female,1990-10-15,2026-04-01,Ogun,CMP-001,CH-001,2026-04-05
FNP-U03010,Male,2003-12-19,2026-02-16,Abuja,CMP-002,CH-002,2026-03-01
FNP-U03011,Male,2006-05-17,2026-02-07,Ogun,CMP-002,CH-002,2026-02-09
FNP-U03012,Female,2001-11-08,2026-03-29,Ogun,CMP-004,CH-005,2026-04-21
FNP-U03013,Female,1995-04-20,2026-02-24,Abuja,CMP-001,CH-001,2026-04-15
FNP-U03014,Female,1987-09-09,2026-03-07,Lagos,CMP-003,CH-004,2026-04-09
FNP-U03015,Male,1989-10-25,2026-03-21,Abuja,CMP-004,CH-005,2026-04-16
FNP-U03016,Male,1979-03-21,2026-03-08,Lagos,CMP-003,CH-004,2026-04-21
FNP-U03017,Male,1976-02-07,2026-02-19,Ogun,CMP-002,CH-002,2026-04-01
FNP-U03018,Female,1990-02-26,2026-04-19,Ogun,CMP-001,CH-001,2026-04-21
FNP-U03019,Female,1994-01-22,2026-02-28,Lagos,CMP-006,CH-002,2026-04-21
FNP-U03020,Male,1988-06-14,2026-02-14,Abuja,CMP-004,CH-005,2026-03-26
FNP-U03021,Female,1991-05-09,2026-03-04,Lagos,CMP-005,CH-003,2026-04-01
FNP-U03022,Male,1988-07-09,2026-02-12,Lagos,CMP-001,CH-001,2026-03-15
FNP-U03023,Male,2000-01-08,2026-01-27,Ogun,CMP-004,CH-005,2026-01-27
FNP-U03024,Male,1977-07-04,2026-03-22,Abuja,CMP-003,CH-004,2026-04-21
FNP-U03025,Female,2001-01-09,2026-04-22,Abuja,CMP-005,CH-003,2026-04-25
FNP-U03026,Female,1991-05-15,2026-03-28,Lagos,CMP-003,CH-004,2026-03-29
FNP-U03027,Male,1983-07-12,2026-03-22,Lagos,CMP-001,CH-001,2026-04-18
FNP-U03028,Female,1996-03-16,2026-03-14,Lagos,CMP-004,CH-005,2026-04-07
FNP-U03029,Male,1978-12-20,2026-04-19,Lagos,CMP-002,CH-002,2026-04-21
FNP-U03030,Male,2001-10-27,2026-04-12,Ogun,CMP-004,CH-005,2026-04-18
FNP-U03031,Male,1977-11-21,2026-03-17,Ogun,CMP-006,CH-002,2026-04-23
FNP-U03032,Male,1989-04-04,2026-04-22,Lagos,CMP-002,CH-002,2026-04-23
FNP-U03033,Male,1984-10-03,2026-03-16,Abuja,CMP-006,CH-002,2026-03-29
FNP-U03034,Male,2003-09-11,2026-01-27,Abuja,CMP-004,CH-005,2026-04-03
FNP-U03035,Female,1985-12-08,2026-03-19,Lagos,CMP-002,CH-002,2026-04-10
FNP-U03036,Male,1981-07-02,2026-03-03,Ogun,CMP-002,CH-002,2026-04-21
FNP-U03037,Male,1996-02-11,2026-02-12,Abuja,CMP-005,CH-003,2026-03-07
FNP-U03038,Female,1973-05-02,2026-04-16,Lagos,CMP-002,CH-002,2026-04-21
FNP-U03039,Female,2007-06-16,2026-03-26,Abuja,CMP-002,CH-002,2026-03-28
FNP-U03040,Female,1999-09-23,2026-02-11,Lagos,CMP-003,CH-004,2026-04-24
FNP-U03041,Male,1992-11-10,2026-02-25,Lagos,CMP-005,CH-003,2026-03-21
FNP-U03042,Male,1980-10-27,2026-03-21,Ogun,CMP-003,CH-004,2026-04-17
FNP-U03043,Female,1983-05-13,2026-04-17,Abuja,CMP-006,CH-002,2026-04-23
FNP-U03044,Male,2005-05-09,2026-02-21,Abuja,CMP-005,CH-003,2026-04-07
FNP-U03045,Female,1974-10-24,2026-02-18,Ogun,CMP-002,CH-002,2026-03-14
FNP-U03046,Male,1987-05-07,2026-04-10,Ogun,CMP-004,CH-005,2026-04-14
FNP-U03047,Female,1993-06-27,2026-01-26,Lagos,CMP-002,CH-002,2026-04-24
FNP-U03048,Female,1977-11-24,2026-01-28,Abuja,CMP-002,CH-002,2026-04-13
FNP-U03049,Male,2008-06-17,2026-03-12,Ogun,CMP-001,CH-001,2026-04-11
FNP-U03050,Male,1992-08-19,2026-02-19,Abuja,CMP-002,CH-002,2026-03-26
FNP-U03051,Male,1997-01-17,2026-02-20,Ogun,CMP-002,CH-002,2026-03-14
FNP-U03052,Female,1992-11-08,2026-02-07,Lagos,CMP-001,CH-001,2026-04-18
FNP-U03053,Female,1999-02-20,2026-03-07,Lagos,CMP-004,CH-005,2026-04-03
FNP-U03054,Male,2001-12-03,2026-03-25,Ogun,CMP-004,CH-005,2026-03-27
FNP-U03055,Female,1986-09-01,2026-03-09,Abuja,CMP-003,CH-004,2026-04-23
FNP-U03056,Male,1989-10-23,2026-02-09,Abuja,CMP-006,CH-002,2026-04-05
FNP-U03057,Female,2007-12-14,2026-02-17,Ogun,CMP-004,CH-005,2026-03-18
FNP-U03058,Male,1999-08-07,2026-04-11,Ogun,CMP-004,CH-005,2026-04-21
FNP-U03059,Male,1986-01-06,2026-03-17,Abuja,CMP-001,CH-001,2026-03-29
FNP-U03060,Male,1997-04-22,2026-02-25,Abuja,CMP-003,CH-004,2026-04-01
FNP-U03061,Female,2004-02-13,2026-03-21,Abuja,CMP-006,CH-002,2026-04-12
FNP-U03062,Female,1972-07-16,2026-04-18,Ogun,CMP-006,CH-002,2026-04-21
FNP-U03063,Female,1972-09-10,2026-03-14,Abuja,CMP-006,CH-002,2026-04-13
FNP-U03064,Male,1992-06-08,2026-04-07,Abuja,CMP-005,CH-003,2026-04-12
FNP-U03065,Female,2008-10-13,2026-04-07,Ogun,CMP-001,CH-001,2026-04-07
FNP-U03066,Male,1981-12-14,2026-03-01,Abuja,CMP-002,CH-002,2026-03-06
FNP-U03067,Male,2007-07-27,2026-03-08,Ogun,CMP-004,CH-005,2026-04-15
FNP-U03068,Male,2008-07-17,2026-02-25,Ogun,CMP-004,CH-005,2026-04-14
FNP-U03069,Male,1977-01-13,2026-02-06,Abuja,CMP-006,CH-002,2026-03-30
FNP-U03070,Male,1989-04-08,2026-02-19,Ogun,CMP-004,CH-005,2026-03-25
FNP-U03071,Male,2006-02-22,2026-03-07,Abuja,CMP-001,CH-001,2026-04-21
FNP-U03072,Male,1984-10-20,2026-02-23,Ogun,CMP-006,CH-002,2026-03-06
FNP-U03073,Female,1992-10-08,2026-03-16,Abuja,CMP-002,CH-002,2026-04-09
FNP-U03074,Male,1988-05-15,2026-04-02,Lagos,CMP-002,CH-002,2026-04-05
FNP-U03075,Female,1997-08-13,2026-04-20,Abuja,CMP-001,CH-001,2026-04-24
FNP-U03076,Female,1996-04-08,2026-03-18,Ogun,CMP-001,CH-001,2026-04-16
FNP-U03077,Female,1994-03-11,2026-04-25,Abuja,CMP-005,CH-003,2026-04-25
FNP-U03078,Female,1978-02-02,2026-02-10,Ogun,CMP-003,CH-004,2026-02-27
FNP-U03079,Female,1992-07-21,2026-02-22,Ogun,CMP-002,CH-002,2026-02-27
FNP-U03080,Male,1987-07-04,2026-02-13,Lagos,CMP-001,CH-001,2026-03-16
FNP-U03081,Male,1977-06-28,2026-02-26,Abuja,CMP-006,CH-002,2026-03-17
FNP-U03082,Female,2007-07-04,2026-02-25,Ogun,CMP-001,CH-001,2026-04-14
FNP-U03083,Male,1992-06-07,2026-03-29,Abuja,CMP-001,CH-001,2026-04-02
FNP-U03084,Female,1987-03-10,2026-02-15,Lagos,CMP-003,CH-004,2026-04-06
FNP-U03085,Male,1972-07-25,2026-02-14,Ogun,CMP-002,CH-002,2026-02-26
FNP-U03086,Female,1980-07-08,2026-04-20,Ogun,CMP-002,CH-002,2026-04-21
FNP-U03087,Male,1992-05-13,2026-04-23,Ogun,CMP-003,CH-004,2026-04-25
FNP-U03088,Female,1998-11-13,2026-04-06,Abuja,CMP-004,CH-005,2026-04-13
FNP-U03089,Male,1998-06-03,2026-02-28,Abuja,CMP-002,CH-002,2026-04-08
FNP-U03090,Female,2005-04-21,2026-04-11,Lagos,CMP-005,CH-003,2026-04-21
FNP-U03091,Female,1990-03-12,2026-01-30,Abuja,CMP-003,CH-004,2026-03-10
FNP-U03092,Male,1990-08-05,2026-03-15,Ogun,CMP-002,CH-002,2026-04-02
FNP-U03093,Male,1996-02-11,2026-02-15,Ogun,CMP-005,CH-003,2026-03-11
FNP-U03094,Female,1982-03-20,2026-04-13,Abuja,CMP-002,CH-002,2026-04-20
FNP-U03095,Female,1989-03-07,2026-04-09,Lagos,CMP-004,CH-005,2026-04-20
FNP-U03096,Male,1994-10-28,2026-02-24,Abuja,CMP-005,CH-003,2026-03-24
FNP-U03097,Male,1982-10-15,2026-03-13,Abuja,CMP-002,CH-002,2026-04-15
FNP-U03098,Male,1991-03-10,2026-03-20,Ogun,CMP-006,CH-002,2026-04-01
FNP-U03099,Male,1980-06-14,2026-04-24,Abuja,CMP-003,CH-004,2026-04-24
FNP-U03100,Male,1989-04-16,2026-03-29,Lagos,CMP-001,CH-001,2026-04-23
FNP-U03101,Male,1988-05-27,2026-02-09,Abuja,CMP-001,CH-001,2026-04-08
FNP-U03102,Female,2003-04-24,2026-01-28,Abuja,CMP-004,CH-005,2026-04-22
FNP-U03103,Female,1997-08-05,2026-03-21,Lagos,CMP-003,CH-004,2026-04-02
FNP-U03104,Male,1979-10-03,2026-04-23,Ogun,CMP-006,CH-002,2026-04-24
FNP-U03105,Male,1984-01-22,2026-04-21,Abuja,CMP-002,CH-002,2026-04-23
FNP-U03106,Male,1993-01-28,2026-02-28,Ogun,CMP-002,CH-002,2026-04-15
FNP-U03107,Female,1992-02-23,2026-03-06,Abuja,CMP-001,CH-001,2026-03-18
FNP-U03108,Male,1989-12-20,2026-04-09,Abuja,CMP-001,CH-001,2026-04-25
FNP-U03109,Female,1979-10-26,2026-02-20,Lagos,CMP-003,CH-004,2026-03-21
FNP-U03110,Male,1986-01-27,2026-02-22,Lagos,CMP-004,CH-005,2026-04-06
FNP-U03111,Female,1974-05-23,2026-02-07,Ogun,CMP-002,CH-002,2026-04-23
FNP-U03112,Female,1992-12-15,2026-02-02,Lagos,CMP-005,CH-003,2026-04-23
FNP-U03113,Female,1977-11-05,2026-03-25,Lagos,CMP-002,CH-002,2026-03-29
FNP-U03114,Male,1991-07-12,2026-02-11,Ogun,CMP-005,CH-003,2026-03-17
FNP-U03115,Male,1994-04-05,2026-04-09,Ogun,CMP-005,CH-003,2026-04-13
FNP-U03116,Female,2002-05-11,2026-03-05,Abuja,CMP-002,CH-002,2026-03-25
FNP-U03117,Male,2005-03-14,2026-03-17,Abuja,CMP-001,CH-001,2026-04-22
FNP-U03118,Female,2003-03-09,2026-02-22,Abuja,CMP-001,CH-001,2026-02-26
FNP-U03119,Female,1999-03-07,2026-02-25,Lagos,CMP-005,CH-003,2026-03-13
FNP-U03120,Male,1997-07-25,2026-01-26,Lagos,CMP-005,CH-003,2026-04-20
FNP-U03121,Male,1993-07-01,2026-02-19,Ogun,CMP-001,CH-001,2026-04-05
FNP-U03122,Male,1998-03-16,2026-03-04,Lagos,CMP-006,CH-002,2026-04-11
FNP-U03123,Male,1985-09-06,2026-03-24,Lagos,CMP-001,CH-001,2026-03-27
FNP-U03124,Female,2000-03-16,2026-01-28,Lagos,CMP-006,CH-002,2026-03-13
FNP-U03125,Male,1979-04-20,2026-02-21,Ogun,CMP-002,CH-002,2026-03-22
FNP-U03126,Female,1999-07-22,2026-03-20,Lagos,CMP-005,CH-003,2026-04-16
FNP-U03127,Female,1998-04-07,2026-04-23,Ogun,CMP-005,CH-003,2026-04-25
FNP-U03128,Female,1987-10-18,2026-04-16,Ogun,CMP-001,CH-001,2026-04-18
FNP-U03129,Male,2008-01-26,2026-03-02,Abuja,CMP-001,CH-001,2026-03-04
FNP-U03130,Male,2000-12-15,2026-03-24,Abuja,CMP-002,CH-002,2026-03-30
FNP-U03131,Female,1972-02-20,2026-04-18,Abuja,CMP-006,CH-002,2026-04-21
FNP-U03132,Female,1978-07-09,2026-03-17,Ogun,CMP-002,CH-002,2026-03-23
FNP-U03133,Female,2007-12-06,2026-04-25,Lagos,CMP-002,CH-002,2026-04-25
FNP-U03134,Female,1997-10-03,2026-04-10,Abuja,CMP-002,CH-002,2026-04-12
FNP-U03135,Female,2000-04-22,2026-04-06,Ogun,CMP-006,CH-002,2026-04-23
FNP-U03136,Male,1980-01-10,2026-03-07,Abuja,CMP-006,CH-002,2026-03-20
FNP-U03137,Female,2007-11-13,2026-03-07,Lagos,CMP-005,CH-003,2026-03-19
FNP-U03138,Male,1989-01-23,2026-02-26,Lagos,CMP-001,CH-001,2026-03-02
FNP-U03139,Male,2000-11-16,2026-03-20,Ogun,CMP-002,CH-002,2026-04-07
FNP-U03140,Female,2002-10-15,2026-03-02,Ogun,CMP-005,CH-003,2026-03-02
FNP-U03141,Female,2007-03-28,2026-01-31,Abuja,CMP-002,CH-002,2026-04-17
FNP-U03142,Female,1973-05-25,2026-03-28,Lagos,CMP-003,CH-004,2026-04-25
FNP-U03143,Male,1978-01-03,2026-04-17,Ogun,CMP-006,CH-002,2026-04-18
FNP-U03144,Male,1992-10-08,2026-01-28,Lagos,CMP-006,CH-002,2026-01-31
FNP-U03145,Female,2006-02-13,2026-04-20,Abuja,CMP-001,CH-001,2026-04-22
FNP-U03146,Female,1972-09-27,2026-03-20,Abuja,CMP-002,CH-002,2026-04-19
FNP-U03147,Female,1991-11-03,2026-03-13,Ogun,CMP-002,CH-002,2026-03-21
FNP-U03148,Male,2007-02-22,2026-03-09,Ogun,CMP-002,CH-002,2026-03-15
FNP-U03149,Female,1994-11-24,2026-03-08,Abuja,CMP-005,CH-003,2026-03-30
FNP-U03150,Female,2001-02-12,2026-04-22,Lagos,CMP-006,CH-002,2026-04-22
FNP-U03151,Female,1984-06-22,2026-01-29,Ogun,CMP-006,CH-002,2026-03-01
FNP-U03152,Female,2005-09-12,2026-03-16,Lagos,CMP-005,CH-003,2026-03-25
FNP-U03153,Female,1994-02-03,2026-02-13,Lagos,CMP-001,CH-001,2026-02-28
FNP-U03154,Female,2003-03-10,2026-03-14,Abuja,CMP-003,CH-004,2026-04-02
FNP-U03155,Male,1994-06-28,2026-03-19,Ogun,CMP-005,CH-003,2026-04-06
FNP-U03156,Male,2004-05-19,2026-03-15,Lagos,CMP-002,CH-002,2026-04-11
FNP-U03157,Male,1995-03-20,2026-04-23,Abuja,CMP-001,CH-001,2026-04-23
FNP-U03158,Male,1977-06-21,2026-02-22,Ogun,CMP-003,CH-004,2026-03-10
FNP-U03159,Female,1991-11-19,2026-03-25,Lagos,CMP-005,CH-003,2026-04-20
FNP-U03160,Female,1994-11-20,2026-02-06,Lagos,CMP-001,CH-001,2026-04-22
FNP-U03161,Male,1987-06-04,2026-04-21,Ogun,CMP-004,CH-005,2026-04-24
FNP-U03162,Male,2004-11-10,2026-01-26,Abuja,CMP-002,CH-002,2026-04-11
FNP-U03163,Male,1991-01-11,2026-02-24,Ogun,CMP-001,CH-001,2026-03-08
FNP-U03164,Male,1996-01-12,2026-04-25,Ogun,CMP-002,CH-002,2026-04-25
FNP-U03165,Female,1992-08-24,2026-03-26,Ogun,CMP-001,CH-001,2026-04-21
FNP-U03166,Female,1972-11-03,2026-04-12,Lagos,CMP-003,CH-004,2026-04-21
FNP-U03167,Male,1988-05-21,2026-03-24,Lagos,CMP-001,CH-001,2026-04-12
FNP-U03168,Female,1986-08-21,2026-04-13,Abuja,CMP-001,CH-001,2026-04-16
FNP-U03169,Female,1995-03-24,2026-03-23,Lagos,CMP-004,CH-005,2026-04-22
FNP-U03170,Female,1986-03-10,2026-02-14,Lagos,CMP-002,CH-002,2026-03-10
FNP-U03171,Female,1999-12-20,2026-04-07,Ogun,CMP-006,CH-002,2026-04-09
FNP-U03172,Male,2003-09-23,2026-03-16,Lagos,CMP-001,CH-001,2026-04-11
FNP-U03173,Female,1997-10-19,2026-03-07,Ogun,CMP-003,CH-004,2026-03-24
FNP-U03174,Male,1995-07-14,2026-04-11,Lagos,CMP-005,CH-003,2026-04-18
FNP-U03175,Male,1995-12-20,2026-01-28,Abuja,CMP-003,CH-004,2026-02-18
FNP-U03176,Female,1993-03-12,2026-01-28,Lagos,CMP-005,CH-003,2026-03-26
FNP-U03177,Female,1996-07-20,2026-04-02,Abuja,CMP-002,CH-002,2026-04-11
FNP-U03178,Male,1989-12-08,2026-04-25,Lagos,CMP-004,CH-005,2026-04-25
FNP-U03179,Male,2003-08-01,2026-03-06,Ogun,CMP-003,CH-004,2026-03-22
FNP-U03180,Female,1985-09-13,2026-04-05,Abuja,CMP-006,CH-002,2026-04-21
FNP-U03181,Male,2000-07-26,2026-02-22,Abuja,CMP-004,CH-005,2026-04-10
FNP-U03182,Female,1996-06-14,2026-02-23,Lagos,CMP-005,CH-003,2026-03-29
FNP-U03183,Female,1988-02-22,2026-03-11,Abuja,CMP-002,CH-002,2026-03-25
FNP-U03184,Male,1994-11-10,2026-04-04,Abuja,CMP-004,CH-005,2026-04-13
FNP-U03185,Male,1989-01-12,2026-02-07,Ogun,CMP-003,CH-004,2026-04-16
FNP-U03186,Female,2001-08-03,2026-04-04,Lagos,CMP-003,CH-004,2026-04-09
FNP-U03187,Female,1975-11-14,2026-04-02,Abuja,CMP-003,CH-004,2026-04-22
FNP-U03188,Male,2006-06-14,2026-02-24,Ogun,CMP-002,CH-002,2026-04-10
FNP-U03189,Female,1977-06-11,2026-03-04,Lagos,CMP-006,CH-002,2026-03-13
FNP-U03190,Male,2007-06-27,2026-04-02,Abuja,CMP-005,CH-003,2026-04-06
FNP-U03191,Male,1993-01-20,2026-03-08,Ogun,CMP-001,CH-001,2026-03-25
FNP-U03192,Male,1991-11-13,2026-02-03,Ogun,CMP-004,CH-005,2026-03-22
FNP-U03193,Female,1984-08-23,2026-01-26,Ogun,CMP-006,CH-002,2026-02-24
FNP-U03194,Female,1999-12-11,2026-02-01,Abuja,CMP-003,CH-004,2026-04-24
FNP-U03195,Male,2002-06-04,2026-04-10,Abuja,CMP-006,CH-002,2026-04-18
FNP-U03196,Male,2004-01-01,2026-04-22,Ogun,CMP-002,CH-002,2026-04-22
FNP-U03197,Female,2000-11-16,2026-04-01,Lagos,CMP-003,CH-004,2026-04-09
FNP-U03198,Female,1981-05-23,2026-03-07,Ogun,CMP-001,CH-001,2026-04-03
FNP-U03199,Female,1991-10-05,2026-03-14,Abuja,CMP-001,CH-001,2026-04-12
FNP-U03200,Female,2005-02-17,2026-02-18,Ogun,CMP-005,CH-003,2026-02-26
FNP-U03201,Male,2008-09-02,2026-02-12,Abuja,CMP-006,CH-002,2026-02-24
FNP-U03202,Female,2007-06-08,2026-04-25,Abuja,CMP-005,CH-003,2026-04-25
FNP-U03203,Female,2006-01-15,2026-04-03,Abuja,CMP-004,CH-005,2026-04-09
FNP-U03204,Female,1990-09-17,2026-02-26,Ogun,CMP-003,CH-004,2026-03-06
FNP-U03205,Female,1998-07-13,2026-04-18,Ogun,CMP-006,CH-002,2026-04-22
FNP-U03206,Male,1987-07-20,2026-04-03,Ogun,CMP-004,CH-005,2026-04-20
FNP-U03207,Male,1994-03-23,2026-03-17,Abuja,CMP-002,CH-002,2026-04-06
FNP-U03208,Male,1989-10-07,2026-03-18,Lagos,CMP-001,CH-001,2026-04-11
FNP-U03209,Female,1978-04-27,2026-03-13,Ogun,CMP-003,CH-004,2026-03-17
FNP-U03210,Female,1997-04-14,2026-02-02,Abuja,CMP-003,CH-004,2026-04-20
FNP-U03211,Male,2008-04-11,2026-02-16,Abuja,CMP-004,CH-005,2026-03-05
FNP-U03212,Male,1978-12-21,2026-02-20,Ogun,CMP-002,CH-002,2026-04-22
FNP-U03213,Male,1971-03-17,2026-03-11,Lagos,CMP-006,CH-002,2026-03-11
FNP-U03214,Female,1978-08-27,2026-03-01,Ogun,CMP-002,CH-002,2026-03-08
FNP-U03215,Male,1977-05-27,2026-02-04,Lagos,CMP-006,CH-002,2026-04-09
FNP-U03216,Female,1992-08-21,2026-02-03,Abuja,CMP-004,CH-005,2026-04-12
FNP-U03217,Male,1985-12-12,2026-02-07,Abuja,CMP-003,CH-004,2026-04-04
FNP-U03218,Male,2004-05-05,2026-03-27,Ogun,CMP-002,CH-002,2026-04-01
FNP-U03219,Female,1974-09-07,2026-02-11,Abuja,CMP-003,CH-004,2026-03-27
FNP-U03220,Male,1990-12-22,2026-04-04,Abuja,CMP-006,CH-002,2026-04-15
FNP-U03221,Male,1999-12-27,2026-02-27,Ogun,CMP-002,CH-002,2026-03-31
FNP-U03222,Male,2008-10-25,2026-04-04,Lagos,CMP-001,CH-001,2026-04-04
FNP-U03223,Female,1983-05-28,2026-02-28,Lagos,CMP-003,CH-004,2026-03-13
FNP-U03224,Female,1977-07-13,2026-02-13,Lagos,CMP-002,CH-002,2026-03-20
FNP-U03225,Male,2007-09-26,2026-04-13,Abuja,CMP-001,CH-001,2026-04-21
FNP-U03226,Female,2007-09-18,2026-03-07,Ogun,CMP-005,CH-003,2026-04-05
FNP-U03227,Male,1980-05-12,2026-03-01,Ogun,CMP-006,CH-002,2026-04-20
FNP-U03228,Male,1997-12-12,2026-04-15,Abuja,CMP-006,CH-002,2026-04-20
FNP-U03229,Female,1974-03-14,2026-03-18,Abuja,CMP-003,CH-004,2026-04-10
FNP-U03230,Female,1992-06-25,2026-01-30,Abuja,CMP-006,CH-002,2026-03-14
FNP-U03231,Male,2001-07-15,2026-03-19,Lagos,CMP-005,CH-003,2026-03-31
FNP-U03232,Male,1999-11-25,2026-02-02,Ogun,CMP-002,CH-002,2026-03-19
FNP-U03233,Female,2006-01-01,2026-02-16,Lagos,CMP-005,CH-003,2026-03-03
FNP-U03234,Male,1982-05-07,2026-04-04,Ogun,CMP-001,CH-001,2026-04-12
FNP-U03235,Female,2002-09-19,2026-03-14,Abuja,CMP-004,CH-005,2026-04-15
FNP-U03236,Male,1982-06-25,2026-03-26,Lagos,CMP-006,CH-002,2026-04-10
FNP-U03237,Male,2004-05-08,2026-03-14,Lagos,CMP-001,CH-001,2026-04-17
FNP-U03238,Female,2008-12-20,2026-02-02,Ogun,CMP-001,CH-001,2026-02-12
FNP-U03239,Female,1999-08-26,2026-03-04,Lagos,CMP-004,CH-005,2026-03-08
FNP-U03240,Female,1996-02-19,2026-04-12,Lagos,CMP-001,CH-001,2026-04-15
FNP-U03241,Female,1985-07-04,2026-02-06,Abuja,CMP-001,CH-001,2026-02-27
FNP-U03242,Female,1976-03-21,2026-04-15,Lagos,CMP-006,CH-002,2026-04-15
FNP-U03243,Female,1994-07-22,2026-03-21,Abuja,CMP-003,CH-004,2026-03-28
FNP-U03244,Female,1993-09-04,2026-02-05,Abuja,CMP-003,CH-004,2026-04-11
FNP-U03245,Male,1986-03-18,2026-02-15,Ogun,CMP-002,CH-002,2026-02-20
FNP-U03246,Female,2007-10-18,2026-03-05,Ogun,CMP-005,CH-003,2026-03-18
FNP-U03247,Male,2002-02-01,2026-04-04,Ogun,CMP-004,CH-005,2026-04-19
FNP-U03248,Female,1974-12-22,2026-03-22,Ogun,CMP-002,CH-002,2026-04-06
FNP-U03249,Male,1973-02-13,2026-03-21,Ogun,CMP-006,CH-002,2026-04-06
FNP-U03250,Male,2004-03-14,2026-03-21,Lagos,CMP-004,CH-005,2026-03-31
FNP-U03251,Female,2000-03-13,2026-02-23,Ogun,CMP-001,CH-001,2026-04-15
FNP-U03252,Male,2007-01-05,2026-01-26,Ogun,CMP-006,CH-002,2026-03-26
FNP-U03253,Female,2007-08-19,2026-02-05,Abuja,CMP-002,CH-002,2026-04-11
FNP-U03254,Female,1989-07-18,2026-03-28,Abuja,CMP-006,CH-002,2026-03-31
FNP-U03255,Male,1997-06-15,2026-03-01,Ogun,CMP-001,CH-001,2026-03-05
FNP-U03256,Female,1978-07-17,2026-03-20,Ogun,CMP-006,CH-002,2026-04-24
FNP-U03257,Female,1984-04-06,2026-03-29,Lagos,CMP-003,CH-004,2026-04-25
FNP-U03258,Female,1984-01-13,2026-03-30,Abuja,CMP-002,CH-002,2026-04-11
FNP-U03259,Female,1996-11-11,2026-04-23,Ogun,CMP-002,CH-002,2026-04-25
FNP-U03260,Female,1989-11-10,2026-04-04,Ogun,CMP-006,CH-002,2026-04-17
FNP-U03261,Female,1978-01-22,2026-03-17,Ogun,CMP-003,CH-004,2026-03-17
FNP-U03262,Male,1972-10-19,2026-04-10,Lagos,CMP-002,CH-002,2026-04-12
FNP-U03263,Female,2000-04-19,2026-04-21,Lagos,CMP-003,CH-004,2026-04-23
FNP-U03264,Male,1999-05-19,2026-04-09,Ogun,CMP-005,CH-003,2026-04-24
FNP-U03265,Male,2008-01-01,2026-02-20,Ogun,CMP-002,CH-002,2026-04-25
FNP-U03266,Female,1998-09-26,2026-02-17,Lagos,CMP-005,CH-003,2026-03-19
FNP-U03267,Female,2004-03-25,2026-03-28,Lagos,CMP-005,CH-003,2026-04-19
FNP-U03268,Male,1981-04-08,2026-02-12,Ogun,CMP-001,CH-001,2026-04-04
FNP-U03269,Female,2006-06-01,2026-03-29,Ogun,CMP-004,CH-005,2026-04-25
FNP-U03270,Female,1979-07-22,2026-04-24,Abuja,CMP-006,CH-002,2026-04-24
FNP-U03271,Male,1973-10-20,2026-02-25,Lagos,CMP-003,CH-004,2026-03-03
FNP-U03272,Male,2004-02-14,2026-04-05,Ogun,CMP-001,CH-001,2026-04-09
FNP-U03273,Male,1990-05-19,2026-03-05,Abuja,CMP-001,CH-001,2026-03-27
FNP-U03274,Male,1994-04-03,2026-04-23,Ogun,CMP-002,CH-002,2026-04-25
FNP-U03275,Male,1991-11-06,2026-02-08,Ogun,CMP-001,CH-001,2026-02-12
FNP-U03276,Male,1996-11-24,2026-03-19,Abuja,CMP-002,CH-002,2026-03-29
FNP-U03277,Female,1993-01-06,2026-04-15,Abuja,CMP-005,CH-003,2026-04-18
FNP-U03278,Male,1983-08-26,2026-04-23,Lagos,CMP-001,CH-001,2026-04-25
FNP-U03279,Male,2004-03-01,2026-02-23,Abuja,CMP-003,CH-004,2026-03-03
FNP-U03280,Male,1995-05-10,2026-04-14,Lagos,CMP-003,CH-004,2026-04-17
FNP-U03281,Male,1977-08-27,2026-01-26,Abuja,CMP-003,CH-004,2026-04-14
FNP-U03282,Female,1983-11-26,2026-02-18,Abuja,CMP-006,CH-002,2026-03-31
FNP-U03283,Female,1994-03-15,2026-03-30,Abuja,CMP-005,CH-003,2026-04-09
FNP-U03284,Male,1986-06-16,2026-04-04,Lagos,CMP-006,CH-002,2026-04-05
FNP-U03285,Female,1993-01-15,2026-02-17,Lagos,CMP-003,CH-004,2026-02-19
FNP-U03286,Male,1988-05-12,2026-01-29,Ogun,CMP-004,CH-005,2026-02-13
FNP-U03287,Male,2003-11-21,2026-02-18,Abuja,CMP-003,CH-004,2026-03-27
FNP-U03288,Male,1971-08-01,2026-04-07,Lagos,CMP-002,CH-002,2026-04-16
FNP-U03289,Male,1993-03-22,2026-03-18,Lagos,CMP-003,CH-004,2026-04-12
FNP-U03290,Female,1998-01-25,2026-02-02,Lagos,CMP-001,CH-001,2026-03-09
FNP-U03291,Male,2001-02-28,2026-04-13,Ogun,CMP-006,CH-002,2026-04-20
FNP-U03292,Female,1981-10-07,2026-03-26,Abuja,CMP-006,CH-002,2026-04-17
FNP-U03293,Female,2003-04-20,2026-02-11,Lagos,CMP-001,CH-001,2026-04-14
FNP-U03294,Female,2000-10-15,2026-02-14,Ogun,CMP-004,CH-005,2026-04-12
FNP-U03295,Female,2006-10-28,2026-04-25,Lagos,CMP-004,CH-005,2026-04-25
FNP-U03296,Male,1981-12-21,2026-02-23,Abuja,CMP-003,CH-004,2026-03-26
FNP-U03297,Male,1991-02-20,2026-02-09,Ogun,CMP-002,CH-002,2026-04-08
FNP-U03298,Female,2004-02-08,2026-04-19,Abuja,CMP-004,CH-005,2026-04-22
FNP-U03299,Male,1994-08-02,2026-03-28,Abuja,CMP-004,CH-005,2026-04-08
FNP-U03300,Female,1998-02-07,2026-02-09,Abuja,CMP-004,CH-005,2026-04-01
FNP-U03301,Female,1972-06-10,2026-02-17,Ogun,CMP-006,CH-002,2026-04-19
FNP-U03302,Female,1976-07-08,2026-04-17,Abuja,CMP-002,CH-002,2026-04-23
FNP-U03303,Male,1999-08-06,2026-03-18,Abuja,CMP-006,CH-002,2026-04-19
FNP-U03304,Female,2005-10-23,2026-03-21,Ogun,CMP-001,CH-001,2026-03-25
FNP-U03305,Female,1994-11-22,2026-03-11,Abuja,CMP-001,CH-001,2026-04-17
FNP-U03306,Female,1993-12-01,2026-02-25,Lagos,CMP-004,CH-005,2026-03-23
FNP-U03307,Female,2004-02-18,2026-02-25,Ogun,CMP-005,CH-003,2026-04-25
FNP-U03308,Male,1984-12-24,2026-02-06,Lagos,CMP-003,CH-004,2026-02-18
FNP-U03309,Female,1995-04-08,2026-04-18,Abuja,CMP-003,CH-004,2026-04-22
FNP-U03310,Female,1997-05-24,2026-03-10,Lagos,CMP-005,CH-003,2026-04-24
FNP-U03311,Male,1993-10-05,2026-02-26,Lagos,CMP-004,CH-005,2026-03-16
FNP-U03312,Male,2003-10-17,2026-03-14,Abuja,CMP-004,CH-005,2026-04-04
FNP-U03313,Male,1972-10-24,2026-03-19,Ogun,CMP-003,CH-004,2026-04-01
FNP-U03314,Male,1982-08-20,2026-03-29,Abuja,CMP-003,CH-004,2026-04-18
FNP-U03315,Male,2004-03-20,2026-04-08,Abuja,CMP-001,CH-001,2026-04-15
FNP-U03316,Female,1996-03-01,2026-02-05,Abuja,CMP-005,CH-003,2026-03-31
FNP-U03317,Female,1986-04-28,2026-03-01,Lagos,CMP-003,CH-004,2026-03-06
FNP-U03318,Male,1991-05-08,2026-04-13,Lagos,CMP-003,CH-004,2026-04-16
FNP-U03319,Female,1996-04-13,2026-03-25,Abuja,CMP-004,CH-005,2026-04-05
FNP-U03320,Male,2003-06-21,2026-03-18,Abuja,CMP-004,CH-005,2026-04-22
FNP-U03321,Male,1976-07-13,2026-02-16,Lagos,CMP-006,CH-002,2026-04-17
FNP-U03322,Male,2005-12-26,2026-03-23,Abuja,CMP-005,CH-003,2026-03-31
FNP-U03323,Female,1980-05-16,2026-02-19,Ogun,CMP-006,CH-002,2026-03-17
FNP-U03324,Female,1976-01-02,2026-02-05,Ogun,CMP-006,CH-002,2026-02-21
FNP-U03325,Male,1999-11-22,2026-04-08,Lagos,CMP-006,CH-002,2026-04-20
FNP-U03326,Male,1984-06-22,2026-04-25,Ogun,CMP-003,CH-004,2026-04-25
FNP-U03327,Male,1973-05-09,2026-03-07,Ogun,CMP-003,CH-004,2026-04-01
FNP-U03328,Male,1984-06-02,2026-01-28,Lagos,CMP-001,CH-001,2026-01-28
FNP-U03329,Female,2006-04-12,2026-03-28,Lagos,CMP-004,CH-005,2026-04-13
FNP-U03330,Male,1972-01-10,2026-02-06,Abuja,CMP-003,CH-004,2026-02-09
FNP-U03331,Male,1998-09-17,2026-02-04,Lagos,CMP-005,CH-003,2026-04-06
FNP-U03332,Male,1995-01-26,2026-03-12,Abuja,CMP-003,CH-004,2026-04-14
FNP-U03333,Female,2005-05-10,2026-03-19,Abuja,CMP-005,CH-003,2026-04-19
FNP-U03334,Female,1997-06-13,2026-02-25,Lagos,CMP-002,CH-002,2026-03-13
FNP-U03335,Female,1982-12-02,2026-01-26,Abuja,CMP-001,CH-001,2026-03-07
FNP-U03336,Female,2008-03-19,2026-04-17,Ogun,CMP-005,CH-003,2026-04-20
FNP-U03337,Male,1986-07-20,2026-04-04,Ogun,CMP-001,CH-001,2026-04-09
FNP-U03338,Female,1993-07-10,2026-03-24,Abuja,CMP-002,CH-002,2026-04-05
FNP-U03339,Male,1999-10-22,2026-02-13,Abuja,CMP-001,CH-001,2026-04-08
FNP-U03340,Female,1995-12-24,2026-01-28,Ogun,CMP-003,CH-004,2026-03-04
FNP-U03341,Female,2008-07-10,2026-02-16,Abuja,CMP-001,CH-001,2026-02-19
FNP-U03342,Female,1994-11-24,2026-01-26,Abuja,CMP-002,CH-002,2026-02-13
FNP-U03343,Male,1996-02-28,2026-03-23,Abuja,CMP-001,CH-001,2026-04-25
FNP-U03344,Male,1991-04-23,2026-04-23,Lagos,CMP-004,CH-005,2026-04-25
FNP-U03345,Female,1999-06-16,2026-03-08,Lagos,CMP-004,CH-005,2026-03-12
FNP-U03346,Female,1983-07-15,2026-03-27,Abuja,CMP-002,CH-002,2026-04-01
FNP-U03347,Female,1991-03-20,2026-02-10,Ogun,CMP-003,CH-004,2026-03-19
FNP-U03348,Male,1991-03-28,2026-02-27,Ogun,CMP-003,CH-004,2026-03-01
FNP-U03349,Male,1997-08-22,2026-01-26,Abuja,CMP-006,CH-002,2026-04-20
FNP-U03350,Female,2004-03-24,2026-02-16,Lagos,CMP-001,CH-001,2026-04-11
FNP-U03351,Female,2000-06-05,2026-04-21,Lagos,CMP-005,CH-003,2026-04-24
FNP-U03352,Female,1992-06-19,2026-02-07,Abuja,CMP-002,CH-002,2026-04-03
FNP-U03353,Male,1976-01-27,2026-04-10,Lagos,CMP-006,CH-002,2026-04-14
FNP-U03354,Male,1991-07-12,2026-02-18,Abuja,CMP-005,CH-003,2026-04-07
FNP-U03355,Female,1994-02-19,2026-02-08,Ogun,CMP-006,CH-002,2026-04-19
FNP-U03356,Male,1998-02-21,2026-04-02,Abuja,CMP-003,CH-004,2026-04-21
FNP-U03357,Female,1982-11-22,2026-02-03,Ogun,CMP-002,CH-002,2026-04-21
FNP-U03358,Female,2001-12-21,2026-03-18,Abuja,CMP-001,CH-001,2026-04-10
FNP-U03359,Female,2003-05-13,2026-02-03,Ogun,CMP-005,CH-003,2026-03-02
FNP-U03360,Female,1995-04-08,2026-03-26,Abuja,CMP-005,CH-003,2026-03-30
FNP-U03361,Male,1986-11-23,2026-02-25,Ogun,CMP-006,CH-002,2026-04-07
FNP-U03362,Male,1994-02-08,2026-03-23,Ogun,CMP-001,CH-001,2026-04-14
FNP-U03363,Male,2007-08-05,2026-03-05,Ogun,CMP-002,CH-002,2026-04-12
FNP-U03364,Male,1994-09-08,2026-04-19,Ogun,CMP-006,CH-002,2026-04-23
FNP-U03365,Female,1975-12-26,2026-02-08,Abuja,CMP-003,CH-004,2026-04-11
FNP-U03366,Female,1994-06-09,2026-04-23,Abuja,CMP-005,CH-003,2026-04-24
FNP-U03367,Male,2001-07-15,2026-03-16,Abuja,CMP-001,CH-001,2026-03-16
FNP-U03368,Female,1990-07-19,2026-03-21,Lagos,CMP-002,CH-002,2026-04-01
FNP-U03369,Male,1987-06-26,2026-03-04,Lagos,CMP-004,CH-005,2026-03-13
FNP-U03370,Female,2003-07-09,2026-02-03,Lagos,CMP-005,CH-003,2026-02-22
FNP-U03371,Female,2006-02-11,2026-02-02,Abuja,CMP-001,CH-001,2026-03-27
FNP-U03372,Male,2002-11-08,2026-03-22,Lagos,CMP-005,CH-003,2026-03-28
FNP-U03373,Female,1995-07-02,2026-03-17,Ogun,CMP-005,CH-003,2026-04-16
FNP-U03374,Male,1990-09-26,2026-04-08,Lagos,CMP-001,CH-001,2026-04-10
FNP-U03375,Female,1992-07-09,2026-04-10,Ogun,CMP-005,CH-003,2026-04-11
FNP-U03376,Male,1998-08-15,2026-04-18,Lagos,CMP-005,CH-003,2026-04-18
FNP-U03377,Female,1974-04-17,2026-03-09,Ogun,CMP-006,CH-002,2026-04-13
FNP-U03378,Female,1979-06-05,2026-03-14,Abuja,CMP-003,CH-004,2026-03-15
FNP-U03379,Female,1995-07-04,2026-02-26,Abuja,CMP-001,CH-001,2026-04-16
FNP-U03380,Female,2003-11-04,2026-02-24,Abuja,CMP-004,CH-005,2026-03-12
FNP-U03381,Male,1994-12-11,2026-04-16,Abuja,CMP-001,CH-001,2026-04-24
FNP-U03382,Male,2006-12-24,2026-04-24,Ogun,CMP-004,CH-005,2026-04-24
FNP-U03383,Female,2003-02-14,2026-04-18,Lagos,CMP-005,CH-003,2026-04-23
FNP-U03384,Female,2002-05-21,2026-02-24,Ogun,CMP-005,CH-003,2026-04-22
FNP-U03385,Male,2008-01-28,2026-03-30,Ogun,CMP-004,CH-005,2026-04-16
FNP-U03386,Male,1997-02-07,2026-02-08,Lagos,CMP-004,CH-005,2026-04-06
FNP-U03387,Female,1977-12-26,2026-04-02,Lagos,CMP-002,CH-002,2026-04-02
FNP-U03388,Male,1990-06-04,2026-04-08,Ogun,CMP-001,CH-001,2026-04-15
FNP-U03389,Male,1985-01-28,2026-03-17,Lagos,CMP-003,CH-004,2026-04-16
FNP-U03390,Female,2006-08-07,2026-02-22,Abuja,CMP-005,CH-003,2026-03-15
FNP-U03391,Male,1990-03-07,2026-02-18,Lagos,CMP-001,CH-001,2026-04-06
FNP-U03392,Female,1988-06-15,2026-03-05,Ogun,CMP-001,CH-001,2026-03-07
FNP-U03393,Female,1996-10-26,2026-02-04,Abuja,CMP-002,CH-002,2026-02-20
FNP-U03394,Male,1998-05-10,2026-03-05,Ogun,CMP-005,CH-003,2026-03-20
FNP-U03395,Male,1993-01-12,2026-03-07,Ogun,CMP-002,CH-002,2026-03-17
FNP-U03396,Female,1992-03-11,2026-03-30,Abuja,CMP-002,CH-002,2026-04-07
FNP-U03397,Female,1991-04-21,2026-02-05,Lagos,CMP-004,CH-005,2026-03-23
FNP-U03398,Female,1984-11-21,2026-02-12,Abuja,CMP-006,CH-002,2026-03-02
FNP-U03399,Male,2005-07-27,2026-04-16,Ogun,CMP-005,CH-003,2026-04-21
FNP-U03400,Female,1995-02-10,2026-03-21,Lagos,CMP-003,CH-004,2026-04-06
FNP-U03401,Male,1992-10-26,2026-03-14,Abuja,CMP-006,CH-002,2026-03-27
FNP-U03402,Male,1994-07-13,2026-03-11,Ogun,CMP-005,CH-003,2026-04-07
FNP-U03403,Female,2000-07-15,2026-02-01,Ogun,CMP-004,CH-005,2026-04-25
FNP-U03404,Male,1987-05-02,2026-03-06,Abuja,CMP-003,CH-004,2026-03-19
FNP-U03405,Male,1981-03-15,2026-03-30,Ogun,CMP-006,CH-002,2026-04-11
FNP-U03406,Male,1996-07-04,2026-02-20,Abuja,CMP-002,CH-002,2026-03-03
FNP-U03407,Male,2002-02-04,2026-04-16,Ogun,CMP-005,CH-003,2026-04-25
FNP-U03408,Male,1993-12-04,2026-01-26,Lagos,CMP-001,CH-001,2026-03-19
FNP-U03409,Male,1978-03-28,2026-03-22,Lagos,CMP-002,CH-002,2026-04-08
FNP-U03410,Male,1972-09-23,2026-02-21,Lagos,CMP-003,CH-004,2026-03-29
FNP-U03411,Male,1993-02-10,2026-02-24,Lagos,CMP-004,CH-005,2026-02-26
FNP-U03412,Female,1995-12-24,2026-03-04,Ogun,CMP-004,CH-005,2026-04-07
FNP-U03413,Female,1974-10-22,2026-02-11,Ogun,CMP-002,CH-002,2026-03-17
FNP-U03414,Female,1991-01-23,2026-02-25,Ogun,CMP-001,CH-001,2026-04-09
FNP-U03415,Female,1987-10-28,2026-03-10,Abuja,CMP-002,CH-002,2026-03-18
FNP-U03416,Male,1998-07-17,2026-04-02,Ogun,CMP-003,CH-004,2026-04-12
FNP-U03417,Male,2003-01-10,2026-03-22,Ogun,CMP-002,CH-002,2026-04-22
FNP-U03418,Male,2003-06-03,2026-02-22,Lagos,CMP-002,CH-002,2026-03-31
FNP-U03419,Male,1972-04-25,2026-03-05,Ogun,CMP-003,CH-004,2026-04-14
FNP-U03420,Female,1992-05-07,2026-01-28,Lagos,CMP-003,CH-004,2026-04-02
FNP-U03421,Male,1996-06-11,2026-03-26,Ogun,CMP-004,CH-005,2026-04-18
FNP-U03422,Female,2005-11-02,2026-02-01,Ogun,CMP-006,CH-002,2026-03-05
FNP-U03423,Female,1976-12-10,2026-04-07,Abuja,CMP-003,CH-004,2026-04-08
FNP-U03424,Male,2003-10-07,2026-04-11,Ogun,CMP-004,CH-005,2026-04-13
FNP-U03425,Female,1998-03-27,2026-01-30,Abuja,CMP-003,CH-004,2026-03-07
FNP-U03426,Male,1997-07-27,2026-03-17,Lagos,CMP-001,CH-001,2026-03-17
FNP-U03427,Female,1995-07-11,2026-02-28,Ogun,CMP-001,CH-001,2026-03-17
FNP-U03428,Male,1994-04-01,2026-01-27,Lagos,CMP-004,CH-005,2026-03-14
FNP-U03429,Male,2002-12-17,2026-03-22,Abuja,CMP-004,CH-005,2026-04-21
FNP-U03430,Female,1981-01-04,2026-03-24,Abuja,CMP-002,CH-002,2026-04-02
FNP-U03431,Male,1998-03-13,2026-04-19,Ogun,CMP-003,CH-004,2026-04-19
FNP-U03432,Female,1997-11-14,2026-03-01,Ogun,CMP-005,CH-003,2026-04-18
FNP-U03433,Female,1992-02-15,2026-02-20,Abuja,CMP-002,CH-002,2026-04-18
FNP-U03434,Female,1982-08-25,2026-03-04,Abuja,CMP-006,CH-002,2026-04-19
FNP-U03435,Male,1982-08-21,2026-02-25,Abuja,CMP-003,CH-004,2026-04-24
FNP-U03436,Female,2007-08-05,2026-02-24,Abuja,CMP-005,CH-003,2026-03-14
FNP-U03437,Female,2002-03-21,2026-04-12,Lagos,CMP-005,CH-003,2026-04-21
FNP-U03438,Female,2005-08-19,2026-04-12,Ogun,CMP-005,CH-003,2026-04-24
FNP-U03439,Female,1975-05-27,2026-01-28,Ogun,CMP-006,CH-002,2026-04-12
FNP-U03440,Male,1982-03-17,2026-01-30,Ogun,CMP-003,CH-004,2026-04-19
FNP-U03441,Male,1985-04-24,2026-02-24,Ogun,CMP-006,CH-002,2026-04-07
FNP-U03442,Female,1979-12-22,2026-02-26,Ogun,CMP-002,CH-002,2026-03-03
FNP-U03443,Female,1983-05-21,2026-03-30,Lagos,CMP-002,CH-002,2026-04-05
FNP-U03444,Male,2003-06-08,2026-02-28,Abuja,CMP-005,CH-003,2026-04-03
FNP-U03445,Male,1999-08-10,2026-01-28,Lagos,CMP-003,CH-004,2026-04-07
FNP-U03446,Male,1992-07-22,2026-02-02,Lagos,CMP-001,CH-001,2026-02-26
FNP-U03447,Male,2000-01-25,2026-02-28,Abuja,CMP-005,CH-003,2026-03-17
FNP-U03448,Male,1991-10-23,2026-04-11,Lagos,CMP-001,CH-001,2026-04-18
FNP-U03449,Male,2002-10-06,2026-04-21,Lagos,CMP-004,CH-005,2026-04-25
FNP-U03450,Female,1976-07-18,2026-04-25,Lagos,CMP-002,CH-002,2026-04-25
FNP-U03451,Female,1998-06-12,2026-01-27,Ogun,CMP-004,CH-005,2026-03-22
FNP-U03452,Female,1999-04-18,2026-02-23,Ogun,CMP-004,CH-005,2026-02-26
FNP-U03453,Male,1991-01-12,2026-03-22,Ogun,CMP-002,CH-002,2026-04-04
FNP-U03454,Female,1978-01-17,2026-03-10,Ogun,CMP-002,CH-002,2026-04-18
FNP-U03455,Female,1997-10-14,2026-02-27,Lagos,CMP-001,CH-001,2026-03-18
FNP-U03456,Male,1997-04-18,2026-04-09,Abuja,CMP-004,CH-005,2026-04-09
FNP-U03457,Female,1991-11-06,2026-04-25,Abuja,CMP-002,CH-002,2026-04-25
FNP-U03458,Male,2002-12-09,2026-02-26,Abuja,CMP-004,CH-005,2026-04-17
FNP-U03459,Male,1995-12-12,2026-02-13,Ogun,CMP-005,CH-003,2026-03-16
FNP-U03460,Female,1971-05-07,2026-04-20,Abuja,CMP-003,CH-004,2026-04-21
FNP-U03461,Female,1995-11-26,2026-03-25,Abuja,CMP-002,CH-002,2026-03-29
FNP-U03462,Male,1988-11-03,2026-02-24,Lagos,CMP-002,CH-002,2026-04-13
FNP-U03463,Female,1995-01-15,2026-04-02,Lagos,CMP-004,CH-005,2026-04-22
FNP-U03464,Male,1999-03-26,2026-02-18,Ogun,CMP-004,CH-005,2026-04-10
FNP-U03465,Male,2003-04-19,2026-02-08,Lagos,CMP-006,CH-002,2026-02-27
FNP-U03466,Male,1988-09-10,2026-02-02,Abuja,CMP-004,CH-005,2026-04-13
FNP-U03467,Male,1987-08-07,2026-03-31,Abuja,CMP-003,CH-004,2026-03-31
FNP-U03468,Male,1979-09-15,2026-04-12,Abuja,CMP-006,CH-002,2026-04-15
FNP-U03469,Male,2008-07-17,2026-03-16,Ogun,CMP-001,CH-001,2026-04-08
FNP-U03470,Male,1995-12-12,2026-03-08,Lagos,CMP-006,CH-002,2026-04-05
FNP-U03471,Female,1992-05-17,2026-04-19,Ogun,CMP-003,CH-004,2026-04-21
FNP-U03472,Male,1984-04-05,2026-04-19,Ogun,CMP-006,CH-002,2026-04-23
FNP-U03473,Male,2005-08-21,2026-03-18,Ogun,CMP-004,CH-005,2026-04-04
FNP-U03474,Female,2003-08-20,2026-03-19,Lagos,CMP-001,CH-001,2026-04-23
FNP-U03475,Male,2006-03-14,2026-03-04,Ogun,CMP-005,CH-003,2026-03-26
FNP-U03476,Male,2004-07-21,2026-04-23,Abuja,CMP-005,CH-003,2026-04-25
FNP-U03477,Female,2004-04-14,2026-02-22,Ogun,CMP-005,CH-003,2026-03-18
FNP-U03478,Male,1982-07-20,2026-02-01,Ogun,CMP-002,CH-002,2026-02-21
FNP-U03479,Female,1986-01-04,2026-02-23,Ogun,CMP-004,CH-005,2026-04-20
FNP-U03480,Female,2004-09-15,2026-03-16,Abuja,CMP-004,CH-005,2026-03-19
FNP-U03481,Male,2003-05-21,2026-01-28,Lagos,CMP-001,CH-001,2026-02-04
FNP-U03482,Male,1979-01-09,2026-02-11,Lagos,CMP-003,CH-004,2026-04-15
FNP-U03483,Female,1977-07-21,2026-04-10,Abuja,CMP-006,CH-002,2026-04-18
FNP-U03484,Female,1986-10-18,2026-03-06,Ogun,CMP-006,CH-002,2026-03-25
FNP-U03485,Male,2007-10-28,2026-01-26,Ogun,CMP-001,CH-001,2026-03-21
FNP-U03486,Male,2001-07-24,2026-03-07,Abuja,CMP-006,CH-002,2026-04-12
FNP-U03487,Female,1977-08-21,2026-04-10,Ogun,CMP-003,CH-004,2026-04-20
FNP-U03488,Male,1993-02-25,2026-04-13,Lagos,CMP-002,CH-002,2026-04-25
FNP-U03489,Female,1977-07-21,2026-03-01,Lagos,CMP-002,CH-002,2026-03-07
FNP-U03490,Male,1996-12-06,2026-02-19,Lagos,CMP-005,CH-003,2026-04-11
FNP-U03491,Female,2003-06-17,2026-03-20,Ogun,CMP-002,CH-002,2026-04-16
FNP-U03492,Female,1986-07-26,2026-03-08,Ogun,CMP-006,CH-002,2026-03-25
FNP-U03493,Female,1995-11-06,2026-03-20,Abuja,CMP-004,CH-005,2026-04-14
FNP-U03494,Female,1983-03-23,2026-04-12,Lagos,CMP-003,CH-004,2026-04-16
FNP-U03495,Male,2008-11-11,2026-03-28,Abuja,CMP-001,CH-001,2026-04-12
FNP-U03496,Male,2000-06-23,2026-01-30,Lagos,CMP-006,CH-002,2026-03-20
FNP-U03497,Male,1999-07-09,2026-04-10,Ogun,CMP-002,CH-002,2026-04-13
FNP-U03498,Female,1991-01-11,2026-02-28,Abuja,CMP-002,CH-002,2026-04-08
FNP-U03499,Male,2006-09-22,2026-03-03,Ogun,CMP-001,CH-001,2026-03-17
FNP-U03500,Female,2001-05-01,2026-03-26,Lagos,CMP-001,CH-001,2026-04-16
FNP-U03501,Female,1996-12-13,2026-03-16,Lagos,CMP-004,CH-005,2026-04-16
FNP-U03502,Male,1999-11-12,2026-02-26,Lagos,CMP-005,CH-003,2026-03-06
FNP-U03503,Male,1995-01-24,2026-03-21,Ogun,CMP-001,CH-001,2026-04-07
FNP-U03504,Female,1997-04-15,2026-03-25,Lagos,CMP-005,CH-003,2026-04-07
FNP-U03505,Female,1993-03-05,2026-01-30,Ogun,CMP-005,CH-003,2026-04-13
FNP-U03506,Female,1982-04-04,2026-03-30,Abuja,CMP-001,CH-001,2026-03-31
FNP-U03507,Female,2007-08-15,2026-02-02,Lagos,CMP-006,CH-002,2026-02-22
FNP-U03508,Female,2005-12-13,2026-02-20,Ogun,CMP-002,CH-002,2026-02-21
FNP-U03509,Male,1979-05-18,2026-02-23,Ogun,CMP-003,CH-004,2026-03-09
FNP-U03510,Male,2003-08-12,2026-02-26,Lagos,CMP-003,CH-004,2026-04-08
FNP-U03511,Male,1981-01-08,2026-02-26,Abuja,CMP-001,CH-001,2026-04-24
FNP-U03512,Male,1976-10-08,2026-02-17,Abuja,CMP-002,CH-002,2026-03-02
FNP-U03513,Male,1989-06-03,2026-03-22,Ogun,CMP-002,CH-002,2026-03-23
FNP-U03514,Male,1973-09-19,2026-03-01,Abuja,CMP-003,CH-004,2026-04-20
FNP-U03515,Female,1999-01-21,2026-01-30,Lagos,CMP-003,CH-004,2026-04-05
FNP-U03516,Male,1997-04-11,2026-02-05,Lagos,CMP-004,CH-005,2026-02-08
FNP-U03517,Female,1977-03-28,2026-03-03,Ogun,CMP-003,CH-004,2026-03-31
FNP-U03518,Male,1986-07-25,2026-02-20,Ogun,CMP-001,CH-001,2026-04-08
FNP-U03519,Male,1996-06-18,2026-04-06,Ogun,CMP-002,CH-002,2026-04-22
FNP-U03520,Female,2008-11-08,2026-03-30,Abuja,CMP-006,CH-002,2026-04-23
FNP-U03521,Male,2002-05-18,2026-04-12,Lagos,CMP-001,CH-001,2026-04-25
FNP-U03522,Female,2001-03-24,2026-04-17,Abuja,CMP-003,CH-004,2026-04-18
FNP-U03523,Male,1978-11-28,2026-03-10,Lagos,CMP-003,CH-004,2026-03-22
FNP-U03524,Female,1987-02-25,2026-04-21,Ogun,CMP-004,CH-005,2026-04-21
FNP-U03525,Female,2007-06-22,2026-04-16,Lagos,CMP-004,CH-005,2026-04-20
FNP-U03526,Male,1996-04-05,2026-03-08,Lagos,CMP-006,CH-002,2026-04-04
FNP-U03527,Female,2005-10-13,2026-03-29,Ogun,CMP-004,CH-005,2026-04-14
FNP-U03528,Female,1993-05-06,2026-04-05,Lagos,CMP-001,CH-001,2026-04-17
FNP-U03529,Female,2006-10-26,2026-04-11,Lagos,CMP-004,CH-005,2026-04-11
FNP-U03530,Female,1998-02-09,2026-04-05,Ogun,CMP-003,CH-004,2026-04-24
FNP-U03531,Female,1975-06-21,2026-04-05,Ogun,CMP-002,CH-002,2026-04-22
FNP-U03532,Male,1984-11-05,2026-02-08,Abuja,CMP-001,CH-001,2026-04-11
FNP-U03533,Male,1981-10-01,2026-02-28,Ogun,CMP-006,CH-002,2026-03-05
FNP-U03534,Female,1972-08-08,2026-03-18,Abuja,CMP-002,CH-002,2026-04-19
FNP-U03535,Female,2005-06-19,2026-02-11,Ogun,CMP-002,CH-002,2026-03-15
FNP-U03536,Male,1996-10-23,2026-04-16,Lagos,CMP-001,CH-001,2026-04-23
FNP-U03537,Female,1993-12-24,2026-02-16,Lagos,CMP-003,CH-004,2026-03-29
FNP-U03538,Male,1980-06-25,2026-03-13,Abuja,CMP-002,CH-002,2026-04-15
FNP-U03539,Female,1990-02-20,2026-03-19,Abuja,CMP-003,CH-004,2026-04-08
FNP-U03540,Female,1993-06-21,2026-03-24,Abuja,CMP-003,CH-004,2026-04-24
FNP-U03541,Male,2008-10-11,2026-04-22,Ogun,CMP-004,CH-005,2026-04-23
FNP-U03542,Male,1990-06-19,2026-04-10,Lagos,CMP-001,CH-001,2026-04-10
FNP-U03543,Male,1973-05-21,2026-02-24,Abuja,CMP-006,CH-002,2026-03-10
FNP-U03544,Female,1999-09-05,2026-03-22,Ogun,CMP-002,CH-002,2026-04-01
FNP-U03545,Male,1999-10-21,2026-03-10,Lagos,CMP-005,CH-003,2026-03-25
FNP-U03546,Male,1988-12-25,2026-02-24,Ogun,CMP-002,CH-002,2026-02-27
FNP-U03547,Male,2000-04-11,2026-02-07,Abuja,CMP-002,CH-002,2026-03-04
FNP-U03548,Female,1984-01-08,2026-03-09,Abuja,CMP-003,CH-004,2026-03-14
FNP-U03549,Female,1992-04-02,2026-04-01,Lagos,CMP-006,CH-002,2026-04-07
FNP-U03550,Male,1995-05-04,2026-02-11,Ogun,CMP-005,CH-003,2026-04-24
FNP-U03551,Male,1998-07-07,2026-03-17,Ogun,CMP-006,CH-002,2026-04-18
FNP-U03552,Male,1973-09-11,2026-04-14,Lagos,CMP-006,CH-002,2026-04-23
FNP-U03553,Female,2005-06-03,2026-04-12,Ogun,CMP-001,CH-001,2026-04-19
FNP-U03554,Female,1993-09-06,2026-03-14,Ogun,CMP-004,CH-005,2026-03-15
FNP-U03555,Male,2006-10-24,2026-04-05,Ogun,CMP-002,CH-002,2026-04-10
FNP-U03556,Female,2008-10-12,2026-02-02,Lagos,CMP-005,CH-003,2026-03-26
FNP-U03557,Male,1996-03-14,2026-04-15,Abuja,CMP-003,CH-004,2026-04-18
FNP-U03558,Male,1993-07-21,2026-04-18,Lagos,CMP-002,CH-002,2026-04-25
FNP-U03559,Male,1972-02-28,2026-04-03,Abuja,CMP-003,CH-004,2026-04-05
FNP-U03560,Male,1993-02-27,2026-02-12,Abuja,CMP-005,CH-003,2026-02-17
FNP-U03561,Female,1996-09-21,2026-04-24,Ogun,CMP-003,CH-004,2026-04-25
FNP-U03562,Male,2006-10-05,2026-03-01,Abuja,CMP-005,CH-003,2026-03-25
FNP-U03563,Female,1989-05-09,2026-01-27,Ogun,CMP-006,CH-002,2026-04-12
FNP-U03564,Female,2004-10-12,2026-02-03,Abuja,CMP-005,CH-003,2026-03-21
FNP-U03565,Male,1992-10-23,2026-03-23,Lagos,CMP-002,CH-002,2026-04-18
FNP-U03566,Male,2004-10-09,2026-03-24,Abuja,CMP-005,CH-003,2026-04-07
FNP-U03567,Male,1992-09-22,2026-04-13,Ogun,CMP-004,CH-005,2026-04-19
FNP-U03568,Female,2005-10-02,2026-01-28,Ogun,CMP-005,CH-003,2026-03-01
FNP-U03569,Female,1999-05-24,2026-02-01,Lagos,CMP-005,CH-003,2026-02-13
FNP-U03570,Male,1990-07-14,2026-02-12,Abuja,CMP-003,CH-004,2026-02-21
FNP-U03571,Female,1991-06-26,2026-04-05,Abuja,CMP-005,CH-003,2026-04-15
FNP-U03572,Male,2007-09-02,2026-03-06,Abuja,CMP-006,CH-002,2026-04-04
FNP-U03573,Male,1991-12-16,2026-01-31,Abuja,CMP-004,CH-005,2026-02-03
FNP-U03574,Female,1993-07-04,2026-02-15,Ogun,CMP-002,CH-002,2026-02-28
FNP-U03575,Female,2007-04-11,2026-03-20,Abuja,CMP-001,CH-001,2026-03-20
FNP-U03576,Female,1990-10-08,2026-02-27,Ogun,CMP-002,CH-002,2026-04-22
FNP-U03577,Female,1972-09-21,2026-04-18,Abuja,CMP-002,CH-002,2026-04-24
FNP-U03578,Male,1996-07-07,2026-02-27,Abuja,CMP-006,CH-002,2026-03-19
FNP-U03579,Male,1972-05-10,2026-02-25,Abuja,CMP-003,CH-004,2026-04-12
FNP-U03580,Female,1989-03-16,2026-04-05,Abuja,CMP-001,CH-001,2026-04-19
FNP-U03581,Male,1989-04-05,2026-02-04,Abuja,CMP-003,CH-004,2026-04-12
FNP-U03582,Male,1994-11-08,2026-02-16,Lagos,CMP-006,CH-002,2026-02-25
FNP-U03583,Female,1995-01-07,2026-02-22,Abuja,CMP-001,CH-001,2026-03-06
FNP-U03584,Male,1976-04-15,2026-03-04,Abuja,CMP-002,CH-002,2026-04-01
FNP-U03585,Male,2006-11-20,2026-03-20,Lagos,CMP-005,CH-003,2026-03-26
FNP-U03586,Male,2005-10-15,2026-03-21,Lagos,CMP-005,CH-003,2026-03-25
FNP-U03587,Male,1982-11-05,2026-04-03,Lagos,CMP-006,CH-002,2026-04-10
FNP-U03588,Male,1999-10-24,2026-03-05,Ogun,CMP-005,CH-003,2026-04-15
FNP-U03589,Male,2002-05-06,2026-02-26,Abuja,CMP-001,CH-001,2026-03-06
FNP-U03590,Male,1996-07-07,2026-03-22,Abuja,CMP-004,CH-005,2026-03-24
FNP-U03591,Male,1986-02-21,2026-02-23,Ogun,CMP-003,CH-004,2026-03-24
FNP-U03592,Male,1992-07-24,2026-02-13,Ogun,CMP-001,CH-001,2026-04-07
FNP-U03593,Male,1994-12-14,2026-04-24,Ogun,CMP-005,CH-003,2026-04-24
FNP-U03594,Female,1986-05-22,2026-02-28,Lagos,CMP-004,CH-005,2026-04-02
FNP-U03595,Female,1979-05-04,2026-02-16,Ogun,CMP-006,CH-002,2026-03-21
FNP-U03596,Male,1987-11-20,2026-02-24,Lagos,CMP-001,CH-001,2026-04-20
FNP-U03597,Female,1987-10-27,2026-04-12,Ogun,CMP-006,CH-002,2026-04-16
FNP-U03598,Female,1985-08-19,2026-02-19,Lagos,CMP-002,CH-002,2026-04-09
FNP-U03599,Female,2002-10-27,2026-03-24,Ogun,CMP-001,CH-001,2026-04-16
FNP-U03600,Female,2005-10-23,2026-03-23,Lagos,CMP-001,CH-001,2026-04-07
FNP-U03601,Female,1999-07-18,2026-03-17,Lagos,CMP-006,CH-002,2026-03-30
FNP-U03602,Male,1996-05-01,2026-03-11,Abuja,CMP-004,CH-005,2026-03-22
FNP-U03603,Female,1996-10-04,2026-04-25,Abuja,CMP-005,CH-003,2026-04-25
FNP-U03604,Male,1996-11-28,2026-02-22,Lagos,CMP-004,CH-005,2026-03-17
FNP-U03605,Male,1980-12-19,2026-03-03,Lagos,CMP-002,CH-002,2026-04-07
FNP-U03606,Male,2002-08-14,2026-04-16,Ogun,CMP-003,CH-004,2026-04-24
FNP-U03607,Female,1978-10-14,2026-04-18,Lagos,CMP-003,CH-004,2026-04-20
FNP-U03608,Male,1995-07-20,2026-04-09,Abuja,CMP-004,CH-005,2026-04-09
FNP-U03609,Female,2007-11-11,2026-01-30,Ogun,CMP-005,CH-003,2026-03-22
FNP-U03610,Female,2008-09-10,2026-01-28,Lagos,CMP-004,CH-005,2026-04-12
FNP-U03611,Female,1981-12-24,2026-04-24,Ogun,CMP-001,CH-001,2026-04-24
FNP-U03612,Female,1998-04-08,2026-04-09,Abuja,CMP-003,CH-004,2026-04-13
FNP-U03613,Male,1972-06-13,2026-04-06,Ogun,CMP-002,CH-002,2026-04-14
FNP-U03614,Female,2008-09-18,2026-02-16,Lagos,CMP-005,CH-003,2026-03-08
FNP-U03615,Male,1996-10-13,2026-03-05,Lagos,CMP-003,CH-004,2026-04-19
FNP-U03616,Female,1975-07-25,2026-02-14,Ogun,CMP-006,CH-002,2026-04-17
FNP-U03617,Female,1980-10-09,2026-04-14,Ogun,CMP-006,CH-002,2026-04-25
FNP-U03618,Female,1994-10-03,2026-04-25,Lagos,CMP-005,CH-003,2026-04-25
FNP-U03619,Male,1997-07-15,2026-03-25,Abuja,CMP-003,CH-004,2026-04-10
FNP-U03620,Female,2003-07-14,2026-02-13,Abuja,CMP-004,CH-005,2026-03-25
FNP-U03621,Male,2002-09-18,2026-01-29,Lagos,CMP-002,CH-002,2026-04-12
FNP-U03622,Female,1982-11-28,2026-02-19,Ogun,CMP-003,CH-004,2026-04-25
FNP-U03623,Male,1995-03-06,2026-03-01,Lagos,CMP-004,CH-005,2026-04-16
FNP-U03624,Male,1988-02-11,2026-03-17,Ogun,CMP-001,CH-001,2026-03-23
FNP-U03625,Male,1979-11-20,2026-02-06,Abuja,CMP-002,CH-002,2026-02-21
FNP-U03626,Male,1992-06-10,2026-04-14,Ogun,CMP-004,CH-005,2026-04-18
FNP-U03627,Female,2007-02-16,2026-02-18,Ogun,CMP-004,CH-005,2026-03-18
FNP-U03628,Male,1991-05-25,2026-03-31,Lagos,CMP-003,CH-004,2026-04-05
FNP-U03629,Male,1984-11-12,2026-03-07,Abuja,CMP-001,CH-001,2026-04-23
FNP-U03630,Female,1991-06-06,2026-04-03,Abuja,CMP-003,CH-004,2026-04-15
FNP-U03631,Female,1989-03-23,2026-03-21,Ogun,CMP-004,CH-005,2026-04-16
FNP-U03632,Female,1997-07-10,2026-03-09,Lagos,CMP-005,CH-003,2026-03-16
FNP-U03633,Female,1977-10-03,2026-03-20,Ogun,CMP-002,CH-002,2026-04-12
FNP-U03634,Female,1995-11-08,2026-03-23,Lagos,CMP-004,CH-005,2026-04-05
FNP-U03635,Female,1992-03-22,2026-02-23,Ogun,CMP-005,CH-003,2026-03-06
FNP-U03636,Male,1979-11-01,2026-03-12,Lagos,CMP-003,CH-004,2026-03-17
FNP-U03637,Male,1996-07-10,2026-03-03,Lagos,CMP-005,CH-003,2026-03-22
FNP-U03638,Female,1988-01-11,2026-03-21,Ogun,CMP-006,CH-002,2026-04-13
FNP-U03639,Female,1987-04-04,2026-04-14,Abuja,CMP-003,CH-004,2026-04-16
FNP-U03640,Male,1986-11-24,2026-04-13,Ogun,CMP-003,CH-004,2026-04-23
FNP-U03641,Female,2007-02-12,2026-03-25,Lagos,CMP-001,CH-001,2026-03-26
FNP-U03642,Male,2008-10-23,2026-01-26,Abuja,CMP-005,CH-003,2026-04-19
FNP-U03643,Female,2007-09-16,2026-02-28,Ogun,CMP-005,CH-003,2026-03-31
FNP-U03644,Male,1977-03-01,2026-04-11,Lagos,CMP-003,CH-004,2026-04-15
FNP-U03645,Male,2005-03-26,2026-03-01,Ogun,CMP-005,CH-003,2026-03-14
FNP-U03646,Male,2003-11-10,2026-03-29,Lagos,CMP-002,CH-002,2026-04-12
FNP-U03647,Male,2008-07-20,2026-04-23,Lagos,CMP-005,CH-003,2026-04-23
FNP-U03648,Male,2003-07-26,2026-02-01,Lagos,CMP-002,CH-002,2026-02-02
FNP-U03649,Female,2006-04-18,2026-02-07,Ogun,CMP-002,CH-002,2026-04-21
FNP-U03650,Male,1984-12-21,2026-03-17,Lagos,CMP-003,CH-004,2026-04-03
FNP-U03651,Female,1998-04-12,2026-04-02,Abuja,CMP-006,CH-002,2026-04-16
FNP-U03652,Male,2005-11-23,2026-02-20,Abuja,CMP-006,CH-002,2026-04-04
FNP-U03653,Female,2001-09-23,2026-03-07,Lagos,CMP-005,CH-003,2026-04-03
FNP-U03654,Female,1999-04-07,2026-02-14,Lagos,CMP-005,CH-003,2026-02-19
FNP-U03655,Male,1974-09-03,2026-03-29,Abuja,CMP-002,CH-002,2026-04-16
FNP-U03656,Male,1991-02-26,2026-02-04,Lagos,CMP-006,CH-002,2026-03-18
FNP-U03657,Male,1998-03-06,2026-01-27,Ogun,CMP-004,CH-005,2026-02-16
FNP-U03658,Male,1976-08-22,2026-02-14,Abuja,CMP-002,CH-002,2026-03-20
FNP-U03659,Female,1979-11-16,2026-04-17,Ogun,CMP-006,CH-002,2026-04-24
FNP-U03660,Male,1993-09-26,2026-02-14,Abuja,CMP-003,CH-004,2026-04-11
FNP-U03661,Male,2000-08-04,2026-04-06,Lagos,CMP-006,CH-002,2026-04-25
FNP-U03662,Male,2001-07-17,2026-03-28,Ogun,CMP-001,CH-001,2026-04-19
FNP-U03663,Female,1982-08-28,2026-02-10,Abuja,CMP-001,CH-001,2026-03-20
FNP-U03664,Male,1993-07-21,2026-03-28,Lagos,CMP-003,CH-004,2026-03-30
FNP-U03665,Female,1990-09-04,2026-03-11,Ogun,CMP-003,CH-004,2026-03-31
FNP-U03666,Male,2000-12-07,2026-03-17,Lagos,CMP-006,CH-002,2026-04-14
FNP-U03667,Female,2004-11-15,2026-03-26,Ogun,CMP-001,CH-001,2026-04-10
FNP-U03668,Female,1976-08-10,2026-03-25,Abuja,CMP-003,CH-004,2026-03-31
FNP-U03669,Female,1995-07-22,2026-03-27,Abuja,CMP-004,CH-005,2026-04-25
FNP-U03670,Female,2004-05-24,2026-04-08,Abuja,CMP-005,CH-003,2026-04-09
FNP-U03671,Female,1993-02-18,2026-02-13,Ogun,CMP-002,CH-002,2026-03-28
FNP-U03672,Male,1986-02-13,2026-04-22,Lagos,CMP-002,CH-002,2026-04-22
FNP-U03673,Male,2002-12-17,2026-02-13,Lagos,CMP-002,CH-002,2026-04-23
FNP-U03674,Male,1994-09-28,2026-02-23,Ogun,CMP-005,CH-003,2026-03-02
FNP-U03675,Male,1994-12-08,2026-03-08,Lagos,CMP-005,CH-003,2026-04-21
FNP-U03676,Female,2005-04-14,2026-04-11,Lagos,CMP-006,CH-002,2026-04-14
FNP-U03677,Male,1992-12-27,2026-02-19,Lagos,CMP-004,CH-005,2026-04-05
FNP-U03678,Male,2003-02-20,2026-03-03,Ogun,CMP-005,CH-003,2026-03-16
FNP-U03679,Male,1991-06-10,2026-02-11,Abuja,CMP-005,CH-003,2026-04-08
FNP-U03680,Male,2000-05-10,2026-02-06,Lagos,CMP-004,CH-005,2026-04-08
FNP-U03681,Male,1981-01-20,2026-02-08,Ogun,CMP-001,CH-001,2026-04-07
FNP-U03682,Male,2003-05-10,2026-03-21,Abuja,CMP-003,CH-004,2026-04-14
FNP-U03683,Male,1991-06-17,2026-04-18,Abuja,CMP-006,CH-002,2026-04-25
FNP-U03684,Male,1997-04-12,2026-03-13,Ogun,CMP-006,CH-002,2026-03-31
FNP-U03685,Female,1996-05-04,2026-03-12,Abuja,CMP-001,CH-001,2026-03-25
FNP-U03686,Female,1998-12-03,2026-02-19,Lagos,CMP-002,CH-002,2026-03-15
FNP-U03687,Female,1991-10-08,2026-04-03,Lagos,CMP-002,CH-002,2026-04-15
FNP-U03688,Female,1993-10-27,2026-02-14,Ogun,CMP-006,CH-002,2026-03-10
FNP-U03689,Female,2001-03-10,2026-02-02,Lagos,CMP-005,CH-003,2026-03-09
FNP-U03690,Female,1982-12-10,2026-04-21,Abuja,CMP-001,CH-001,2026-04-23
FNP-U03691,Female,1975-06-03,2026-02-07,Ogun,CMP-006,CH-002,2026-03-13
FNP-U03692,Female,2002-12-13,2026-03-21,Lagos,CMP-003,CH-004,2026-04-11
FNP-U03693,Female,1987-04-07,2026-01-29,Lagos,CMP-003,CH-004,2026-03-22
FNP-U03694,Male,2002-06-08,2026-03-15,Lagos,CMP-001,CH-001,2026-03-15
FNP-U03695,Male,1992-05-02,2026-03-21,Ogun,CMP-004,CH-005,2026-04-06
FNP-U03696,Female,1998-02-28,2026-03-03,Abuja,CMP-003,CH-004,2026-03-06
FNP-U03697,Female,2008-05-14,2026-02-28,Abuja,CMP-005,CH-003,2026-04-25
FNP-U03698,Male,1994-05-19,2026-03-16,Ogun,CMP-006,CH-002,2026-04-08
FNP-U03699,Male,1991-09-12,2026-03-19,Lagos,CMP-002,CH-002,2026-03-28
FNP-U03700,Male,1996-02-12,2026-04-16,Ogun,CMP-004,CH-005,2026-04-19
FNP-U03701,Male,1978-02-14,2026-02-27,Abuja,CMP-002,CH-002,2026-03-02
FNP-U03702,Male,1992-03-12,2026-02-05,Lagos,CMP-003,CH-004,2026-04-08
FNP-U03703,Male,2003-01-26,2026-02-09,Abuja,CMP-004,CH-005,2026-02-18
FNP-U03704,Male,1971-02-18,2026-02-12,Lagos,CMP-006,CH-002,2026-03-30
FNP-U03705,Female,1987-07-04,2026-02-27,Lagos,CMP-003,CH-004,2026-03-10
FNP-U03706,Female,2003-03-11,2026-02-04,Ogun,CMP-006,CH-002,2026-04-01
FNP-U03707,Female,1998-10-19,2026-03-14,Ogun,CMP-006,CH-002,2026-04-15
FNP-U03708,Female,2008-11-27,2026-02-06,Ogun,CMP-004,CH-005,2026-04-01
FNP-U03709,Male,2001-12-27,2026-02-01,Lagos,CMP-003,CH-004,2026-03-19
FNP-U03710,Male,2008-03-15,2026-04-17,Ogun,CMP-005,CH-003,2026-04-19
FNP-U03711,Female,2007-06-13,2026-02-07,Abuja,CMP-001,CH-001,2026-04-11
FNP-U03712,Female,2000-01-03,2026-02-22,Ogun,CMP-004,CH-005,2026-04-05
FNP-U03713,Male,1971-04-14,2026-04-16,Ogun,CMP-003,CH-004,2026-04-22
FNP-U03714,Male,1990-01-25,2026-03-18,Lagos,CMP-004,CH-005,2026-04-04
FNP-U03715,Male,2003-03-13,2026-01-30,Ogun,CMP-005,CH-003,2026-04-10
FNP-U03716,Female,1978-04-24,2026-02-08,Ogun,CMP-006,CH-002,2026-02-10
FNP-U03717,Male,1982-02-06,2026-04-07,Abuja,CMP-001,CH-001,2026-04-22
FNP-U03718,Female,1985-01-01,2026-04-19,Ogun,CMP-002,CH-002,2026-04-21
FNP-U03719,Male,1997-12-21,2026-03-23,Abuja,CMP-004,CH-005,2026-03-27
FNP-U03720,Female,1999-09-27,2026-02-08,Lagos,CMP-003,CH-004,2026-03-04
FNP-U03721,Female,1995-09-20,2026-03-13,Ogun,CMP-002,CH-002,2026-04-08
FNP-U03722,Female,2002-06-11,2026-04-06,Abuja,CMP-005,CH-003,2026-04-20
FNP-U03723,Male,1992-08-28,2026-01-29,Abuja,CMP-001,CH-001,2026-02-11
FNP-U03724,Female,1977-06-28,2026-03-12,Abuja,CMP-006,CH-002,2026-03-16
FNP-U03725,Male,2006-05-01,2026-02-18,Abuja,CMP-005,CH-003,2026-04-14
FNP-U03726,Male,1975-09-19,2026-02-17,Ogun,CMP-006,CH-002,2026-03-15
FNP-U03727,Male,2007-06-13,2026-02-05,Lagos,CMP-002,CH-002,2026-02-21
FNP-U03728,Female,2005-04-03,2026-02-08,Lagos,CMP-004,CH-005,2026-04-18
FNP-U03729,Female,1991-04-26,2026-02-18,Abuja,CMP-004,CH-005,2026-03-28
FNP-U03730,Female,2004-08-26,2026-03-05,Abuja,CMP-002,CH-002,2026-04-24
FNP-U03731,Female,2001-09-09,2026-04-22,Lagos,CMP-004,CH-005,2026-04-25
FNP-U03732,Female,1997-06-22,2026-03-29,Abuja,CMP-003,CH-004,2026-04-08
FNP-U03733,Male,1988-09-25,2026-03-27,Abuja,CMP-004,CH-005,2026-04-22
FNP-U03734,Female,1975-04-16,2026-02-12,Lagos,CMP-002,CH-002,2026-03-29
FNP-U03735,Female,1991-06-03,2026-02-14,Ogun,CMP-001,CH-001,2026-03-27
FNP-U03736,Female,1990-10-26,2026-03-15,Abuja,CMP-003,CH-004,2026-04-20
FNP-U03737,Male,1977-03-23,2026-04-20,Ogun,CMP-006,CH-002,2026-04-21
FNP-U03738,Female,1989-10-02,2026-02-20,Lagos,CMP-004,CH-005,2026-03-25
FNP-U03739,Female,1994-02-05,2026-02-01,Ogun,CMP-003,CH-004,2026-03-08
FNP-U03740,Female,2000-04-08,2026-01-28,Ogun,CMP-006,CH-002,2026-03-27
FNP-U03741,Female,1981-05-15,2026-04-03,Abuja,CMP-001,CH-001,2026-04-11
FNP-U03742,Male,1997-08-21,2026-03-24,Abuja,CMP-004,CH-005,2026-04-09
FNP-U03743,Male,1999-09-04,2026-02-01,Ogun,CMP-006,CH-002,2026-02-20
FNP-U03744,Male,1975-10-16,2026-02-02,Abuja,CMP-002,CH-002,2026-02-09
FNP-U03745,Female,1972-10-15,2026-04-14,Abuja,CMP-006,CH-002,2026-04-20
FNP-U03746,Female,2001-06-19,2026-03-28,Lagos,CMP-005,CH-003,2026-04-04
FNP-U03747,Female,1990-09-28,2026-03-05,Abuja,CMP-003,CH-004,2026-03-27
FNP-U03748,Male,1998-07-09,2026-02-19,Abuja,CMP-003,CH-004,2026-03-26
FNP-U03749,Female,2007-08-22,2026-03-05,Ogun,CMP-005,CH-003,2026-03-06
FNP-U03750,Male,1995-03-04,2026-03-12,Lagos,CMP-005,CH-003,2026-03-27
FNP-U03751,Male,2007-11-21,2026-02-12,Lagos,CMP-002,CH-002,2026-02-21
FNP-U03752,Female,1975-08-26,2026-02-19,Lagos,CMP-003,CH-004,2026-02-21
FNP-U03753,Female,1995-07-08,2026-02-06,Ogun,CMP-001,CH-001,2026-04-15
FNP-U03754,Female,1999-04-24,2026-03-18,Abuja,CMP-005,CH-003,2026-03-21
FNP-U03755,Male,1998-07-17,2026-01-30,Ogun,CMP-004,CH-005,2026-04-05
FNP-U03756,Female,1996-08-22,2026-03-20,Lagos,CMP-005,CH-003,2026-04-08
FNP-U03757,Female,1972-01-05,2026-02-28,Ogun,CMP-006,CH-002,2026-04-15
FNP-U03758,Female,1996-10-25,2026-04-17,Lagos,CMP-002,CH-002,2026-04-25
FNP-U03759,Female,1991-11-27,2026-02-10,Lagos,CMP-004,CH-005,2026-03-31
FNP-U03760,Female,1987-01-25,2026-03-04,Lagos,CMP-006,CH-002,2026-04-25
FNP-U03761,Male,1995-05-27,2026-02-08,Ogun,CMP-003,CH-004,2026-03-24
FNP-U03762,Male,1973-04-20,2026-02-19,Abuja,CMP-003,CH-004,2026-04-07
FNP-U03763,Female,2003-12-15,2026-02-09,Abuja,CMP-004,CH-005,2026-03-28
FNP-U03764,Female,1975-06-11,2026-02-16,Lagos,CMP-002,CH-002,2026-03-07
FNP-U03765,Male,1987-07-13,2026-03-11,Abuja,CMP-002,CH-002,2026-04-21
FNP-U03766,Male,1972-10-23,2026-03-08,Ogun,CMP-002,CH-002,2026-03-20
FNP-U03767,Male,1988-02-24,2026-03-19,Lagos,CMP-001,CH-001,2026-04-11
FNP-U03768,Male,1982-02-21,2026-03-26,Ogun,CMP-001,CH-001,2026-04-09
FNP-U03769,Female,1999-06-06,2026-01-30,Abuja,CMP-005,CH-003,2026-04-12
FNP-U03770,Male,2005-12-22,2026-03-04,Ogun,CMP-002,CH-002,2026-03-29
FNP-U03771,Female,1984-05-17,2026-02-10,Lagos,CMP-003,CH-004,2026-04-18
FNP-U03772,Female,2000-06-24,2026-03-18,Lagos,CMP-005,CH-003,2026-04-01
FNP-U03773,Female,2000-03-19,2026-01-29,Ogun,CMP-002,CH-002,2026-04-22
FNP-U03774,Male,2004-11-09,2026-03-30,Abuja,CMP-004,CH-005,2026-04-15
FNP-U03775,Male,1999-05-18,2026-03-30,Ogun,CMP-005,CH-003,2026-04-04
FNP-U03776,Male,1995-06-28,2026-03-18,Lagos,CMP-004,CH-005,2026-04-16
FNP-U03777,Male,1995-02-08,2026-02-17,Lagos,CMP-004,CH-005,2026-02-23
FNP-U03778,Male,1978-05-25,2026-04-07,Lagos,CMP-003,CH-004,2026-04-08
FNP-U03779,Female,2003-09-13,2026-03-11,Lagos,CMP-004,CH-005,2026-03-19
FNP-U03780,Male,1998-07-05,2026-04-14,Ogun,CMP-006,CH-002,2026-04-19
FNP-U03781,Male,2005-01-07,2026-03-11,Lagos,CMP-006,CH-002,2026-04-11
FNP-U03782,Male,1974-07-11,2026-02-20,Lagos,CMP-003,CH-004,2026-02-27
FNP-U03783,Female,2007-07-20,2026-03-26,Ogun,CMP-002,CH-002,2026-04-01
FNP-U03784,Female,1986-02-20,2026-03-22,Lagos,CMP-003,CH-004,2026-04-21
FNP-U03785,Male,1986-08-10,2026-03-06,Lagos,CMP-002,CH-002,2026-04-15
FNP-U03786,Female,2007-05-14,2026-03-08,Lagos,CMP-004,CH-005,2026-03-22
FNP-U03787,Female,2000-05-02,2026-02-27,Ogun,CMP-004,CH-005,2026-03-28
FNP-U03788,Male,1990-09-12,2026-03-02,Ogun,CMP-003,CH-004,2026-03-03
FNP-U03789,Male,1986-01-21,2026-02-08,Abuja,CMP-004,CH-005,2026-02-23
FNP-U03790,Female,1984-04-16,2026-02-28,Abuja,CMP-006,CH-002,2026-03-21
FNP-U03791,Male,2008-07-16,2026-03-30,Ogun,CMP-006,CH-002,2026-04-04
FNP-U03792,Male,1999-09-02,2026-03-15,Abuja,CMP-005,CH-003,2026-04-15
FNP-U03793,Female,1992-02-07,2026-04-01,Ogun,CMP-002,CH-002,2026-04-14
FNP-U03794,Female,1998-05-08,2026-04-15,Lagos,CMP-006,CH-002,2026-04-20
FNP-U03795,Male,2001-07-18,2026-03-05,Ogun,CMP-006,CH-002,2026-04-14
FNP-U03796,Female,2006-02-17,2026-04-16,Ogun,CMP-005,CH-003,2026-04-19
FNP-U03797,Female,1991-03-21,2026-03-07,Abuja,CMP-003,CH-004,2026-04-11
FNP-U03798,Female,2000-10-27,2026-02-12,Abuja,CMP-001,CH-001,2026-03-08
FNP-U03799,Female,1987-10-01,2026-02-21,Lagos,CMP-006,CH-002,2026-03-15
FNP-U03800,Female,1978-11-07,2026-02-11,Abuja,CMP-002,CH-002,2026-04-16
FNP-U03801,Male,1985-12-01,2026-03-25,Abuja,CMP-006,CH-002,2026-04-15
FNP-U03802,Male,2002-02-04,2026-04-01,Ogun,CMP-003,CH-004,2026-04-13
FNP-U03803,Male,1987-03-07,2026-02-15,Ogun,CMP-004,CH-005,2026-04-04
FNP-U03804,Male,1988-10-09,2026-04-22,Ogun,CMP-002,CH-002,2026-04-24
FNP-U03805,Female,1997-09-05,2026-02-18,Lagos,CMP-004,CH-005,2026-03-22
FNP-U03806,Male,1976-05-12,2026-03-02,Lagos,CMP-003,CH-004,2026-04-21
FNP-U03807,Male,1985-11-28,2026-03-26,Lagos,CMP-001,CH-001,2026-04-08
FNP-U03808,Female,1984-03-20,2026-03-22,Lagos,CMP-003,CH-004,2026-04-01
FNP-U03809,Female,2002-08-15,2026-02-21,Ogun,CMP-005,CH-003,2026-03-22
FNP-U03810,Female,1999-08-08,2026-02-22,Ogun,CMP-003,CH-004,2026-03-07
FNP-U03811,Female,1995-06-23,2026-04-16,Ogun,CMP-002,CH-002,2026-04-17
FNP-U03812,Female,2006-08-25,2026-01-28,Lagos,CMP-004,CH-005,2026-03-13
FNP-U03813,Female,1972-04-16,2026-02-17,Lagos,CMP-006,CH-002,2026-03-29
FNP-U03814,Male,1981-05-08,2026-03-03,Abuja,CMP-002,CH-002,2026-04-08
FNP-U03815,Female,1999-05-15,2026-03-17,Ogun,CMP-005,CH-003,2026-03-29
FNP-U03816,Female,2004-07-14,2026-04-10,Ogun,CMP-005,CH-003,2026-04-22
FNP-U03817,Male,2004-10-24,2026-04-01,Lagos,CMP-002,CH-002,2026-04-09
FNP-U03818,Male,1990-04-06,2026-04-21,Lagos,CMP-004,CH-005,2026-04-24
FNP-U03819,Male,1998-08-27,2026-04-15,Lagos,CMP-004,CH-005,2026-04-21
FNP-U03820,Male,1983-06-15,2026-03-04,Ogun,CMP-003,CH-004,2026-03-24
FNP-U03821,Male,1994-05-08,2026-03-31,Abuja,CMP-004,CH-005,2026-04-16
FNP-U03822,Male,1977-09-21,2026-03-12,Abuja,CMP-006,CH-002,2026-03-13
FNP-U03823,Female,1995-01-02,2026-02-09,Lagos,CMP-003,CH-004,2026-03-11
FNP-U03824,Male,2003-11-15,2026-04-07,Lagos,CMP-002,CH-002,2026-04-23
FNP-U03825,Female,1986-12-04,2026-02-20,Lagos,CMP-001,CH-001,2026-03-09
FNP-U03826,Female,1997-04-24,2026-03-01,Abuja,CMP-005,CH-003,2026-03-19
FNP-U03827,Male,1995-08-07,2026-02-11,Ogun,CMP-002,CH-002,2026-03-07
FNP-U03828,Female,1996-03-05,2026-03-03,Abuja,CMP-003,CH-004,2026-04-07
FNP-U03829,Female,1995-12-12,2026-03-31,Ogun,CMP-004,CH-005,2026-04-02
FNP-U03830,Female,1988-02-19,2026-04-22,Ogun,CMP-004,CH-005,2026-04-23
FNP-U03831,Female,2002-05-13,2026-04-23,Ogun,CMP-005,CH-003,2026-04-24
FNP-U03832,Female,1972-08-01,2026-04-07,Ogun,CMP-002,CH-002,2026-04-12
FNP-U03833,Female,1998-09-13,2026-02-23,Abuja,CMP-002,CH-002,2026-03-21
FNP-U03834,Male,1998-02-06,2026-02-23,Lagos,CMP-006,CH-002,2026-04-23
FNP-U03835,Female,2003-10-19,2026-03-30,Abuja,CMP-004,CH-005,2026-04-02
FNP-U03836,Female,1998-04-23,2026-02-09,Lagos,CMP-004,CH-005,2026-02-20
FNP-U03837,Female,1993-07-21,2026-02-23,Lagos,CMP-002,CH-002,2026-03-18
FNP-U03838,Female,2002-08-05,2026-03-15,Lagos,CMP-003,CH-004,2026-03-31
FNP-U03839,Male,2001-11-06,2026-02-02,Lagos,CMP-001,CH-001,2026-02-18
FNP-U03840,Male,1984-02-04,2026-02-21,Lagos,CMP-006,CH-002,2026-03-06
FNP-U03841,Male,1997-10-27,2026-02-21,Abuja,CMP-002,CH-002,2026-03-29
FNP-U03842,Female,2006-06-25,2026-01-28,Ogun,CMP-004,CH-005,2026-04-16
FNP-U03843,Female,2006-03-13,2026-02-10,Lagos,CMP-001,CH-001,2026-02-27
FNP-U03844,Female,2002-07-18,2026-03-28,Ogun,CMP-002,CH-002,2026-04-21
FNP-U03845,Male,2001-06-09,2026-01-28,Abuja,CMP-005,CH-003,2026-01-28
FNP-U03846,Female,1999-07-13,2026-01-27,Lagos,CMP-006,CH-002,2026-04-07
FNP-U03847,Female,1982-12-18,2026-02-12,Ogun,CMP-001,CH-001,2026-03-01
FNP-U03848,Female,2000-02-27,2026-03-28,Lagos,CMP-001,CH-001,2026-04-07
FNP-U03849,Female,1991-12-02,2026-03-09,Ogun,CMP-001,CH-001,2026-04-14
FNP-U03850,Female,2007-12-06,2026-04-20,Lagos,CMP-001,CH-001,2026-04-23
FNP-U03851,Female,1981-06-28,2026-02-03,Lagos,CMP-001,CH-001,2026-04-13
FNP-U03852,Female,2004-06-17,2026-02-13,Lagos,CMP-005,CH-003,2026-02-22
FNP-U03853,Male,1985-06-14,2026-03-24,Ogun,CMP-002,CH-002,2026-04-15
FNP-U03854,Male,1993-08-08,2026-03-31,Ogun,CMP-003,CH-004,2026-04-19
FNP-U03855,Female,1999-09-19,2026-03-14,Abuja,CMP-005,CH-003,2026-04-03
FNP-U03856,Female,2004-08-10,2026-04-24,Abuja,CMP-004,CH-005,2026-04-24
FNP-U03857,Female,2004-05-16,2026-04-15,Lagos,CMP-002,CH-002,2026-04-15
FNP-U03858,Male,1996-09-15,2026-01-31,Abuja,CMP-005,CH-003,2026-04-18
FNP-U03859,Female,1980-11-17,2026-04-17,Lagos,CMP-006,CH-002,2026-04-23
FNP-U03860,Female,1996-06-10,2026-04-01,Ogun,CMP-001,CH-001,2026-04-14
FNP-U03861,Female,1981-11-12,2026-03-19,Lagos,CMP-006,CH-002,2026-04-01
FNP-U03862,Male,1974-12-16,2026-02-10,Lagos,CMP-003,CH-004,2026-04-16
FNP-U03863,Female,2003-06-09,2026-02-07,Lagos,CMP-002,CH-002,2026-03-05
FNP-U03864,Male,1999-09-13,2026-03-19,Abuja,CMP-005,CH-003,2026-03-31
FNP-U03865,Female,2004-07-04,2026-04-02,Lagos,CMP-003,CH-004,2026-04-17
FNP-U03866,Female,1995-04-26,2026-03-20,Lagos,CMP-004,CH-005,2026-03-23
FNP-U03867,Female,1999-12-02,2026-03-30,Lagos,CMP-005,CH-003,2026-04-23
FNP-U03868,Female,1993-06-26,2026-02-08,Lagos,CMP-002,CH-002,2026-02-19
FNP-U03869,Female,1999-10-01,2026-03-26,Abuja,CMP-001,CH-001,2026-04-23
FNP-U03870,Female,1991-11-14,2026-03-23,Abuja,CMP-005,CH-003,2026-04-13
FNP-U03871,Male,1998-11-10,2026-04-14,Lagos,CMP-004,CH-005,2026-04-22
FNP-U03872,Male,2004-03-03,2026-03-28,Lagos,CMP-002,CH-002,2026-04-22
FNP-U03873,Female,1983-02-28,2026-02-16,Ogun,CMP-002,CH-002,2026-04-06
FNP-U03874,Male,1988-05-06,2026-02-02,Ogun,CMP-004,CH-005,2026-04-13
FNP-U03875,Female,2003-07-25,2026-03-13,Ogun,CMP-005,CH-003,2026-03-20
FNP-U03876,Female,2006-10-12,2026-02-15,Ogun,CMP-005,CH-003,2026-04-18
FNP-U03877,Male,1984-02-09,2026-02-21,Lagos,CMP-003,CH-004,2026-03-04
FNP-U03878,Female,2002-04-28,2026-03-20,Lagos,CMP-002,CH-002,2026-03-27
FNP-U03879,Female,2000-04-28,2026-02-14,Lagos,CMP-001,CH-001,2026-04-11
FNP-U03880,Male,1986-04-09,2026-02-11,Lagos,CMP-003,CH-004,2026-03-27
FNP-U03881,Female,1988-02-22,2026-02-06,Ogun,CMP-001,CH-001,2026-02-18
FNP-U03882,Male,2001-01-18,2026-03-31,Lagos,CMP-004,CH-005,2026-04-07
FNP-U03883,Female,2003-05-01,2026-03-03,Ogun,CMP-003,CH-004,2026-04-21
FNP-U03884,Male,1986-06-15,2026-03-12,Ogun,CMP-001,CH-001,2026-03-29
FNP-U03885,Male,1996-06-27,2026-03-23,Abuja,CMP-003,CH-004,2026-04-21
FNP-U03886,Female,1985-07-07,2026-03-28,Abuja,CMP-002,CH-002,2026-04-12
FNP-U03887,Female,1997-03-07,2026-04-06,Abuja,CMP-004,CH-005,2026-04-20
FNP-U03888,Male,2006-08-17,2026-02-20,Ogun,CMP-006,CH-002,2026-03-30
FNP-U03889,Male,1976-12-27,2026-02-05,Lagos,CMP-006,CH-002,2026-02-22
FNP-U03890,Female,1984-02-12,2026-03-23,Ogun,CMP-001,CH-001,2026-04-02
FNP-U03891,Female,2001-03-22,2026-03-04,Abuja,CMP-003,CH-004,2026-03-14
FNP-U03892,Male,1990-01-22,2026-02-21,Lagos,CMP-004,CH-005,2026-03-22
FNP-U03893,Male,2002-07-28,2026-03-01,Ogun,CMP-004,CH-005,2026-03-04
FNP-U03894,Female,2000-10-21,2026-02-19,Abuja,CMP-005,CH-003,2026-04-05
FNP-U03895,Male,1996-08-10,2026-03-04,Abuja,CMP-002,CH-002,2026-04-22
FNP-U03896,Male,1996-08-08,2026-02-06,Ogun,CMP-005,CH-003,2026-04-02
FNP-U03897,Male,1980-04-11,2026-02-09,Abuja,CMP-002,CH-002,2026-02-18
FNP-U03898,Male,2001-06-21,2026-02-01,Ogun,CMP-006,CH-002,2026-03-02
FNP-U03899,Female,1986-11-11,2026-03-13,Abuja,CMP-004,CH-005,2026-04-24
FNP-U03900,Male,2006-08-05,2026-01-26,Ogun,CMP-001,CH-001,2026-02-12
FNP-U03901,Male,1991-09-10,2026-03-09,Abuja,CMP-001,CH-001,2026-03-17
FNP-U03902,Male,1988-06-19,2026-03-29,Abuja,CMP-006,CH-002,2026-04-13
FNP-U03903,Female,2001-01-19,2026-03-15,Abuja,CMP-004,CH-005,2026-04-24
FNP-U03904,Male,1979-03-10,2026-04-23,Abuja,CMP-002,CH-002,2026-04-23
FNP-U03905,Male,1993-12-21,2026-04-23,Abuja,CMP-001,CH-001,2026-04-23
FNP-U03906,Female,2005-12-21,2026-03-04,Ogun,CMP-005,CH-003,2026-03-18
FNP-U03907,Female,1993-03-11,2026-02-08,Ogun,CMP-003,CH-004,2026-04-01
FNP-U03908,Female,1971-10-15,2026-02-12,Ogun,CMP-003,CH-004,2026-04-19
FNP-U03909,Male,2006-06-25,2026-02-04,Abuja,CMP-002,CH-002,2026-02-05
FNP-U03910,Male,1974-09-17,2026-04-01,Ogun,CMP-006,CH-002,2026-04-20
FNP-U03911,Male,1998-03-28,2026-02-02,Ogun,CMP-001,CH-001,2026-03-23
FNP-U03912,Female,2007-01-22,2026-03-19,Lagos,CMP-004,CH-005,2026-04-05
FNP-U03913,Female,2000-04-06,2026-03-27,Lagos,CMP-004,CH-005,2026-04-08
FNP-U03914,Male,1996-03-04,2026-04-15,Lagos,CMP-004,CH-005,2026-04-20
FNP-U03915,Male,1976-06-01,2026-02-02,Abuja,CMP-002,CH-002,2026-03-15
FNP-U03916,Female,1998-12-04,2026-03-30,Lagos,CMP-004,CH-005,2026-04-13
FNP-U03917,Male,1987-07-13,2026-03-26,Ogun,CMP-004,CH-005,2026-04-09
FNP-U03918,Male,1982-12-03,2026-02-28,Ogun,CMP-002,CH-002,2026-03-07
FNP-U03919,Female,1975-01-21,2026-04-02,Abuja,CMP-003,CH-004,2026-04-05
FNP-U03920,Female,1998-05-25,2026-01-28,Abuja,CMP-004,CH-005,2026-03-21
FNP-U03921,Female,1996-10-06,2026-01-26,Lagos,CMP-004,CH-005,2026-03-26
FNP-U03922,Female,2002-05-27,2026-03-16,Ogun,CMP-005,CH-003,2026-03-27
FNP-U03923,Male,2005-05-23,2026-04-04,Ogun,CMP-006,CH-002,2026-04-25
FNP-U03924,Male,1995-09-19,2026-04-24,Abuja,CMP-002,CH-002,2026-04-25
FNP-U03925,Male,1986-08-06,2026-03-24,Abuja,CMP-006,CH-002,2026-04-05
FNP-U03926,Female,1998-08-23,2026-02-08,Ogun,CMP-006,CH-002,2026-04-02
FNP-U03927,Female,1999-12-03,2026-02-20,Ogun,CMP-003,CH-004,2026-03-09
FNP-U03928,Male,1982-08-13,2026-03-14,Abuja,CMP-003,CH-004,2026-04-24
FNP-U03929,Male,2003-05-17,2026-01-26,Ogun,CMP-004,CH-005,2026-02-15
FNP-U03930,Male,1986-04-21,2026-04-02,Lagos,CMP-001,CH-001,2026-04-25
FNP-U03931,Male,2006-03-09,2026-03-27,Abuja,CMP-005,CH-003,2026-03-31
FNP-U03932,Male,1992-05-07,2026-03-21,Abuja,CMP-006,CH-002,2026-04-09
FNP-U03933,Male,1988-09-03,2026-03-12,Ogun,CMP-001,CH-001,2026-03-28
FNP-U03934,Female,1989-10-02,2026-01-30,Lagos,CMP-001,CH-001,2026-03-31
FNP-U03935,Female,1972-06-21,2026-04-19,Lagos,CMP-006,CH-002,2026-04-21
FNP-U03936,Male,1996-04-01,2026-03-28,Ogun,CMP-002,CH-002,2026-04-11
FNP-U03937,Male,1996-09-04,2026-04-06,Ogun,CMP-005,CH-003,2026-04-10
FNP-U03938,Male,1997-10-21,2026-04-20,Lagos,CMP-005,CH-003,2026-04-20
FNP-U03939,Female,1994-03-06,2026-02-13,Abuja,CMP-002,CH-002,2026-02-25
FNP-U03940,Female,1998-05-03,2026-03-16,Lagos,CMP-005,CH-003,2026-03-29
FNP-U03941,Female,1972-08-16,2026-03-12,Abuja,CMP-003,CH-004,2026-04-04
FNP-U03942,Female,1974-02-07,2026-04-08,Ogun,CMP-006,CH-002,2026-04-11
FNP-U03943,Male,2003-11-08,2026-04-04,Ogun,CMP-006,CH-002,2026-04-19
FNP-U03944,Female,1998-11-07,2026-03-29,Ogun,CMP-001,CH-001,2026-03-31
FNP-U03945,Male,1974-04-05,2026-04-08,Ogun,CMP-003,CH-004,2026-04-10
FNP-U03946,Male,2002-05-08,2026-04-03,Ogun,CMP-002,CH-002,2026-04-12
FNP-U03947,Male,1982-05-12,2026-04-24,Abuja,CMP-001,CH-001,2026-04-25
FNP-U03948,Female,2006-09-03,2026-01-28,Ogun,CMP-005,CH-003,2026-03-11
FNP-U03949,Female,1989-11-20,2026-03-08,Ogun,CMP-003,CH-004,2026-04-08
FNP-U03950,Female,2007-04-01,2026-04-16,Abuja,CMP-002,CH-002,2026-04-24
FNP-U03951,Female,2004-12-19,2026-03-05,Lagos,CMP-002,CH-002,2026-03-25
FNP-U03952,Male,1987-02-03,2026-01-30,Abuja,CMP-001,CH-001,2026-03-09
FNP-U03953,Female,1992-08-15,2026-03-12,Lagos,CMP-005,CH-003,2026-04-15
FNP-U03954,Female,2003-01-07,2026-02-07,Abuja,CMP-004,CH-005,2026-02-28
FNP-U03955,Female,2000-06-23,2026-03-06,Abuja,CMP-003,CH-004,2026-04-10
FNP-U03956,Male,1974-07-18,2026-03-23,Ogun,CMP-003,CH-004,2026-03-23
FNP-U03957,Male,1984-08-08,2026-02-03,Lagos,CMP-006,CH-002,2026-02-14
FNP-U03958,Female,1997-07-01,2026-04-25,Lagos,CMP-002,CH-002,2026-04-25
FNP-U03959,Male,2004-03-17,2026-03-13,Lagos,CMP-001,CH-001,2026-03-26
FNP-U03960,Male,1984-02-14,2026-03-13,Ogun,CMP-002,CH-002,2026-03-19
FNP-U03961,Female,2000-03-08,2026-04-20,Ogun,CMP-002,CH-002,2026-04-21
FNP-U03962,Male,2008-06-07,2026-03-19,Ogun,CMP-001,CH-001,2026-04-19
FNP-U03963,Male,2004-01-11,2026-03-09,Lagos,CMP-004,CH-005,2026-04-17
FNP-U03964,Male,1996-10-15,2026-04-05,Ogun,CMP-002,CH-002,2026-04-25
FNP-U03965,Male,1983-11-02,2026-03-03,Abuja,CMP-003,CH-004,2026-03-07
FNP-U03966,Female,2008-04-23,2026-04-25,Abuja,CMP-002,CH-002,2026-04-25
FNP-U03967,Male,1998-08-02,2026-02-27,Abuja,CMP-003,CH-004,2026-04-17
FNP-U03968,Female,1977-12-18,2026-03-01,Lagos,CMP-006,CH-002,2026-03-14
FNP-U03969,Female,2005-06-27,2026-03-09,Abuja,CMP-005,CH-003,2026-04-04
FNP-U03970,Male,1989-06-25,2026-04-24,Abuja,CMP-002,CH-002,2026-04-24
FNP-U03971,Female,1982-10-25,2026-02-23,Lagos,CMP-002,CH-002,2026-04-22
FNP-U03972,Male,1979-03-03,2026-01-26,Ogun,CMP-003,CH-004,2026-04-05
FNP-U03973,Female,2000-07-22,2026-02-28,Lagos,CMP-005,CH-003,2026-04-11
FNP-U03974,Male,1980-10-14,2026-03-27,Lagos,CMP-006,CH-002,2026-04-07
FNP-U03975,Female,1975-10-18,2026-04-14,Abuja,CMP-003,CH-004,2026-04-23
FNP-U03976,Female,2001-06-10,2026-03-05,Abuja,CMP-005,CH-003,2026-03-14
FNP-U03977,Female,1982-04-02,2026-02-28,Lagos,CMP-003,CH-004,2026-03-26
FNP-U03978,Female,2006-09-09,2026-02-20,Lagos,CMP-004,CH-005,2026-04-13
FNP-U03979,Female,1972-03-17,2026-01-30,Abuja,CMP-002,CH-002,2026-03-16
FNP-U03980,Female,1971-03-28,2026-04-14,Lagos,CMP-002,CH-002,2026-04-22
FNP-U03981,Male,1985-12-06,2026-02-04,Lagos,CMP-002,CH-002,2026-04-01
FNP-U03982,Female,1993-06-16,2026-02-18,Lagos,CMP-005,CH-003,2026-03-29
FNP-U03983,Female,1992-08-19,2026-02-20,Lagos,CMP-002,CH-002,2026-03-12
FNP-U03984,Female,2003-01-17,2026-01-26,Abuja,CMP-003,CH-004,2026-03-24
FNP-U03985,Female,2001-08-15,2026-01-29,Lagos,CMP-004,CH-005,2026-04-01
FNP-U03986,Female,1983-12-16,2026-02-14,Lagos,CMP-003,CH-004,2026-03-03
FNP-U03987,Male,1972-11-05,2026-02-05,Ogun,CMP-002,CH-002,2026-04-24
FNP-U03988,Female,2003-06-20,2026-03-21,Lagos,CMP-006,CH-002,2026-04-25
FNP-U03989,Female,2002-05-06,2026-03-14,Abuja,CMP-004,CH-005,2026-03-30
FNP-U03990,Female,1973-09-20,2026-04-06,Abuja,CMP-006,CH-002,2026-04-08
FNP-U03991,Female,1974-03-27,2026-02-06,Abuja,CMP-002,CH-002,2026-04-03
FNP-U03992,Male,1996-06-19,2026-04-19,Lagos,CMP-001,CH-001,2026-04-21
FNP-U03993,Male,1984-08-23,2026-03-28,Ogun,CMP-001,CH-001,2026-04-08
FNP-U03994,Male,1976-08-22,2026-03-14,Abuja,CMP-003,CH-004,2026-03-23
FNP-U03995,Male,1997-05-06,2026-01-28,Ogun,CMP-002,CH-002,2026-04-01
FNP-U03996,Male,1975-07-14,2026-04-06,Abuja,CMP-003,CH-004,2026-04-09
FNP-U03997,Male,1994-07-14,2026-02-14,Lagos,CMP-006,CH-002,2026-04-15
FNP-U03998,Female,1994-05-02,2026-02-16,Lagos,CMP-001,CH-001,2026-03-10
FNP-U03999,Male,1993-07-22,2026-03-11,Lagos,CMP-003,CH-004,2026-04-21
FNP-U04000,Female,1983-01-08,2026-03-31,Ogun,CMP-006,CH-002,2026-04-24
FNP-U04001,Male,1997-06-14,2026-03-23,Abuja,CMP-005,CH-003,2026-04-07
FNP-U04002,Male,1981-06-22,2026-01-27,Abuja,CMP-002,CH-002,2026-02-25
FNP-U04003,Male,1992-03-26,2026-01-28,Lagos,CMP-001,CH-001,2026-03-23
FNP-U04004,Male,2001-11-12,2026-03-05,Lagos,CMP-005,CH-003,2026-04-10
FNP-U04005,Female,2007-10-17,2026-03-31,Ogun,CMP-005,CH-003,2026-04-05
FNP-U04006,Male,1998-05-13,2026-03-02,Abuja,CMP-006,CH-002,2026-04-05
FNP-U04007,Female,2004-04-25,2026-02-01,Ogun,CMP-005,CH-003,2026-03-07
FNP-U04008,Male,1996-03-27,2026-03-23,Ogun,CMP-005,CH-003,2026-03-25
FNP-U04009,Female,1983-11-24,2026-03-02,Lagos,CMP-002,CH-002,2026-03-07
FNP-U04010,Female,2007-06-10,2026-03-06,Abuja,CMP-006,CH-002,2026-03-26
FNP-U04011,Female,1996-11-08,2026-04-16,Abuja,CMP-005,CH-003,2026-04-23
FNP-U04012,Male,1989-06-28,2026-04-17,Lagos,CMP-001,CH-001,2026-04-17
FNP-U04013,Female,1991-09-13,2026-03-26,Lagos,CMP-006,CH-002,2026-04-15
FNP-U04014,Female,1997-02-12,2026-04-24,Ogun,CMP-005,CH-003,2026-04-25
FNP-U04015,Female,1994-06-01,2026-02-01,Lagos,CMP-001,CH-001,2026-02-17
FNP-U04016,Female,1982-04-23,2026-03-20,Ogun,CMP-001,CH-001,2026-04-21
FNP-U04017,Female,2000-09-18,2026-01-26,Abuja,CMP-001,CH-001,2026-02-27
FNP-U04018,Female,1990-01-21,2026-02-09,Lagos,CMP-004,CH-005,2026-04-24
FNP-U04019,Male,1971-07-15,2026-03-11,Abuja,CMP-002,CH-002,2026-04-05
FNP-U04020,Male,1991-06-14,2026-04-04,Ogun,CMP-001,CH-001,2026-04-17
FNP-U04021,Female,2000-08-13,2026-02-02,Lagos,CMP-005,CH-003,2026-03-05
FNP-U04022,Female,2001-10-27,2026-04-20,Ogun,CMP-002,CH-002,2026-04-22
FNP-U04023,Female,2001-03-12,2026-02-28,Lagos,CMP-004,CH-005,2026-04-02
FNP-U04024,Male,1989-10-02,2026-02-01,Abuja,CMP-003,CH-004,2026-02-17
FNP-U04025,Male,2002-03-26,2026-04-07,Abuja,CMP-003,CH-004,2026-04-21
FNP-U04026,Male,1996-02-08,2026-04-09,Ogun,CMP-004,CH-005,2026-04-17
FNP-U04027,Male,1987-09-02,2026-04-17,Abuja,CMP-004,CH-005,2026-04-22
FNP-U04028,Female,2004-02-06,2026-02-13,Lagos,CMP-001,CH-001,2026-02-21
FNP-U04029,Male,1999-03-05,2026-03-16,Lagos,CMP-002,CH-002,2026-04-01
FNP-U04030,Male,1977-11-16,2026-02-16,Lagos,CMP-006,CH-002,2026-04-21
FNP-U04031,Male,1993-01-16,2026-01-31,Ogun,CMP-004,CH-005,2026-02-08
FNP-U04032,Male,1988-09-19,2026-04-14,Lagos,CMP-003,CH-004,2026-04-24
FNP-U04033,Male,1973-08-06,2026-04-03,Ogun,CMP-006,CH-002,2026-04-04
FNP-U04034,Female,1981-11-24,2026-01-28,Abuja,CMP-003,CH-004,2026-04-24
FNP-U04035,Male,2002-08-06,2026-01-28,Abuja,CMP-004,CH-005,2026-04-23
FNP-U04036,Female,1989-07-02,2026-02-02,Abuja,CMP-006,CH-002,2026-04-04
FNP-U04037,Male,1987-06-26,2026-04-11,Abuja,CMP-006,CH-002,2026-04-21
FNP-U04038,Female,2005-07-06,2026-01-30,Lagos,CMP-001,CH-001,2026-03-23
FNP-U04039,Female,1988-05-24,2026-03-06,Ogun,CMP-004,CH-005,2026-04-22
FNP-U04040,Female,1993-07-19,2026-03-03,Abuja,CMP-005,CH-003,2026-04-01
FNP-U04041,Female,1990-02-15,2026-04-23,Lagos,CMP-001,CH-001,2026-04-24
FNP-U04042,Female,1995-01-01,2026-03-15,Ogun,CMP-006,CH-002,2026-04-24
FNP-U04043,Female,2005-08-08,2026-03-30,Abuja,CMP-004,CH-005,2026-04-12
FNP-U04044,Female,1991-08-15,2026-03-10,Lagos,CMP-006,CH-002,2026-04-03
FNP-U04045,Female,1981-07-25,2026-03-05,Abuja,CMP-006,CH-002,2026-03-20
FNP-U04046,Female,1994-05-13,2026-03-24,Lagos,CMP-005,CH-003,2026-04-13
FNP-U04047,Male,1984-09-02,2026-02-24,Ogun,CMP-002,CH-002,2026-02-26
FNP-U04048,Male,1990-08-05,2026-03-12,Lagos,CMP-001,CH-001,2026-04-19
FNP-U04049,Female,1981-11-19,2026-04-08,Abuja,CMP-002,CH-002,2026-04-08
FNP-U04050,Male,1990-10-14,2026-01-29,Lagos,CMP-003,CH-004,2026-04-11
FNP-U04051,Male,2007-02-21,2026-01-30,Abuja,CMP-005,CH-003,2026-04-08
FNP-U04052,Male,2002-02-25,2026-02-24,Ogun,CMP-001,CH-001,2026-04-09
FNP-U04053,Female,1996-04-15,2026-02-04,Abuja,CMP-005,CH-003,2026-04-24
FNP-U04054,Female,1992-02-08,2026-04-06,Ogun,CMP-005,CH-003,2026-04-13
FNP-U04055,Female,2001-10-04,2026-03-28,Ogun,CMP-004,CH-005,2026-04-10
FNP-U04056,Female,1977-02-05,2026-04-23,Lagos,CMP-002,CH-002,2026-04-23
FNP-U04057,Female,1993-01-06,2026-02-04,Abuja,CMP-005,CH-003,2026-02-15
FNP-U04058,Male,1995-04-05,2026-04-05,Lagos,CMP-003,CH-004,2026-04-20
FNP-U04059,Male,1979-02-21,2026-04-09,Abuja,CMP-002,CH-002,2026-04-10
FNP-U04060,Female,1983-05-22,2026-03-10,Lagos,CMP-003,CH-004,2026-03-22
FNP-U04061,Male,2003-07-11,2026-03-12,Abuja,CMP-005,CH-003,2026-04-18
FNP-U04062,Male,1984-05-15,2026-03-30,Lagos,CMP-002,CH-002,2026-04-10
FNP-U04063,Male,1981-05-20,2026-03-20,Abuja,CMP-006,CH-002,2026-03-22
FNP-U04064,Male,1984-01-14,2026-03-02,Abuja,CMP-002,CH-002,2026-04-09
FNP-U04065,Female,1977-07-15,2026-03-07,Abuja,CMP-002,CH-002,2026-04-04
FNP-U04066,Female,2008-05-16,2026-04-13,Ogun,CMP-004,CH-005,2026-04-19
FNP-U04067,Male,1986-04-20,2026-03-19,Abuja,CMP-003,CH-004,2026-04-15
FNP-U04068,Male,1989-12-02,2026-02-09,Lagos,CMP-006,CH-002,2026-03-22
FNP-U04069,Female,1983-05-04,2026-03-17,Ogun,CMP-001,CH-001,2026-04-12
FNP-U04070,Male,1991-12-23,2026-04-01,Lagos,CMP-006,CH-002,2026-04-17
FNP-U04071,Male,1986-05-16,2026-02-13,Abuja,CMP-004,CH-005,2026-03-24
FNP-U04072,Female,2001-04-13,2026-03-13,Ogun,CMP-005,CH-003,2026-04-08
FNP-U04073,Male,1982-06-02,2026-02-12,Lagos,CMP-001,CH-001,2026-02-22
FNP-U04074,Male,1987-02-08,2026-01-29,Ogun,CMP-002,CH-002,2026-02-18
FNP-U04075,Female,1979-07-08,2026-02-26,Ogun,CMP-002,CH-002,2026-04-22
FNP-U04076,Male,1993-09-20,2026-02-20,Abuja,CMP-001,CH-001,2026-04-13
FNP-U04077,Female,2001-12-16,2026-02-18,Abuja,CMP-005,CH-003,2026-03-12
FNP-U04078,Female,1987-04-24,2026-03-05,Abuja,CMP-004,CH-005,2026-03-09
FNP-U04079,Male,1989-07-09,2026-03-16,Ogun,CMP-001,CH-001,2026-03-22
FNP-U04080,Male,2006-08-20,2026-04-09,Abuja,CMP-002,CH-002,2026-04-14
FNP-U04081,Female,1987-06-14,2026-02-10,Ogun,CMP-003,CH-004,2026-03-06
FNP-U04082,Male,1989-12-24,2026-02-25,Abuja,CMP-004,CH-005,2026-04-22
FNP-U04083,Male,2008-11-06,2026-04-09,Lagos,CMP-002,CH-002,2026-04-09
FNP-U04084,Male,2001-11-05,2026-04-23,Abuja,CMP-005,CH-003,2026-04-24
FNP-U04085,Male,1988-10-20,2026-03-21,Ogun,CMP-003,CH-004,2026-04-08
FNP-U04086,Male,2004-04-07,2026-01-28,Abuja,CMP-002,CH-002,2026-03-09
FNP-U04087,Male,2001-08-03,2026-04-23,Lagos,CMP-005,CH-003,2026-04-23
FNP-U04088,Male,1984-01-10,2026-04-22,Lagos,CMP-001,CH-001,2026-04-23
FNP-U04089,Female,1987-11-20,2026-02-13,Abuja,CMP-003,CH-004,2026-03-19
FNP-U04090,Female,1988-12-04,2026-02-19,Abuja,CMP-002,CH-002,2026-04-10
FNP-U04091,Female,1989-01-02,2026-01-27,Lagos,CMP-003,CH-004,2026-04-02
FNP-U04092,Female,1988-01-15,2026-02-27,Ogun,CMP-001,CH-001,2026-04-15
FNP-U04093,Male,2003-05-23,2026-02-11,Abuja,CMP-006,CH-002,2026-03-03
FNP-U04094,Female,1995-12-17,2026-03-21,Lagos,CMP-002,CH-002,2026-04-16
FNP-U04095,Male,2002-09-05,2026-04-25,Abuja,CMP-001,CH-001,2026-04-25
FNP-U04096,Male,1984-08-06,2026-04-04,Abuja,CMP-006,CH-002,2026-04-09
FNP-U04097,Female,2000-02-23,2026-02-06,Abuja,CMP-004,CH-005,2026-02-23
FNP-U04098,Female,1991-12-12,2026-04-20,Lagos,CMP-005,CH-003,2026-04-22
FNP-U04099,Male,2008-02-06,2026-04-06,Ogun,CMP-002,CH-002,2026-04-16
FNP-U04100,Male,2001-04-14,2026-01-27,Abuja,CMP-005,CH-003,2026-04-11
FNP-U04101,Male,1997-05-26,2026-03-26,Ogun,CMP-006,CH-002,2026-04-05
FNP-U04102,Male,1994-11-10,2026-02-09,Ogun,CMP-006,CH-002,2026-03-25
FNP-U04103,Female,1991-08-17,2026-02-06,Ogun,CMP-004,CH-005,2026-03-03
FNP-U04104,Male,2004-02-15,2026-04-19,Abuja,CMP-004,CH-005,2026-04-20
FNP-U04105,Male,1991-06-06,2026-03-23,Ogun,CMP-002,CH-002,2026-03-28
FNP-U04106,Female,1997-03-22,2026-03-08,Abuja,CMP-003,CH-004,2026-04-08
FNP-U04107,Female,1999-10-17,2026-01-27,Ogun,CMP-002,CH-002,2026-04-01
FNP-U04108,Male,1993-09-17,2026-02-12,Lagos,CMP-006,CH-002,2026-02-13
FNP-U04109,Female,1981-01-07,2026-03-03,Lagos,CMP-003,CH-004,2026-04-01
FNP-U04110,Female,1999-07-13,2026-03-13,Abuja,CMP-005,CH-003,2026-04-25
FNP-U04111,Female,1995-05-12,2026-03-26,Lagos,CMP-004,CH-005,2026-04-12
FNP-U04112,Female,1993-01-01,2026-02-14,Lagos,CMP-004,CH-005,2026-02-20
FNP-U04113,Female,1983-06-06,2026-01-26,Lagos,CMP-003,CH-004,2026-01-29
FNP-U04114,Female,2001-04-14,2026-03-30,Ogun,CMP-005,CH-003,2026-04-23
FNP-U04115,Female,1994-09-21,2026-02-08,Lagos,CMP-004,CH-005,2026-03-02
FNP-U04116,Male,2003-12-04,2026-04-03,Abuja,CMP-005,CH-003,2026-04-20
FNP-U04117,Female,1990-05-23,2026-02-21,Abuja,CMP-001,CH-001,2026-04-07
FNP-U04118,Male,2004-07-03,2026-03-04,Ogun,CMP-003,CH-004,2026-03-13
FNP-U04119,Male,2007-05-26,2026-04-25,Abuja,CMP-004,CH-005,2026-04-25
FNP-U04120,Male,2000-01-25,2026-02-25,Abuja,CMP-004,CH-005,2026-04-09
FNP-U04121,Female,2002-07-10,2026-03-10,Ogun,CMP-001,CH-001,2026-03-22
FNP-U04122,Female,2002-02-18,2026-02-03,Lagos,CMP-004,CH-005,2026-02-21
FNP-U04123,Male,2000-01-15,2026-03-24,Abuja,CMP-004,CH-005,2026-04-11
FNP-U04124,Female,1999-03-20,2026-02-09,Lagos,CMP-005,CH-003,2026-03-12
FNP-U04125,Male,1991-02-20,2026-04-15,Lagos,CMP-003,CH-004,2026-04-25
FNP-U04126,Male,1984-01-07,2026-02-09,Lagos,CMP-006,CH-002,2026-04-06
FNP-U04127,Male,2006-08-12,2026-03-28,Lagos,CMP-004,CH-005,2026-04-14
FNP-U04128,Female,1976-07-16,2026-02-06,Ogun,CMP-003,CH-004,2026-03-15
FNP-U04129,Male,1999-10-10,2026-04-18,Abuja,CMP-004,CH-005,2026-04-22
FNP-U04130,Male,1988-10-21,2026-02-16,Lagos,CMP-004,CH-005,2026-03-09
FNP-U04131,Male,1989-05-05,2026-03-06,Ogun,CMP-006,CH-002,2026-04-13
FNP-U04132,Female,1998-04-26,2026-04-17,Abuja,CMP-006,CH-002,2026-04-18
FNP-U04133,Male,2008-01-03,2026-02-07,Lagos,CMP-005,CH-003,2026-02-28
FNP-U04134,Male,1976-09-13,2026-02-13,Ogun,CMP-002,CH-002,2026-02-24
FNP-U04135,Male,1991-01-07,2026-04-04,Abuja,CMP-001,CH-001,2026-04-04
FNP-U04136,Male,2001-10-12,2026-03-22,Abuja,CMP-003,CH-004,2026-03-25
FNP-U04137,Male,1986-04-27,2026-02-26,Ogun,CMP-004,CH-005,2026-03-08
FNP-U04138,Female,1992-11-07,2026-02-01,Abuja,CMP-004,CH-005,2026-02-25
FNP-U04139,Female,1982-03-07,2026-03-10,Abuja,CMP-002,CH-002,2026-03-20
FNP-U04140,Female,1999-06-28,2026-01-28,Lagos,CMP-004,CH-005,2026-03-19
FNP-U04141,Female,1994-04-27,2026-03-19,Ogun,CMP-005,CH-003,2026-04-18
FNP-U04142,Male,1980-11-04,2026-02-07,Lagos,CMP-002,CH-002,2026-04-21
FNP-U04143,Male,2000-09-11,2026-04-25,Lagos,CMP-002,CH-002,2026-04-25
FNP-U04144,Female,1982-12-01,2026-01-26,Ogun,CMP-002,CH-002,2026-04-18
FNP-U04145,Male,2004-11-22,2026-03-15,Ogun,CMP-001,CH-001,2026-03-20
FNP-U04146,Female,1993-09-26,2026-03-06,Lagos,CMP-003,CH-004,2026-03-18
FNP-U04147,Female,1998-01-05,2026-04-23,Ogun,CMP-005,CH-003,2026-04-23
FNP-U04148,Female,1999-04-11,2026-02-03,Ogun,CMP-004,CH-005,2026-03-08
FNP-U04149,Male,1998-05-11,2026-03-28,Lagos,CMP-003,CH-004,2026-04-08
FNP-U04150,Female,2008-09-05,2026-02-24,Ogun,CMP-004,CH-005,2026-04-25
FNP-U04151,Female,2004-03-14,2026-02-19,Abuja,CMP-003,CH-004,2026-03-11
FNP-U04152,Female,2000-02-09,2026-04-02,Ogun,CMP-001,CH-001,2026-04-12
FNP-U04153,Male,1986-05-08,2026-02-17,Lagos,CMP-003,CH-004,2026-04-23
FNP-U04154,Female,1985-06-04,2026-02-05,Abuja,CMP-003,CH-004,2026-02-13
FNP-U04155,Male,1987-05-22,2026-02-08,Lagos,CMP-004,CH-005,2026-04-18
FNP-U04156,Male,2004-07-06,2026-04-23,Ogun,CMP-006,CH-002,2026-04-24
FNP-U04157,Male,1998-07-06,2026-04-15,Abuja,CMP-003,CH-004,2026-04-20
FNP-U04158,Female,1998-10-23,2026-03-21,Ogun,CMP-004,CH-005,2026-04-12
FNP-U04159,Female,1984-10-28,2026-02-14,Abuja,CMP-001,CH-001,2026-04-12
FNP-U04160,Male,1986-05-10,2026-01-31,Abuja,CMP-006,CH-002,2026-04-05
FNP-U04161,Female,2002-01-03,2026-02-20,Lagos,CMP-005,CH-003,2026-02-27
FNP-U04162,Male,2001-03-06,2026-02-11,Lagos,CMP-001,CH-001,2026-02-28
FNP-U04163,Male,1986-11-01,2026-03-10,Abuja,CMP-004,CH-005,2026-03-21
FNP-U04164,Male,1999-12-07,2026-02-24,Lagos,CMP-001,CH-001,2026-03-04
FNP-U04165,Male,1982-05-15,2026-04-01,Lagos,CMP-003,CH-004,2026-04-17
FNP-U04166,Female,2007-09-17,2026-02-01,Lagos,CMP-002,CH-002,2026-04-16
FNP-U04167,Male,1989-03-16,2026-02-12,Abuja,CMP-001,CH-001,2026-02-20
FNP-U04168,Female,2007-10-22,2026-03-01,Lagos,CMP-004,CH-005,2026-03-25
FNP-U04169,Female,2000-07-14,2026-01-26,Lagos,CMP-004,CH-005,2026-02-16
FNP-U04170,Male,2002-04-11,2026-03-04,Lagos,CMP-001,CH-001,2026-03-22
FNP-U04171,Male,2008-01-10,2026-01-28,Lagos,CMP-001,CH-001,2026-03-29
FNP-U04172,Male,2002-07-02,2026-03-21,Abuja,CMP-003,CH-004,2026-04-01
FNP-U04173,Female,1999-04-11,2026-04-10,Ogun,CMP-005,CH-003,2026-04-20
FNP-U04174,Female,1999-02-17,2026-04-23,Ogun,CMP-005,CH-003,2026-04-24
FNP-U04175,Male,1987-10-15,2026-02-25,Ogun,CMP-002,CH-002,2026-03-05
FNP-U04176,Female,2002-08-21,2026-01-28,Lagos,CMP-002,CH-002,2026-03-12
FNP-U04177,Female,1998-01-04,2026-04-09,Abuja,CMP-001,CH-001,2026-04-25
FNP-U04178,Male,1989-02-12,2026-03-17,Ogun,CMP-001,CH-001,2026-04-20
FNP-U04179,Male,2005-08-22,2026-03-13,Abuja,CMP-004,CH-005,2026-03-22
FNP-U04180,Female,1973-11-15,2026-02-02,Ogun,CMP-003,CH-004,2026-03-15
FNP-U04181,Female,1992-08-21,2026-03-13,Abuja,CMP-005,CH-003,2026-04-09
FNP-U04182,Female,2003-03-07,2026-02-12,Lagos,CMP-001,CH-001,2026-03-22
FNP-U04183,Male,1973-10-09,2026-02-08,Abuja,CMP-003,CH-004,2026-03-20
FNP-U04184,Male,1994-04-24,2026-03-05,Ogun,CMP-004,CH-005,2026-03-08
FNP-U04185,Female,2001-08-15,2026-04-06,Abuja,CMP-005,CH-003,2026-04-17
FNP-U04186,Male,2000-06-28,2026-03-15,Ogun,CMP-003,CH-004,2026-03-18
FNP-U04187,Female,1996-11-03,2026-03-28,Lagos,CMP-005,CH-003,2026-04-09
FNP-U04188,Female,2008-09-04,2026-04-19,Ogun,CMP-006,CH-002,2026-04-20
FNP-U04189,Female,2004-03-21,2026-04-09,Lagos,CMP-001,CH-001,2026-04-21
FNP-U04190,Female,1993-06-19,2026-03-14,Ogun,CMP-001,CH-001,2026-03-27
FNP-U04191,Male,2000-03-16,2026-02-12,Ogun,CMP-002,CH-002,2026-03-31
FNP-U04192,Male,1993-12-17,2026-04-01,Abuja,CMP-003,CH-004,2026-04-24
FNP-U04193,Male,1984-06-20,2026-01-26,Abuja,CMP-001,CH-001,2026-03-19
FNP-U04194,Male,2004-02-11,2026-04-05,Lagos,CMP-006,CH-002,2026-04-18
FNP-U04195,Male,1990-01-13,2026-04-10,Ogun,CMP-006,CH-002,2026-04-10
FNP-U04196,Female,1997-01-17,2026-02-15,Abuja,CMP-005,CH-003,2026-02-17
FNP-U04197,Male,1986-05-02,2026-02-26,Lagos,CMP-001,CH-001,2026-03-01
FNP-U04198,Male,1999-11-17,2026-03-03,Lagos,CMP-002,CH-002,2026-04-21
FNP-U04199,Female,1980-02-28,2026-04-04,Lagos,CMP-003,CH-004,2026-04-09
FNP-U04200,Female,2007-08-01,2026-03-20,Lagos,CMP-005,CH-003,2026-04-05
FNP-U04201,Male,1995-08-01,2026-04-09,Abuja,CMP-001,CH-001,2026-04-24
FNP-U04202,Male,2004-01-07,2026-04-15,Lagos,CMP-004,CH-005,2026-04-19
FNP-U04203,Female,1996-01-07,2026-03-31,Ogun,CMP-005,CH-003,2026-04-20
FNP-U04204,Female,1984-02-22,2026-03-09,Lagos,CMP-003,CH-004,2026-03-16
FNP-U04205,Female,1983-03-19,2026-04-01,Abuja,CMP-001,CH-001,2026-04-13
FNP-U04206,Male,1998-11-09,2026-04-10,Abuja,CMP-006,CH-002,2026-04-18
FNP-U04207,Female,2006-05-15,2026-02-27,Abuja,CMP-005,CH-003,2026-04-13
FNP-U04208,Male,1999-05-08,2026-04-01,Ogun,CMP-005,CH-003,2026-04-05
FNP-U04209,Female,1993-04-22,2026-01-26,Abuja,CMP-004,CH-005,2026-02-16
FNP-U04210,Female,1994-01-05,2026-02-20,Abuja,CMP-006,CH-002,2026-04-08
FNP-U04211,Female,1993-03-10,2026-03-09,Ogun,CMP-003,CH-004,2026-04-18
FNP-U04212,Male,1977-11-11,2026-01-30,Abuja,CMP-003,CH-004,2026-03-06
FNP-U04213,Female,1995-02-07,2026-04-21,Abuja,CMP-001,CH-001,2026-04-25
FNP-U04214,Male,2004-12-27,2026-03-12,Lagos,CMP-001,CH-001,2026-04-10
FNP-U04215,Male,1994-10-28,2026-03-01,Lagos,CMP-004,CH-005,2026-04-17
FNP-U04216,Female,1999-04-10,2026-02-11,Lagos,CMP-006,CH-002,2026-03-04
FNP-U04217,Male,2003-01-24,2026-02-14,Abuja,CMP-004,CH-005,2026-04-11
FNP-U04218,Male,1989-10-23,2026-03-07,Lagos,CMP-003,CH-004,2026-04-11
FNP-U04219,Male,1981-12-15,2026-02-02,Abuja,CMP-003,CH-004,2026-03-07
FNP-U04220,Male,2004-11-08,2026-03-26,Abuja,CMP-005,CH-003,2026-04-15
FNP-U04221,Male,1972-02-28,2026-01-26,Abuja,CMP-002,CH-002,2026-04-03
FNP-U04222,Female,1991-05-07,2026-03-17,Lagos,CMP-004,CH-005,2026-04-11
FNP-U04223,Male,2007-08-10,2026-02-14,Lagos,CMP-006,CH-002,2026-03-06
FNP-U04224,Female,2006-12-26,2026-03-27,Ogun,CMP-004,CH-005,2026-04-11
FNP-U04225,Female,1979-10-02,2026-02-19,Lagos,CMP-002,CH-002,2026-04-01
FNP-U04226,Male,1996-11-19,2026-03-22,Ogun,CMP-002,CH-002,2026-04-17
FNP-U04227,Female,2000-03-13,2026-02-07,Ogun,CMP-005,CH-003,2026-02-22
FNP-U04228,Female,1995-11-12,2026-01-29,Abuja,CMP-003,CH-004,2026-01-30
FNP-U04229,Male,2007-03-03,2026-04-18,Lagos,CMP-002,CH-002,2026-04-22
FNP-U04230,Male,1991-02-06,2026-04-01,Lagos,CMP-005,CH-003,2026-04-24
FNP-U04231,Male,1999-11-26,2026-04-23,Ogun,CMP-003,CH-004,2026-04-25
FNP-U04232,Female,2007-11-16,2026-01-28,Abuja,CMP-004,CH-005,2026-03-09
FNP-U04233,Male,1986-02-12,2026-02-20,Lagos,CMP-006,CH-002,2026-03-11
FNP-U04234,Female,1997-02-11,2026-02-22,Ogun,CMP-005,CH-003,2026-04-20
FNP-U04235,Male,1987-05-06,2026-02-19,Ogun,CMP-002,CH-002,2026-03-05
FNP-U04236,Female,2006-09-25,2026-02-09,Abuja,CMP-002,CH-002,2026-03-03
FNP-U04237,Female,2006-03-26,2026-03-05,Abuja,CMP-005,CH-003,2026-03-12
FNP-U04238,Female,1997-09-20,2026-02-22,Ogun,CMP-003,CH-004,2026-04-18
FNP-U04239,Male,1992-07-26,2026-02-22,Ogun,CMP-002,CH-002,2026-03-08
FNP-U04240,Female,2003-03-26,2026-04-02,Abuja,CMP-003,CH-004,2026-04-10
FNP-U04241,Female,2006-08-15,2026-03-22,Ogun,CMP-005,CH-003,2026-04-13
FNP-U04242,Female,1999-04-09,2026-04-07,Abuja,CMP-005,CH-003,2026-04-15
FNP-U04243,Female,1981-03-26,2026-03-29,Abuja,CMP-003,CH-004,2026-04-13
FNP-U04244,Female,1973-03-17,2026-02-02,Ogun,CMP-006,CH-002,2026-03-09
FNP-U04245,Male,2003-07-07,2026-04-24,Lagos,CMP-005,CH-003,2026-04-25
FNP-U04246,Female,2002-05-26,2026-04-08,Ogun,CMP-004,CH-005,2026-04-08
FNP-U04247,Female,1999-11-06,2026-02-28,Lagos,CMP-004,CH-005,2026-03-01
FNP-U04248,Female,1983-01-01,2026-03-20,Ogun,CMP-001,CH-001,2026-04-17
FNP-U04249,Female,1996-07-14,2026-03-22,Lagos,CMP-005,CH-003,2026-04-24
FNP-U04250,Female,2004-08-16,2026-04-19,Ogun,CMP-004,CH-005,2026-04-22
FNP-U04251,Male,1995-02-23,2026-02-18,Abuja,CMP-001,CH-001,2026-04-16
FNP-U04252,Female,1986-08-18,2026-04-14,Ogun,CMP-004,CH-005,2026-04-14
FNP-U04253,Male,1992-12-23,2026-03-29,Lagos,CMP-001,CH-001,2026-04-17
FNP-U04254,Male,2002-07-27,2026-04-11,Ogun,CMP-005,CH-003,2026-04-15
FNP-U04255,Male,1994-04-12,2026-02-15,Lagos,CMP-005,CH-003,2026-04-01
FNP-U04256,Female,1997-10-17,2026-03-19,Abuja,CMP-001,CH-001,2026-03-30
FNP-U04257,Female,2008-08-23,2026-01-29,Ogun,CMP-006,CH-002,2026-04-13
FNP-U04258,Male,1994-08-24,2026-02-18,Lagos,CMP-001,CH-001,2026-03-04
FNP-U04259,Female,2008-05-03,2026-04-10,Abuja,CMP-004,CH-005,2026-04-19
FNP-U04260,Female,1973-08-15,2026-01-27,Lagos,CMP-003,CH-004,2026-02-03
FNP-U04261,Male,1974-08-22,2026-02-02,Abuja,CMP-002,CH-002,2026-04-11
FNP-U04262,Male,2000-02-22,2026-02-10,Ogun,CMP-003,CH-004,2026-02-23
FNP-U04263,Female,1986-10-23,2026-03-19,Lagos,CMP-003,CH-004,2026-03-22
FNP-U04264,Female,2002-02-05,2026-02-02,Ogun,CMP-002,CH-002,2026-04-21
FNP-U04265,Female,1977-11-17,2026-02-08,Abuja,CMP-002,CH-002,2026-03-30
FNP-U04266,Female,1994-03-20,2026-02-08,Ogun,CMP-001,CH-001,2026-04-23
FNP-U04267,Male,2001-04-27,2026-03-24,Ogun,CMP-005,CH-003,2026-04-23
FNP-U04268,Male,2000-04-23,2026-02-07,Abuja,CMP-003,CH-004,2026-02-08
FNP-U04269,Female,1995-03-13,2026-02-07,Ogun,CMP-006,CH-002,2026-04-24
FNP-U04270,Male,2004-08-21,2026-02-20,Lagos,CMP-002,CH-002,2026-02-22
FNP-U04271,Male,2006-10-09,2026-04-01,Lagos,CMP-006,CH-002,2026-04-16
FNP-U04272,Male,2005-07-26,2026-03-07,Abuja,CMP-004,CH-005,2026-03-22
FNP-U04273,Male,1996-12-17,2026-03-11,Ogun,CMP-002,CH-002,2026-03-26
FNP-U04274,Male,2005-10-11,2026-04-08,Ogun,CMP-005,CH-003,2026-04-25
FNP-U04275,Female,2002-02-16,2026-04-25,Ogun,CMP-004,CH-005,2026-04-25
FNP-U04276,Male,2003-05-02,2026-02-11,Lagos,CMP-004,CH-005,2026-04-21
FNP-U04277,Female,2002-03-18,2026-03-29,Lagos,CMP-001,CH-001,2026-04-22
FNP-U04278,Male,1980-12-10,2026-03-23,Ogun,CMP-002,CH-002,2026-04-11
FNP-U04279,Female,1997-07-01,2026-04-01,Abuja,CMP-005,CH-003,2026-04-10
FNP-U04280,Female,2000-02-14,2026-01-31,Abuja,CMP-004,CH-005,2026-03-14
FNP-U04281,Male,1996-03-27,2026-04-23,Abuja,CMP-001,CH-001,2026-04-24
FNP-U04282,Female,1994-03-01,2026-03-14,Lagos,CMP-002,CH-002,2026-04-09
FNP-U04283,Male,2005-07-03,2026-04-05,Ogun,CMP-005,CH-003,2026-04-08
FNP-U04284,Male,1994-01-18,2026-03-03,Lagos,CMP-002,CH-002,2026-03-04
FNP-U04285,Female,1981-10-06,2026-04-03,Abuja,CMP-003,CH-004,2026-04-09
FNP-U04286,Female,1996-09-01,2026-04-08,Abuja,CMP-001,CH-001,2026-04-18
FNP-U04287,Male,1989-03-18,2026-02-05,Lagos,CMP-006,CH-002,2026-04-21
FNP-U04288,Female,2002-03-01,2026-03-08,Ogun,CMP-003,CH-004,2026-04-08
FNP-U04289,Female,2000-04-23,2026-02-13,Abuja,CMP-005,CH-003,2026-02-16
FNP-U04290,Female,2008-11-27,2026-01-30,Ogun,CMP-005,CH-003,2026-01-30
FNP-U04291,Male,2005-11-07,2026-03-25,Abuja,CMP-004,CH-005,2026-04-16
FNP-U04292,Male,1994-04-18,2026-03-23,Abuja,CMP-004,CH-005,2026-04-20
FNP-U04293,Female,1996-05-07,2026-04-23,Abuja,CMP-004,CH-005,2026-04-23
FNP-U04294,Male,1979-11-28,2026-04-19,Abuja,CMP-006,CH-002,2026-04-24
FNP-U04295,Female,1993-01-05,2026-03-03,Ogun,CMP-006,CH-002,2026-04-15
FNP-U04296,Female,1983-10-06,2026-04-01,Ogun,CMP-006,CH-002,2026-04-22
FNP-U04297,Female,1978-01-10,2026-03-08,Lagos,CMP-003,CH-004,2026-04-13
FNP-U04298,Female,1982-12-13,2026-04-23,Lagos,CMP-006,CH-002,2026-04-25
FNP-U04299,Male,2007-10-01,2026-02-10,Abuja,CMP-001,CH-001,2026-04-07
FNP-U04300,Female,1992-04-09,2026-03-05,Ogun,CMP-001,CH-001,2026-04-05
FNP-U04301,Male,2003-02-23,2026-04-22,Lagos,CMP-003,CH-004,2026-04-24
FNP-U04302,Female,1974-12-17,2026-03-22,Abuja,CMP-006,CH-002,2026-03-25
FNP-U04303,Female,2007-02-25,2026-02-15,Lagos,CMP-001,CH-001,2026-03-12
FNP-U04304,Female,1990-11-07,2026-03-15,Lagos,CMP-003,CH-004,2026-03-17
FNP-U04305,Male,1997-07-27,2026-04-07,Ogun,CMP-005,CH-003,2026-04-17
FNP-U04306,Female,1994-09-10,2026-03-27,Abuja,CMP-005,CH-003,2026-04-08
FNP-U04307,Male,1997-01-05,2026-02-15,Abuja,CMP-001,CH-001,2026-04-17
FNP-U04308,Male,2006-03-23,2026-04-15,Abuja,CMP-004,CH-005,2026-04-23
FNP-U04309,Male,1980-10-06,2026-02-22,Lagos,CMP-006,CH-002,2026-04-15
FNP-U04310,Male,1988-11-13,2026-04-17,Lagos,CMP-004,CH-005,2026-04-25
FNP-U04311,Male,1999-08-09,2026-02-27,Ogun,CMP-003,CH-004,2026-04-24
FNP-U04312,Female,2008-05-18,2026-04-10,Abuja,CMP-005,CH-003,2026-04-16
FNP-U04313,Female,1992-01-22,2026-02-10,Lagos,CMP-001,CH-001,2026-03-26
FNP-U04314,Male,1981-05-08,2026-03-11,Ogun,CMP-002,CH-002,2026-04-18
FNP-U04315,Male,1986-12-14,2026-03-09,Ogun,CMP-004,CH-005,2026-03-29
FNP-U04316,Female,1991-07-15,2026-02-24,Lagos,CMP-004,CH-005,2026-04-15
FNP-U04317,Male,1995-06-14,2026-03-03,Abuja,CMP-002,CH-002,2026-03-16
FNP-U04318,Male,1996-08-15,2026-02-03,Abuja,CMP-005,CH-003,2026-04-25
FNP-U04319,Female,1992-04-13,2026-04-04,Ogun,CMP-006,CH-002,2026-04-08
FNP-U04320,Female,1986-02-05,2026-03-19,Ogun,CMP-006,CH-002,2026-03-25
FNP-U04321,Female,2006-06-03,2026-02-09,Abuja,CMP-004,CH-005,2026-04-25
FNP-U04322,Female,2001-03-23,2026-03-20,Lagos,CMP-002,CH-002,2026-04-12
FNP-U04323,Male,1988-03-28,2026-03-17,Ogun,CMP-003,CH-004,2026-03-23
FNP-U04324,Male,1996-04-08,2026-03-11,Ogun,CMP-002,CH-002,2026-03-12
FNP-U04325,Male,1984-08-13,2026-03-27,Ogun,CMP-002,CH-002,2026-04-10
FNP-U04326,Female,1984-06-21,2026-03-01,Lagos,CMP-003,CH-004,2026-04-11
FNP-U04327,Female,2002-10-21,2026-02-12,Lagos,CMP-005,CH-003,2026-04-15
FNP-U04328,Female,1983-02-12,2026-02-10,Lagos,CMP-001,CH-001,2026-02-18
FNP-U04329,Male,1991-05-23,2026-04-13,Lagos,CMP-001,CH-001,2026-04-23
FNP-U04330,Female,2007-08-14,2026-04-11,Ogun,CMP-005,CH-003,2026-04-23
FNP-U04331,Female,1979-07-20,2026-04-14,Lagos,CMP-006,CH-002,2026-04-24
FNP-U04332,Male,2002-03-14,2026-02-20,Ogun,CMP-003,CH-004,2026-03-22
FNP-U04333,Female,2008-08-28,2026-03-19,Abuja,CMP-002,CH-002,2026-04-18
FNP-U04334,Male,1982-03-08,2026-04-19,Ogun,CMP-006,CH-002,2026-04-19
FNP-U04335,Male,1988-10-15,2026-03-04,Lagos,CMP-004,CH-005,2026-04-15
FNP-U04336,Female,1992-03-20,2026-02-21,Lagos,CMP-005,CH-003,2026-02-24
FNP-U04337,Female,1990-04-23,2026-02-08,Ogun,CMP-002,CH-002,2026-04-17
FNP-U04338,Male,1989-05-08,2026-02-16,Lagos,CMP-002,CH-002,2026-04-08
FNP-U04339,Male,1998-11-12,2026-01-28,Ogun,CMP-003,CH-004,2026-03-04
FNP-U04340,Female,1986-06-18,2026-04-07,Ogun,CMP-004,CH-005,2026-04-25
FNP-U04341,Female,1997-09-08,2026-02-06,Abuja,CMP-001,CH-001,2026-04-06
FNP-U04342,Female,1985-07-13,2026-02-25,Ogun,CMP-006,CH-002,2026-03-09
FNP-U04343,Male,2001-06-06,2026-02-14,Ogun,CMP-002,CH-002,2026-02-14
FNP-U04344,Male,1983-10-09,2026-03-25,Ogun,CMP-001,CH-001,2026-03-26
FNP-U04345,Male,1999-06-15,2026-03-23,Abuja,CMP-001,CH-001,2026-03-25
FNP-U04346,Male,1986-04-28,2026-02-10,Abuja,CMP-004,CH-005,2026-04-15
FNP-U04347,Female,2008-10-26,2026-03-05,Abuja,CMP-001,CH-001,2026-03-08
FNP-U04348,Female,1997-12-26,2026-02-18,Abuja,CMP-001,CH-001,2026-03-17
FNP-U04349,Male,1999-02-04,2026-03-24,Lagos,CMP-004,CH-005,2026-04-22
FNP-U04350,Female,1976-02-18,2026-02-14,Ogun,CMP-006,CH-002,2026-02-21
FNP-U04351,Female,2003-03-26,2026-03-31,Abuja,CMP-004,CH-005,2026-04-05
FNP-U04352,Male,1976-09-21,2026-02-11,Lagos,CMP-006,CH-002,2026-03-04
FNP-U04353,Male,2006-01-19,2026-02-28,Lagos,CMP-005,CH-003,2026-02-28
FNP-U04354,Female,1991-06-08,2026-04-17,Lagos,CMP-004,CH-005,2026-04-21
FNP-U04355,Female,2006-07-01,2026-04-10,Ogun,CMP-002,CH-002,2026-04-23
FNP-U04356,Female,1991-03-13,2026-02-16,Abuja,CMP-005,CH-003,2026-02-20
FNP-U04357,Male,2006-10-02,2026-04-18,Lagos,CMP-004,CH-005,2026-04-25
FNP-U04358,Male,1994-10-25,2026-03-11,Abuja,CMP-001,CH-001,2026-04-24
FNP-U04359,Male,1975-02-12,2026-02-13,Ogun,CMP-003,CH-004,2026-04-12
FNP-U04360,Male,2000-03-07,2026-02-06,Lagos,CMP-004,CH-005,2026-02-14
FNP-U04361,Male,2002-01-18,2026-04-18,Ogun,CMP-005,CH-003,2026-04-21
FNP-U04362,Female,2003-03-06,2026-04-10,Lagos,CMP-004,CH-005,2026-04-24
FNP-U04363,Female,2000-07-07,2026-04-16,Abuja,CMP-005,CH-003,2026-04-21
FNP-U04364,Male,1995-04-09,2026-03-14,Ogun,CMP-006,CH-002,2026-03-27
FNP-U04365,Female,1995-12-24,2026-02-27,Abuja,CMP-001,CH-001,2026-03-08
FNP-U04366,Female,2008-07-14,2026-04-03,Abuja,CMP-001,CH-001,2026-04-14
FNP-U04367,Male,2004-04-20,2026-04-15,Lagos,CMP-005,CH-003,2026-04-25
FNP-U04368,Male,1987-08-14,2026-02-01,Abuja,CMP-001,CH-001,2026-02-04
FNP-U04369,Female,1984-07-14,2026-02-13,Ogun,CMP-006,CH-002,2026-03-22
FNP-U04370,Male,1971-01-01,2026-01-30,Lagos,CMP-003,CH-004,2026-03-28
FNP-U04371,Female,1997-11-26,2026-04-06,Abuja,CMP-006,CH-002,2026-04-11
FNP-U04372,Male,2008-06-19,2026-04-19,Ogun,CMP-001,CH-001,2026-04-23
FNP-U04373,Female,1992-05-12,2026-04-15,Lagos,CMP-002,CH-002,2026-04-22
FNP-U04374,Female,1996-11-13,2026-04-23,Ogun,CMP-001,CH-001,2026-04-23
FNP-U04375,Female,1992-02-08,2026-02-14,Abuja,CMP-002,CH-002,2026-02-21
FNP-U04376,Female,1997-04-03,2026-03-04,Lagos,CMP-003,CH-004,2026-03-17
FNP-U04377,Male,1986-05-28,2026-04-21,Abuja,CMP-004,CH-005,2026-04-22
FNP-U04378,Female,1981-02-21,2026-02-09,Abuja,CMP-006,CH-002,2026-03-17
FNP-U04379,Female,1998-10-19,2026-02-07,Abuja,CMP-005,CH-003,2026-04-12
FNP-U04380,Male,1988-08-10,2026-02-16,Ogun,CMP-004,CH-005,2026-03-25
FNP-U04381,Female,1988-04-26,2026-03-30,Abuja,CMP-006,CH-002,2026-04-25
FNP-U04382,Female,1983-12-01,2026-02-19,Ogun,CMP-001,CH-001,2026-04-13
FNP-U04383,Female,2001-09-15,2026-03-05,Ogun,CMP-006,CH-002,2026-03-15
FNP-U04384,Male,1983-09-19,2026-03-14,Ogun,CMP-001,CH-001,2026-04-21
FNP-U04385,Female,2008-02-05,2026-04-10,Lagos,CMP-001,CH-001,2026-04-15
FNP-U04386,Female,1971-06-07,2026-03-07,Abuja,CMP-002,CH-002,2026-03-31
FNP-U04387,Male,1989-11-25,2026-02-17,Abuja,CMP-004,CH-005,2026-03-07
FNP-U04388,Female,1991-08-06,2026-01-29,Abuja,CMP-001,CH-001,2026-04-13
FNP-U04389,Female,2006-05-04,2026-01-28,Abuja,CMP-005,CH-003,2026-04-07
FNP-U04390,Male,1993-08-02,2026-03-16,Lagos,CMP-004,CH-005,2026-04-19
FNP-U04391,Female,1992-01-12,2026-02-01,Abuja,CMP-003,CH-004,2026-03-12
FNP-U04392,Female,1991-08-13,2026-03-04,Lagos,CMP-005,CH-003,2026-03-25
FNP-U04393,Male,1971-08-07,2026-03-10,Lagos,CMP-002,CH-002,2026-04-22
FNP-U04394,Female,1991-07-14,2026-02-23,Lagos,CMP-004,CH-005,2026-02-26
FNP-U04395,Female,1995-01-21,2026-03-27,Lagos,CMP-001,CH-001,2026-04-14
FNP-U04396,Male,1986-06-25,2026-03-08,Abuja,CMP-004,CH-005,2026-04-02
FNP-U04397,Female,2003-10-17,2026-03-25,Abuja,CMP-002,CH-002,2026-03-28
FNP-U04398,Female,1979-05-03,2026-04-16,Ogun,CMP-003,CH-004,2026-04-22
FNP-U04399,Female,1980-05-13,2026-03-16,Ogun,CMP-003,CH-004,2026-03-25
FNP-U04400,Male,2003-04-02,2026-02-13,Abuja,CMP-003,CH-004,2026-04-06
FNP-U04401,Female,1997-04-23,2026-04-10,Ogun,CMP-003,CH-004,2026-04-19
FNP-U04402,Female,2007-07-04,2026-03-18,Ogun,CMP-002,CH-002,2026-04-23
FNP-U04403,Male,1999-09-26,2026-03-23,Ogun,CMP-003,CH-004,2026-04-10
FNP-U04404,Female,2006-09-06,2026-02-14,Abuja,CMP-005,CH-003,2026-02-24
FNP-U04405,Female,2004-07-13,2026-04-25,Lagos,CMP-006,CH-002,2026-04-25
FNP-U04406,Female,1977-02-10,2026-04-02,Abuja,CMP-006,CH-002,2026-04-20
FNP-U04407,Female,1982-06-16,2026-04-02,Ogun,CMP-006,CH-002,2026-04-06
FNP-U04408,Female,1996-05-26,2026-02-10,Ogun,CMP-005,CH-003,2026-04-11
FNP-U04409,Male,2002-11-06,2026-01-28,Abuja,CMP-002,CH-002,2026-03-25
FNP-U04410,Female,1994-10-16,2026-03-06,Lagos,CMP-006,CH-002,2026-03-25
FNP-U04411,Male,1984-10-16,2026-03-21,Abuja,CMP-003,CH-004,2026-04-18
FNP-U04412,Female,1991-11-23,2026-02-26,Abuja,CMP-006,CH-002,2026-04-25
FNP-U04413,Female,1994-01-15,2026-03-24,Ogun,CMP-005,CH-003,2026-04-09
FNP-U04414,Male,1978-09-01,2026-02-14,Ogun,CMP-003,CH-004,2026-02-21
FNP-U04415,Male,2003-05-20,2026-02-16,Abuja,CMP-003,CH-004,2026-03-20
FNP-U04416,Female,2002-11-01,2026-04-25,Lagos,CMP-004,CH-005,2026-04-25
FNP-U04417,Female,2000-05-07,2026-03-23,Abuja,CMP-006,CH-002,2026-04-09
FNP-U04418,Female,1993-05-14,2026-03-18,Abuja,CMP-003,CH-004,2026-03-24
FNP-U04419,Female,1981-10-20,2026-02-27,Abuja,CMP-003,CH-004,2026-04-01
FNP-U04420,Male,1976-11-26,2026-02-07,Abuja,CMP-003,CH-004,2026-03-31
FNP-U04421,Female,1987-08-04,2026-04-09,Abuja,CMP-004,CH-005,2026-04-21
FNP-U04422,Female,1972-08-24,2026-03-24,Ogun,CMP-003,CH-004,2026-03-25
FNP-U04423,Male,1975-11-27,2026-03-14,Lagos,CMP-006,CH-002,2026-04-11
FNP-U04424,Male,2008-07-08,2026-04-23,Lagos,CMP-006,CH-002,2026-04-23
FNP-U04425,Female,2003-04-20,2026-01-31,Ogun,CMP-001,CH-001,2026-02-10
FNP-U04426,Female,1987-08-28,2026-04-03,Lagos,CMP-001,CH-001,2026-04-04
FNP-U04427,Male,2008-06-06,2026-04-03,Lagos,CMP-006,CH-002,2026-04-09
FNP-U04428,Female,2006-07-06,2026-04-22,Lagos,CMP-001,CH-001,2026-04-25
FNP-U04429,Female,1986-01-23,2026-03-19,Abuja,CMP-004,CH-005,2026-04-06
FNP-U04430,Male,1976-12-24,2026-03-03,Abuja,CMP-002,CH-002,2026-03-29
FNP-U04431,Male,2001-09-08,2026-02-22,Abuja,CMP-006,CH-002,2026-04-05
FNP-U04432,Male,2002-09-27,2026-03-20,Abuja,CMP-001,CH-001,2026-04-04
FNP-U04433,Male,1974-08-28,2026-02-10,Abuja,CMP-006,CH-002,2026-04-05
FNP-U04434,Female,1992-05-23,2026-02-18,Lagos,CMP-005,CH-003,2026-04-06
FNP-U04435,Female,1992-02-20,2026-03-03,Ogun,CMP-001,CH-001,2026-04-01
FNP-U04436,Male,1979-10-13,2026-02-27,Ogun,CMP-003,CH-004,2026-04-17
FNP-U04437,Female,1995-09-27,2026-03-17,Abuja,CMP-002,CH-002,2026-04-09
FNP-U04438,Male,1982-06-12,2026-02-04,Lagos,CMP-006,CH-002,2026-03-12
FNP-U04439,Male,1995-10-28,2026-01-30,Abuja,CMP-004,CH-005,2026-03-13
FNP-U04440,Male,1995-11-20,2026-03-07,Lagos,CMP-002,CH-002,2026-03-10
FNP-U04441,Male,1994-05-10,2026-03-19,Abuja,CMP-006,CH-002,2026-04-10
FNP-U04442,Male,1990-11-26,2026-01-29,Ogun,CMP-006,CH-002,2026-04-19
FNP-U04443,Male,1986-01-26,2026-04-21,Lagos,CMP-006,CH-002,2026-04-25
FNP-U04444,Female,2004-12-20,2026-04-18,Abuja,CMP-005,CH-003,2026-04-19
FNP-U04445,Female,2004-10-10,2026-03-06,Abuja,CMP-003,CH-004,2026-04-04
FNP-U04446,Female,2005-09-28,2026-03-21,Ogun,CMP-004,CH-005,2026-04-17
FNP-U04447,Male,1981-06-26,2026-02-14,Abuja,CMP-001,CH-001,2026-03-24
FNP-U04448,Female,1981-09-13,2026-02-09,Lagos,CMP-006,CH-002,2026-02-27
FNP-U04449,Male,1986-05-20,2026-03-04,Ogun,CMP-004,CH-005,2026-03-24
FNP-U04450,Male,1996-06-21,2026-03-18,Ogun,CMP-001,CH-001,2026-04-03
FNP-U04451,Male,1989-07-01,2026-02-06,Abuja,CMP-001,CH-001,2026-02-15
FNP-U04452,Female,1988-10-02,2026-03-15,Lagos,CMP-004,CH-005,2026-03-24
FNP-U04453,Female,1998-05-28,2026-02-02,Lagos,CMP-004,CH-005,2026-02-26
FNP-U04454,Male,2003-02-14,2026-03-09,Lagos,CMP-001,CH-001,2026-03-16
FNP-U04455,Male,1994-01-07,2026-02-03,Ogun,CMP-006,CH-002,2026-04-20
FNP-U04456,Male,1979-07-07,2026-04-02,Abuja,CMP-002,CH-002,2026-04-04
FNP-U04457,Female,2006-06-27,2026-04-01,Lagos,CMP-004,CH-005,2026-04-25
FNP-U04458,Male,1994-10-04,2026-02-12,Lagos,CMP-005,CH-003,2026-03-27
FNP-U04459,Female,1974-09-15,2026-04-04,Ogun,CMP-003,CH-004,2026-04-20
FNP-U04460,Female,1993-09-22,2026-03-30,Ogun,CMP-006,CH-002,2026-04-17
FNP-U04461,Female,2001-11-05,2026-04-21,Abuja,CMP-004,CH-005,2026-04-23
FNP-U04462,Female,1997-05-18,2026-01-26,Lagos,CMP-001,CH-001,2026-03-08
FNP-U04463,Male,1989-07-20,2026-04-13,Abuja,CMP-002,CH-002,2026-04-18
FNP-U04464,Female,1999-09-09,2026-04-25,Abuja,CMP-003,CH-004,2026-04-25
FNP-U04465,Male,2003-04-13,2026-03-15,Lagos,CMP-002,CH-002,2026-04-23
FNP-U04466,Female,1995-02-13,2026-03-16,Ogun,CMP-002,CH-002,2026-03-16
FNP-U04467,Male,2001-05-16,2026-03-28,Ogun,CMP-004,CH-005,2026-04-25
FNP-U04468,Female,1997-01-16,2026-04-05,Lagos,CMP-004,CH-005,2026-04-18
FNP-U04469,Female,1999-02-16,2026-01-27,Ogun,CMP-005,CH-003,2026-04-18
FNP-U04470,Female,1995-08-10,2026-03-16,Lagos,CMP-001,CH-001,2026-03-30
FNP-U04471,Female,1996-11-09,2026-03-02,Ogun,CMP-004,CH-005,2026-03-24
FNP-U04472,Female,2000-08-26,2026-03-27,Abuja,CMP-006,CH-002,2026-04-02
FNP-U04473,Female,1997-10-26,2026-04-03,Ogun,CMP-005,CH-003,2026-04-03
FNP-U04474,Female,1973-09-12,2026-02-16,Abuja,CMP-002,CH-002,2026-02-24
FNP-U04475,Male,1978-03-26,2026-03-08,Lagos,CMP-003,CH-004,2026-03-31
FNP-U04476,Female,1990-11-03,2026-04-16,Abuja,CMP-002,CH-002,2026-04-20
FNP-U04477,Male,2004-08-22,2026-04-12,Lagos,CMP-002,CH-002,2026-04-16
FNP-U04478,Male,1979-03-28,2026-04-02,Ogun,CMP-002,CH-002,2026-04-19
FNP-U04479,Female,1992-12-23,2026-02-27,Lagos,CMP-002,CH-002,2026-04-22
FNP-U04480,Male,1982-04-17,2026-03-14,Lagos,CMP-006,CH-002,2026-03-15
FNP-U04481,Male,2006-11-25,2026-03-04,Abuja,CMP-005,CH-003,2026-04-23
FNP-U04482,Female,1988-03-24,2026-03-18,Lagos,CMP-004,CH-005,2026-04-19
FNP-U04483,Male,1984-08-21,2026-04-18,Ogun,CMP-003,CH-004,2026-04-20
FNP-U04484,Female,1988-11-08,2026-04-20,Abuja,CMP-006,CH-002,2026-04-21
FNP-U04485,Male,1998-02-17,2026-03-13,Lagos,CMP-005,CH-003,2026-04-07
FNP-U04486,Female,2002-07-27,2026-02-11,Ogun,CMP-004,CH-005,2026-02-19
FNP-U04487,Female,1985-12-22,2026-03-25,Ogun,CMP-001,CH-001,2026-04-02
FNP-U04488,Female,1980-07-02,2026-02-15,Ogun,CMP-003,CH-004,2026-03-18
FNP-U04489,Female,1995-06-03,2026-03-31,Lagos,CMP-004,CH-005,2026-04-12
FNP-U04490,Male,1998-06-26,2026-03-10,Lagos,CMP-003,CH-004,2026-03-25
FNP-U04491,Female,1971-01-26,2026-01-28,Ogun,CMP-003,CH-004,2026-03-14
FNP-U04492,Female,1978-12-04,2026-02-11,Abuja,CMP-003,CH-004,2026-03-31
FNP-U04493,Female,1981-04-02,2026-04-16,Abuja,CMP-006,CH-002,2026-04-19
FNP-U04494,Male,2001-03-02,2026-04-18,Ogun,CMP-005,CH-003,2026-04-21
FNP-U04495,Male,2000-01-20,2026-04-04,Ogun,CMP-001,CH-001,2026-04-22
FNP-U04496,Female,1973-04-16,2026-04-19,Ogun,CMP-002,CH-002,2026-04-19
FNP-U04497,Female,1985-07-27,2026-02-12,Lagos,CMP-003,CH-004,2026-03-18
FNP-U04498,Female,1978-12-07,2026-02-12,Lagos,CMP-003,CH-004,2026-03-15
FNP-U04499,Male,1991-05-09,2026-01-30,Ogun,CMP-002,CH-002,2026-03-29
FNP-U04500,Female,2005-06-03,2026-04-02,Lagos,CMP-005,CH-003,2026-04-12
FNP-U04501,Female,2004-10-20,2026-04-11,Abuja,CMP-006,CH-002,2026-04-14
FNP-U04502,Male,2008-09-06,2026-03-05,Abuja,CMP-004,CH-005,2026-04-04
FNP-U04503,Male,2000-09-18,2026-01-29,Abuja,CMP-001,CH-001,2026-02-28
FNP-U04504,Male,1996-04-21,2026-02-09,Ogun,CMP-005,CH-003,2026-02-21
FNP-U04505,Male,2004-01-15,2026-03-23,Lagos,CMP-005,CH-003,2026-04-03
FNP-U04506,Female,1999-03-17,2026-02-07,Ogun,CMP-003,CH-004,2026-03-12
FNP-U04507,Female,1986-11-14,2026-03-02,Abuja,CMP-006,CH-002,2026-03-14
FNP-U04508,Female,1991-11-05,2026-01-26,Abuja,CMP-003,CH-004,2026-02-25
FNP-U04509,Male,1971-10-19,2026-01-28,Abuja,CMP-006,CH-002,2026-03-25
FNP-U04510,Female,2003-07-28,2026-04-16,Lagos,CMP-002,CH-002,2026-04-25
FNP-U04511,Female,1975-11-27,2026-02-21,Abuja,CMP-002,CH-002,2026-02-23
FNP-U04512,Female,2003-02-10,2026-03-24,Abuja,CMP-001,CH-001,2026-04-12
FNP-U04513,Male,1982-02-25,2026-04-01,Abuja,CMP-002,CH-002,2026-04-21
FNP-U04514,Female,1999-11-07,2026-02-22,Abuja,CMP-003,CH-004,2026-03-16
FNP-U04515,Female,2006-03-18,2026-04-07,Ogun,CMP-005,CH-003,2026-04-25
FNP-U04516,Male,2000-01-22,2026-03-19,Ogun,CMP-002,CH-002,2026-04-22
FNP-U04517,Female,1992-10-24,2026-04-07,Abuja,CMP-004,CH-005,2026-04-23
FNP-U04518,Female,2000-01-03,2026-04-14,Ogun,CMP-005,CH-003,2026-04-20
FNP-U04519,Male,2006-07-10,2026-04-03,Ogun,CMP-004,CH-005,2026-04-17
FNP-U04520,Male,1996-11-13,2026-02-23,Abuja,CMP-005,CH-003,2026-04-16
FNP-U04521,Female,2006-07-17,2026-02-20,Lagos,CMP-004,CH-005,2026-02-27
FNP-U04522,Male,1986-01-25,2026-02-28,Lagos,CMP-004,CH-005,2026-03-19
FNP-U04523,Male,2008-05-23,2026-03-04,Ogun,CMP-004,CH-005,2026-03-10
FNP-U04524,Female,1987-10-28,2026-04-20,Ogun,CMP-004,CH-005,2026-04-23
FNP-U04525,Female,1975-11-26,2026-03-17,Abuja,CMP-006,CH-002,2026-04-12
FNP-U04526,Male,2003-09-09,2026-04-02,Abuja,CMP-003,CH-004,2026-04-07
FNP-U04527,Male,1994-10-24,2026-02-03,Ogun,CMP-006,CH-002,2026-02-22
FNP-U04528,Male,1993-09-13,2026-03-07,Abuja,CMP-003,CH-004,2026-03-10
FNP-U04529,Female,2003-08-07,2026-04-02,Lagos,CMP-005,CH-003,2026-04-22
FNP-U04530,Male,1985-06-22,2026-04-18,Ogun,CMP-002,CH-002,2026-04-20
FNP-U04531,Male,1987-07-18,2026-02-22,Ogun,CMP-006,CH-002,2026-02-22
FNP-U04532,Male,1996-04-24,2026-03-28,Abuja,CMP-006,CH-002,2026-04-02
FNP-U04533,Female,2007-11-20,2026-01-27,Lagos,CMP-005,CH-003,2026-04-20
FNP-U04534,Female,1984-07-24,2026-03-19,Abuja,CMP-002,CH-002,2026-04-18
FNP-U04535,Female,1996-01-13,2026-04-21,Ogun,CMP-004,CH-005,2026-04-24
FNP-U04536,Female,1982-05-11,2026-03-26,Ogun,CMP-006,CH-002,2026-04-08
FNP-U04537,Male,1975-01-05,2026-03-18,Lagos,CMP-003,CH-004,2026-03-31
FNP-U04538,Female,1992-08-04,2026-03-11,Ogun,CMP-006,CH-002,2026-03-20
FNP-U04539,Male,2000-02-02,2026-03-15,Abuja,CMP-005,CH-003,2026-03-21
FNP-U04540,Male,2002-06-23,2026-03-15,Abuja,CMP-004,CH-005,2026-03-28
FNP-U04541,Male,2004-12-10,2026-03-31,Ogun,CMP-002,CH-002,2026-04-05
FNP-U04542,Male,1996-04-02,2026-04-24,Ogun,CMP-004,CH-005,2026-04-25
FNP-U04543,Female,1996-04-09,2026-03-15,Lagos,CMP-001,CH-001,2026-03-20
FNP-U04544,Female,2006-10-07,2026-03-06,Abuja,CMP-006,CH-002,2026-03-06
FNP-U04545,Female,2002-11-02,2026-04-25,Lagos,CMP-003,CH-004,2026-04-25
FNP-U04546,Female,1992-10-09,2026-02-25,Ogun,CMP-005,CH-003,2026-04-13
FNP-U04547,Female,1997-04-17,2026-03-03,Ogun,CMP-004,CH-005,2026-04-02
FNP-U04548,Female,1992-02-20,2026-03-18,Lagos,CMP-001,CH-001,2026-03-19
FNP-U04549,Male,1976-05-07,2026-02-17,Abuja,CMP-003,CH-004,2026-04-07
FNP-U04550,Male,1999-04-13,2026-04-17,Abuja,CMP-005,CH-003,2026-04-20
FNP-U04551,Female,1971-09-14,2026-04-12,Ogun,CMP-006,CH-002,2026-04-12
FNP-U04552,Male,2004-05-22,2026-02-15,Abuja,CMP-006,CH-002,2026-03-29
FNP-U04553,Female,1978-06-15,2026-02-09,Abuja,CMP-002,CH-002,2026-04-15
FNP-U04554,Female,1971-09-08,2026-04-03,Lagos,CMP-006,CH-002,2026-04-20
FNP-U04555,Male,2008-06-07,2026-04-07,Lagos,CMP-004,CH-005,2026-04-22
FNP-U04556,Female,1992-11-04,2026-03-26,Lagos,CMP-006,CH-002,2026-04-02
FNP-U04557,Female,1992-12-19,2026-04-14,Ogun,CMP-004,CH-005,2026-04-16
FNP-U04558,Male,1994-02-26,2026-03-19,Ogun,CMP-001,CH-001,2026-03-23
FNP-U04559,Female,1975-01-15,2026-04-13,Ogun,CMP-002,CH-002,2026-04-16
FNP-U04560,Female,1998-12-22,2026-01-29,Lagos,CMP-001,CH-001,2026-04-05
FNP-U04561,Female,1973-02-27,2026-03-28,Ogun,CMP-003,CH-004,2026-04-17
FNP-U04562,Female,2007-03-14,2026-02-25,Lagos,CMP-005,CH-003,2026-04-05
FNP-U04563,Female,2005-07-13,2026-01-27,Ogun,CMP-002,CH-002,2026-01-29
FNP-U04564,Male,1997-02-08,2026-04-06,Ogun,CMP-005,CH-003,2026-04-20
FNP-U04565,Female,1992-09-20,2026-04-23,Ogun,CMP-001,CH-001,2026-04-25
FNP-U04566,Female,1986-03-07,2026-02-09,Lagos,CMP-001,CH-001,2026-03-19
FNP-U04567,Female,1981-08-09,2026-04-08,Ogun,CMP-006,CH-002,2026-04-09
FNP-U04568,Male,2004-08-13,2026-04-02,Abuja,CMP-005,CH-003,2026-04-15
FNP-U04569,Female,2004-10-16,2026-04-11,Lagos,CMP-002,CH-002,2026-04-22
FNP-U04570,Female,1999-09-09,2026-04-02,Abuja,CMP-004,CH-005,2026-04-15
FNP-U04571,Male,1984-06-01,2026-03-15,Lagos,CMP-006,CH-002,2026-04-10
FNP-U04572,Female,1998-07-09,2026-02-20,Ogun,CMP-004,CH-005,2026-04-01
FNP-U04573,Male,1983-01-03,2026-04-22,Ogun,CMP-002,CH-002,2026-04-22
FNP-U04574,Male,2000-02-16,2026-03-26,Ogun,CMP-004,CH-005,2026-03-26
FNP-U04575,Female,1996-09-14,2026-02-18,Lagos,CMP-003,CH-004,2026-03-20
FNP-U04576,Male,1972-11-16,2026-03-31,Abuja,CMP-006,CH-002,2026-04-06
FNP-U04577,Male,1987-07-13,2026-04-16,Lagos,CMP-001,CH-001,2026-04-22
FNP-U04578,Female,1987-06-20,2026-04-15,Ogun,CMP-006,CH-002,2026-04-24
FNP-U04579,Female,1997-11-26,2026-04-06,Lagos,CMP-004,CH-005,2026-04-09
FNP-U04580,Female,1996-01-25,2026-02-13,Abuja,CMP-002,CH-002,2026-03-24
FNP-U04581,Male,2004-06-25,2026-02-23,Abuja,CMP-005,CH-003,2026-03-14
FNP-U04582,Female,1972-08-07,2026-02-18,Abuja,CMP-003,CH-004,2026-04-11
FNP-U04583,Female,1990-02-28,2026-04-17,Ogun,CMP-001,CH-001,2026-04-23
FNP-U04584,Male,1984-06-02,2026-04-11,Lagos,CMP-002,CH-002,2026-04-23
FNP-U04585,Female,2005-04-23,2026-03-15,Lagos,CMP-001,CH-001,2026-03-24
FNP-U04586,Male,2005-08-18,2026-03-27,Ogun,CMP-004,CH-005,2026-04-25
FNP-U04587,Female,1984-03-23,2026-04-15,Abuja,CMP-002,CH-002,2026-04-17
FNP-U04588,Female,1988-10-15,2026-02-07,Lagos,CMP-006,CH-002,2026-03-22
FNP-U04589,Female,1978-10-22,2026-02-09,Abuja,CMP-002,CH-002,2026-03-11
FNP-U04590,Female,1998-07-26,2026-02-16,Lagos,CMP-005,CH-003,2026-03-01
FNP-U04591,Male,2000-09-01,2026-03-06,Abuja,CMP-001,CH-001,2026-04-08
FNP-U04592,Female,1994-02-03,2026-03-22,Lagos,CMP-003,CH-004,2026-04-25
FNP-U04593,Male,1978-06-24,2026-04-23,Abuja,CMP-002,CH-002,2026-04-25
FNP-U04594,Female,1999-07-05,2026-02-26,Abuja,CMP-004,CH-005,2026-04-04
FNP-U04595,Female,1973-09-22,2026-02-22,Ogun,CMP-006,CH-002,2026-03-29
FNP-U04596,Female,1982-09-19,2026-04-07,Abuja,CMP-006,CH-002,2026-04-19
FNP-U04597,Male,1992-05-15,2026-02-15,Lagos,CMP-002,CH-002,2026-03-22
FNP-U04598,Male,1988-01-25,2026-04-07,Ogun,CMP-006,CH-002,2026-04-24
FNP-U04599,Female,1989-02-19,2026-02-12,Ogun,CMP-004,CH-005,2026-04-12
FNP-U04600,Female,1988-01-12,2026-02-04,Ogun,CMP-004,CH-005,2026-04-02
FNP-U04601,Female,1983-06-20,2026-02-25,Abuja,CMP-001,CH-001,2026-03-27
FNP-U04602,Male,1990-10-16,2026-03-10,Abuja,CMP-002,CH-002,2026-03-13
FNP-U04603,Female,1999-03-18,2026-03-13,Lagos,CMP-004,CH-005,2026-03-23
FNP-U04604,Female,1996-04-10,2026-03-02,Abuja,CMP-004,CH-005,2026-04-09
FNP-U04605,Female,1986-02-18,2026-04-16,Ogun,CMP-002,CH-002,2026-04-25
FNP-U04606,Male,1992-11-11,2026-03-06,Lagos,CMP-006,CH-002,2026-03-25
FNP-U04607,Female,1980-03-25,2026-04-23,Lagos,CMP-002,CH-002,2026-04-25
FNP-U04608,Female,2003-03-06,2026-02-02,Ogun,CMP-005,CH-003,2026-02-12
FNP-U04609,Male,2000-11-02,2026-02-09,Abuja,CMP-005,CH-003,2026-02-27
FNP-U04610,Female,1990-06-17,2026-02-10,Lagos,CMP-002,CH-002,2026-02-11
FNP-U04611,Male,1973-02-10,2026-03-02,Lagos,CMP-003,CH-004,2026-04-21
FNP-U04612,Female,1994-09-16,2026-03-30,Ogun,CMP-002,CH-002,2026-04-19
FNP-U04613,Female,1990-12-07,2026-02-15,Ogun,CMP-001,CH-001,2026-02-16
FNP-U04614,Female,1999-05-10,2026-04-20,Ogun,CMP-005,CH-003,2026-04-20
FNP-U04615,Male,1971-09-14,2026-03-11,Ogun,CMP-006,CH-002,2026-04-14
FNP-U04616,Male,1983-10-17,2026-04-20,Abuja,CMP-003,CH-004,2026-04-23
FNP-U04617,Female,2008-09-07,2026-02-08,Lagos,CMP-005,CH-003,2026-04-04
FNP-U04618,Female,2002-11-09,2026-02-17,Abuja,CMP-003,CH-004,2026-02-22
FNP-U04619,Female,1988-01-03,2026-03-14,Abuja,CMP-002,CH-002,2026-04-10
FNP-U04620,Male,1986-04-09,2026-02-24,Abuja,CMP-002,CH-002,2026-03-17
FNP-U04621,Female,1983-02-09,2026-02-06,Abuja,CMP-003,CH-004,2026-03-30
FNP-U04622,Male,1992-09-04,2026-01-28,Abuja,CMP-005,CH-003,2026-02-10
FNP-U04623,Female,1994-02-03,2026-03-17,Ogun,CMP-004,CH-005,2026-03-26
FNP-U04624,Female,1988-10-22,2026-04-17,Abuja,CMP-004,CH-005,2026-04-18
FNP-U04625,Male,1985-07-05,2026-02-20,Ogun,CMP-006,CH-002,2026-03-13
FNP-U04626,Female,1979-08-20,2026-03-24,Abuja,CMP-003,CH-004,2026-04-03
FNP-U04627,Female,1990-10-25,2026-03-12,Abuja,CMP-006,CH-002,2026-04-06
FNP-U04628,Female,1993-01-02,2026-01-29,Abuja,CMP-005,CH-003,2026-04-15
FNP-U04629,Male,1978-03-27,2026-02-28,Lagos,CMP-003,CH-004,2026-03-28
FNP-U04630,Male,2007-08-14,2026-03-22,Abuja,CMP-002,CH-002,2026-04-16
FNP-U04631,Male,1989-05-22,2026-03-05,Lagos,CMP-006,CH-002,2026-04-11
FNP-U04632,Female,1978-07-12,2026-04-12,Abuja,CMP-006,CH-002,2026-04-19
FNP-U04633,Male,1985-07-22,2026-03-26,Ogun,CMP-002,CH-002,2026-03-29
FNP-U04634,Female,1977-05-13,2026-02-20,Abuja,CMP-003,CH-004,2026-04-20
FNP-U04635,Male,2002-01-25,2026-01-30,Ogun,CMP-004,CH-005,2026-04-01
FNP-U04636,Male,1992-03-15,2026-03-08,Ogun,CMP-001,CH-001,2026-03-27
FNP-U04637,Female,1994-08-27,2026-01-28,Lagos,CMP-001,CH-001,2026-04-03
FNP-U04638,Male,1988-08-20,2026-02-18,Ogun,CMP-003,CH-004,2026-04-19
FNP-U04639,Female,1998-02-15,2026-04-02,Ogun,CMP-004,CH-005,2026-04-18
FNP-U04640,Female,1988-01-13,2026-04-06,Abuja,CMP-003,CH-004,2026-04-21
FNP-U04641,Female,2005-11-16,2026-03-09,Ogun,CMP-004,CH-005,2026-04-04
FNP-U04642,Male,2002-04-26,2026-03-03,Ogun,CMP-003,CH-004,2026-03-22
FNP-U04643,Female,2003-05-18,2026-03-06,Lagos,CMP-006,CH-002,2026-04-19
FNP-U04644,Male,1991-08-12,2026-02-28,Abuja,CMP-004,CH-005,2026-03-13
FNP-U04645,Male,1996-12-06,2026-03-13,Abuja,CMP-005,CH-003,2026-04-09
FNP-U04646,Male,1998-12-14,2026-03-23,Ogun,CMP-002,CH-002,2026-04-03
FNP-U04647,Male,1999-09-24,2026-03-12,Lagos,CMP-002,CH-002,2026-03-22
FNP-U04648,Male,2005-06-19,2026-02-08,Ogun,CMP-004,CH-005,2026-04-14
FNP-U04649,Male,2002-02-27,2026-03-05,Ogun,CMP-001,CH-001,2026-03-17
FNP-U04650,Female,1971-11-14,2026-03-31,Ogun,CMP-006,CH-002,2026-04-14
FNP-U04651,Male,1994-05-22,2026-02-25,Ogun,CMP-001,CH-001,2026-03-06
FNP-U04652,Female,2007-03-23,2026-04-07,Abuja,CMP-004,CH-005,2026-04-23
FNP-U04653,Female,1993-03-04,2026-04-20,Ogun,CMP-001,CH-001,2026-04-25
FNP-U04654,Female,2008-11-14,2026-03-16,Ogun,CMP-002,CH-002,2026-04-09
FNP-U04655,Male,2003-04-15,2026-03-23,Lagos,CMP-005,CH-003,2026-04-07
FNP-U04656,Female,1994-10-08,2026-02-01,Abuja,CMP-001,CH-001,2026-03-14
FNP-U04657,Female,2006-01-25,2026-02-23,Lagos,CMP-005,CH-003,2026-04-21
FNP-U04658,Male,1999-02-21,2026-03-24,Abuja,CMP-006,CH-002,2026-04-15
FNP-U04659,Male,1977-10-27,2026-04-13,Abuja,CMP-006,CH-002,2026-04-15
FNP-U04660,Female,1991-01-18,2026-04-20,Ogun,CMP-005,CH-003,2026-04-20
FNP-U04661,Female,1991-07-19,2026-04-14,Ogun,CMP-002,CH-002,2026-04-17
FNP-U04662,Female,1976-12-08,2026-02-04,Lagos,CMP-006,CH-002,2026-04-03
FNP-U04663,Female,1994-12-19,2026-03-16,Lagos,CMP-001,CH-001,2026-04-20
FNP-U04664,Female,1999-09-16,2026-02-07,Abuja,CMP-002,CH-002,2026-03-17
FNP-U04665,Female,2008-07-15,2026-02-08,Ogun,CMP-004,CH-005,2026-03-25
FNP-U04666,Male,1983-06-05,2026-04-08,Abuja,CMP-001,CH-001,2026-04-14
FNP-U04667,Male,1988-04-28,2026-02-21,Abuja,CMP-006,CH-002,2026-03-09
FNP-U04668,Male,1995-02-23,2026-04-08,Ogun,CMP-003,CH-004,2026-04-12
FNP-U04669,Male,1999-07-06,2026-03-21,Abuja,CMP-003,CH-004,2026-04-23
FNP-U04670,Male,2006-04-11,2026-02-13,Abuja,CMP-001,CH-001,2026-04-11
FNP-U04671,Female,2005-02-10,2026-04-25,Ogun,CMP-004,CH-005,2026-04-25
FNP-U04672,Female,1987-04-27,2026-02-11,Ogun,CMP-003,CH-004,2026-04-06
FNP-U04673,Female,2002-12-06,2026-03-25,Abuja,CMP-004,CH-005,2026-04-21
FNP-U04674,Female,2006-08-26,2026-04-02,Lagos,CMP-006,CH-002,2026-04-10
FNP-U04675,Male,1987-10-24,2026-02-12,Lagos,CMP-003,CH-004,2026-03-06
FNP-U04676,Male,1981-12-09,2026-04-07,Ogun,CMP-002,CH-002,2026-04-10
FNP-U04677,Male,1985-10-03,2026-03-15,Ogun,CMP-002,CH-002,2026-03-28
FNP-U04678,Female,1995-05-20,2026-02-16,Ogun,CMP-005,CH-003,2026-03-31
FNP-U04679,Female,2008-02-01,2026-02-06,Ogun,CMP-005,CH-003,2026-02-28
FNP-U04680,Male,1991-04-19,2026-04-11,Lagos,CMP-001,CH-001,2026-04-12
FNP-U04681,Female,1998-10-16,2026-04-17,Abuja,CMP-005,CH-003,2026-04-22
FNP-U04682,Female,1997-06-17,2026-04-23,Abuja,CMP-005,CH-003,2026-04-23
FNP-U04683,Female,1985-03-15,2026-02-11,Ogun,CMP-006,CH-002,2026-03-04
FNP-U04684,Male,2006-07-25,2026-04-13,Abuja,CMP-004,CH-005,2026-04-16
FNP-U04685,Female,1977-11-11,2026-04-15,Lagos,CMP-003,CH-004,2026-04-16
FNP-U04686,Female,2007-11-03,2026-03-29,Ogun,CMP-005,CH-003,2026-04-05
FNP-U04687,Male,1998-10-04,2026-04-04,Ogun,CMP-002,CH-002,2026-04-11
FNP-U04688,Female,1991-04-12,2026-02-20,Ogun,CMP-004,CH-005,2026-03-20
FNP-U04689,Female,1993-04-19,2026-02-08,Lagos,CMP-001,CH-001,2026-03-09
FNP-U04690,Female,1993-04-12,2026-04-10,Lagos,CMP-002,CH-002,2026-04-15
FNP-U04691,Female,1995-12-05,2026-03-24,Abuja,CMP-002,CH-002,2026-04-10
FNP-U04692,Male,1996-10-15,2026-03-23,Ogun,CMP-002,CH-002,2026-04-05
FNP-U04693,Male,1997-07-22,2026-04-22,Abuja,CMP-002,CH-002,2026-04-22
FNP-U04694,Male,1989-01-26,2026-04-21,Ogun,CMP-006,CH-002,2026-04-24
FNP-U04695,Female,1996-07-26,2026-02-18,Ogun,CMP-004,CH-005,2026-04-16
FNP-U04696,Female,1975-02-20,2026-04-18,Ogun,CMP-003,CH-004,2026-04-22
FNP-U04697,Male,1994-09-23,2026-01-30,Abuja,CMP-005,CH-003,2026-03-24
FNP-U04698,Male,1981-06-04,2026-03-12,Lagos,CMP-003,CH-004,2026-03-23
FNP-U04699,Female,1998-11-07,2026-03-17,Lagos,CMP-001,CH-001,2026-04-20
FNP-U04700,Female,2003-02-16,2026-03-01,Ogun,CMP-004,CH-005,2026-03-30
FNP-U04701,Female,1985-08-05,2026-01-30,Lagos,CMP-006,CH-002,2026-02-24
FNP-U04702,Male,2001-02-18,2026-03-11,Abuja,CMP-002,CH-002,2026-03-18
FNP-U04703,Female,1998-01-10,2026-02-27,Abuja,CMP-005,CH-003,2026-02-27
FNP-U04704,Female,1987-08-12,2026-04-21,Abuja,CMP-006,CH-002,2026-04-21
FNP-U04705,Male,1988-06-16,2026-02-06,Ogun,CMP-002,CH-002,2026-03-02
FNP-U04706,Female,1993-04-02,2026-03-17,Ogun,CMP-004,CH-005,2026-04-10
FNP-U04707,Male,1995-03-12,2026-02-16,Abuja,CMP-004,CH-005,2026-03-26
FNP-U04708,Male,2000-05-10,2026-03-08,Abuja,CMP-006,CH-002,2026-03-23
FNP-U04709,Female,2005-07-18,2026-03-08,Ogun,CMP-001,CH-001,2026-03-08
FNP-U04710,Female,2008-01-10,2026-02-04,Ogun,CMP-005,CH-003,2026-03-01
FNP-U04711,Male,1986-10-04,2026-03-20,Lagos,CMP-002,CH-002,2026-04-07
FNP-U04712,Male,1995-04-04,2026-02-22,Lagos,CMP-002,CH-002,2026-04-20
FNP-U04713,Female,1980-04-13,2026-02-15,Abuja,CMP-003,CH-004,2026-04-16
FNP-U04714,Female,1977-10-26,2026-03-14,Abuja,CMP-002,CH-002,2026-03-15
FNP-U04715,Female,2003-07-10,2026-03-07,Lagos,CMP-001,CH-001,2026-03-23
FNP-U04716,Female,2001-07-10,2026-03-06,Abuja,CMP-001,CH-001,2026-03-18
FNP-U04717,Male,2000-12-05,2026-03-26,Ogun,CMP-001,CH-001,2026-04-13
FNP-U04718,Female,2003-04-27,2026-02-12,Ogun,CMP-004,CH-005,2026-03-06
FNP-U04719,Male,2003-10-24,2026-02-19,Lagos,CMP-005,CH-003,2026-04-15
FNP-U04720,Male,1978-02-20,2026-02-04,Abuja,CMP-006,CH-002,2026-04-11
FNP-U04721,Female,1999-02-27,2026-02-27,Ogun,CMP-005,CH-003,2026-04-03
FNP-U04722,Male,2000-06-26,2026-01-28,Ogun,CMP-004,CH-005,2026-03-31
FNP-U04723,Male,1993-04-25,2026-04-25,Abuja,CMP-005,CH-003,2026-04-25
FNP-U04724,Female,2006-01-15,2026-04-02,Ogun,CMP-004,CH-005,2026-04-06
FNP-U04725,Female,1991-03-28,2026-04-18,Lagos,CMP-003,CH-004,2026-04-20
FNP-U04726,Female,1995-08-09,2026-02-23,Abuja,CMP-006,CH-002,2026-03-23
FNP-U04727,Male,1989-06-11,2026-04-10,Lagos,CMP-004,CH-005,2026-04-13
FNP-U04728,Female,1992-04-09,2026-03-06,Lagos,CMP-005,CH-003,2026-03-22
FNP-U04729,Female,1988-03-27,2026-03-30,Ogun,CMP-002,CH-002,2026-04-11
FNP-U04730,Male,1985-10-16,2026-02-13,Ogun,CMP-001,CH-001,2026-03-13
FNP-U04731,Female,1996-09-27,2026-03-24,Ogun,CMP-001,CH-001,2026-04-23
FNP-U04732,Male,1997-05-10,2026-04-21,Lagos,CMP-006,CH-002,2026-04-24
FNP-U04733,Female,2007-09-28,2026-04-10,Ogun,CMP-005,CH-003,2026-04-11
FNP-U04734,Male,2004-08-15,2026-01-26,Lagos,CMP-004,CH-005,2026-02-12
FNP-U04735,Female,1996-03-09,2026-04-17,Lagos,CMP-002,CH-002,2026-04-21
FNP-U04736,Female,1990-04-05,2026-04-13,Abuja,CMP-003,CH-004,2026-04-14
FNP-U04737,Female,2004-05-20,2026-02-15,Ogun,CMP-003,CH-004,2026-03-02
FNP-U04738,Female,2002-02-05,2026-04-18,Ogun,CMP-004,CH-005,2026-04-23
FNP-U04739,Male,2003-04-12,2026-02-16,Lagos,CMP-004,CH-005,2026-03-25
FNP-U04740,Female,1974-03-14,2026-03-06,Abuja,CMP-006,CH-002,2026-03-18
FNP-U04741,Male,1997-10-08,2026-03-13,Abuja,CMP-003,CH-004,2026-03-14
FNP-U04742,Male,1997-04-12,2026-04-03,Abuja,CMP-004,CH-005,2026-04-09
FNP-U04743,Female,1999-03-22,2026-03-09,Lagos,CMP-001,CH-001,2026-04-23
FNP-U04744,Female,1980-12-21,2026-02-22,Lagos,CMP-002,CH-002,2026-04-14
FNP-U04745,Male,1988-01-24,2026-02-02,Ogun,CMP-006,CH-002,2026-03-30
FNP-U04746,Male,1979-03-09,2026-03-20,Ogun,CMP-003,CH-004,2026-04-13
FNP-U04747,Male,1990-08-15,2026-02-20,Lagos,CMP-001,CH-001,2026-04-13
FNP-U04748,Male,1994-05-13,2026-03-15,Ogun,CMP-005,CH-003,2026-03-18
FNP-U04749,Male,1971-10-16,2026-02-12,Lagos,CMP-006,CH-002,2026-03-31
FNP-U04750,Female,1987-10-09,2026-04-15,Ogun,CMP-004,CH-005,2026-04-18
FNP-U04751,Female,1998-10-07,2026-03-25,Lagos,CMP-003,CH-004,2026-03-28
FNP-U04752,Female,1990-08-23,2026-03-11,Ogun,CMP-006,CH-002,2026-03-22
FNP-U04753,Male,1994-01-18,2026-04-13,Lagos,CMP-006,CH-002,2026-04-19
FNP-U04754,Male,1996-05-04,2026-03-03,Ogun,CMP-004,CH-005,2026-03-03
FNP-U04755,Male,1993-07-07,2026-02-18,Lagos,CMP-003,CH-004,2026-03-02
FNP-U04756,Female,1984-01-06,2026-04-15,Ogun,CMP-006,CH-002,2026-04-19
FNP-U04757,Male,1997-09-21,2026-02-14,Ogun,CMP-006,CH-002,2026-03-02
FNP-U04758,Male,1985-03-05,2026-02-10,Lagos,CMP-003,CH-004,2026-02-12
FNP-U04759,Female,1989-10-08,2026-03-12,Lagos,CMP-006,CH-002,2026-03-25
FNP-U04760,Female,1999-12-24,2026-04-02,Lagos,CMP-005,CH-003,2026-04-21
FNP-U04761,Male,1999-06-06,2026-02-16,Ogun,CMP-002,CH-002,2026-03-05
FNP-U04762,Male,1973-07-06,2026-03-31,Ogun,CMP-003,CH-004,2026-04-03
FNP-U04763,Female,1993-06-22,2026-02-09,Ogun,CMP-005,CH-003,2026-02-14
FNP-U04764,Male,1988-10-19,2026-02-22,Abuja,CMP-001,CH-001,2026-04-25
FNP-U04765,Female,1976-08-12,2026-02-01,Abuja,CMP-002,CH-002,2026-03-08
FNP-U04766,Female,1985-02-28,2026-03-11,Ogun,CMP-003,CH-004,2026-04-16
FNP-U04767,Female,1995-04-04,2026-04-06,Lagos,CMP-002,CH-002,2026-04-21
FNP-U04768,Female,2002-05-05,2026-02-15,Ogun,CMP-005,CH-003,2026-03-18
FNP-U04769,Male,2008-10-18,2026-02-21,Abuja,CMP-006,CH-002,2026-03-24
FNP-U04770,Female,1980-10-21,2026-02-22,Abuja,CMP-002,CH-002,2026-04-14
FNP-U04771,Female,1980-03-16,2026-03-24,Lagos,CMP-002,CH-002,2026-04-01
FNP-U04772,Male,1982-06-18,2026-02-27,Ogun,CMP-002,CH-002,2026-04-08
FNP-U04773,Male,1999-05-24,2026-03-26,Lagos,CMP-002,CH-002,2026-04-04
FNP-U04774,Male,1985-06-12,2026-02-11,Ogun,CMP-006,CH-002,2026-04-18
FNP-U04775,Male,1997-02-03,2026-04-08,Abuja,CMP-006,CH-002,2026-04-11
FNP-U04776,Female,1996-06-09,2026-03-20,Abuja,CMP-005,CH-003,2026-04-21
FNP-U04777,Female,1996-05-04,2026-02-02,Abuja,CMP-002,CH-002,2026-03-03
FNP-U04778,Male,2005-03-24,2026-03-04,Ogun,CMP-005,CH-003,2026-03-27
FNP-U04779,Female,2001-06-02,2026-03-17,Lagos,CMP-004,CH-005,2026-04-25
FNP-U04780,Female,1986-07-01,2026-04-21,Abuja,CMP-006,CH-002,2026-04-23
FNP-U04781,Female,1997-07-12,2026-02-07,Lagos,CMP-005,CH-003,2026-03-07
FNP-U04782,Female,1995-05-24,2026-03-13,Lagos,CMP-001,CH-001,2026-04-20
FNP-U04783,Female,1990-06-27,2026-04-10,Ogun,CMP-004,CH-005,2026-04-13
FNP-U04784,Male,2003-04-26,2026-02-19,Abuja,CMP-005,CH-003,2026-03-10
FNP-U04785,Female,1987-08-26,2026-02-27,Abuja,CMP-006,CH-002,2026-03-27
FNP-U04786,Female,1985-05-23,2026-02-11,Ogun,CMP-001,CH-001,2026-02-16
FNP-U04787,Male,1983-10-09,2026-03-04,Ogun,CMP-003,CH-004,2026-04-06
FNP-U04788,Male,2004-10-09,2026-03-21,Lagos,CMP-005,CH-003,2026-04-24
FNP-U04789,Female,1999-06-15,2026-04-04,Ogun,CMP-004,CH-005,2026-04-11
FNP-U04790,Male,2001-10-14,2026-03-13,Lagos,CMP-004,CH-005,2026-04-23
FNP-U04791,Male,1991-02-16,2026-04-08,Lagos,CMP-003,CH-004,2026-04-25
FNP-U04792,Female,2004-09-22,2026-03-01,Lagos,CMP-005,CH-003,2026-03-02
FNP-U04793,Female,2002-12-28,2026-03-13,Abuja,CMP-001,CH-001,2026-03-28
FNP-U04794,Female,1989-02-04,2026-03-07,Lagos,CMP-003,CH-004,2026-04-03
FNP-U04795,Male,1995-08-13,2026-04-16,Lagos,CMP-005,CH-003,2026-04-20
FNP-U04796,Female,2006-04-08,2026-03-24,Lagos,CMP-004,CH-005,2026-04-09
FNP-U04797,Male,1974-08-02,2026-03-20,Ogun,CMP-006,CH-002,2026-04-07
FNP-U04798,Male,2005-02-24,2026-03-08,Lagos,CMP-001,CH-001,2026-04-13
FNP-U04799,Male,1979-11-26,2026-02-16,Lagos,CMP-006,CH-002,2026-02-18
FNP-U04800,Female,1999-02-22,2026-02-24,Lagos,CMP-005,CH-003,2026-03-14
FNP-U04801,Male,2001-06-08,2026-02-21,Ogun,CMP-005,CH-003,2026-03-27
FNP-U04802,Male,2006-06-08,2026-02-06,Ogun,CMP-004,CH-005,2026-03-02
FNP-U04803,Male,2004-06-06,2026-01-30,Lagos,CMP-002,CH-002,2026-02-19
FNP-U04804,Female,1983-04-28,2026-04-06,Lagos,CMP-006,CH-002,2026-04-21
FNP-U04805,Male,1997-08-20,2026-01-27,Lagos,CMP-001,CH-001,2026-04-15
FNP-U04806,Male,2006-12-07,2026-03-28,Abuja,CMP-001,CH-001,2026-04-09
FNP-U04807,Female,2003-04-22,2026-04-09,Ogun,CMP-005,CH-003,2026-04-14
FNP-U04808,Male,1991-10-26,2026-03-25,Abuja,CMP-001,CH-001,2026-04-15
FNP-U04809,Female,1973-07-17,2026-02-28,Ogun,CMP-002,CH-002,2026-04-10
FNP-U04810,Male,1982-10-13,2026-03-14,Ogun,CMP-002,CH-002,2026-03-19
FNP-U04811,Female,1993-07-20,2026-03-08,Abuja,CMP-006,CH-002,2026-03-10
FNP-U04812,Male,1986-08-03,2026-03-01,Ogun,CMP-004,CH-005,2026-03-25
FNP-U04813,Male,2002-02-08,2026-03-03,Abuja,CMP-004,CH-005,2026-04-08
FNP-U04814,Male,2007-06-07,2026-03-31,Ogun,CMP-004,CH-005,2026-04-06
FNP-U04815,Male,1995-09-08,2026-03-19,Lagos,CMP-003,CH-004,2026-04-19
FNP-U04816,Male,1986-06-13,2026-04-02,Abuja,CMP-001,CH-001,2026-04-22
FNP-U04817,Female,1979-12-22,2026-04-17,Lagos,CMP-003,CH-004,2026-04-22
FNP-U04818,Female,1990-06-13,2026-02-16,Abuja,CMP-003,CH-004,2026-04-09
FNP-U04819,Female,2001-05-26,2026-04-12,Lagos,CMP-005,CH-003,2026-04-24
FNP-U04820,Male,1989-03-25,2026-04-11,Ogun,CMP-004,CH-005,2026-04-16
FNP-U04821,Male,1972-03-24,2026-02-18,Ogun,CMP-002,CH-002,2026-03-31
FNP-U04822,Male,2001-05-25,2026-03-28,Lagos,CMP-005,CH-003,2026-04-06
FNP-U04823,Female,1990-09-13,2026-03-07,Abuja,CMP-003,CH-004,2026-04-03
FNP-U04824,Male,1971-12-22,2026-03-23,Lagos,CMP-006,CH-002,2026-04-10
FNP-U04825,Male,1981-03-09,2026-03-02,Lagos,CMP-003,CH-004,2026-04-09
FNP-U04826,Male,1982-09-25,2026-03-06,Abuja,CMP-002,CH-002,2026-04-11
FNP-U04827,Male,2004-03-07,2026-03-19,Ogun,CMP-002,CH-002,2026-04-21
FNP-U04828,Male,1976-08-22,2026-03-03,Abuja,CMP-002,CH-002,2026-04-21
FNP-U04829,Female,1977-05-04,2026-04-16,Lagos,CMP-003,CH-004,2026-04-25
FNP-U04830,Female,2001-11-15,2026-02-05,Ogun,CMP-002,CH-002,2026-02-05
FNP-U04831,Male,2001-03-08,2026-04-17,Ogun,CMP-004,CH-005,2026-04-17
FNP-U04832,Female,1995-11-19,2026-04-23,Abuja,CMP-004,CH-005,2026-04-25
FNP-U04833,Female,1999-05-02,2026-03-13,Ogun,CMP-002,CH-002,2026-03-28
FNP-U04834,Female,1992-08-03,2026-02-28,Lagos,CMP-002,CH-002,2026-03-06
FNP-U04835,Male,1991-02-11,2026-02-09,Ogun,CMP-005,CH-003,2026-02-11
FNP-U04836,Male,1987-11-03,2026-03-22,Ogun,CMP-001,CH-001,2026-04-09
FNP-U04837,Male,2004-12-04,2026-03-08,Lagos,CMP-005,CH-003,2026-03-28
FNP-U04838,Male,2004-03-28,2026-01-31,Abuja,CMP-001,CH-001,2026-02-08
FNP-U04839,Male,1982-09-26,2026-02-06,Lagos,CMP-006,CH-002,2026-03-08
FNP-U04840,Female,2002-07-08,2026-04-19,Ogun,CMP-005,CH-003,2026-04-21
FNP-U04841,Female,2005-01-10,2026-04-10,Ogun,CMP-005,CH-003,2026-04-22
FNP-U04842,Female,2008-04-08,2026-03-25,Ogun,CMP-005,CH-003,2026-04-21
FNP-U04843,Female,1986-08-26,2026-02-25,Ogun,CMP-004,CH-005,2026-04-12
FNP-U04844,Male,1973-09-26,2026-02-23,Ogun,CMP-002,CH-002,2026-04-07
FNP-U04845,Female,1979-12-28,2026-02-22,Lagos,CMP-006,CH-002,2026-04-18
FNP-U04846,Male,1989-03-06,2026-03-02,Ogun,CMP-001,CH-001,2026-03-31
FNP-U04847,Female,2001-01-09,2026-04-13,Ogun,CMP-001,CH-001,2026-04-25
FNP-U04848,Male,2007-03-10,2026-02-15,Lagos,CMP-004,CH-005,2026-04-09
FNP-U04849,Male,1988-12-02,2026-03-30,Lagos,CMP-006,CH-002,2026-04-25
FNP-U04850,Male,2005-03-18,2026-03-29,Abuja,CMP-004,CH-005,2026-04-09
FNP-U04851,Male,1977-01-01,2026-03-06,Lagos,CMP-002,CH-002,2026-03-11
FNP-U04852,Male,1993-02-09,2026-02-11,Lagos,CMP-006,CH-002,2026-04-02
FNP-U04853,Male,1982-05-07,2026-04-16,Abuja,CMP-003,CH-004,2026-04-16
FNP-U04854,Female,1973-12-13,2026-01-29,Ogun,CMP-002,CH-002,2026-04-05
FNP-U04855,Male,1980-06-21,2026-04-03,Ogun,CMP-006,CH-002,2026-04-14
FNP-U04856,Female,1975-12-05,2026-04-04,Ogun,CMP-006,CH-002,2026-04-11
FNP-U04857,Female,2008-06-13,2026-04-03,Ogun,CMP-005,CH-003,2026-04-13
FNP-U04858,Male,2000-03-07,2026-04-14,Lagos,CMP-001,CH-001,2026-04-18
FNP-U04859,Male,1985-01-05,2026-03-11,Ogun,CMP-001,CH-001,2026-04-15
FNP-U04860,Male,1977-12-15,2026-02-21,Abuja,CMP-003,CH-004,2026-03-01
FNP-U04861,Male,2002-01-17,2026-02-12,Abuja,CMP-003,CH-004,2026-03-27
FNP-U04862,Female,1998-12-03,2026-03-04,Abuja,CMP-005,CH-003,2026-04-10
FNP-U04863,Female,1977-09-20,2026-04-15,Lagos,CMP-003,CH-004,2026-04-15
FNP-U04864,Female,1989-02-10,2026-02-12,Lagos,CMP-004,CH-005,2026-02-13
FNP-U04865,Female,2005-10-26,2026-03-01,Abuja,CMP-001,CH-001,2026-04-23
FNP-U04866,Female,1980-05-28,2026-02-10,Abuja,CMP-006,CH-002,2026-03-01
FNP-U04867,Female,2008-12-28,2026-02-28,Lagos,CMP-002,CH-002,2026-03-12
FNP-U04868,Male,2007-01-18,2026-04-24,Lagos,CMP-002,CH-002,2026-04-25
FNP-U04869,Male,2000-12-13,2026-04-03,Ogun,CMP-004,CH-005,2026-04-16
FNP-U04870,Male,1989-03-14,2026-04-05,Ogun,CMP-004,CH-005,2026-04-16
FNP-U04871,Female,1997-10-26,2026-03-14,Abuja,CMP-002,CH-002,2026-04-19
FNP-U04872,Male,1997-03-14,2026-04-20,Ogun,CMP-006,CH-002,2026-04-23
FNP-U04873,Female,2006-09-12,2026-04-01,Abuja,CMP-005,CH-003,2026-04-19
FNP-U04874,Female,2005-12-11,2026-02-24,Ogun,CMP-005,CH-003,2026-03-05
FNP-U04875,Female,1991-05-16,2026-02-26,Abuja,CMP-006,CH-002,2026-03-24
FNP-U04876,Male,1988-02-04,2026-04-24,Ogun,CMP-001,CH-001,2026-04-25
FNP-U04877,Female,1991-08-12,2026-02-28,Lagos,CMP-005,CH-003,2026-03-28
FNP-U04878,Male,2005-09-13,2026-04-08,Abuja,CMP-004,CH-005,2026-04-22
FNP-U04879,Female,1995-08-22,2026-03-25,Abuja,CMP-004,CH-005,2026-04-16
FNP-U04880,Female,2002-11-22,2026-03-23,Abuja,CMP-005,CH-003,2026-04-09
FNP-U04881,Male,1993-01-08,2026-04-01,Ogun,CMP-005,CH-003,2026-04-11
FNP-U04882,Male,1973-07-25,2026-04-11,Lagos,CMP-006,CH-002,2026-04-16
FNP-U04883,Male,1986-09-11,2026-01-30,Ogun,CMP-003,CH-004,2026-04-13
FNP-U04884,Female,2007-07-13,2026-02-23,Ogun,CMP-002,CH-002,2026-03-20
FNP-U04885,Female,1973-01-06,2026-03-11,Lagos,CMP-003,CH-004,2026-04-03
FNP-U04886,Female,1983-11-16,2026-04-17,Abuja,CMP-003,CH-004,2026-04-20
FNP-U04887,Female,2003-02-25,2026-03-09,Abuja,CMP-004,CH-005,2026-04-20
FNP-U04888,Female,1984-07-09,2026-02-01,Abuja,CMP-001,CH-001,2026-02-16
FNP-U04889,Female,1983-05-16,2026-04-12,Lagos,CMP-001,CH-001,2026-04-20
FNP-U04890,Female,1989-03-09,2026-02-11,Ogun,CMP-004,CH-005,2026-03-18
FNP-U04891,Female,1994-07-12,2026-02-22,Lagos,CMP-006,CH-002,2026-02-25
FNP-U04892,Female,1976-09-05,2026-03-31,Abuja,CMP-006,CH-002,2026-04-22
FNP-U04893,Male,2007-07-14,2026-02-28,Lagos,CMP-004,CH-005,2026-03-29
FNP-U04894,Male,1974-08-16,2026-04-16,Lagos,CMP-006,CH-002,2026-04-25
FNP-U04895,Male,2007-04-23,2026-02-22,Lagos,CMP-002,CH-002,2026-03-26
FNP-U04896,Female,1999-01-21,2026-02-18,Lagos,CMP-003,CH-004,2026-02-20
FNP-U04897,Female,1992-02-23,2026-04-17,Ogun,CMP-002,CH-002,2026-04-18
FNP-U04898,Male,2000-11-02,2026-04-23,Ogun,CMP-001,CH-001,2026-04-23
FNP-U04899,Female,1988-08-17,2026-03-05,Abuja,CMP-006,CH-002,2026-04-15
FNP-U04900,Male,2003-12-24,2026-04-22,Abuja,CMP-002,CH-002,2026-04-23
FNP-U04901,Male,2008-06-18,2026-03-29,Abuja,CMP-001,CH-001,2026-04-09
FNP-U04902,Male,2005-06-18,2026-01-31,Ogun,CMP-005,CH-003,2026-02-10
FNP-U04903,Female,1988-11-15,2026-01-29,Lagos,CMP-001,CH-001,2026-03-16
FNP-U04904,Male,2007-08-18,2026-01-26,Abuja,CMP-002,CH-002,2026-03-05
FNP-U04905,Male,1987-06-02,2026-03-26,Ogun,CMP-003,CH-004,2026-03-27
FNP-U04906,Female,1974-05-03,2026-04-08,Ogun,CMP-003,CH-004,2026-04-08
FNP-U04907,Female,2000-11-10,2026-01-28,Lagos,CMP-001,CH-001,2026-03-27
FNP-U04908,Female,2007-02-05,2026-03-18,Ogun,CMP-002,CH-002,2026-04-05
FNP-U04909,Female,1996-05-13,2026-04-02,Ogun,CMP-005,CH-003,2026-04-04
FNP-U04910,Female,1981-11-27,2026-04-10,Lagos,CMP-001,CH-001,2026-04-17
FNP-U04911,Female,1986-01-21,2026-02-02,Ogun,CMP-006,CH-002,2026-04-20
FNP-U04912,Female,1999-04-24,2026-04-15,Ogun,CMP-005,CH-003,2026-04-24
FNP-U04913,Female,1977-03-16,2026-04-18,Lagos,CMP-003,CH-004,2026-04-25
FNP-U04914,Female,1986-05-19,2026-04-25,Abuja,CMP-002,CH-002,2026-04-25
FNP-U04915,Male,1993-03-21,2026-04-25,Ogun,CMP-005,CH-003,2026-04-25
FNP-U04916,Female,1980-08-01,2026-02-04,Abuja,CMP-006,CH-002,2026-02-12
FNP-U04917,Male,2005-04-04,2026-04-09,Abuja,CMP-002,CH-002,2026-04-13
FNP-U04918,Female,2005-03-21,2026-03-28,Lagos,CMP-001,CH-001,2026-04-20
FNP-U04919,Female,1996-01-09,2026-04-22,Ogun,CMP-002,CH-002,2026-04-25
FNP-U04920,Male,2006-01-16,2026-04-07,Ogun,CMP-002,CH-002,2026-04-21
FNP-U04921,Female,2008-01-10,2026-04-24,Abuja,CMP-002,CH-002,2026-04-24
FNP-U04922,Male,1971-07-28,2026-02-26,Abuja,CMP-002,CH-002,2026-03-07
FNP-U04923,Female,1995-05-16,2026-03-09,Lagos,CMP-005,CH-003,2026-03-24
FNP-U04924,Male,2007-05-15,2026-04-22,Ogun,CMP-005,CH-003,2026-04-24
FNP-U04925,Female,1988-11-21,2026-04-09,Abuja,CMP-003,CH-004,2026-04-15
FNP-U04926,Female,1972-03-03,2026-04-02,Lagos,CMP-002,CH-002,2026-04-09
FNP-U04927,Male,2004-04-09,2026-03-09,Lagos,CMP-005,CH-003,2026-03-10
FNP-U04928,Female,2005-03-10,2026-04-22,Abuja,CMP-004,CH-005,2026-04-22
FNP-U04929,Male,1983-10-13,2026-02-24,Ogun,CMP-003,CH-004,2026-04-18
FNP-U04930,Female,1999-11-26,2026-03-15,Lagos,CMP-005,CH-003,2026-04-12
FNP-U04931,Male,1992-07-16,2026-04-25,Ogun,CMP-005,CH-003,2026-04-25
FNP-U04932,Female,1974-03-15,2026-03-18,Lagos,CMP-006,CH-002,2026-03-18
FNP-U04933,Male,2007-12-26,2026-04-20,Lagos,CMP-005,CH-003,2026-04-20
FNP-U04934,Female,1988-03-15,2026-04-10,Ogun,CMP-006,CH-002,2026-04-24
FNP-U04935,Female,2002-07-15,2026-03-06,Ogun,CMP-002,CH-002,2026-04-08
FNP-U04936,Male,1991-11-08,2026-03-12,Ogun,CMP-004,CH-005,2026-04-15
FNP-U04937,Female,1984-07-03,2026-03-19,Ogun,CMP-001,CH-001,2026-03-30
FNP-U04938,Male,1990-06-14,2026-02-22,Lagos,CMP-002,CH-002,2026-03-23
FNP-U04939,Female,2006-04-07,2026-02-11,Ogun,CMP-005,CH-003,2026-03-05
FNP-U04940,Female,1994-06-11,2026-02-01,Abuja,CMP-005,CH-003,2026-03-13
FNP-U04941,Male,1999-10-07,2026-02-07,Ogun,CMP-003,CH-004,2026-02-10
FNP-U04942,Female,1979-01-24,2026-03-31,Ogun,CMP-006,CH-002,2026-04-07
FNP-U04943,Female,1999-09-17,2026-03-06,Lagos,CMP-003,CH-004,2026-03-12
FNP-U04944,Male,1993-10-04,2026-02-04,Lagos,CMP-002,CH-002,2026-02-18
FNP-U04945,Female,1993-11-19,2026-02-13,Lagos,CMP-006,CH-002,2026-04-06
FNP-U04946,Female,2000-08-03,2026-04-15,Lagos,CMP-003,CH-004,2026-04-22
FNP-U04947,Female,2004-10-05,2026-02-21,Lagos,CMP-003,CH-004,2026-02-24
FNP-U04948,Female,1994-03-23,2026-02-12,Lagos,CMP-005,CH-003,2026-02-12
FNP-U04949,Male,1978-12-11,2026-04-12,Lagos,CMP-006,CH-002,2026-04-20
FNP-U04950,Female,1996-07-13,2026-04-11,Lagos,CMP-002,CH-002,2026-04-23
FNP-U04951,Male,1972-12-05,2026-03-27,Ogun,CMP-003,CH-004,2026-03-30
FNP-U04952,Female,1988-12-12,2026-03-26,Ogun,CMP-003,CH-004,2026-04-25
FNP-U04953,Female,2002-03-16,2026-02-10,Ogun,CMP-005,CH-003,2026-04-12
FNP-U04954,Female,2008-01-19,2026-02-10,Ogun,CMP-005,CH-003,2026-03-19
FNP-U04955,Female,1981-08-28,2026-02-19,Lagos,CMP-002,CH-002,2026-03-17
FNP-U04956,Male,1980-02-11,2026-04-09,Abuja,CMP-003,CH-004,2026-04-21
FNP-U04957,Female,1972-03-22,2026-03-15,Ogun,CMP-006,CH-002,2026-04-07
FNP-U04958,Female,1995-03-01,2026-02-20,Ogun,CMP-005,CH-003,2026-02-27
FNP-U04959,Female,2004-05-13,2026-02-01,Abuja,CMP-005,CH-003,2026-03-24
FNP-U04960,Female,1997-05-09,2026-03-28,Lagos,CMP-002,CH-002,2026-04-14
FNP-U04961,Female,1992-12-17,2026-03-21,Lagos,CMP-004,CH-005,2026-04-06
FNP-U04962,Female,2007-08-21,2026-01-28,Abuja,CMP-006,CH-002,2026-04-08
FNP-U04963,Male,1978-11-15,2026-04-22,Abuja,CMP-003,CH-004,2026-04-22
FNP-U04964,Male,2001-12-18,2026-03-04,Abuja,CMP-003,CH-004,2026-04-02
FNP-U04965,Male,1999-08-26,2026-02-16,Ogun,CMP-003,CH-004,2026-04-25
FNP-U04966,Male,1975-03-01,2026-04-24,Abuja,CMP-003,CH-004,2026-04-24
FNP-U04967,Female,2006-02-04,2026-03-28,Lagos,CMP-005,CH-003,2026-04-12
FNP-U04968,Female,1993-12-26,2026-04-23,Lagos,CMP-003,CH-004,2026-04-25
FNP-U04969,Male,2001-06-17,2026-03-06,Abuja,CMP-001,CH-001,2026-03-12
FNP-U04970,Male,1992-03-28,2026-04-08,Ogun,CMP-004,CH-005,2026-04-15
FNP-U04971,Male,1994-08-17,2026-03-04,Ogun,CMP-001,CH-001,2026-04-24
FNP-U04972,Male,1992-01-18,2026-03-26,Abuja,CMP-002,CH-002,2026-04-13
FNP-U04973,Female,1994-05-07,2026-01-30,Abuja,CMP-003,CH-004,2026-02-13
FNP-U04974,Female,1990-11-15,2026-02-27,Abuja,CMP-003,CH-004,2026-03-30
FNP-U04975,Male,1995-02-22,2026-03-27,Lagos,CMP-006,CH-002,2026-04-11
FNP-U04976,Female,1990-07-02,2026-02-21,Ogun,CMP-001,CH-001,2026-04-07
FNP-U04977,Female,1990-11-15,2026-03-03,Abuja,CMP-004,CH-005,2026-03-30
FNP-U04978,Male,1972-09-24,2026-03-17,Lagos,CMP-006,CH-002,2026-04-21
FNP-U04979,Male,1993-05-28,2026-01-28,Lagos,CMP-003,CH-004,2026-02-24
FNP-U04980,Female,1975-11-20,2026-02-05,Abuja,CMP-003,CH-004,2026-03-27
FNP-U04981,Female,1995-05-09,2026-03-26,Ogun,CMP-006,CH-002,2026-03-28
FNP-U04982,Male,1982-01-07,2026-03-30,Abuja,CMP-002,CH-002,2026-04-02
FNP-U04983,Female,1985-09-10,2026-04-04,Ogun,CMP-006,CH-002,2026-04-09
FNP-U04984,Male,1983-08-08,2026-01-28,Abuja,CMP-002,CH-002,2026-02-05
FNP-U04985,Female,1992-09-13,2026-03-29,Abuja,CMP-004,CH-005,2026-04-20
FNP-U04986,Male,1998-02-17,2026-03-29,Abuja,CMP-004,CH-005,2026-04-22
FNP-U04987,Female,2006-04-10,2026-02-20,Ogun,CMP-002,CH-002,2026-03-18
FNP-U04988,Male,1977-08-11,2026-01-28,Abuja,CMP-003,CH-004,2026-03-31
FNP-U04989,Male,1997-03-20,2026-04-25,Abuja,CMP-004,CH-005,2026-04-25
FNP-U04990,Male,1978-04-01,2026-03-01,Abuja,CMP-006,CH-002,2026-03-22
FNP-U04991,Female,1994-12-23,2026-04-21,Abuja,CMP-006,CH-002,2026-04-25
FNP-U04992,Male,1992-02-04,2026-04-09,Ogun,CMP-006,CH-002,2026-04-11
FNP-U04993,Female,1986-08-20,2026-02-15,Abuja,CMP-004,CH-005,2026-03-31
FNP-U04994,Male,1978-06-12,2026-01-31,Ogun,CMP-003,CH-004,2026-02-02
FNP-U04995,Male,1979-12-18,2026-04-07,Ogun,CMP-002,CH-002,2026-04-18
FNP-U04996,Female,1993-11-16,2026-04-12,Lagos,CMP-001,CH-001,2026-04-23
FNP-U04997,Female,1993-01-08,2026-03-19,Lagos,CMP-005,CH-003,2026-03-23
FNP-U04998,Female,1984-05-28,2026-04-01,Ogun,CMP-006,CH-002,2026-04-04
FNP-U04999,Male,1983-12-20,2026-03-05,Lagos,CMP-001,CH-001,2026-03-31
FNP-U05000,Male,2002-12-09,2026-04-20,Ogun,CMP-004,CH-005,2026-04-22
FNP-U05001,Female,1987-02-01,2026-02-12,Abuja,CMP-006,CH-002,2026-03-15
FNP-U05002,Female,2004-05-11,2026-03-08,Lagos,CMP-001,CH-001,2026-04-16
FNP-U05003,Male,2002-12-13,2026-03-31,Lagos,CMP-002,CH-002,2026-04-01
FNP-U05004,Male,1994-03-16,2026-02-12,Abuja,CMP-001,CH-001,2026-04-17
FNP-U05005,Female,2003-05-02,2026-01-31,Abuja,CMP-005,CH-003,2026-02-09
FNP-U05006,Female,1997-12-20,2026-02-08,Ogun,CMP-003,CH-004,2026-03-12
FNP-U05007,Male,2005-12-03,2026-02-28,Ogun,CMP-001,CH-001,2026-04-23
FNP-U05008,Female,1999-01-27,2026-03-07,Ogun,CMP-003,CH-004,2026-03-10
FNP-U05009,Female,1981-06-24,2026-04-16,Abuja,CMP-006,CH-002,2026-04-20
FNP-U05010,Male,2005-02-22,2026-02-13,Lagos,CMP-002,CH-002,2026-03-12
FNP-U05011,Female,1994-06-01,2026-03-11,Abuja,CMP-001,CH-001,2026-04-05
FNP-U05012,Female,1995-04-15,2026-01-31,Abuja,CMP-006,CH-002,2026-03-08
FNP-U05013,Male,2008-09-03,2026-03-08,Ogun,CMP-006,CH-002,2026-03-20
FNP-U05014,Female,2002-12-09,2026-02-26,Ogun,CMP-004,CH-005,2026-03-19
FNP-U05015,Female,1991-09-08,2026-03-08,Abuja,CMP-006,CH-002,2026-03-30
FNP-U05016,Male,2002-05-20,2026-03-25,Abuja,CMP-001,CH-001,2026-04-12
FNP-U05017,Male,2008-03-10,2026-03-23,Abuja,CMP-005,CH-003,2026-04-08
FNP-U05018,Male,2008-09-04,2026-03-11,Abuja,CMP-006,CH-002,2026-03-28
FNP-U05019,Female,1995-03-08,2026-02-22,Abuja,CMP-002,CH-002,2026-02-22
FNP-U05020,Male,1990-10-07,2026-03-22,Abuja,CMP-004,CH-005,2026-04-18
FNP-U05021,Female,1986-06-14,2026-03-13,Lagos,CMP-002,CH-002,2026-04-23
FNP-U05022,Female,2006-07-26,2026-04-18,Abuja,CMP-006,CH-002,2026-04-25
FNP-U05023,Male,1997-06-16,2026-03-08,Abuja,CMP-005,CH-003,2026-04-20
FNP-U05024,Female,1990-02-24,2026-03-21,Lagos,CMP-004,CH-005,2026-03-24
FNP-U05025,Male,1995-09-02,2026-04-21,Ogun,CMP-006,CH-002,2026-04-22
FNP-U05026,Male,2000-08-07,2026-01-26,Lagos,CMP-003,CH-004,2026-02-16
FNP-U05027,Male,1975-09-09,2026-04-05,Lagos,CMP-002,CH-002,2026-04-09
FNP-U05028,Male,2004-11-22,2026-02-15,Lagos,CMP-003,CH-004,2026-04-19
FNP-U05029,Female,1983-03-11,2026-03-26,Ogun,CMP-006,CH-002,2026-04-17
FNP-U05030,Male,1976-02-18,2026-04-23,Lagos,CMP-002,CH-002,2026-04-25
FNP-U05031,Female,1999-08-16,2026-03-23,Lagos,CMP-002,CH-002,2026-04-02
FNP-U05032,Female,1992-09-23,2026-04-07,Abuja,CMP-005,CH-003,2026-04-10
FNP-U05033,Male,2003-12-25,2026-02-16,Lagos,CMP-004,CH-005,2026-04-06
FNP-U05034,Female,1981-02-23,2026-02-16,Abuja,CMP-003,CH-004,2026-03-03
FNP-U05035,Male,1981-07-24,2026-04-16,Ogun,CMP-001,CH-001,2026-04-25
FNP-U05036,Male,1978-11-15,2026-04-19,Lagos,CMP-003,CH-004,2026-04-23
FNP-U05037,Male,1990-11-13,2026-01-27,Ogun,CMP-001,CH-001,2026-04-23
FNP-U05038,Male,1991-08-26,2026-02-19,Abuja,CMP-004,CH-005,2026-02-22
FNP-U05039,Female,1982-06-15,2026-03-28,Abuja,CMP-002,CH-002,2026-04-25
FNP-U05040,Male,2000-11-18,2026-04-20,Abuja,CMP-003,CH-004,2026-04-24
FNP-U05041,Female,1973-07-11,2026-03-01,Lagos,CMP-003,CH-004,2026-03-08
FNP-U05042,Male,1977-10-11,2026-04-18,Ogun,CMP-003,CH-004,2026-04-20
FNP-U05043,Male,1999-11-26,2026-02-16,Lagos,CMP-003,CH-004,2026-03-14
FNP-U05044,Female,2003-09-23,2026-04-13,Lagos,CMP-003,CH-004,2026-04-19
FNP-U05045,Male,1975-01-20,2026-03-18,Abuja,CMP-006,CH-002,2026-04-14
FNP-U05046,Female,1994-10-06,2026-03-01,Abuja,CMP-001,CH-001,2026-03-27
FNP-U05047,Male,2005-05-20,2026-03-27,Lagos,CMP-005,CH-003,2026-04-07
FNP-U05048,Male,1996-10-02,2026-04-21,Ogun,CMP-006,CH-002,2026-04-25
FNP-U05049,Male,2006-11-13,2026-02-05,Abuja,CMP-001,CH-001,2026-03-24
FNP-U05050,Male,2006-06-08,2026-03-03,Lagos,CMP-001,CH-001,2026-03-29
FNP-U05051,Female,2004-05-15,2026-03-05,Ogun,CMP-001,CH-001,2026-04-05
FNP-U05052,Male,2008-02-15,2026-03-13,Ogun,CMP-005,CH-003,2026-03-21
FNP-U05053,Female,1999-02-20,2026-03-25,Ogun,CMP-004,CH-005,2026-04-06
FNP-U05054,Male,1995-08-05,2026-04-02,Abuja,CMP-002,CH-002,2026-04-13
FNP-U05055,Female,1985-07-04,2026-02-26,Ogun,CMP-002,CH-002,2026-03-24
FNP-U05056,Male,1978-11-13,2026-04-20,Lagos,CMP-006,CH-002,2026-04-23
FNP-U05057,Male,1995-09-05,2026-02-23,Ogun,CMP-003,CH-004,2026-03-30
FNP-U05058,Male,1993-07-03,2026-03-12,Abuja,CMP-005,CH-003,2026-04-11
FNP-U05059,Male,1999-05-25,2026-04-20,Lagos,CMP-003,CH-004,2026-04-25
FNP-U05060,Male,1999-11-07,2026-02-13,Ogun,CMP-002,CH-002,2026-04-18
FNP-U05061,Female,1994-02-10,2026-03-18,Lagos,CMP-002,CH-002,2026-03-19
FNP-U05062,Male,2007-12-09,2026-02-22,Lagos,CMP-005,CH-003,2026-03-06
FNP-U05063,Male,1984-10-08,2026-03-01,Lagos,CMP-003,CH-004,2026-03-29
FNP-U05064,Female,2007-04-04,2026-02-21,Abuja,CMP-005,CH-003,2026-03-15
FNP-U05065,Male,1981-11-19,2026-02-27,Abuja,CMP-003,CH-004,2026-04-14
FNP-U05066,Male,2008-06-05,2026-03-26,Ogun,CMP-005,CH-003,2026-04-21
FNP-U05067,Male,1998-12-08,2026-02-04,Ogun,CMP-001,CH-001,2026-02-27
FNP-U05068,Male,1996-08-08,2026-03-28,Ogun,CMP-001,CH-001,2026-04-10
FNP-U05069,Male,1973-07-02,2026-03-08,Abuja,CMP-006,CH-002,2026-04-08
FNP-U05070,Female,1994-06-01,2026-04-24,Lagos,CMP-003,CH-004,2026-04-25
FNP-U05071,Female,1990-05-04,2026-03-09,Abuja,CMP-001,CH-001,2026-04-07
FNP-U05072,Female,1986-10-12,2026-02-09,Lagos,CMP-001,CH-001,2026-04-01
FNP-U05073,Male,1983-08-08,2026-03-20,Lagos,CMP-006,CH-002,2026-04-23
FNP-U05074,Female,2004-03-11,2026-03-31,Lagos,CMP-005,CH-003,2026-04-13
FNP-U05075,Male,2004-02-13,2026-03-08,Abuja,CMP-004,CH-005,2026-04-05
FNP-U05076,Female,1989-02-21,2026-03-05,Lagos,CMP-004,CH-005,2026-04-13
FNP-U05077,Male,1991-10-25,2026-03-10,Abuja,CMP-005,CH-003,2026-03-28
FNP-U05078,Female,2001-03-05,2026-04-25,Ogun,CMP-002,CH-002,2026-04-25
FNP-U05079,Male,1998-03-04,2026-02-04,Ogun,CMP-004,CH-005,2026-02-10
FNP-U05080,Female,1997-02-20,2026-04-13,Ogun,CMP-004,CH-005,2026-04-16
FNP-U05081,Male,2006-01-17,2026-03-25,Lagos,CMP-001,CH-001,2026-04-02
FNP-U05082,Female,1972-12-01,2026-01-27,Lagos,CMP-002,CH-002,2026-02-19
FNP-U05083,Male,2002-12-14,2026-03-16,Lagos,CMP-004,CH-005,2026-04-24
FNP-U05084,Female,2000-07-20,2026-03-29,Ogun,CMP-005,CH-003,2026-04-22
FNP-U05085,Female,1992-12-11,2026-03-24,Lagos,CMP-006,CH-002,2026-04-15
FNP-U05086,Female,1995-07-20,2026-04-15,Abuja,CMP-002,CH-002,2026-04-22
FNP-U05087,Female,1978-01-10,2026-03-11,Abuja,CMP-003,CH-004,2026-03-13
FNP-U05088,Male,2001-10-15,2026-04-09,Lagos,CMP-005,CH-003,2026-04-11
FNP-U05089,Female,2000-12-03,2026-02-14,Ogun,CMP-003,CH-004,2026-04-04
FNP-U05090,Female,2008-12-13,2026-02-01,Ogun,CMP-005,CH-003,2026-02-22
FNP-U05091,Male,1986-09-22,2026-03-08,Abuja,CMP-002,CH-002,2026-03-19
FNP-U05092,Male,1974-12-26,2026-01-29,Lagos,CMP-003,CH-004,2026-02-21
FNP-U05093,Female,2008-04-25,2026-04-12,Ogun,CMP-004,CH-005,2026-04-20
FNP-U05094,Female,1987-04-01,2026-03-31,Ogun,CMP-003,CH-004,2026-04-02
FNP-U05095,Male,1993-02-21,2026-03-24,Lagos,CMP-006,CH-002,2026-04-17
FNP-U05096,Female,1977-01-19,2026-03-03,Lagos,CMP-006,CH-002,2026-04-13
FNP-U05097,Male,1991-01-28,2026-02-27,Abuja,CMP-001,CH-001,2026-04-19
FNP-U05098,Male,1988-08-24,2026-04-16,Ogun,CMP-004,CH-005,2026-04-20
FNP-U05099,Female,1989-01-04,2026-04-24,Lagos,CMP-006,CH-002,2026-04-25
FNP-U05100,Male,2002-07-25,2026-02-28,Abuja,CMP-006,CH-002,2026-03-21
FNP-U05101,Female,1993-10-22,2026-01-27,Ogun,CMP-002,CH-002,2026-03-30
FNP-U05102,Male,1993-09-06,2026-01-28,Lagos,CMP-002,CH-002,2026-04-21
FNP-U05103,Female,1983-03-13,2026-02-15,Lagos,CMP-001,CH-001,2026-04-20
FNP-U05104,Female,1983-04-14,2026-03-03,Ogun,CMP-006,CH-002,2026-03-14
FNP-U05105,Female,1989-09-17,2026-03-15,Ogun,CMP-006,CH-002,2026-04-09
FNP-U05106,Male,1996-04-06,2026-02-11,Abuja,CMP-002,CH-002,2026-04-01
FNP-U05107,Female,1988-03-15,2026-04-12,Ogun,CMP-004,CH-005,2026-04-17
FNP-U05108,Male,1998-10-19,2026-02-20,Ogun,CMP-003,CH-004,2026-02-24
FNP-U05109,Male,2000-03-13,2026-03-25,Ogun,CMP-005,CH-003,2026-04-02
FNP-U05110,Male,1973-11-17,2026-03-04,Ogun,CMP-002,CH-002,2026-04-14
FNP-U05111,Female,2008-09-20,2026-03-28,Ogun,CMP-005,CH-003,2026-04-21
FNP-U05112,Male,2004-10-05,2026-02-12,Lagos,CMP-003,CH-004,2026-04-05
FNP-U05113,Male,1982-02-19,2026-02-28,Lagos,CMP-002,CH-002,2026-03-16
FNP-U05114,Female,1996-03-21,2026-02-10,Ogun,CMP-005,CH-003,2026-03-04
FNP-U05115,Female,2006-06-07,2026-02-28,Ogun,CMP-001,CH-001,2026-04-10
FNP-U05116,Female,1992-08-10,2026-03-19,Ogun,CMP-005,CH-003,2026-04-23
FNP-U05117,Male,1995-05-12,2026-02-24,Ogun,CMP-006,CH-002,2026-03-02
FNP-U05118,Male,2000-12-13,2026-03-25,Lagos,CMP-001,CH-001,2026-04-16
FNP-U05119,Male,1971-05-24,2026-04-20,Lagos,CMP-003,CH-004,2026-04-20
FNP-U05120,Male,1975-01-10,2026-01-31,Abuja,CMP-006,CH-002,2026-02-26
FNP-U05121,Female,1983-08-18,2026-03-12,Ogun,CMP-001,CH-001,2026-04-02
FNP-U05122,Female,2000-10-13,2026-04-13,Abuja,CMP-001,CH-001,2026-04-22
FNP-U05123,Female,1995-02-24,2026-02-19,Abuja,CMP-002,CH-002,2026-02-28
FNP-U05124,Male,1998-01-01,2026-04-19,Lagos,CMP-004,CH-005,2026-04-19
FNP-U05125,Male,2005-05-26,2026-02-08,Lagos,CMP-004,CH-005,2026-02-17
FNP-U05126,Female,1975-09-15,2026-03-28,Ogun,CMP-006,CH-002,2026-04-11
FNP-U05127,Female,1993-11-03,2026-03-24,Ogun,CMP-004,CH-005,2026-04-17
FNP-U05128,Female,1995-04-04,2026-04-14,Ogun,CMP-005,CH-003,2026-04-16
FNP-U05129,Female,1987-03-22,2026-03-15,Ogun,CMP-001,CH-001,2026-04-10
FNP-U05130,Male,1995-07-12,2026-03-10,Lagos,CMP-006,CH-002,2026-03-20
FNP-U05131,Female,1977-04-17,2026-04-07,Ogun,CMP-002,CH-002,2026-04-17
FNP-U05132,Male,2005-03-09,2026-04-07,Abuja,CMP-002,CH-002,2026-04-13
FNP-U05133,Female,1984-02-23,2026-02-19,Abuja,CMP-006,CH-002,2026-03-05
FNP-U05134,Female,1984-05-19,2026-03-09,Ogun,CMP-006,CH-002,2026-04-24
FNP-U05135,Female,2006-03-16,2026-03-07,Lagos,CMP-002,CH-002,2026-04-08
FNP-U05136,Female,1977-01-01,2026-02-04,Abuja,CMP-002,CH-002,2026-02-12
FNP-U05137,Male,1996-02-15,2026-04-16,Ogun,CMP-005,CH-003,2026-04-20
FNP-U05138,Female,2005-09-22,2026-04-21,Abuja,CMP-005,CH-003,2026-04-21
FNP-U05139,Male,2006-09-10,2026-04-05,Lagos,CMP-006,CH-002,2026-04-20
FNP-U05140,Male,1982-11-07,2026-04-07,Lagos,CMP-002,CH-002,2026-04-08
FNP-U05141,Female,1981-06-08,2026-04-15,Ogun,CMP-001,CH-001,2026-04-21
FNP-U05142,Male,2006-06-17,2026-04-14,Abuja,CMP-004,CH-005,2026-04-20
FNP-U05143,Male,1984-08-21,2026-04-22,Lagos,CMP-001,CH-001,2026-04-25
FNP-U05144,Male,1974-03-20,2026-02-16,Abuja,CMP-006,CH-002,2026-04-19
FNP-U05145,Male,1977-09-28,2026-04-07,Lagos,CMP-003,CH-004,2026-04-11
FNP-U05146,Female,2008-11-23,2026-04-21,Lagos,CMP-005,CH-003,2026-04-23
FNP-U05147,Male,1986-06-09,2026-04-12,Abuja,CMP-004,CH-005,2026-04-22
FNP-U05148,Female,1993-03-18,2026-02-24,Lagos,CMP-005,CH-003,2026-04-15
FNP-U05149,Female,2007-06-15,2026-03-14,Ogun,CMP-001,CH-001,2026-04-18
FNP-U05150,Male,1994-08-06,2026-04-21,Abuja,CMP-004,CH-005,2026-04-23
FNP-U05151,Male,1996-02-10,2026-01-30,Abuja,CMP-005,CH-003,2026-03-21
FNP-U05152,Male,1999-10-19,2026-04-11,Ogun,CMP-003,CH-004,2026-04-12
FNP-U05153,Male,1993-07-17,2026-04-15,Lagos,CMP-005,CH-003,2026-04-24
FNP-U05154,Female,2008-02-23,2026-04-21,Abuja,CMP-002,CH-002,2026-04-22
FNP-U05155,Female,1975-02-13,2026-02-07,Lagos,CMP-006,CH-002,2026-02-09
FNP-U05156,Female,1976-01-08,2026-04-08,Abuja,CMP-006,CH-002,2026-04-10
FNP-U05157,Male,1991-08-21,2026-01-27,Lagos,CMP-005,CH-003,2026-02-25
FNP-U05158,Male,1990-07-01,2026-03-13,Lagos,CMP-004,CH-005,2026-04-14
FNP-U05159,Female,1992-05-03,2026-04-06,Ogun,CMP-006,CH-002,2026-04-24
FNP-U05160,Male,1982-02-01,2026-02-25,Abuja,CMP-006,CH-002,2026-04-04
FNP-U05161,Female,1999-05-17,2026-02-13,Ogun,CMP-003,CH-004,2026-02-22
FNP-U05162,Female,1984-11-10,2026-03-05,Lagos,CMP-001,CH-001,2026-04-24
FNP-U05163,Male,1991-07-06,2026-02-17,Ogun,CMP-004,CH-005,2026-04-21
FNP-U05164,Male,1981-09-23,2026-02-12,Lagos,CMP-001,CH-001,2026-03-02
FNP-U05165,Female,1994-02-08,2026-04-02,Lagos,CMP-004,CH-005,2026-04-08
FNP-U05166,Female,1999-05-23,2026-01-28,Ogun,CMP-005,CH-003,2026-02-09
FNP-U05167,Male,1996-02-14,2026-02-25,Abuja,CMP-001,CH-001,2026-03-18
FNP-U05168,Male,1998-03-26,2026-04-15,Abuja,CMP-001,CH-001,2026-04-25
FNP-U05169,Female,1997-05-27,2026-04-19,Lagos,CMP-005,CH-003,2026-04-25
FNP-U05170,Female,1992-12-13,2026-04-11,Lagos,CMP-001,CH-001,2026-04-25
FNP-U05171,Male,1989-08-03,2026-02-22,Ogun,CMP-001,CH-001,2026-03-07
FNP-U05172,Female,2004-08-19,2026-02-03,Ogun,CMP-004,CH-005,2026-04-14
FNP-U05173,Female,2002-03-21,2026-03-22,Abuja,CMP-003,CH-004,2026-04-07
FNP-U05174,Male,1991-09-05,2026-03-13,Ogun,CMP-002,CH-002,2026-03-21
FNP-U05175,Female,1996-06-07,2026-01-31,Ogun,CMP-004,CH-005,2026-03-02
FNP-U05176,Female,1986-12-07,2026-02-01,Ogun,CMP-006,CH-002,2026-03-25
FNP-U05177,Female,1990-05-22,2026-03-18,Ogun,CMP-003,CH-004,2026-04-01
FNP-U05178,Female,1999-08-26,2026-02-26,Ogun,CMP-001,CH-001,2026-04-04
FNP-U05179,Female,2008-08-09,2026-01-30,Lagos,CMP-006,CH-002,2026-04-13
FNP-U05180,Male,1983-05-11,2026-02-20,Abuja,CMP-006,CH-002,2026-03-25
FNP-U05181,Male,2006-10-03,2026-02-14,Ogun,CMP-001,CH-001,2026-04-24
FNP-U05182,Male,1984-09-26,2026-04-16,Abuja,CMP-001,CH-001,2026-04-18
FNP-U05183,Female,1983-05-21,2026-03-18,Abuja,CMP-006,CH-002,2026-03-24
FNP-U05184,Female,2006-11-26,2026-03-01,Lagos,CMP-002,CH-002,2026-03-15
FNP-U05185,Female,1972-09-20,2026-04-19,Lagos,CMP-006,CH-002,2026-04-24
FNP-U05186,Male,2001-11-05,2026-03-23,Ogun,CMP-003,CH-004,2026-04-13
FNP-U05187,Male,2001-08-23,2026-03-27,Ogun,CMP-003,CH-004,2026-04-22
FNP-U05188,Female,1992-05-15,2026-04-24,Ogun,CMP-005,CH-003,2026-04-25
FNP-U05189,Female,1971-09-04,2026-03-06,Ogun,CMP-002,CH-002,2026-03-22
FNP-U05190,Male,1999-05-23,2026-01-29,Ogun,CMP-006,CH-002,2026-02-27
FNP-U05191,Male,1977-11-16,2026-02-03,Lagos,CMP-003,CH-004,2026-03-11
FNP-U05192,Female,1979-08-22,2026-02-09,Lagos,CMP-006,CH-002,2026-04-16
FNP-U05193,Female,1982-07-18,2026-01-31,Lagos,CMP-001,CH-001,2026-03-28
FNP-U05194,Female,1991-12-10,2026-02-07,Ogun,CMP-004,CH-005,2026-04-09
FNP-U05195,Female,2003-05-11,2026-03-10,Ogun,CMP-004,CH-005,2026-03-26
FNP-U05196,Male,1979-11-02,2026-04-07,Lagos,CMP-002,CH-002,2026-04-21
FNP-U05197,Female,2001-01-21,2026-03-15,Abuja,CMP-005,CH-003,2026-03-28
FNP-U05198,Female,2001-08-10,2026-02-20,Lagos,CMP-005,CH-003,2026-03-03
FNP-U05199,Male,1989-06-16,2026-03-09,Lagos,CMP-001,CH-001,2026-03-27
FNP-U05200,Female,1996-11-14,2026-02-23,Ogun,CMP-001,CH-001,2026-04-11
FNP-U05201,Male,1998-07-02,2026-03-30,Ogun,CMP-001,CH-001,2026-04-17
FNP-U05202,Female,1993-02-09,2026-03-18,Lagos,CMP-001,CH-001,2026-04-15
FNP-U05203,Male,1974-03-21,2026-04-08,Ogun,CMP-002,CH-002,2026-04-10
FNP-U05204,Male,2004-09-20,2026-04-22,Ogun,CMP-002,CH-002,2026-04-25
FNP-U05205,Male,1978-11-03,2026-03-24,Ogun,CMP-002,CH-002,2026-04-06
FNP-U05206,Female,1990-12-18,2026-02-03,Abuja,CMP-001,CH-001,2026-04-05
FNP-U05207,Female,1993-04-08,2026-03-21,Abuja,CMP-005,CH-003,2026-04-16
FNP-U05208,Male,1992-04-28,2026-03-25,Abuja,CMP-005,CH-003,2026-04-07
FNP-U05209,Female,2000-07-13,2026-03-01,Abuja,CMP-002,CH-002,2026-03-09
FNP-U05210,Female,2008-01-09,2026-04-06,Abuja,CMP-002,CH-002,2026-04-19
FNP-U05211,Female,1992-01-16,2026-02-04,Lagos,CMP-005,CH-003,2026-03-03
FNP-U05212,Female,2005-08-17,2026-02-25,Lagos,CMP-002,CH-002,2026-04-12
FNP-U05213,Female,2006-11-13,2026-03-07,Abuja,CMP-002,CH-002,2026-04-01
FNP-U05214,Female,1986-11-13,2026-02-07,Ogun,CMP-004,CH-005,2026-02-25
FNP-U05215,Female,1977-01-05,2026-04-25,Lagos,CMP-006,CH-002,2026-04-25
FNP-U05216,Male,1982-07-12,2026-01-29,Lagos,CMP-002,CH-002,2026-04-10
FNP-U05217,Male,2006-11-19,2026-02-18,Abuja,CMP-004,CH-005,2026-03-10
FNP-U05218,Female,1986-08-20,2026-02-22,Lagos,CMP-006,CH-002,2026-02-25
FNP-U05219,Female,1998-01-09,2026-02-07,Ogun,CMP-006,CH-002,2026-03-22
FNP-U05220,Male,1987-06-01,2026-03-12,Lagos,CMP-006,CH-002,2026-04-25
FNP-U05221,Male,1982-10-16,2026-02-06,Ogun,CMP-001,CH-001,2026-02-28
FNP-U05222,Male,1973-02-22,2026-02-15,Abuja,CMP-002,CH-002,2026-03-08
FNP-U05223,Male,1987-05-01,2026-02-25,Ogun,CMP-001,CH-001,2026-04-13
FNP-U05224,Female,2003-02-22,2026-01-30,Abuja,CMP-006,CH-002,2026-02-10
FNP-U05225,Female,1983-06-03,2026-02-23,Abuja,CMP-001,CH-001,2026-03-06
FNP-U05226,Male,1992-10-23,2026-03-09,Lagos,CMP-001,CH-001,2026-04-14
FNP-U05227,Female,2008-04-24,2026-03-26,Ogun,CMP-004,CH-005,2026-03-26
FNP-U05228,Female,1990-04-19,2026-01-29,Ogun,CMP-003,CH-004,2026-01-29
FNP-U05229,Female,1988-04-09,2026-02-07,Ogun,CMP-006,CH-002,2026-04-19
FNP-U05230,Male,1995-05-11,2026-02-03,Abuja,CMP-003,CH-004,2026-02-12
FNP-U05231,Female,1996-12-10,2026-04-11,Lagos,CMP-004,CH-005,2026-04-12
FNP-U05232,Female,1980-02-22,2026-04-02,Lagos,CMP-003,CH-004,2026-04-16
FNP-U05233,Male,1995-12-26,2026-03-20,Abuja,CMP-001,CH-001,2026-04-19
FNP-U05234,Female,1991-02-28,2026-04-07,Lagos,CMP-005,CH-003,2026-04-19
FNP-U05235,Female,1994-01-14,2026-02-17,Abuja,CMP-005,CH-003,2026-04-17
FNP-U05236,Male,2000-07-26,2026-04-05,Ogun,CMP-006,CH-002,2026-04-15
FNP-U05237,Female,2006-04-11,2026-04-17,Abuja,CMP-001,CH-001,2026-04-21
FNP-U05238,Male,1997-04-16,2026-02-27,Abuja,CMP-001,CH-001,2026-04-19
FNP-U05239,Male,1980-11-19,2026-03-05,Abuja,CMP-003,CH-004,2026-03-16
FNP-U05240,Male,1986-05-15,2026-03-05,Ogun,CMP-004,CH-005,2026-03-29
FNP-U05241,Female,1989-02-28,2026-03-07,Abuja,CMP-004,CH-005,2026-04-14
FNP-U05242,Male,2007-11-17,2026-04-10,Lagos,CMP-001,CH-001,2026-04-20
FNP-U05243,Female,1986-12-20,2026-03-23,Lagos,CMP-001,CH-001,2026-04-21
FNP-U05244,Female,1992-11-04,2026-04-05,Ogun,CMP-001,CH-001,2026-04-16
FNP-U05245,Male,1983-11-24,2026-03-25,Abuja,CMP-006,CH-002,2026-04-25
FNP-U05246,Male,1999-03-22,2026-03-29,Lagos,CMP-003,CH-004,2026-04-21
FNP-U05247,Male,1991-03-05,2026-03-17,Lagos,CMP-001,CH-001,2026-03-17
FNP-U05248,Male,1997-05-14,2026-03-08,Lagos,CMP-004,CH-005,2026-04-19
FNP-U05249,Female,2001-12-25,2026-03-31,Lagos,CMP-004,CH-005,2026-04-14
FNP-U05250,Female,2006-01-21,2026-04-05,Ogun,CMP-004,CH-005,2026-04-16
FNP-U05251,Male,2001-05-25,2026-04-12,Abuja,CMP-001,CH-001,2026-04-16
FNP-U05252,Female,1987-05-09,2026-04-21,Ogun,CMP-004,CH-005,2026-04-21
FNP-U05253,Female,1992-10-13,2026-03-15,Ogun,CMP-001,CH-001,2026-04-08
FNP-U05254,Male,2007-01-18,2026-03-15,Ogun,CMP-005,CH-003,2026-04-16
FNP-U05255,Female,2003-09-06,2026-03-27,Lagos,CMP-003,CH-004,2026-03-31
FNP-U05256,Female,1989-05-14,2026-03-31,Abuja,CMP-001,CH-001,2026-04-06
FNP-U05257,Female,1990-06-13,2026-01-30,Abuja,CMP-003,CH-004,2026-04-25
FNP-U05258,Female,1980-01-16,2026-02-09,Lagos,CMP-002,CH-002,2026-02-22
FNP-U05259,Female,1985-07-23,2026-04-10,Ogun,CMP-006,CH-002,2026-04-22
FNP-U05260,Male,1984-03-03,2026-02-02,Lagos,CMP-001,CH-001,2026-02-05
FNP-U05261,Male,2000-12-28,2026-03-28,Ogun,CMP-001,CH-001,2026-03-28
FNP-U05262,Male,1987-07-25,2026-03-03,Ogun,CMP-006,CH-002,2026-03-20
FNP-U05263,Male,1977-09-25,2026-02-27,Lagos,CMP-003,CH-004,2026-03-01
FNP-U05264,Female,1995-05-13,2026-03-04,Lagos,CMP-005,CH-003,2026-04-04
FNP-U05265,Female,2007-10-10,2026-04-10,Ogun,CMP-001,CH-001,2026-04-19
FNP-U05266,Female,2003-08-14,2026-04-21,Ogun,CMP-004,CH-005,2026-04-22
FNP-U05267,Male,1978-09-16,2026-03-31,Lagos,CMP-003,CH-004,2026-04-09
FNP-U05268,Male,2004-12-23,2026-03-21,Lagos,CMP-006,CH-002,2026-04-09
FNP-U05269,Female,2007-06-06,2026-03-26,Lagos,CMP-004,CH-005,2026-04-02
FNP-U05270,Male,2005-09-21,2026-04-15,Abuja,CMP-005,CH-003,2026-04-25
FNP-U05271,Male,1976-01-09,2026-02-14,Lagos,CMP-006,CH-002,2026-03-05
FNP-U05272,Male,2003-05-06,2026-03-02,Lagos,CMP-006,CH-002,2026-03-25
FNP-U05273,Female,1995-10-15,2026-03-25,Ogun,CMP-003,CH-004,2026-03-30
FNP-U05274,Female,2000-08-21,2026-02-06,Abuja,CMP-006,CH-002,2026-02-24
FNP-U05275,Male,2006-07-28,2026-03-24,Lagos,CMP-002,CH-002,2026-04-06
FNP-U05276,Female,1992-01-15,2026-03-03,Abuja,CMP-004,CH-005,2026-03-07
FNP-U05277,Male,2003-04-06,2026-02-14,Ogun,CMP-006,CH-002,2026-03-30
FNP-U05278,Female,2003-12-08,2026-02-09,Lagos,CMP-001,CH-001,2026-02-13
FNP-U05279,Female,1973-04-04,2026-03-14,Ogun,CMP-006,CH-002,2026-04-05
FNP-U05280,Male,1991-10-15,2026-03-23,Ogun,CMP-001,CH-001,2026-04-20
FNP-U05281,Male,1994-06-05,2026-02-08,Abuja,CMP-005,CH-003,2026-02-10
FNP-U05282,Female,2003-02-16,2026-03-09,Lagos,CMP-006,CH-002,2026-04-11
FNP-U05283,Female,2007-04-07,2026-03-07,Lagos,CMP-004,CH-005,2026-04-24
FNP-U05284,Male,1997-10-24,2026-02-24,Lagos,CMP-005,CH-003,2026-03-15
FNP-U05285,Female,1978-05-09,2026-03-17,Ogun,CMP-003,CH-004,2026-04-25
FNP-U05286,Female,1972-02-05,2026-01-27,Ogun,CMP-002,CH-002,2026-03-18
FNP-U05287,Female,1985-04-07,2026-01-27,Lagos,CMP-001,CH-001,2026-03-21
FNP-U05288,Female,2001-11-12,2026-04-20,Ogun,CMP-004,CH-005,2026-04-25
FNP-U05289,Female,1984-03-23,2026-01-31,Abuja,CMP-003,CH-004,2026-02-19
FNP-U05290,Female,2008-04-15,2026-04-19,Ogun,CMP-001,CH-001,2026-04-25
FNP-U05291,Male,1992-11-15,2026-04-19,Abuja,CMP-001,CH-001,2026-04-22
FNP-U05292,Female,1983-03-09,2026-04-13,Ogun,CMP-002,CH-002,2026-04-14
FNP-U05293,Female,2003-09-16,2026-02-05,Abuja,CMP-005,CH-003,2026-03-18
FNP-U05294,Female,1974-11-13,2026-04-18,Ogun,CMP-006,CH-002,2026-04-24
FNP-U05295,Female,1990-09-03,2026-04-09,Lagos,CMP-003,CH-004,2026-04-16
FNP-U05296,Male,1999-02-27,2026-03-18,Lagos,CMP-005,CH-003,2026-03-29
FNP-U05297,Female,1994-10-15,2026-04-08,Ogun,CMP-006,CH-002,2026-04-24
FNP-U05298,Male,1986-07-04,2026-02-13,Lagos,CMP-004,CH-005,2026-04-12
FNP-U05299,Female,1981-06-10,2026-03-04,Abuja,CMP-006,CH-002,2026-04-20
FNP-U05300,Female,2006-05-07,2026-02-12,Lagos,CMP-005,CH-003,2026-04-22
FNP-U05301,Male,1978-12-21,2026-03-19,Lagos,CMP-003,CH-004,2026-04-13
FNP-U05302,Female,2000-11-20,2026-02-09,Abuja,CMP-004,CH-005,2026-02-18
FNP-U05303,Female,1977-04-09,2026-03-03,Abuja,CMP-002,CH-002,2026-03-31
FNP-U05304,Female,1989-05-23,2026-02-28,Abuja,CMP-006,CH-002,2026-03-22
FNP-U05305,Female,2000-11-09,2026-03-05,Abuja,CMP-006,CH-002,2026-03-06
FNP-U05306,Female,1978-08-07,2026-01-26,Ogun,CMP-002,CH-002,2026-02-03
FNP-U05307,Male,1986-08-25,2026-03-30,Lagos,CMP-006,CH-002,2026-04-12
FNP-U05308,Female,2008-05-24,2026-02-26,Ogun,CMP-006,CH-002,2026-03-07
FNP-U05309,Female,2002-12-04,2026-03-20,Abuja,CMP-005,CH-003,2026-04-11
FNP-U05310,Male,2007-11-03,2026-03-20,Ogun,CMP-006,CH-002,2026-03-23
FNP-U05311,Female,2007-09-05,2026-02-14,Lagos,CMP-004,CH-005,2026-03-17
FNP-U05312,Female,2001-07-06,2026-04-08,Lagos,CMP-005,CH-003,2026-04-12
FNP-U05313,Male,2007-03-12,2026-04-16,Abuja,CMP-006,CH-002,2026-04-25
FNP-U05314,Female,1988-02-24,2026-02-18,Lagos,CMP-003,CH-004,2026-03-28
FNP-U05315,Male,1988-03-11,2026-02-04,Abuja,CMP-004,CH-005,2026-04-19
FNP-U05316,Male,1992-07-06,2026-03-15,Ogun,CMP-004,CH-005,2026-04-08
FNP-U05317,Male,1987-07-19,2026-02-17,Abuja,CMP-001,CH-001,2026-03-18
FNP-U05318,Female,2004-04-20,2026-02-09,Ogun,CMP-005,CH-003,2026-04-14
FNP-U05319,Male,2000-11-25,2026-03-10,Lagos,CMP-005,CH-003,2026-04-13
FNP-U05320,Male,1982-05-03,2026-02-24,Abuja,CMP-001,CH-001,2026-04-06
FNP-U05321,Female,1988-12-22,2026-04-15,Ogun,CMP-001,CH-001,2026-04-25
FNP-U05322,Male,1990-12-19,2026-02-12,Abuja,CMP-002,CH-002,2026-04-02
FNP-U05323,Male,1977-02-03,2026-03-15,Ogun,CMP-002,CH-002,2026-04-11
FNP-U05324,Male,1998-04-13,2026-03-19,Abuja,CMP-004,CH-005,2026-03-26
FNP-U05325,Female,2005-10-08,2026-03-28,Lagos,CMP-004,CH-005,2026-03-30
FNP-U05326,Male,1993-11-10,2026-02-01,Abuja,CMP-005,CH-003,2026-04-10
FNP-U05327,Female,2008-03-16,2026-03-10,Ogun,CMP-005,CH-003,2026-03-31
FNP-U05328,Male,1997-09-06,2026-04-08,Ogun,CMP-003,CH-004,2026-04-21
FNP-U05329,Female,1973-06-03,2026-04-20,Ogun,CMP-003,CH-004,2026-04-21
FNP-U05330,Male,2000-10-21,2026-03-18,Lagos,CMP-005,CH-003,2026-04-01
FNP-U05331,Female,2001-06-22,2026-02-21,Ogun,CMP-001,CH-001,2026-04-24
FNP-U05332,Female,1992-08-11,2026-01-31,Abuja,CMP-005,CH-003,2026-02-13
FNP-U05333,Male,1994-04-17,2026-03-31,Lagos,CMP-004,CH-005,2026-04-25
FNP-U05334,Female,2007-12-19,2026-03-04,Lagos,CMP-006,CH-002,2026-04-05
FNP-U05335,Male,1979-05-23,2026-02-13,Ogun,CMP-003,CH-004,2026-04-05
FNP-U05336,Male,1999-02-26,2026-03-23,Abuja,CMP-001,CH-001,2026-04-15
FNP-U05337,Male,1998-11-12,2026-03-26,Ogun,CMP-005,CH-003,2026-04-08
FNP-U05338,Male,1997-11-28,2026-04-20,Ogun,CMP-001,CH-001,2026-04-20
FNP-U05339,Female,1979-07-01,2026-01-26,Ogun,CMP-002,CH-002,2026-02-02
FNP-U05340,Male,1996-12-16,2026-03-10,Abuja,CMP-005,CH-003,2026-04-20
FNP-U05341,Male,1973-05-06,2026-03-10,Ogun,CMP-002,CH-002,2026-04-17
FNP-U05342,Male,1998-06-14,2026-02-17,Ogun,CMP-004,CH-005,2026-04-20
FNP-U05343,Female,1999-12-18,2026-03-29,Ogun,CMP-005,CH-003,2026-04-07
FNP-U05344,Male,2002-02-20,2026-02-20,Ogun,CMP-003,CH-004,2026-02-25
FNP-U05345,Female,1994-07-10,2026-02-04,Lagos,CMP-006,CH-002,2026-03-06
FNP-U05346,Female,2000-07-19,2026-04-24,Abuja,CMP-006,CH-002,2026-04-25
FNP-U05347,Male,2003-09-23,2026-04-07,Ogun,CMP-004,CH-005,2026-04-22
FNP-U05348,Male,1976-01-28,2026-04-03,Abuja,CMP-002,CH-002,2026-04-21
FNP-U05349,Female,1999-08-20,2026-03-25,Abuja,CMP-002,CH-002,2026-04-22
FNP-U05350,Male,2005-08-01,2026-03-23,Lagos,CMP-006,CH-002,2026-04-14
FNP-U05351,Female,1981-07-16,2026-02-09,Ogun,CMP-006,CH-002,2026-03-05
FNP-U05352,Female,1981-11-08,2026-01-28,Lagos,CMP-006,CH-002,2026-04-16
FNP-U05353,Male,1984-09-16,2026-03-28,Ogun,CMP-002,CH-002,2026-04-18
FNP-U05354,Male,1996-01-09,2026-04-13,Ogun,CMP-004,CH-005,2026-04-22
FNP-U05355,Female,2003-03-25,2026-03-31,Ogun,CMP-002,CH-002,2026-03-31
FNP-U05356,Male,2008-01-17,2026-03-01,Ogun,CMP-002,CH-002,2026-03-24
FNP-U05357,Female,1991-12-17,2026-04-14,Abuja,CMP-004,CH-005,2026-04-20
FNP-U05358,Female,1991-06-01,2026-02-15,Abuja,CMP-002,CH-002,2026-03-22
FNP-U05359,Female,1983-06-28,2026-02-22,Abuja,CMP-003,CH-004,2026-03-28
FNP-U05360,Male,1992-01-05,2026-03-09,Abuja,CMP-005,CH-003,2026-04-25
FNP-U05361,Female,1992-10-07,2026-02-05,Lagos,CMP-006,CH-002,2026-02-12
FNP-U05362,Male,1980-09-27,2026-04-13,Ogun,CMP-006,CH-002,2026-04-20
FNP-U05363,Female,1979-12-17,2026-01-27,Abuja,CMP-003,CH-004,2026-03-01
FNP-U05364,Male,1987-09-16,2026-02-05,Abuja,CMP-002,CH-002,2026-04-10
FNP-U05365,Male,1981-05-19,2026-02-26,Lagos,CMP-002,CH-002,2026-03-23
FNP-U05366,Female,1994-04-14,2026-02-28,Lagos,CMP-002,CH-002,2026-02-28
FNP-U05367,Female,2003-02-01,2026-02-08,Ogun,CMP-005,CH-003,2026-03-11
FNP-U05368,Male,2007-04-05,2026-01-30,Abuja,CMP-005,CH-003,2026-02-24
FNP-U05369,Female,1993-04-20,2026-03-16,Ogun,CMP-005,CH-003,2026-04-06
FNP-U05370,Female,1990-08-09,2026-03-21,Ogun,CMP-002,CH-002,2026-04-09
FNP-U05371,Female,1993-08-25,2026-03-19,Ogun,CMP-002,CH-002,2026-04-22
FNP-U05372,Female,1982-02-03,2026-03-07,Ogun,CMP-001,CH-001,2026-04-02
FNP-U05373,Female,2007-09-23,2026-03-19,Lagos,CMP-004,CH-005,2026-04-12
FNP-U05374,Male,1994-06-03,2026-02-02,Lagos,CMP-003,CH-004,2026-03-20
FNP-U05375,Female,2004-08-01,2026-03-25,Lagos,CMP-001,CH-001,2026-04-10
FNP-U05376,Male,1997-08-25,2026-04-22,Abuja,CMP-001,CH-001,2026-04-24
FNP-U05377,Male,2006-10-04,2026-04-11,Ogun,CMP-005,CH-003,2026-04-20
FNP-U05378,Female,1973-04-10,2026-02-07,Ogun,CMP-002,CH-002,2026-03-11
FNP-U05379,Male,1994-09-12,2026-04-03,Lagos,CMP-004,CH-005,2026-04-13
FNP-U05380,Male,1996-11-24,2026-03-12,Ogun,CMP-001,CH-001,2026-04-03
FNP-U05381,Female,2004-06-04,2026-03-18,Abuja,CMP-004,CH-005,2026-04-12
FNP-U05382,Male,2004-04-11,2026-04-07,Abuja,CMP-003,CH-004,2026-04-09
FNP-U05383,Male,1979-01-22,2026-03-02,Lagos,CMP-003,CH-004,2026-03-09
FNP-U05384,Female,2003-10-05,2026-04-07,Abuja,CMP-001,CH-001,2026-04-17
FNP-U05385,Male,1999-10-15,2026-04-20,Abuja,CMP-001,CH-001,2026-04-25
FNP-U05386,Male,1999-03-09,2026-02-21,Ogun,CMP-005,CH-003,2026-03-09
FNP-U05387,Female,2007-01-16,2026-02-14,Lagos,CMP-004,CH-005,2026-04-06
FNP-U05388,Male,1984-10-23,2026-04-03,Abuja,CMP-003,CH-004,2026-04-15
FNP-U05389,Male,2000-04-09,2026-04-01,Abuja,CMP-002,CH-002,2026-04-09
FNP-U05390,Female,2002-04-27,2026-03-15,Lagos,CMP-001,CH-001,2026-04-24
FNP-U05391,Male,2002-10-28,2026-03-30,Lagos,CMP-006,CH-002,2026-04-16
FNP-U05392,Male,1983-06-16,2026-03-23,Abuja,CMP-006,CH-002,2026-04-12
FNP-U05393,Female,2003-11-26,2026-04-21,Lagos,CMP-005,CH-003,2026-04-23
FNP-U05394,Female,2007-11-23,2026-04-16,Ogun,CMP-001,CH-001,2026-04-21
FNP-U05395,Female,1980-08-13,2026-04-12,Lagos,CMP-002,CH-002,2026-04-19
FNP-U05396,Male,1981-09-05,2026-03-17,Ogun,CMP-006,CH-002,2026-03-23
FNP-U05397,Female,2008-02-18,2026-01-31,Lagos,CMP-006,CH-002,2026-03-18
FNP-U05398,Male,2000-12-10,2026-03-28,Abuja,CMP-002,CH-002,2026-04-20
FNP-U05399,Female,1984-01-22,2026-03-21,Abuja,CMP-003,CH-004,2026-04-06
FNP-U05400,Female,1990-06-05,2026-02-07,Lagos,CMP-004,CH-005,2026-04-18
FNP-U05401,Male,2001-10-22,2026-01-26,Lagos,CMP-001,CH-001,2026-03-21
FNP-U05402,Female,2003-10-24,2026-03-01,Ogun,CMP-003,CH-004,2026-03-26
FNP-U05403,Male,1999-06-15,2026-02-22,Ogun,CMP-003,CH-004,2026-04-19
FNP-U05404,Male,2005-05-06,2026-04-24,Abuja,CMP-002,CH-002,2026-04-25
FNP-U05405,Male,1996-10-03,2026-02-12,Abuja,CMP-002,CH-002,2026-04-15
FNP-U05406,Female,2000-01-15,2026-03-13,Lagos,CMP-005,CH-003,2026-03-24
FNP-U05407,Male,2002-12-18,2026-04-15,Lagos,CMP-006,CH-002,2026-04-15
FNP-U05408,Female,1998-12-03,2026-02-24,Lagos,CMP-002,CH-002,2026-03-10
FNP-U05409,Female,1999-07-07,2026-03-26,Abuja,CMP-005,CH-003,2026-04-23
FNP-U05410,Male,1999-03-21,2026-02-07,Lagos,CMP-001,CH-001,2026-04-06
FNP-U05411,Female,2004-08-06,2026-02-11,Lagos,CMP-005,CH-003,2026-04-09
FNP-U05412,Male,2003-06-12,2026-02-25,Abuja,CMP-004,CH-005,2026-03-01
FNP-U05413,Male,1985-09-07,2026-02-19,Abuja,CMP-002,CH-002,2026-03-10
FNP-U05414,Male,1993-06-02,2026-02-28,Lagos,CMP-003,CH-004,2026-03-08
FNP-U05415,Male,2005-03-13,2026-04-05,Lagos,CMP-005,CH-003,2026-04-10
FNP-U05416,Female,1995-10-11,2026-01-29,Lagos,CMP-003,CH-004,2026-02-26
FNP-U05417,Female,2004-10-14,2026-03-31,Abuja,CMP-005,CH-003,2026-04-08
FNP-U05418,Male,1997-01-27,2026-04-20,Abuja,CMP-001,CH-001,2026-04-23
FNP-U05419,Male,1989-12-06,2026-02-19,Ogun,CMP-004,CH-005,2026-03-26
FNP-U05420,Male,2004-01-22,2026-01-29,Abuja,CMP-003,CH-004,2026-02-03
FNP-U05421,Female,1995-11-28,2026-03-08,Abuja,CMP-005,CH-003,2026-03-09
FNP-U05422,Male,2007-05-03,2026-02-28,Ogun,CMP-005,CH-003,2026-03-15
FNP-U05423,Male,1989-11-13,2026-04-07,Lagos,CMP-003,CH-004,2026-04-20
FNP-U05424,Male,1998-03-15,2026-04-15,Lagos,CMP-003,CH-004,2026-04-21
FNP-U05425,Female,2006-09-07,2026-03-22,Abuja,CMP-002,CH-002,2026-03-30
FNP-U05426,Male,2005-07-16,2026-03-29,Lagos,CMP-005,CH-003,2026-04-06
FNP-U05427,Male,1997-03-10,2026-04-24,Abuja,CMP-003,CH-004,2026-04-24
FNP-U05428,Male,2001-02-20,2026-04-14,Lagos,CMP-002,CH-002,2026-04-20
FNP-U05429,Male,2001-01-01,2026-01-26,Lagos,CMP-005,CH-003,2026-04-11
FNP-U05430,Female,2001-01-09,2026-02-04,Ogun,CMP-004,CH-005,2026-03-16
FNP-U05431,Female,1994-08-21,2026-02-23,Lagos,CMP-005,CH-003,2026-04-20
FNP-U05432,Female,1996-07-14,2026-03-20,Ogun,CMP-005,CH-003,2026-04-09
FNP-U05433,Male,1992-07-06,2026-04-10,Ogun,CMP-006,CH-002,2026-04-15
FNP-U05434,Male,1999-10-26,2026-02-11,Ogun,CMP-004,CH-005,2026-03-21
FNP-U05435,Male,1984-12-03,2026-02-07,Lagos,CMP-001,CH-001,2026-02-28
FNP-U05436,Male,1994-11-21,2026-04-04,Lagos,CMP-003,CH-004,2026-04-08
FNP-U05437,Male,1994-04-16,2026-02-12,Abuja,CMP-004,CH-005,2026-02-14
FNP-U05438,Female,1993-04-12,2026-02-10,Abuja,CMP-005,CH-003,2026-02-23
FNP-U05439,Female,1990-07-10,2026-03-04,Abuja,CMP-001,CH-001,2026-03-19
FNP-U05440,Male,2002-11-24,2026-02-10,Ogun,CMP-005,CH-003,2026-04-02
FNP-U05441,Male,1983-07-13,2026-01-28,Ogun,CMP-006,CH-002,2026-01-28
FNP-U05442,Male,1989-02-04,2026-04-04,Lagos,CMP-004,CH-005,2026-04-14
FNP-U05443,Female,1983-05-15,2026-02-23,Abuja,CMP-006,CH-002,2026-03-22
FNP-U05444,Male,2002-12-22,2026-02-25,Abuja,CMP-001,CH-001,2026-04-18
FNP-U05445,Male,1989-08-26,2026-02-22,Abuja,CMP-003,CH-004,2026-03-27
FNP-U05446,Female,2004-12-05,2026-02-24,Lagos,CMP-005,CH-003,2026-03-07
FNP-U05447,Female,1971-01-25,2026-04-16,Abuja,CMP-003,CH-004,2026-04-18
FNP-U05448,Female,2008-02-14,2026-03-27,Abuja,CMP-002,CH-002,2026-04-08
FNP-U05449,Female,2002-06-04,2026-04-25,Ogun,CMP-004,CH-005,2026-04-25
FNP-U05450,Male,1994-08-28,2026-03-30,Ogun,CMP-003,CH-004,2026-04-20
FNP-U05451,Female,2001-05-11,2026-03-17,Lagos,CMP-002,CH-002,2026-03-30
FNP-U05452,Male,1974-01-15,2026-02-25,Abuja,CMP-003,CH-004,2026-02-26
FNP-U05453,Female,1987-08-28,2026-03-20,Lagos,CMP-001,CH-001,2026-04-16
FNP-U05454,Male,2003-01-04,2026-02-02,Abuja,CMP-001,CH-001,2026-02-13
FNP-U05455,Female,2005-07-26,2026-02-03,Ogun,CMP-001,CH-001,2026-04-08
FNP-U05456,Male,1973-01-18,2026-03-26,Ogun,CMP-003,CH-004,2026-03-30
FNP-U05457,Female,1996-08-02,2026-02-07,Lagos,CMP-001,CH-001,2026-03-14
FNP-U05458,Female,1987-03-26,2026-04-04,Lagos,CMP-001,CH-001,2026-04-21
FNP-U05459,Female,1992-03-10,2026-02-12,Ogun,CMP-005,CH-003,2026-04-05
FNP-U05460,Male,2003-08-07,2026-04-13,Lagos,CMP-004,CH-005,2026-04-18
FNP-U05461,Female,2001-12-01,2026-02-03,Ogun,CMP-005,CH-003,2026-04-03
FNP-U05462,Female,2006-06-23,2026-04-11,Ogun,CMP-001,CH-001,2026-04-22
FNP-U05463,Female,1991-02-19,2026-03-18,Abuja,CMP-003,CH-004,2026-03-25
FNP-U05464,Female,1986-08-07,2026-03-17,Ogun,CMP-003,CH-004,2026-04-10
FNP-U05465,Female,1976-11-17,2026-03-10,Ogun,CMP-002,CH-002,2026-04-25
FNP-U05466,Male,1994-06-05,2026-03-23,Abuja,CMP-004,CH-005,2026-04-12
FNP-U05467,Female,2005-05-26,2026-03-07,Abuja,CMP-005,CH-003,2026-04-09
FNP-U05468,Female,1986-07-14,2026-01-27,Ogun,CMP-004,CH-005,2026-03-31
FNP-U05469,Female,1995-03-28,2026-03-16,Lagos,CMP-001,CH-001,2026-04-07
FNP-U05470,Female,1989-03-08,2026-02-03,Abuja,CMP-004,CH-005,2026-03-29
FNP-U05471,Female,2004-02-10,2026-04-06,Abuja,CMP-002,CH-002,2026-04-22
FNP-U05472,Female,2003-01-27,2026-03-09,Lagos,CMP-004,CH-005,2026-03-14
FNP-U05473,Female,1997-03-28,2026-02-02,Lagos,CMP-001,CH-001,2026-03-10
FNP-U05474,Female,1972-04-21,2026-04-13,Lagos,CMP-002,CH-002,2026-04-21
FNP-U05475,Female,1982-05-05,2026-04-22,Lagos,CMP-003,CH-004,2026-04-24
FNP-U05476,Female,2007-06-12,2026-03-13,Ogun,CMP-002,CH-002,2026-04-10
FNP-U05477,Female,1994-03-16,2026-04-12,Lagos,CMP-006,CH-002,2026-04-19
FNP-U05478,Female,1997-10-07,2026-03-25,Lagos,CMP-001,CH-001,2026-04-06
FNP-U05479,Male,1993-10-22,2026-04-15,Lagos,CMP-006,CH-002,2026-04-22
FNP-U05480,Male,1997-03-26,2026-03-13,Abuja,CMP-006,CH-002,2026-03-19
FNP-U05481,Male,1995-11-10,2026-03-08,Lagos,CMP-002,CH-002,2026-03-13
FNP-U05482,Male,2006-05-03,2026-02-19,Lagos,CMP-004,CH-005,2026-04-16
FNP-U05483,Male,1978-12-24,2026-04-17,Lagos,CMP-006,CH-002,2026-04-19
FNP-U05484,Male,2008-11-24,2026-03-12,Abuja,CMP-002,CH-002,2026-03-25
FNP-U05485,Male,1984-11-17,2026-03-18,Abuja,CMP-002,CH-002,2026-04-04
FNP-U05486,Male,1997-06-27,2026-02-26,Abuja,CMP-002,CH-002,2026-03-10
FNP-U05487,Female,1987-03-09,2026-04-12,Abuja,CMP-002,CH-002,2026-04-13
FNP-U05488,Male,1993-12-20,2026-02-08,Ogun,CMP-004,CH-005,2026-04-03
FNP-U05489,Female,1999-10-15,2026-03-12,Abuja,CMP-005,CH-003,2026-03-31
FNP-U05490,Female,1995-10-12,2026-04-06,Abuja,CMP-003,CH-004,2026-04-22
FNP-U05491,Male,2003-01-13,2026-04-25,Abuja,CMP-004,CH-005,2026-04-25
FNP-U05492,Female,1986-05-08,2026-04-12,Abuja,CMP-004,CH-005,2026-04-16
FNP-U05493,Female,1992-03-02,2026-02-05,Abuja,CMP-004,CH-005,2026-04-25
FNP-U05494,Female,2004-04-17,2026-03-09,Ogun,CMP-005,CH-003,2026-04-18
FNP-U05495,Male,1989-08-22,2026-03-23,Abuja,CMP-003,CH-004,2026-04-06
FNP-U05496,Female,2004-09-16,2026-02-24,Abuja,CMP-004,CH-005,2026-03-25
FNP-U05497,Female,2001-04-06,2026-01-26,Abuja,CMP-006,CH-002,2026-03-30
FNP-U05498,Male,1991-11-10,2026-03-03,Ogun,CMP-005,CH-003,2026-04-14
FNP-U05499,Male,2006-10-09,2026-01-29,Ogun,CMP-005,CH-003,2026-03-29
FNP-U05500,Male,1987-04-07,2026-02-27,Ogun,CMP-001,CH-001,2026-03-01
FNP-U05501,Female,1994-04-25,2026-04-14,Abuja,CMP-004,CH-005,2026-04-14
FNP-U05502,Male,1988-02-19,2026-03-12,Abuja,CMP-001,CH-001,2026-04-11
FNP-U05503,Female,1982-11-16,2026-02-08,Ogun,CMP-006,CH-002,2026-03-15
FNP-U05504,Male,2001-02-27,2026-03-20,Ogun,CMP-002,CH-002,2026-04-04
FNP-U05505,Female,1996-05-27,2026-03-31,Ogun,CMP-002,CH-002,2026-04-07
FNP-U05506,Male,1999-04-05,2026-03-18,Lagos,CMP-004,CH-005,2026-04-08
FNP-U05507,Male,2002-06-03,2026-03-05,Abuja,CMP-005,CH-003,2026-04-08
FNP-U05508,Male,1976-08-24,2026-01-31,Ogun,CMP-003,CH-004,2026-03-12
FNP-U05509,Male,1987-11-04,2026-03-10,Lagos,CMP-002,CH-002,2026-03-28
FNP-U05510,Male,2005-07-16,2026-01-29,Lagos,CMP-002,CH-002,2026-04-10
FNP-U05511,Female,1982-04-18,2026-03-28,Ogun,CMP-003,CH-004,2026-04-14
FNP-U05512,Male,1993-09-12,2026-03-15,Lagos,CMP-004,CH-005,2026-03-23
FNP-U05513,Male,1987-11-25,2026-02-25,Lagos,CMP-006,CH-002,2026-03-17
FNP-U05514,Female,2001-01-05,2026-02-26,Ogun,CMP-006,CH-002,2026-04-13
FNP-U05515,Female,2005-04-28,2026-03-10,Abuja,CMP-006,CH-002,2026-04-03
FNP-U05516,Female,1976-01-26,2026-04-15,Ogun,CMP-003,CH-004,2026-04-19
FNP-U05517,Male,1996-08-13,2026-01-26,Ogun,CMP-003,CH-004,2026-03-24
FNP-U05518,Male,1987-12-24,2026-03-18,Lagos,CMP-002,CH-002,2026-03-27
FNP-U05519,Male,1989-01-28,2026-02-17,Lagos,CMP-001,CH-001,2026-04-07
FNP-U05520,Male,2008-10-02,2026-04-06,Abuja,CMP-002,CH-002,2026-04-12
FNP-U05521,Male,1989-05-23,2026-01-30,Ogun,CMP-004,CH-005,2026-02-17
FNP-U05522,Male,1989-05-05,2026-02-16,Lagos,CMP-001,CH-001,2026-04-02
FNP-U05523,Male,1976-04-16,2026-04-12,Abuja,CMP-006,CH-002,2026-04-15
FNP-U05524,Male,1987-11-06,2026-03-30,Lagos,CMP-001,CH-001,2026-03-31
FNP-U05525,Female,1994-10-14,2026-03-25,Lagos,CMP-006,CH-002,2026-04-07
FNP-U05526,Female,2002-03-28,2026-02-10,Lagos,CMP-001,CH-001,2026-03-19
FNP-U05527,Female,2005-03-04,2026-04-10,Lagos,CMP-004,CH-005,2026-04-12
FNP-U05528,Male,1992-09-10,2026-03-04,Ogun,CMP-004,CH-005,2026-03-30
FNP-U05529,Male,1993-10-13,2026-02-23,Ogun,CMP-001,CH-001,2026-03-29
FNP-U05530,Female,2003-10-19,2026-03-03,Abuja,CMP-002,CH-002,2026-04-12
FNP-U05531,Male,1991-10-19,2026-04-14,Abuja,CMP-003,CH-004,2026-04-14
FNP-U05532,Female,1976-07-25,2026-04-23,Lagos,CMP-002,CH-002,2026-04-24
FNP-U05533,Female,1989-11-18,2026-03-29,Lagos,CMP-004,CH-005,2026-04-22
FNP-U05534,Male,2004-08-21,2026-03-31,Abuja,CMP-006,CH-002,2026-04-11
FNP-U05535,Male,1979-01-07,2026-04-01,Abuja,CMP-002,CH-002,2026-04-13
FNP-U05536,Male,1992-01-23,2026-04-21,Lagos,CMP-006,CH-002,2026-04-22
FNP-U05537,Female,1988-03-17,2026-02-11,Lagos,CMP-004,CH-005,2026-03-07
FNP-U05538,Male,1974-02-01,2026-03-26,Lagos,CMP-003,CH-004,2026-04-10
FNP-U05539,Male,1981-06-06,2026-02-28,Ogun,CMP-003,CH-004,2026-03-14
FNP-U05540,Female,1999-09-14,2026-03-27,Lagos,CMP-006,CH-002,2026-04-04
FNP-U05541,Male,1993-12-05,2026-02-06,Abuja,CMP-006,CH-002,2026-02-09
FNP-U05542,Female,1994-03-20,2026-02-12,Ogun,CMP-006,CH-002,2026-02-12
FNP-U05543,Male,1986-09-09,2026-02-09,Abuja,CMP-004,CH-005,2026-02-14
FNP-U05544,Female,2007-06-01,2026-03-03,Ogun,CMP-004,CH-005,2026-03-31
FNP-U05545,Male,1992-12-16,2026-04-10,Abuja,CMP-005,CH-003,2026-04-14
FNP-U05546,Male,1991-05-27,2026-03-05,Ogun,CMP-005,CH-003,2026-03-13
FNP-U05547,Female,1994-03-08,2026-02-04,Abuja,CMP-002,CH-002,2026-03-24
FNP-U05548,Female,1984-06-05,2026-03-01,Abuja,CMP-002,CH-002,2026-03-22
FNP-U05549,Female,1999-11-15,2026-04-05,Abuja,CMP-003,CH-004,2026-04-22
FNP-U05550,Male,1990-11-28,2026-02-10,Lagos,CMP-001,CH-001,2026-04-20
FNP-U05551,Male,1989-06-27,2026-03-26,Ogun,CMP-006,CH-002,2026-04-01
FNP-U05552,Female,1989-02-03,2026-02-07,Abuja,CMP-006,CH-002,2026-02-14
FNP-U05553,Male,1990-10-01,2026-04-18,Ogun,CMP-004,CH-005,2026-04-22
FNP-U05554,Male,2006-01-18,2026-02-04,Ogun,CMP-001,CH-001,2026-02-26
FNP-U05555,Female,1988-07-02,2026-02-09,Abuja,CMP-006,CH-002,2026-03-27
FNP-U05556,Male,1996-08-11,2026-04-06,Lagos,CMP-001,CH-001,2026-04-19
FNP-U05557,Female,2000-05-06,2026-02-13,Ogun,CMP-004,CH-005,2026-03-12
FNP-U05558,Male,1986-12-20,2026-04-22,Lagos,CMP-003,CH-004,2026-04-22
FNP-U05559,Male,1971-04-28,2026-01-26,Ogun,CMP-003,CH-004,2026-03-04
FNP-U05560,Male,1996-03-05,2026-02-05,Lagos,CMP-003,CH-004,2026-04-14
FNP-U05561,Male,2001-04-19,2026-03-11,Lagos,CMP-003,CH-004,2026-03-16
FNP-U05562,Female,2002-10-19,2026-04-14,Ogun,CMP-006,CH-002,2026-04-17
FNP-U05563,Female,1996-03-28,2026-04-19,Ogun,CMP-004,CH-005,2026-04-21
FNP-U05564,Male,1992-01-13,2026-03-04,Lagos,CMP-005,CH-003,2026-03-23
FNP-U05565,Male,2000-08-11,2026-03-11,Lagos,CMP-001,CH-001,2026-03-17
FNP-U05566,Male,2000-03-23,2026-04-20,Ogun,CMP-005,CH-003,2026-04-24
FNP-U05567,Female,1988-10-15,2026-02-22,Abuja,CMP-001,CH-001,2026-03-18
FNP-U05568,Male,1994-04-19,2026-04-20,Ogun,CMP-002,CH-002,2026-04-25
FNP-U05569,Male,1978-07-02,2026-04-15,Lagos,CMP-002,CH-002,2026-04-19
FNP-U05570,Male,1973-07-17,2026-03-26,Lagos,CMP-003,CH-004,2026-04-04
FNP-U05571,Female,1998-02-09,2026-04-04,Lagos,CMP-005,CH-003,2026-04-22
FNP-U05572,Female,2005-03-01,2026-01-29,Abuja,CMP-004,CH-005,2026-02-14
FNP-U05573,Female,1978-07-09,2026-01-29,Lagos,CMP-003,CH-004,2026-02-10
FNP-U05574,Male,1973-10-26,2026-03-27,Ogun,CMP-003,CH-004,2026-04-15
FNP-U05575,Female,1993-11-09,2026-04-16,Ogun,CMP-005,CH-003,2026-04-25
FNP-U05576,Male,1973-01-06,2026-03-28,Ogun,CMP-003,CH-004,2026-04-12
FNP-U05577,Male,1988-03-08,2026-03-26,Ogun,CMP-004,CH-005,2026-04-12
FNP-U05578,Female,1995-01-11,2026-03-03,Lagos,CMP-004,CH-005,2026-04-20
FNP-U05579,Male,1991-09-05,2026-02-10,Lagos,CMP-005,CH-003,2026-02-25
FNP-U05580,Female,1995-01-16,2026-03-11,Abuja,CMP-001,CH-001,2026-03-20
FNP-U05581,Male,1992-12-25,2026-04-17,Ogun,CMP-004,CH-005,2026-04-20
FNP-U05582,Male,1986-01-23,2026-04-08,Lagos,CMP-003,CH-004,2026-04-09
FNP-U05583,Female,2008-10-28,2026-03-21,Lagos,CMP-004,CH-005,2026-04-23
FNP-U05584,Male,2004-05-07,2026-01-30,Abuja,CMP-002,CH-002,2026-03-24
FNP-U05585,Female,2003-07-16,2026-03-21,Ogun,CMP-004,CH-005,2026-04-17
FNP-U05586,Female,1995-03-06,2026-03-07,Lagos,CMP-006,CH-002,2026-03-15
FNP-U05587,Female,1987-01-07,2026-02-21,Lagos,CMP-004,CH-005,2026-04-01
FNP-U05588,Female,1995-11-28,2026-02-28,Lagos,CMP-004,CH-005,2026-03-13
FNP-U05589,Male,1984-11-27,2026-04-02,Lagos,CMP-001,CH-001,2026-04-24
FNP-U05590,Male,2008-05-23,2026-03-13,Lagos,CMP-005,CH-003,2026-03-21
FNP-U05591,Male,1983-04-15,2026-02-18,Abuja,CMP-003,CH-004,2026-03-27
FNP-U05592,Male,1992-02-19,2026-02-09,Lagos,CMP-001,CH-001,2026-03-27
FNP-U05593,Female,1988-05-11,2026-04-23,Abuja,CMP-004,CH-005,2026-04-25
FNP-U05594,Male,1994-10-03,2026-04-10,Lagos,CMP-003,CH-004,2026-04-11
FNP-U05595,Female,1986-04-15,2026-02-13,Ogun,CMP-003,CH-004,2026-03-11
FNP-U05596,Male,1980-09-04,2026-04-22,Abuja,CMP-002,CH-002,2026-04-24
FNP-U05597,Female,1978-01-05,2026-01-27,Ogun,CMP-006,CH-002,2026-03-02
FNP-U05598,Female,1979-07-15,2026-02-06,Abuja,CMP-002,CH-002,2026-02-07
FNP-U05599,Male,1996-06-25,2026-03-11,Ogun,CMP-001,CH-001,2026-03-20
FNP-U05600,Male,1993-09-08,2026-03-19,Abuja,CMP-003,CH-004,2026-04-05
FNP-U05601,Female,1980-12-28,2026-04-10,Abuja,CMP-006,CH-002,2026-04-15
FNP-U05602,Female,2004-08-12,2026-03-27,Lagos,CMP-005,CH-003,2026-04-17
FNP-U05603,Female,2000-02-08,2026-03-16,Lagos,CMP-004,CH-005,2026-04-12
FNP-U05604,Male,1972-04-25,2026-02-11,Ogun,CMP-002,CH-002,2026-02-14
FNP-U05605,Male,1987-01-07,2026-02-09,Ogun,CMP-003,CH-004,2026-03-13
FNP-U05606,Female,2001-10-11,2026-03-01,Lagos,CMP-005,CH-003,2026-04-10
FNP-U05607,Female,1989-08-11,2026-02-08,Abuja,CMP-001,CH-001,2026-02-15
FNP-U05608,Male,1997-12-12,2026-03-09,Lagos,CMP-006,CH-002,2026-03-12
FNP-U05609,Female,2003-03-06,2026-04-06,Ogun,CMP-004,CH-005,2026-04-13
FNP-U05610,Male,2004-12-17,2026-03-06,Abuja,CMP-001,CH-001,2026-04-23
FNP-U05611,Male,1989-11-19,2026-04-05,Ogun,CMP-003,CH-004,2026-04-24
FNP-U05612,Female,2007-06-09,2026-02-20,Ogun,CMP-004,CH-005,2026-03-18
FNP-U05613,Male,1982-05-26,2026-03-22,Ogun,CMP-002,CH-002,2026-04-23
FNP-U05614,Female,1994-04-01,2026-03-24,Lagos,CMP-002,CH-002,2026-04-10
FNP-U05615,Female,1995-04-11,2026-04-18,Abuja,CMP-005,CH-003,2026-04-20
FNP-U05616,Female,1990-06-17,2026-02-22,Ogun,CMP-003,CH-004,2026-04-02
FNP-U05617,Female,1996-11-08,2026-02-27,Abuja,CMP-004,CH-005,2026-03-19
FNP-U05618,Male,1993-10-16,2026-04-21,Abuja,CMP-002,CH-002,2026-04-24
FNP-U05619,Male,2001-06-22,2026-02-21,Lagos,CMP-005,CH-003,2026-04-01
FNP-U05620,Male,2002-10-22,2026-03-10,Lagos,CMP-001,CH-001,2026-04-04
FNP-U05621,Female,1999-10-25,2026-04-16,Ogun,CMP-005,CH-003,2026-04-24
FNP-U05622,Male,1973-10-13,2026-03-12,Lagos,CMP-003,CH-004,2026-04-21
FNP-U05623,Female,2008-05-01,2026-04-10,Abuja,CMP-005,CH-003,2026-04-10
FNP-U05624,Female,1979-10-15,2026-01-30,Abuja,CMP-006,CH-002,2026-03-29
FNP-U05625,Female,1971-02-07,2026-02-25,Ogun,CMP-003,CH-004,2026-02-27
FNP-U05626,Female,1994-07-11,2026-04-14,Abuja,CMP-005,CH-003,2026-04-23
FNP-U05627,Male,1987-03-05,2026-04-18,Lagos,CMP-001,CH-001,2026-04-22
FNP-U05628,Male,1990-02-10,2026-01-29,Lagos,CMP-001,CH-001,2026-02-02
FNP-U05629,Male,2002-09-15,2026-02-25,Lagos,CMP-005,CH-003,2026-03-03
FNP-U05630,Male,2005-09-19,2026-04-18,Lagos,CMP-006,CH-002,2026-04-18
FNP-U05631,Male,1994-09-14,2026-03-12,Abuja,CMP-004,CH-005,2026-03-12
FNP-U05632,Female,1983-01-16,2026-03-12,Lagos,CMP-002,CH-002,2026-04-19
FNP-U05633,Female,1995-01-17,2026-04-24,Ogun,CMP-001,CH-001,2026-04-24
FNP-U05634,Female,2002-08-28,2026-01-29,Ogun,CMP-001,CH-001,2026-03-03
FNP-U05635,Male,2002-03-04,2026-01-31,Abuja,CMP-005,CH-003,2026-04-13
FNP-U05636,Male,1983-02-12,2026-02-24,Lagos,CMP-003,CH-004,2026-04-09
FNP-U05637,Female,1991-04-07,2026-03-08,Abuja,CMP-005,CH-003,2026-04-06
FNP-U05638,Male,1983-05-09,2026-02-11,Abuja,CMP-003,CH-004,2026-03-04
FNP-U05639,Female,1998-11-28,2026-01-31,Lagos,CMP-005,CH-003,2026-02-16
FNP-U05640,Male,1994-07-26,2026-04-14,Abuja,CMP-006,CH-002,2026-04-15
FNP-U05641,Male,1995-09-06,2026-04-08,Lagos,CMP-001,CH-001,2026-04-24
FNP-U05642,Male,1998-12-04,2026-02-27,Ogun,CMP-006,CH-002,2026-03-28
FNP-U05643,Male,1994-02-07,2026-02-17,Ogun,CMP-005,CH-003,2026-03-31
FNP-U05644,Female,2001-11-04,2026-02-18,Ogun,CMP-004,CH-005,2026-02-27
FNP-U05645,Female,2000-10-03,2026-03-20,Lagos,CMP-001,CH-001,2026-04-04
FNP-U05646,Male,1997-02-06,2026-04-23,Ogun,CMP-006,CH-002,2026-04-25
FNP-U05647,Male,1979-01-24,2026-03-01,Lagos,CMP-006,CH-002,2026-03-23
FNP-U05648,Male,1995-08-07,2026-02-13,Ogun,CMP-005,CH-003,2026-03-03
FNP-U05649,Female,2005-01-16,2026-02-14,Ogun,CMP-001,CH-001,2026-03-25
FNP-U05650,Male,1992-04-19,2026-02-14,Lagos,CMP-002,CH-002,2026-04-14
FNP-U05651,Male,1992-10-13,2026-04-02,Abuja,CMP-006,CH-002,2026-04-24
FNP-U05652,Male,2003-02-16,2026-01-27,Lagos,CMP-005,CH-003,2026-04-13
FNP-U05653,Female,1983-01-11,2026-01-29,Ogun,CMP-003,CH-004,2026-03-18
FNP-U05654,Female,2002-04-16,2026-04-10,Abuja,CMP-001,CH-001,2026-04-15
FNP-U05655,Female,2004-07-09,2026-04-03,Abuja,CMP-003,CH-004,2026-04-04
FNP-U05656,Male,2000-07-25,2026-01-26,Abuja,CMP-002,CH-002,2026-02-27
FNP-U05657,Female,1984-04-13,2026-04-18,Abuja,CMP-006,CH-002,2026-04-24
FNP-U05658,Female,1987-08-12,2026-03-31,Ogun,CMP-004,CH-005,2026-04-07
FNP-U05659,Female,1999-01-18,2026-03-12,Ogun,CMP-005,CH-003,2026-04-16
FNP-U05660,Male,1984-05-14,2026-04-13,Ogun,CMP-001,CH-001,2026-04-24
FNP-U05661,Female,1978-01-18,2026-01-27,Ogun,CMP-006,CH-002,2026-02-28
FNP-U05662,Male,1999-05-16,2026-02-10,Abuja,CMP-004,CH-005,2026-03-01
FNP-U05663,Male,2000-11-06,2026-04-04,Lagos,CMP-003,CH-004,2026-04-04
FNP-U05664,Female,1998-08-11,2026-03-10,Abuja,CMP-001,CH-001,2026-04-14
FNP-U05665,Female,1990-06-02,2026-02-25,Ogun,CMP-001,CH-001,2026-03-20
FNP-U05666,Female,2007-04-17,2026-04-08,Abuja,CMP-004,CH-005,2026-04-16
FNP-U05667,Male,2000-02-03,2026-04-14,Abuja,CMP-003,CH-004,2026-04-22
FNP-U05668,Male,1991-05-04,2026-03-30,Abuja,CMP-001,CH-001,2026-03-31
FNP-U05669,Male,1986-09-24,2026-03-30,Lagos,CMP-001,CH-001,2026-04-12
FNP-U05670,Male,1981-09-17,2026-04-18,Abuja,CMP-001,CH-001,2026-04-21
FNP-U05671,Female,1979-10-06,2026-03-11,Lagos,CMP-003,CH-004,2026-03-21
FNP-U05672,Female,1979-02-27,2026-03-24,Abuja,CMP-006,CH-002,2026-04-07
FNP-U05673,Female,2000-04-19,2026-02-13,Ogun,CMP-003,CH-004,2026-03-18
FNP-U05674,Female,1991-01-04,2026-04-10,Abuja,CMP-004,CH-005,2026-04-23
FNP-U05675,Male,1990-06-13,2026-03-17,Abuja,CMP-001,CH-001,2026-03-30
FNP-U05676,Female,2003-09-11,2026-03-18,Abuja,CMP-005,CH-003,2026-04-25
FNP-U05677,Male,1974-11-11,2026-02-15,Abuja,CMP-003,CH-004,2026-03-29
FNP-U05678,Female,1985-02-23,2026-02-18,Ogun,CMP-003,CH-004,2026-04-20
FNP-U05679,Male,2007-02-03,2026-02-13,Ogun,CMP-004,CH-005,2026-04-21
FNP-U05680,Male,1988-09-25,2026-03-10,Abuja,CMP-004,CH-005,2026-04-24
FNP-U05681,Female,1995-12-27,2026-02-21,Lagos,CMP-003,CH-004,2026-04-04
FNP-U05682,Female,2007-06-11,2026-04-20,Ogun,CMP-005,CH-003,2026-04-20
FNP-U05683,Male,2003-10-18,2026-03-15,Lagos,CMP-001,CH-001,2026-03-31
FNP-U05684,Female,2004-01-04,2026-02-11,Abuja,CMP-002,CH-002,2026-04-22
FNP-U05685,Male,1985-07-02,2026-02-27,Ogun,CMP-003,CH-004,2026-03-01
FNP-U05686,Female,1992-12-10,2026-04-17,Ogun,CMP-004,CH-005,2026-04-20
FNP-U05687,Female,1983-12-08,2026-02-27,Lagos,CMP-001,CH-001,2026-04-20
FNP-U05688,Female,1991-10-03,2026-02-16,Abuja,CMP-004,CH-005,2026-02-18
FNP-U05689,Female,2001-06-28,2026-03-04,Abuja,CMP-005,CH-003,2026-04-01
FNP-U05690,Female,1976-09-10,2026-02-20,Lagos,CMP-002,CH-002,2026-03-22
FNP-U05691,Female,1989-09-17,2026-04-18,Abuja,CMP-001,CH-001,2026-04-22
FNP-U05692,Female,2008-11-26,2026-04-22,Lagos,CMP-005,CH-003,2026-04-22
FNP-U05693,Female,2001-07-13,2026-02-15,Abuja,CMP-004,CH-005,2026-04-01
FNP-U05694,Female,1999-09-21,2026-03-24,Lagos,CMP-004,CH-005,2026-04-15
FNP-U05695,Male,2007-03-23,2026-04-12,Lagos,CMP-002,CH-002,2026-04-24
FNP-U05696,Female,2000-02-08,2026-04-13,Abuja,CMP-002,CH-002,2026-04-19
FNP-U05697,Male,1997-02-11,2026-03-29,Ogun,CMP-005,CH-003,2026-04-08
FNP-U05698,Male,2004-02-16,2026-04-14,Lagos,CMP-005,CH-003,2026-04-25
FNP-U05699,Male,2001-05-21,2026-04-06,Abuja,CMP-004,CH-005,2026-04-16
FNP-U05700,Male,2003-03-11,2026-04-13,Lagos,CMP-006,CH-002,2026-04-16
FNP-U05701,Female,1990-03-24,2026-04-13,Abuja,CMP-002,CH-002,2026-04-16
FNP-U05702,Male,1988-08-17,2026-01-29,Ogun,CMP-001,CH-001,2026-02-07
FNP-U05703,Female,2000-12-18,2026-04-08,Ogun,CMP-004,CH-005,2026-04-21
FNP-U05704,Male,2002-01-02,2026-03-19,Ogun,CMP-004,CH-005,2026-04-22
FNP-U05705,Female,1980-11-25,2026-02-17,Lagos,CMP-003,CH-004,2026-03-10
FNP-U05706,Male,1994-02-15,2026-03-13,Abuja,CMP-006,CH-002,2026-03-31
FNP-U05707,Female,2004-01-15,2026-04-24,Lagos,CMP-001,CH-001,2026-04-24
FNP-U05708,Male,1990-11-10,2026-03-12,Ogun,CMP-001,CH-001,2026-03-14
FNP-U05709,Male,1995-02-07,2026-02-28,Ogun,CMP-001,CH-001,2026-04-13
FNP-U05710,Female,1999-01-20,2026-03-10,Ogun,CMP-005,CH-003,2026-04-21
FNP-U05711,Female,2002-04-20,2026-03-15,Abuja,CMP-005,CH-003,2026-03-18
FNP-U05712,Male,2004-01-16,2026-03-31,Lagos,CMP-003,CH-004,2026-04-05
FNP-U05713,Female,1987-11-22,2026-03-27,Lagos,CMP-003,CH-004,2026-04-23
FNP-U05714,Male,1987-05-11,2026-03-20,Ogun,CMP-006,CH-002,2026-03-27
FNP-U05715,Male,1992-05-01,2026-04-08,Abuja,CMP-005,CH-003,2026-04-23
FNP-U05716,Male,2003-07-16,2026-02-15,Lagos,CMP-003,CH-004,2026-04-06
FNP-U05717,Female,2002-12-25,2026-03-17,Lagos,CMP-003,CH-004,2026-04-25
FNP-U05718,Male,1980-06-05,2026-02-03,Abuja,CMP-002,CH-002,2026-03-28
FNP-U05719,Male,1987-10-06,2026-03-01,Lagos,CMP-004,CH-005,2026-03-22
FNP-U05720,Female,1992-09-26,2026-03-13,Lagos,CMP-001,CH-001,2026-03-14
FNP-U05721,Male,1984-11-26,2026-02-18,Abuja,CMP-001,CH-001,2026-04-25
FNP-U05722,Female,1997-09-12,2026-04-02,Ogun,CMP-001,CH-001,2026-04-17
FNP-U05723,Male,1992-04-26,2026-03-07,Abuja,CMP-006,CH-002,2026-04-23
FNP-U05724,Male,2008-02-28,2026-03-11,Lagos,CMP-005,CH-003,2026-04-03
FNP-U05725,Female,1983-09-12,2026-04-25,Abuja,CMP-001,CH-001,2026-04-25
FNP-U05726,Male,1975-10-10,2026-02-14,Ogun,CMP-002,CH-002,2026-02-20
FNP-U05727,Male,2003-11-02,2026-02-17,Lagos,CMP-005,CH-003,2026-04-22
FNP-U05728,Male,1998-07-28,2026-03-01,Abuja,CMP-006,CH-002,2026-03-24
FNP-U05729,Female,2000-06-10,2026-04-25,Lagos,CMP-002,CH-002,2026-04-25
FNP-U05730,Male,1989-12-06,2026-04-18,Ogun,CMP-004,CH-005,2026-04-20
FNP-U05731,Female,1984-05-07,2026-03-17,Abuja,CMP-006,CH-002,2026-04-06
FNP-U05732,Male,1999-02-27,2026-02-25,Ogun,CMP-003,CH-004,2026-04-13
FNP-U05733,Female,2006-04-19,2026-03-16,Lagos,CMP-001,CH-001,2026-04-24
FNP-U05734,Female,1995-02-06,2026-02-06,Ogun,CMP-005,CH-003,2026-04-21
FNP-U05735,Male,1989-07-01,2026-03-04,Lagos,CMP-001,CH-001,2026-04-10
FNP-U05736,Female,2005-02-27,2026-03-13,Lagos,CMP-001,CH-001,2026-03-23
FNP-U05737,Male,1991-07-14,2026-02-12,Ogun,CMP-001,CH-001,2026-04-14
FNP-U05738,Male,1978-11-08,2026-03-11,Lagos,CMP-006,CH-002,2026-03-31
FNP-U05739,Male,1979-01-25,2026-03-24,Abuja,CMP-003,CH-004,2026-04-17
FNP-U05740,Male,2007-03-13,2026-03-08,Abuja,CMP-005,CH-003,2026-03-16
FNP-U05741,Male,2001-01-10,2026-02-06,Abuja,CMP-006,CH-002,2026-04-03
FNP-U05742,Female,2000-04-20,2026-03-31,Ogun,CMP-003,CH-004,2026-04-18
FNP-U05743,Female,1975-03-02,2026-02-24,Ogun,CMP-006,CH-002,2026-04-03
FNP-U05744,Male,1983-01-08,2026-02-07,Ogun,CMP-001,CH-001,2026-03-28
FNP-U05745,Male,1979-09-17,2026-02-16,Abuja,CMP-003,CH-004,2026-04-13
FNP-U05746,Female,2005-03-17,2026-02-12,Lagos,CMP-004,CH-005,2026-04-08
FNP-U05747,Male,1978-05-01,2026-04-06,Ogun,CMP-006,CH-002,2026-04-24
FNP-U05748,Male,1993-02-06,2026-04-20,Abuja,CMP-004,CH-005,2026-04-20
FNP-U05749,Female,2002-04-17,2026-02-10,Lagos,CMP-005,CH-003,2026-02-16
FNP-U05750,Male,1986-08-16,2026-02-09,Ogun,CMP-004,CH-005,2026-02-12
FNP-U05751,Female,1984-06-21,2026-04-09,Abuja,CMP-003,CH-004,2026-04-21
FNP-U05752,Male,1999-10-23,2026-01-29,Abuja,CMP-006,CH-002,2026-03-30
FNP-U05753,Male,1975-07-28,2026-04-04,Abuja,CMP-002,CH-002,2026-04-09
FNP-U05754,Male,1990-07-02,2026-02-18,Ogun,CMP-003,CH-004,2026-02-23
FNP-U05755,Female,1988-11-11,2026-04-16,Abuja,CMP-004,CH-005,2026-04-16
FNP-U05756,Female,2002-11-17,2026-04-25,Abuja,CMP-006,CH-002,2026-04-25
FNP-U05757,Female,1982-07-05,2026-03-08,Lagos,CMP-001,CH-001,2026-03-27
FNP-U05758,Female,2002-05-20,2026-04-13,Ogun,CMP-005,CH-003,2026-04-25
FNP-U05759,Female,1989-10-09,2026-02-17,Abuja,CMP-001,CH-001,2026-04-09
FNP-U05760,Male,1983-07-20,2026-02-10,Abuja,CMP-006,CH-002,2026-04-19
FNP-U05761,Female,1999-11-10,2026-04-21,Lagos,CMP-005,CH-003,2026-04-23
FNP-U05762,Male,1983-09-07,2026-04-04,Lagos,CMP-006,CH-002,2026-04-16
FNP-U05763,Female,1997-06-06,2026-02-18,Abuja,CMP-005,CH-003,2026-03-10
FNP-U05764,Male,2000-08-04,2026-03-20,Lagos,CMP-001,CH-001,2026-04-19
FNP-U05765,Male,1971-06-13,2026-02-28,Ogun,CMP-006,CH-002,2026-03-28
FNP-U05766,Female,1974-03-25,2026-02-26,Ogun,CMP-006,CH-002,2026-03-25
FNP-U05767,Female,1999-01-03,2026-02-05,Lagos,CMP-005,CH-003,2026-03-31
FNP-U05768,Male,1983-08-18,2026-02-12,Abuja,CMP-001,CH-001,2026-02-18
FNP-U05769,Male,1982-05-09,2026-03-02,Abuja,CMP-006,CH-002,2026-04-25
FNP-U05770,Male,1983-12-25,2026-02-06,Lagos,CMP-002,CH-002,2026-03-14
FNP-U05771,Female,2008-12-27,2026-02-14,Lagos,CMP-001,CH-001,2026-03-12
FNP-U05772,Female,2005-04-19,2026-04-19,Ogun,CMP-005,CH-003,2026-04-24
FNP-U05773,Female,1988-09-18,2026-03-23,Abuja,CMP-003,CH-004,2026-04-18
FNP-U05774,Female,1975-04-07,2026-02-01,Abuja,CMP-006,CH-002,2026-02-20
FNP-U05775,Female,2003-04-25,2026-02-17,Ogun,CMP-005,CH-003,2026-04-04
FNP-U05776,Female,2001-11-25,2026-02-15,Ogun,CMP-002,CH-002,2026-03-19
FNP-U05777,Male,1985-06-09,2026-04-10,Ogun,CMP-006,CH-002,2026-04-14
FNP-U05778,Female,1998-01-02,2026-03-06,Ogun,CMP-005,CH-003,2026-03-14
FNP-U05779,Male,1999-05-01,2026-02-18,Lagos,CMP-002,CH-002,2026-03-24
FNP-U05780,Male,1996-02-04,2026-04-23,Ogun,CMP-001,CH-001,2026-04-25
FNP-U05781,Male,1979-04-17,2026-02-15,Ogun,CMP-002,CH-002,2026-04-09
FNP-U05782,Male,2005-03-20,2026-02-12,Lagos,CMP-002,CH-002,2026-04-17
FNP-U05783,Male,1971-09-09,2026-03-01,Abuja,CMP-003,CH-004,2026-04-14
FNP-U05784,Male,1986-10-14,2026-04-21,Ogun,CMP-002,CH-002,2026-04-24
FNP-U05785,Female,1997-04-14,2026-04-11,Abuja,CMP-005,CH-003,2026-04-21
FNP-U05786,Female,1995-08-09,2026-03-06,Ogun,CMP-005,CH-003,2026-03-16
FNP-U05787,Female,2008-03-16,2026-03-05,Lagos,CMP-005,CH-003,2026-03-21
FNP-U05788,Female,1986-07-13,2026-03-11,Abuja,CMP-004,CH-005,2026-03-16
FNP-U05789,Male,1996-09-12,2026-04-10,Abuja,CMP-002,CH-002,2026-04-16
FNP-U05790,Female,2001-11-03,2026-04-10,Ogun,CMP-003,CH-004,2026-04-11
FNP-U05791,Female,1983-11-10,2026-03-18,Ogun,CMP-002,CH-002,2026-04-17
FNP-U05792,Female,2004-11-24,2026-02-14,Lagos,CMP-003,CH-004,2026-04-22
FNP-U05793,Male,2005-04-01,2026-03-14,Abuja,CMP-001,CH-001,2026-04-15
FNP-U05794,Female,1978-06-12,2026-03-22,Lagos,CMP-002,CH-002,2026-03-26
FNP-U05795,Male,2005-03-12,2026-04-15,Lagos,CMP-001,CH-001,2026-04-23
FNP-U05796,Female,2008-12-02,2026-03-08,Lagos,CMP-006,CH-002,2026-04-14
FNP-U05797,Male,1982-03-02,2026-04-06,Ogun,CMP-001,CH-001,2026-04-25
FNP-U05798,Female,2001-02-01,2026-03-23,Abuja,CMP-001,CH-001,2026-04-09
FNP-U05799,Male,1975-07-27,2026-04-23,Lagos,CMP-003,CH-004,2026-04-23
FNP-U05800,Male,1977-07-21,2026-02-04,Lagos,CMP-006,CH-002,2026-03-21
FNP-U05801,Female,1982-06-18,2026-04-05,Abuja,CMP-002,CH-002,2026-04-10
FNP-U05802,Female,2000-10-15,2026-04-14,Ogun,CMP-003,CH-004,2026-04-19
FNP-U05803,Male,2004-11-07,2026-02-14,Ogun,CMP-003,CH-004,2026-03-18
FNP-U05804,Female,1986-04-09,2026-03-26,Ogun,CMP-002,CH-002,2026-04-21
FNP-U05805,Female,2004-03-16,2026-02-16,Lagos,CMP-001,CH-001,2026-04-13
FNP-U05806,Male,1990-08-12,2026-03-26,Abuja,CMP-004,CH-005,2026-04-15
FNP-U05807,Male,1982-10-17,2026-03-09,Abuja,CMP-006,CH-002,2026-04-02
FNP-U05808,Female,1996-02-06,2026-02-10,Abuja,CMP-006,CH-002,2026-04-15
FNP-U05809,Female,2008-09-15,2026-03-01,Lagos,CMP-005,CH-003,2026-03-04
FNP-U05810,Female,1995-09-25,2026-03-07,Lagos,CMP-001,CH-001,2026-03-17
FNP-U05811,Male,1999-08-23,2026-03-21,Ogun,CMP-006,CH-002,2026-04-11
FNP-U05812,Female,1996-12-26,2026-04-25,Lagos,CMP-005,CH-003,2026-04-25
FNP-U05813,Female,1993-02-25,2026-04-12,Ogun,CMP-004,CH-005,2026-04-19
FNP-U05814,Female,1987-12-17,2026-03-02,Lagos,CMP-001,CH-001,2026-04-07
FNP-U05815,Male,1971-03-05,2026-03-14,Lagos,CMP-006,CH-002,2026-04-10
FNP-U05816,Female,2006-03-19,2026-01-31,Ogun,CMP-005,CH-003,2026-02-21
FNP-U05817,Male,1982-12-28,2026-04-07,Ogun,CMP-002,CH-002,2026-04-09
FNP-U05818,Female,1981-06-22,2026-01-30,Ogun,CMP-003,CH-004,2026-03-21
FNP-U05819,Female,1983-05-07,2026-04-01,Abuja,CMP-006,CH-002,2026-04-05
FNP-U05820,Male,1983-04-09,2026-03-13,Lagos,CMP-001,CH-001,2026-03-25
FNP-U05821,Male,1980-10-20,2026-02-06,Ogun,CMP-002,CH-002,2026-03-02
FNP-U05822,Male,2002-10-05,2026-04-02,Abuja,CMP-001,CH-001,2026-04-21
FNP-U05823,Female,1983-11-08,2026-04-13,Abuja,CMP-003,CH-004,2026-04-25
FNP-U05824,Male,1998-06-19,2026-03-06,Abuja,CMP-001,CH-001,2026-03-15
FNP-U05825,Female,1986-06-08,2026-04-11,Abuja,CMP-003,CH-004,2026-04-18
FNP-U05826,Male,2008-04-04,2026-03-08,Ogun,CMP-005,CH-003,2026-04-21
FNP-U05827,Male,1989-04-18,2026-02-09,Ogun,CMP-003,CH-004,2026-02-27
FNP-U05828,Female,1995-06-16,2026-03-23,Abuja,CMP-006,CH-002,2026-03-24
FNP-U05829,Male,1995-09-22,2026-03-31,Abuja,CMP-003,CH-004,2026-04-04
FNP-U05830,Female,1996-04-27,2026-04-19,Ogun,CMP-005,CH-003,2026-04-22
FNP-U05831,Female,1986-07-22,2026-03-21,Lagos,CMP-004,CH-005,2026-04-17
FNP-U05832,Male,1992-05-15,2026-04-01,Ogun,CMP-002,CH-002,2026-04-10
FNP-U05833,Female,2000-12-18,2026-03-05,Ogun,CMP-005,CH-003,2026-04-25
FNP-U05834,Male,1988-12-19,2026-04-03,Abuja,CMP-004,CH-005,2026-04-03
FNP-U05835,Female,1994-12-20,2026-04-19,Lagos,CMP-001,CH-001,2026-04-22
FNP-U05836,Male,1973-12-28,2026-04-25,Abuja,CMP-002,CH-002,2026-04-25
FNP-U05837,Male,1974-07-26,2026-02-19,Ogun,CMP-003,CH-004,2026-04-12
FNP-U05838,Female,1999-03-14,2026-04-21,Lagos,CMP-004,CH-005,2026-04-22
FNP-U05839,Female,1971-04-04,2026-02-05,Lagos,CMP-003,CH-004,2026-03-18
FNP-U05840,Female,2005-08-27,2026-02-09,Ogun,CMP-001,CH-001,2026-02-25
FNP-U05841,Female,1993-10-11,2026-01-31,Ogun,CMP-004,CH-005,2026-04-17
FNP-U05842,Female,2003-09-20,2026-03-13,Lagos,CMP-005,CH-003,2026-03-14
FNP-U05843,Female,1986-08-03,2026-03-24,Abuja,CMP-001,CH-001,2026-04-09
FNP-U05844,Female,1971-08-07,2026-02-18,Abuja,CMP-003,CH-004,2026-03-24
FNP-U05845,Female,2005-10-13,2026-03-18,Lagos,CMP-005,CH-003,2026-04-24
FNP-U05846,Male,1981-10-16,2026-04-25,Lagos,CMP-001,CH-001,2026-04-25
FNP-U05847,Male,1985-01-22,2026-01-29,Ogun,CMP-001,CH-001,2026-02-11
FNP-U05848,Female,1984-04-01,2026-04-10,Abuja,CMP-003,CH-004,2026-04-18
FNP-U05849,Female,1992-01-18,2026-03-25,Lagos,CMP-005,CH-003,2026-04-01
FNP-U05850,Male,1999-06-18,2026-01-30,Lagos,CMP-002,CH-002,2026-02-21
FNP-U05851,Male,1984-02-13,2026-02-15,Abuja,CMP-002,CH-002,2026-04-18
FNP-U05852,Male,1990-01-22,2026-03-09,Ogun,CMP-006,CH-002,2026-04-17
FNP-U05853,Male,1997-06-20,2026-02-25,Abuja,CMP-005,CH-003,2026-04-20
FNP-U05854,Female,1996-07-05,2026-02-25,Lagos,CMP-006,CH-002,2026-03-24
FNP-U05855,Male,1979-02-24,2026-02-03,Abuja,CMP-006,CH-002,2026-02-11
FNP-U05856,Male,1982-03-10,2026-03-11,Ogun,CMP-003,CH-004,2026-04-12
FNP-U05857,Male,1983-10-03,2026-03-10,Ogun,CMP-002,CH-002,2026-04-04
FNP-U05858,Male,1999-08-03,2026-04-25,Abuja,CMP-005,CH-003,2026-04-25
FNP-U05859,Female,1999-09-26,2026-03-01,Lagos,CMP-002,CH-002,2026-04-07
FNP-U05860,Female,1986-05-17,2026-03-20,Ogun,CMP-002,CH-002,2026-04-14
FNP-U05861,Male,1988-10-10,2026-03-20,Ogun,CMP-004,CH-005,2026-04-22
FNP-U05862,Female,1991-08-10,2026-02-22,Ogun,CMP-003,CH-004,2026-03-13
FNP-U05863,Female,1996-09-28,2026-02-02,Lagos,CMP-001,CH-001,2026-04-17
FNP-U05864,Female,1993-09-04,2026-02-07,Lagos,CMP-002,CH-002,2026-04-03
FNP-U05865,Male,1993-12-03,2026-02-23,Ogun,CMP-001,CH-001,2026-04-02
FNP-U05866,Male,1978-08-13,2026-03-03,Abuja,CMP-003,CH-004,2026-03-25
FNP-U05867,Female,1991-04-09,2026-04-21,Ogun,CMP-004,CH-005,2026-04-25
FNP-U05868,Female,1994-09-17,2026-03-08,Ogun,CMP-002,CH-002,2026-04-13
FNP-U05869,Male,1996-11-05,2026-04-10,Lagos,CMP-001,CH-001,2026-04-16
FNP-U05870,Female,2001-12-02,2026-04-18,Ogun,CMP-005,CH-003,2026-04-21
FNP-U05871,Male,2000-09-23,2026-04-23,Lagos,CMP-001,CH-001,2026-04-23
FNP-U05872,Male,1995-08-05,2026-02-02,Lagos,CMP-005,CH-003,2026-03-31
FNP-U05873,Female,1978-08-06,2026-02-11,Ogun,CMP-002,CH-002,2026-03-30
FNP-U05874,Female,1982-04-23,2026-03-26,Abuja,CMP-006,CH-002,2026-04-21
FNP-U05875,Female,1994-02-20,2026-04-17,Abuja,CMP-001,CH-001,2026-04-20
FNP-U05876,Male,2000-04-19,2026-04-08,Lagos,CMP-001,CH-001,2026-04-17
FNP-U05877,Female,1978-06-21,2026-03-07,Ogun,CMP-006,CH-002,2026-04-07
FNP-U05878,Female,1982-09-21,2026-03-28,Ogun,CMP-002,CH-002,2026-04-16
FNP-U05879,Female,1972-06-16,2026-04-23,Ogun,CMP-003,CH-004,2026-04-23
FNP-U05880,Male,2005-01-01,2026-04-08,Ogun,CMP-002,CH-002,2026-04-18
FNP-U05881,Female,1992-09-15,2026-02-28,Lagos,CMP-005,CH-003,2026-03-25
FNP-U05882,Male,2004-06-12,2026-03-04,Lagos,CMP-001,CH-001,2026-03-24
FNP-U05883,Female,1986-12-26,2026-02-19,Lagos,CMP-002,CH-002,2026-03-21
FNP-U05884,Female,2003-01-02,2026-03-30,Lagos,CMP-002,CH-002,2026-04-11
FNP-U05885,Female,2004-07-27,2026-04-14,Ogun,CMP-004,CH-005,2026-04-15
FNP-U05886,Female,2008-03-20,2026-01-28,Ogun,CMP-001,CH-001,2026-03-19
FNP-U05887,Female,1975-04-27,2026-03-02,Lagos,CMP-003,CH-004,2026-04-19
FNP-U05888,Male,2000-02-17,2026-03-13,Abuja,CMP-004,CH-005,2026-04-09
FNP-U05889,Male,1982-04-28,2026-04-08,Abuja,CMP-001,CH-001,2026-04-11
FNP-U05890,Male,2006-04-08,2026-01-28,Lagos,CMP-005,CH-003,2026-03-25
FNP-U05891,Male,2007-01-19,2026-04-10,Abuja,CMP-002,CH-002,2026-04-14
FNP-U05892,Male,1988-10-03,2026-04-09,Ogun,CMP-002,CH-002,2026-04-21
FNP-U05893,Female,2003-02-07,2026-02-04,Abuja,CMP-005,CH-003,2026-02-10
FNP-U05894,Female,1981-03-07,2026-03-16,Ogun,CMP-002,CH-002,2026-04-08
FNP-U05895,Male,1984-06-10,2026-02-25,Abuja,CMP-002,CH-002,2026-04-22
FNP-U05896,Female,1978-03-27,2026-01-30,Lagos,CMP-003,CH-004,2026-04-24
FNP-U05897,Female,2007-10-10,2026-03-27,Lagos,CMP-004,CH-005,2026-04-01
FNP-U05898,Male,2006-02-02,2026-03-06,Lagos,CMP-004,CH-005,2026-04-25
FNP-U05899,Male,1989-09-11,2026-01-27,Lagos,CMP-001,CH-001,2026-02-01
FNP-U05900,Male,2006-08-06,2026-02-06,Abuja,CMP-005,CH-003,2026-02-25
FNP-U05901,Male,2006-07-10,2026-02-11,Abuja,CMP-002,CH-002,2026-02-12
FNP-U05902,Female,1985-08-07,2026-02-19,Ogun,CMP-001,CH-001,2026-04-12
FNP-U05903,Female,1986-10-07,2026-03-26,Abuja,CMP-001,CH-001,2026-04-13
FNP-U05904,Female,1985-06-07,2026-04-11,Abuja,CMP-002,CH-002,2026-04-21
FNP-U05905,Female,1992-10-05,2026-01-30,Lagos,CMP-006,CH-002,2026-03-14
FNP-U05906,Female,1990-05-03,2026-04-03,Ogun,CMP-003,CH-004,2026-04-23
FNP-U05907,Male,1981-11-27,2026-03-10,Abuja,CMP-002,CH-002,2026-03-28
FNP-U05908,Male,1992-08-16,2026-03-19,Lagos,CMP-004,CH-005,2026-04-05
FNP-U05909,Female,2002-11-14,2026-03-14,Abuja,CMP-006,CH-002,2026-03-31
FNP-U05910,Male,1981-06-03,2026-03-04,Lagos,CMP-006,CH-002,2026-03-26
FNP-U05911,Female,1989-07-11,2026-01-29,Lagos,CMP-004,CH-005,2026-02-23
FNP-U05912,Female,1980-09-04,2026-02-22,Ogun,CMP-002,CH-002,2026-03-19
FNP-U05913,Female,1977-09-27,2026-03-06,Ogun,CMP-003,CH-004,2026-03-29
FNP-U05914,Female,2001-06-15,2026-03-17,Abuja,CMP-004,CH-005,2026-04-07
FNP-U05915,Male,1996-07-04,2026-01-30,Ogun,CMP-001,CH-001,2026-03-07
FNP-U05916,Female,1992-12-27,2026-03-26,Lagos,CMP-005,CH-003,2026-04-09
FNP-U05917,Male,1990-11-28,2026-03-18,Ogun,CMP-003,CH-004,2026-03-27
FNP-U05918,Male,1990-10-19,2026-04-25,Lagos,CMP-001,CH-001,2026-04-25
FNP-U05919,Male,1981-12-21,2026-03-09,Ogun,CMP-006,CH-002,2026-03-26
FNP-U05920,Female,2000-08-12,2026-04-01,Lagos,CMP-004,CH-005,2026-04-08
FNP-U05921,Female,1992-04-14,2026-02-01,Lagos,CMP-006,CH-002,2026-04-11
FNP-U05922,Female,1986-07-12,2026-04-17,Lagos,CMP-004,CH-005,2026-04-24
FNP-U05923,Male,1974-03-16,2026-03-10,Abuja,CMP-003,CH-004,2026-03-20
FNP-U05924,Male,1985-11-22,2026-03-23,Abuja,CMP-001,CH-001,2026-04-24
FNP-U05925,Female,1983-02-25,2026-03-24,Abuja,CMP-003,CH-004,2026-03-28
FNP-U05926,Male,2001-06-05,2026-02-24,Abuja,CMP-003,CH-004,2026-03-30
FNP-U05927,Female,2000-02-27,2026-02-28,Ogun,CMP-005,CH-003,2026-04-12
FNP-U05928,Female,2005-03-01,2026-03-08,Abuja,CMP-004,CH-005,2026-03-16
FNP-U05929,Male,1978-02-28,2026-01-30,Ogun,CMP-003,CH-004,2026-03-03
FNP-U05930,Female,1971-03-27,2026-04-05,Abuja,CMP-006,CH-002,2026-04-14
FNP-U05931,Male,1988-05-18,2026-03-08,Ogun,CMP-006,CH-002,2026-04-19
FNP-U05932,Male,2002-07-06,2026-01-30,Lagos,CMP-002,CH-002,2026-03-03
FNP-U05933,Female,2001-04-19,2026-02-16,Ogun,CMP-004,CH-005,2026-03-04
FNP-U05934,Female,1988-04-21,2026-04-11,Abuja,CMP-002,CH-002,2026-04-21
FNP-U05935,Male,1998-11-27,2026-04-24,Lagos,CMP-006,CH-002,2026-04-24
FNP-U05936,Male,1975-01-01,2026-03-03,Lagos,CMP-003,CH-004,2026-03-26
FNP-U05937,Female,2004-11-06,2026-04-03,Ogun,CMP-002,CH-002,2026-04-19
FNP-U05938,Female,1993-09-25,2026-04-06,Ogun,CMP-005,CH-003,2026-04-12
FNP-U05939,Male,2007-04-02,2026-02-14,Lagos,CMP-002,CH-002,2026-02-14
FNP-U05940,Male,2001-11-22,2026-02-27,Lagos,CMP-001,CH-001,2026-02-28
FNP-U05941,Male,1971-04-26,2026-02-04,Ogun,CMP-003,CH-004,2026-04-24
FNP-U05942,Female,1993-11-01,2026-02-25,Ogun,CMP-004,CH-005,2026-03-06
FNP-U05943,Male,1999-06-16,2026-04-15,Lagos,CMP-003,CH-004,2026-04-15
FNP-U05944,Female,2006-07-18,2026-04-06,Lagos,CMP-004,CH-005,2026-04-15
FNP-U05945,Female,1971-11-16,2026-02-15,Abuja,CMP-002,CH-002,2026-04-09
FNP-U05946,Male,2006-01-26,2026-02-21,Abuja,CMP-004,CH-005,2026-04-08
FNP-U05947,Male,1996-07-09,2026-02-23,Lagos,CMP-005,CH-003,2026-04-17
FNP-U05948,Female,1979-10-28,2026-02-03,Abuja,CMP-003,CH-004,2026-03-13
FNP-U05949,Male,1991-04-12,2026-02-26,Lagos,CMP-004,CH-005,2026-04-11
FNP-U05950,Male,2004-11-06,2026-03-25,Abuja,CMP-005,CH-003,2026-04-11
FNP-U05951,Male,1995-12-18,2026-03-24,Abuja,CMP-004,CH-005,2026-03-26
FNP-U05952,Male,1988-11-15,2026-02-18,Lagos,CMP-001,CH-001,2026-04-17
FNP-U05953,Male,1999-12-09,2026-04-18,Ogun,CMP-003,CH-004,2026-04-18
FNP-U05954,Female,1975-02-17,2026-01-30,Ogun,CMP-006,CH-002,2026-03-10
FNP-U05955,Male,1992-02-20,2026-01-30,Abuja,CMP-004,CH-005,2026-03-21
FNP-U05956,Female,1981-07-03,2026-02-04,Ogun,CMP-003,CH-004,2026-04-06
FNP-U05957,Male,2000-03-16,2026-03-13,Ogun,CMP-006,CH-002,2026-03-29
FNP-U05958,Female,1996-02-10,2026-02-11,Abuja,CMP-006,CH-002,2026-03-09
FNP-U05959,Female,1973-05-27,2026-02-26,Abuja,CMP-002,CH-002,2026-03-27
FNP-U05960,Female,1998-02-05,2026-03-16,Ogun,CMP-003,CH-004,2026-03-30
FNP-U05961,Male,1987-12-25,2026-02-20,Ogun,CMP-006,CH-002,2026-04-17
FNP-U05962,Male,1986-01-26,2026-03-05,Abuja,CMP-004,CH-005,2026-04-08
FNP-U05963,Female,1982-01-23,2026-04-09,Lagos,CMP-001,CH-001,2026-04-22
FNP-U05964,Female,1994-11-09,2026-02-15,Ogun,CMP-004,CH-005,2026-03-07
FNP-U05965,Male,1985-04-23,2026-03-12,Lagos,CMP-002,CH-002,2026-03-21
FNP-U05966,Female,2004-05-07,2026-02-14,Ogun,CMP-005,CH-003,2026-03-05
FNP-U05967,Female,1982-02-24,2026-02-21,Lagos,CMP-001,CH-001,2026-03-21
FNP-U05968,Male,1973-03-18,2026-03-23,Abuja,CMP-002,CH-002,2026-04-01
FNP-U05969,Female,1986-05-02,2026-02-27,Lagos,CMP-006,CH-002,2026-04-16
FNP-U05970,Male,2006-08-11,2026-02-03,Ogun,CMP-004,CH-005,2026-02-23
FNP-U05971,Male,2001-10-24,2026-01-26,Ogun,CMP-006,CH-002,2026-04-09
FNP-U05972,Female,2001-09-27,2026-03-21,Ogun,CMP-005,CH-003,2026-04-24
FNP-U05973,Female,1989-12-14,2026-02-17,Lagos,CMP-001,CH-001,2026-03-30
FNP-U05974,Female,1989-12-18,2026-03-02,Abuja,CMP-001,CH-001,2026-03-24
FNP-U05975,Female,1993-10-03,2026-03-29,Lagos,CMP-004,CH-005,2026-04-16
FNP-U05976,Female,1998-05-11,2026-04-20,Lagos,CMP-005,CH-003,2026-04-21
FNP-U05977,Male,2000-01-15,2026-02-02,Lagos,CMP-005,CH-003,2026-02-26
FNP-U05978,Male,1998-05-15,2026-02-21,Lagos,CMP-004,CH-005,2026-04-23
FNP-U05979,Female,2001-03-15,2026-03-23,Lagos,CMP-006,CH-002,2026-04-05
FNP-U05980,Male,1999-10-04,2026-02-27,Ogun,CMP-004,CH-005,2026-04-25
FNP-U05981,Male,1998-12-20,2026-04-07,Ogun,CMP-003,CH-004,2026-04-14
FNP-U05982,Female,2003-03-12,2026-03-24,Ogun,CMP-005,CH-003,2026-04-02
FNP-U05983,Male,1975-04-24,2026-03-19,Ogun,CMP-002,CH-002,2026-03-27
FNP-U05984,Male,2001-03-24,2026-02-18,Ogun,CMP-005,CH-003,2026-04-04
FNP-U05985,Female,1986-05-18,2026-04-03,Lagos,CMP-003,CH-004,2026-04-05
FNP-U05986,Male,1977-02-18,2026-02-04,Abuja,CMP-006,CH-002,2026-04-11
FNP-U05987,Male,1976-04-09,2026-04-17,Abuja,CMP-003,CH-004,2026-04-22
FNP-U05988,Female,1993-12-04,2026-04-06,Abuja,CMP-006,CH-002,2026-04-12
FNP-U05989,Female,1998-01-09,2026-02-22,Abuja,CMP-002,CH-002,2026-04-25
FNP-U05990,Female,1999-10-21,2026-04-22,Abuja,CMP-001,CH-001,2026-04-23
FNP-U05991,Female,1981-02-20,2026-04-21,Abuja,CMP-002,CH-002,2026-04-25
FNP-U05992,Female,1995-02-17,2026-02-05,Ogun,CMP-001,CH-001,2026-02-19
FNP-U05993,Female,1991-04-13,2026-03-17,Ogun,CMP-005,CH-003,2026-03-28
FNP-U05994,Female,1994-02-22,2026-04-24,Abuja,CMP-003,CH-004,2026-04-24
FNP-U05995,Female,2003-08-08,2026-04-13,Abuja,CMP-003,CH-004,2026-04-16
FNP-U05996,Female,2005-03-25,2026-03-16,Abuja,CMP-005,CH-003,2026-04-02
FNP-U05997,Male,1988-03-22,2026-04-15,Ogun,CMP-006,CH-002,2026-04-18
FNP-U05998,Male,1990-08-15,2026-04-13,Lagos,CMP-004,CH-005,2026-04-20
FNP-U05999,Male,1997-03-08,2026-03-28,Lagos,CMP-003,CH-004,2026-04-02
FNP-U06000,Male,2002-11-16,2026-02-10,Ogun,CMP-004,CH-005,2026-04-07
FNP-U06001,Male,2000-06-04,2026-02-19,Lagos,CMP-002,CH-002,2026-04-11
FNP-U06002,Male,1987-01-17,2026-02-15,Abuja,CMP-001,CH-001,2026-02-21
FNP-U06003,Female,1993-04-04,2026-04-19,Lagos,CMP-003,CH-004,2026-04-24
FNP-U06004,Male,2007-03-22,2026-03-21,Ogun,CMP-001,CH-001,2026-04-24
FNP-U06005,Female,1987-07-17,2026-02-25,Lagos,CMP-006,CH-002,2026-03-15
FNP-U06006,Female,2008-08-11,2026-03-20,Abuja,CMP-005,CH-003,2026-04-05
FNP-U06007,Female,1997-05-18,2026-04-08,Lagos,CMP-005,CH-003,2026-04-08
FNP-U06008,Female,1996-11-11,2026-04-24,Ogun,CMP-004,CH-005,2026-04-25
FNP-U06009,Male,2002-07-18,2026-02-23,Abuja,CMP-006,CH-002,2026-04-23
FNP-U06010,Male,1973-03-17,2026-02-11,Ogun,CMP-002,CH-002,2026-03-12
FNP-U06011,Male,1992-11-18,2026-02-06,Lagos,CMP-002,CH-002,2026-03-06
FNP-U06012,Female,1994-05-07,2026-02-20,Ogun,CMP-003,CH-004,2026-04-18
FNP-U06013,Female,1999-03-16,2026-02-19,Abuja,CMP-001,CH-001,2026-04-24
FNP-U06014,Male,1992-03-12,2026-03-24,Abuja,CMP-005,CH-003,2026-03-31
FNP-U06015,Female,1981-02-03,2026-04-24,Abuja,CMP-003,CH-004,2026-04-24
FNP-U06016,Male,1996-11-28,2026-03-30,Abuja,CMP-004,CH-005,2026-04-23
FNP-U06017,Female,1987-09-16,2026-02-12,Ogun,CMP-004,CH-005,2026-04-14
FNP-U06018,Male,1978-02-10,2026-04-23,Abuja,CMP-002,CH-002,2026-04-24
FNP-U06019,Male,1988-07-16,2026-04-04,Abuja,CMP-004,CH-005,2026-04-06
FNP-U06020,Female,1987-12-14,2026-02-19,Abuja,CMP-001,CH-001,2026-03-13
FNP-U06021,Male,1974-07-14,2026-03-11,Ogun,CMP-006,CH-002,2026-03-16
FNP-U06022,Male,1978-11-26,2026-02-05,Abuja,CMP-006,CH-002,2026-03-02
FNP-U06023,Male,1999-03-01,2026-02-26,Lagos,CMP-002,CH-002,2026-04-17
FNP-U06024,Female,1991-11-23,2026-04-11,Ogun,CMP-004,CH-005,2026-04-17
FNP-U06025,Female,2007-02-13,2026-03-13,Abuja,CMP-002,CH-002,2026-04-23
FNP-U06026,Male,1991-11-11,2026-04-19,Ogun,CMP-004,CH-005,2026-04-23
FNP-U06027,Male,1986-04-13,2026-03-01,Lagos,CMP-004,CH-005,2026-04-15
FNP-U06028,Female,1991-04-23,2026-01-26,Abuja,CMP-002,CH-002,2026-02-07
FNP-U06029,Male,1991-01-27,2026-04-18,Lagos,CMP-001,CH-001,2026-04-20
FNP-U06030,Male,2008-09-05,2026-02-24,Lagos,CMP-005,CH-003,2026-04-19
FNP-U06031,Male,2001-12-17,2026-02-25,Abuja,CMP-006,CH-002,2026-03-30
FNP-U06032,Female,2006-06-06,2026-03-02,Abuja,CMP-005,CH-003,2026-04-13
FNP-U06033,Male,2005-10-23,2026-02-03,Ogun,CMP-001,CH-001,2026-02-25
FNP-U06034,Male,1999-10-21,2026-02-01,Ogun,CMP-002,CH-002,2026-03-01
FNP-U06035,Female,2003-01-21,2026-03-28,Abuja,CMP-002,CH-002,2026-04-21
FNP-U06036,Male,1976-03-15,2026-02-11,Abuja,CMP-002,CH-002,2026-03-27
FNP-U06037,Female,1979-03-08,2026-03-17,Abuja,CMP-003,CH-004,2026-03-29
FNP-U06038,Male,1972-11-05,2026-02-09,Lagos,CMP-002,CH-002,2026-03-22
FNP-U06039,Male,1982-09-15,2026-02-14,Abuja,CMP-003,CH-004,2026-04-24
FNP-U06040,Male,2008-03-25,2026-02-19,Lagos,CMP-005,CH-003,2026-04-25
FNP-U06041,Male,1984-05-10,2026-03-15,Ogun,CMP-006,CH-002,2026-03-24
FNP-U06042,Female,1996-03-08,2026-03-28,Lagos,CMP-005,CH-003,2026-04-07
FNP-U06043,Male,1998-07-16,2026-02-06,Abuja,CMP-006,CH-002,2026-04-18
FNP-U06044,Male,1981-04-20,2026-02-28,Lagos,CMP-001,CH-001,2026-03-04
FNP-U06045,Male,1973-09-15,2026-02-23,Abuja,CMP-002,CH-002,2026-04-02
FNP-U06046,Female,1980-11-23,2026-04-22,Lagos,CMP-003,CH-004,2026-04-22
FNP-U06047,Male,2000-08-07,2026-04-25,Ogun,CMP-004,CH-005,2026-04-25
FNP-U06048,Female,1975-09-02,2026-02-06,Lagos,CMP-006,CH-002,2026-03-27
FNP-U06049,Male,2003-04-27,2026-03-14,Ogun,CMP-006,CH-002,2026-04-03
FNP-U06050,Female,1971-12-03,2026-02-08,Ogun,CMP-003,CH-004,2026-03-03
FNP-U06051,Male,2000-04-19,2026-03-14,Abuja,CMP-003,CH-004,2026-04-20
FNP-U06052,Male,1988-08-01,2026-02-22,Lagos,CMP-003,CH-004,2026-03-28
FNP-U06053,Male,2003-11-13,2026-03-25,Lagos,CMP-004,CH-005,2026-04-25
FNP-U06054,Female,1988-04-02,2026-03-02,Ogun,CMP-003,CH-004,2026-04-06
FNP-U06055,Female,2007-12-20,2026-03-11,Abuja,CMP-004,CH-005,2026-04-21
FNP-U06056,Female,1999-09-04,2026-02-06,Abuja,CMP-005,CH-003,2026-02-18
FNP-U06057,Male,2002-11-07,2026-04-22,Ogun,CMP-005,CH-003,2026-04-24
FNP-U06058,Male,1998-03-12,2026-02-27,Ogun,CMP-005,CH-003,2026-04-10
FNP-U06059,Male,1973-09-02,2026-03-02,Lagos,CMP-002,CH-002,2026-03-27
FNP-U06060,Male,1975-12-27,2026-02-01,Abuja,CMP-003,CH-004,2026-03-29
FNP-U06061,Male,1989-02-26,2026-03-17,Abuja,CMP-003,CH-004,2026-04-09
FNP-U06062,Female,2006-08-16,2026-02-11,Abuja,CMP-002,CH-002,2026-03-08
FNP-U06063,Male,2000-10-11,2026-02-23,Lagos,CMP-005,CH-003,2026-03-08
FNP-U06064,Male,1998-09-02,2026-02-20,Ogun,CMP-001,CH-001,2026-02-26
FNP-U06065,Female,1992-02-15,2026-04-17,Lagos,CMP-005,CH-003,2026-04-19
FNP-U06066,Male,2006-07-01,2026-02-03,Ogun,CMP-001,CH-001,2026-02-18
FNP-U06067,Female,1987-09-03,2026-02-02,Lagos,CMP-001,CH-001,2026-04-19
FNP-U06068,Male,1992-08-11,2026-03-10,Lagos,CMP-004,CH-005,2026-03-25
FNP-U06069,Male,2004-09-14,2026-04-23,Lagos,CMP-002,CH-002,2026-04-24
FNP-U06070,Male,2007-08-17,2026-04-03,Lagos,CMP-001,CH-001,2026-04-22
FNP-U06071,Male,1972-07-02,2026-03-01,Lagos,CMP-002,CH-002,2026-04-11
FNP-U06072,Female,2005-01-22,2026-01-26,Lagos,CMP-005,CH-003,2026-03-27
FNP-U06073,Male,1993-05-16,2026-02-10,Lagos,CMP-004,CH-005,2026-03-01
FNP-U06074,Female,1986-04-27,2026-04-21,Abuja,CMP-002,CH-002,2026-04-25
FNP-U06075,Female,1981-08-12,2026-03-09,Ogun,CMP-001,CH-001,2026-03-23
FNP-U06076,Female,1971-01-20,2026-03-20,Abuja,CMP-006,CH-002,2026-04-21
FNP-U06077,Female,1994-07-01,2026-02-04,Ogun,CMP-006,CH-002,2026-03-24
FNP-U06078,Female,1981-07-26,2026-04-03,Ogun,CMP-003,CH-004,2026-04-16
FNP-U06079,Male,1993-11-03,2026-03-14,Abuja,CMP-004,CH-005,2026-04-20
FNP-U06080,Female,1983-07-26,2026-02-06,Ogun,CMP-006,CH-002,2026-02-25
FNP-U06081,Female,2007-12-01,2026-03-31,Ogun,CMP-001,CH-001,2026-04-19
FNP-U06082,Male,2006-02-09,2026-03-18,Ogun,CMP-001,CH-001,2026-04-01
FNP-U06083,Female,2000-05-16,2026-03-21,Abuja,CMP-004,CH-005,2026-04-13
FNP-U06084,Female,2004-08-10,2026-03-14,Ogun,CMP-003,CH-004,2026-03-16
FNP-U06085,Male,1972-05-04,2026-04-23,Ogun,CMP-003,CH-004,2026-04-24
FNP-U06086,Male,1983-11-24,2026-03-13,Abuja,CMP-002,CH-002,2026-03-28
FNP-U06087,Female,1986-08-09,2026-03-27,Ogun,CMP-004,CH-005,2026-03-27
FNP-U06088,Male,1999-12-16,2026-03-28,Lagos,CMP-003,CH-004,2026-03-31
FNP-U06089,Male,1994-06-25,2026-02-22,Lagos,CMP-006,CH-002,2026-03-21
FNP-U06090,Female,2006-11-22,2026-02-26,Abuja,CMP-005,CH-003,2026-04-14
FNP-U06091,Female,1997-11-20,2026-04-23,Lagos,CMP-006,CH-002,2026-04-24
FNP-U06092,Male,1986-06-23,2026-03-26,Ogun,CMP-003,CH-004,2026-04-20
FNP-U06093,Female,1972-10-18,2026-02-23,Abuja,CMP-006,CH-002,2026-03-31
FNP-U06094,Male,1990-04-03,2026-01-28,Ogun,CMP-001,CH-001,2026-02-26
FNP-U06095,Male,1983-11-13,2026-03-03,Abuja,CMP-001,CH-001,2026-03-27
FNP-U06096,Male,1975-01-16,2026-02-14,Ogun,CMP-002,CH-002,2026-04-09
FNP-U06097,Male,2008-02-11,2026-03-26,Ogun,CMP-005,CH-003,2026-04-14
FNP-U06098,Male,2000-04-28,2026-04-09,Ogun,CMP-001,CH-001,2026-04-25
FNP-U06099,Male,1984-11-08,2026-04-08,Ogun,CMP-003,CH-004,2026-04-24
FNP-U06100,Female,2008-10-12,2026-03-16,Lagos,CMP-006,CH-002,2026-04-14
FNP-U06101,Male,2000-10-08,2026-02-12,Abuja,CMP-002,CH-002,2026-04-10
FNP-U06102,Female,2000-08-19,2026-03-16,Abuja,CMP-004,CH-005,2026-04-17
FNP-U06103,Male,1987-04-02,2026-04-13,Ogun,CMP-004,CH-005,2026-04-14
FNP-U06104,Female,1973-09-23,2026-02-19,Lagos,CMP-003,CH-004,2026-03-18
FNP-U06105,Female,1988-06-02,2026-04-20,Lagos,CMP-001,CH-001,2026-04-22
FNP-U06106,Male,1997-12-20,2026-04-05,Abuja,CMP-005,CH-003,2026-04-25
FNP-U06107,Male,1996-09-12,2026-02-24,Ogun,CMP-005,CH-003,2026-03-18
FNP-U06108,Female,2002-06-24,2026-04-25,Lagos,CMP-005,CH-003,2026-04-25
FNP-U06109,Female,2003-10-21,2026-03-14,Abuja,CMP-004,CH-005,2026-04-25
FNP-U06110,Male,1992-03-13,2026-03-01,Ogun,CMP-005,CH-003,2026-03-27
FNP-U06111,Female,1991-06-01,2026-02-13,Lagos,CMP-003,CH-004,2026-03-30
FNP-U06112,Female,1991-02-02,2026-03-08,Lagos,CMP-002,CH-002,2026-03-09
FNP-U06113,Male,2007-05-15,2026-04-01,Lagos,CMP-006,CH-002,2026-04-21
FNP-U06114,Female,1979-05-11,2026-04-07,Ogun,CMP-003,CH-004,2026-04-09
FNP-U06115,Male,1971-12-16,2026-02-08,Lagos,CMP-006,CH-002,2026-04-07
FNP-U06116,Male,1999-10-23,2026-04-16,Lagos,CMP-005,CH-003,2026-04-19
FNP-U06117,Male,1972-12-19,2026-04-08,Lagos,CMP-006,CH-002,2026-04-16
FNP-U06118,Female,2004-01-13,2026-03-12,Abuja,CMP-004,CH-005,2026-04-08
FNP-U06119,Male,1989-02-01,2026-02-24,Lagos,CMP-001,CH-001,2026-04-21
FNP-U06120,Male,1988-10-11,2026-02-16,Ogun,CMP-003,CH-004,2026-03-05
FNP-U06121,Female,2000-03-15,2026-01-30,Ogun,CMP-005,CH-003,2026-02-22
FNP-U06122,Female,1976-07-25,2026-02-13,Ogun,CMP-003,CH-004,2026-03-28
FNP-U06123,Female,1988-06-05,2026-03-12,Ogun,CMP-004,CH-005,2026-03-26
FNP-U06124,Female,1999-11-05,2026-02-08,Lagos,CMP-002,CH-002,2026-04-15
FNP-U06125,Female,1984-11-09,2026-04-14,Lagos,CMP-002,CH-002,2026-04-15
FNP-U06126,Male,1985-12-21,2026-03-04,Lagos,CMP-001,CH-001,2026-04-02
FNP-U06127,Male,2005-10-07,2026-04-23,Lagos,CMP-001,CH-001,2026-04-24
FNP-U06128,Female,1998-10-16,2026-04-08,Abuja,CMP-003,CH-004,2026-04-25
FNP-U06129,Male,2002-10-03,2026-02-09,Abuja,CMP-004,CH-005,2026-02-14
FNP-U06130,Female,1994-10-06,2026-02-09,Abuja,CMP-004,CH-005,2026-04-05
FNP-U06131,Female,2001-04-16,2026-02-04,Abuja,CMP-005,CH-003,2026-03-23
FNP-U06132,Female,1988-10-20,2026-03-29,Abuja,CMP-006,CH-002,2026-04-16
FNP-U06133,Female,1992-07-03,2026-04-14,Ogun,CMP-005,CH-003,2026-04-14
FNP-U06134,Female,2007-07-15,2026-03-02,Lagos,CMP-006,CH-002,2026-03-23
FNP-U06135,Male,1998-07-08,2026-02-03,Abuja,CMP-005,CH-003,2026-03-20
FNP-U06136,Female,1998-08-05,2026-04-17,Lagos,CMP-005,CH-003,2026-04-25
FNP-U06137,Female,1995-06-10,2026-03-17,Lagos,CMP-004,CH-005,2026-04-07
FNP-U06138,Male,1991-06-10,2026-03-19,Ogun,CMP-005,CH-003,2026-03-22
FNP-U06139,Female,1986-04-19,2026-02-25,Abuja,CMP-001,CH-001,2026-03-27
FNP-U06140,Female,1973-02-19,2026-03-25,Lagos,CMP-003,CH-004,2026-04-08
FNP-U06141,Male,1975-02-25,2026-02-11,Ogun,CMP-003,CH-004,2026-02-23
FNP-U06142,Male,2001-02-11,2026-04-06,Lagos,CMP-001,CH-001,2026-04-17
FNP-U06143,Female,1999-01-08,2026-04-07,Lagos,CMP-001,CH-001,2026-04-09
FNP-U06144,Male,1974-03-21,2026-03-27,Abuja,CMP-002,CH-002,2026-03-27
FNP-U06145,Female,1998-09-08,2026-01-26,Abuja,CMP-001,CH-001,2026-03-11
FNP-U06146,Male,1995-09-21,2026-04-13,Lagos,CMP-006,CH-002,2026-04-18
FNP-U06147,Male,1978-09-21,2026-02-10,Lagos,CMP-002,CH-002,2026-03-29
FNP-U06148,Female,1992-09-17,2026-04-25,Abuja,CMP-006,CH-002,2026-04-25
FNP-U06149,Female,1990-03-08,2026-02-16,Ogun,CMP-006,CH-002,2026-03-12
FNP-U06150,Female,1980-03-28,2026-04-12,Ogun,CMP-002,CH-002,2026-04-16
FNP-U06151,Female,1986-11-19,2026-02-01,Lagos,CMP-001,CH-001,2026-04-21
FNP-U06152,Female,1986-03-04,2026-02-19,Abuja,CMP-006,CH-002,2026-04-05
FNP-U06153,Female,1999-12-03,2026-03-07,Ogun,CMP-002,CH-002,2026-03-26
FNP-U06154,Female,2001-02-20,2026-04-01,Lagos,CMP-003,CH-004,2026-04-12
FNP-U06155,Female,1977-05-28,2026-04-14,Lagos,CMP-002,CH-002,2026-04-17
FNP-U06156,Female,1989-07-05,2026-03-15,Ogun,CMP-001,CH-001,2026-04-15
FNP-U06157,Female,1987-03-09,2026-01-30,Abuja,CMP-006,CH-002,2026-04-01
FNP-U06158,Male,2001-04-05,2026-03-17,Lagos,CMP-003,CH-004,2026-04-01
FNP-U06159,Female,1973-08-09,2026-03-19,Lagos,CMP-003,CH-004,2026-04-12
FNP-U06160,Female,1974-05-21,2026-03-08,Ogun,CMP-002,CH-002,2026-04-18
FNP-U06161,Female,2000-04-13,2026-04-18,Lagos,CMP-003,CH-004,2026-04-19
FNP-U06162,Female,2007-12-15,2026-03-09,Ogun,CMP-005,CH-003,2026-04-15
FNP-U06163,Female,1995-06-06,2026-02-27,Abuja,CMP-003,CH-004,2026-04-15
FNP-U06164,Male,2004-05-21,2026-04-20,Abuja,CMP-001,CH-001,2026-04-23
FNP-U06165,Male,2001-09-11,2026-01-31,Abuja,CMP-002,CH-002,2026-03-30
FNP-U06166,Female,1998-02-10,2026-03-20,Abuja,CMP-003,CH-004,2026-04-19
FNP-U06167,Female,2005-10-25,2026-03-01,Lagos,CMP-004,CH-005,2026-04-16
FNP-U06168,Male,1987-01-10,2026-03-20,Abuja,CMP-003,CH-004,2026-04-20
FNP-U06169,Male,1984-04-03,2026-01-28,Ogun,CMP-006,CH-002,2026-01-31
FNP-U06170,Female,2005-08-01,2026-02-18,Ogun,CMP-005,CH-003,2026-03-30
FNP-U06171,Female,1993-10-28,2026-03-18,Abuja,CMP-005,CH-003,2026-04-04
FNP-U06172,Male,2004-08-11,2026-02-28,Lagos,CMP-006,CH-002,2026-03-22
FNP-U06173,Male,2007-02-07,2026-01-31,Lagos,CMP-005,CH-003,2026-03-20
FNP-U06174,Female,2003-08-24,2026-04-04,Lagos,CMP-003,CH-004,2026-04-05
FNP-U06175,Female,2001-12-02,2026-04-05,Lagos,CMP-002,CH-002,2026-04-17
FNP-U06176,Male,1973-04-06,2026-02-17,Abuja,CMP-002,CH-002,2026-03-08
FNP-U06177,Female,2004-01-24,2026-02-23,Ogun,CMP-005,CH-003,2026-03-10
FNP-U06178,Female,2008-03-03,2026-03-27,Ogun,CMP-005,CH-003,2026-04-10
FNP-U06179,Male,1991-06-13,2026-03-13,Lagos,CMP-004,CH-005,2026-04-15
FNP-U06180,Male,2006-07-05,2026-01-27,Abuja,CMP-005,CH-003,2026-03-16
FNP-U06181,Female,2003-09-15,2026-04-07,Ogun,CMP-001,CH-001,2026-04-08
FNP-U06182,Female,2000-02-15,2026-03-27,Lagos,CMP-001,CH-001,2026-04-24
FNP-U06183,Male,1980-07-06,2026-03-19,Ogun,CMP-002,CH-002,2026-04-13
FNP-U06184,Female,2005-12-18,2026-03-05,Lagos,CMP-005,CH-003,2026-03-07
FNP-U06185,Female,1975-01-11,2026-03-17,Ogun,CMP-003,CH-004,2026-03-22
FNP-U06186,Male,1975-06-06,2026-02-06,Lagos,CMP-002,CH-002,2026-02-16
FNP-U06187,Male,2008-08-19,2026-03-13,Lagos,CMP-001,CH-001,2026-03-21
FNP-U06188,Male,1985-09-06,2026-04-17,Ogun,CMP-002,CH-002,2026-04-20
FNP-U06189,Male,1972-03-23,2026-03-23,Abuja,CMP-003,CH-004,2026-03-30
FNP-U06190,Female,2004-06-09,2026-03-01,Ogun,CMP-004,CH-005,2026-04-09
FNP-U06191,Female,2002-06-15,2026-04-14,Abuja,CMP-005,CH-003,2026-04-20
FNP-U06192,Male,1977-11-22,2026-04-19,Ogun,CMP-003,CH-004,2026-04-21
FNP-U06193,Male,1994-02-18,2026-02-07,Abuja,CMP-002,CH-002,2026-03-09
FNP-U06194,Female,1997-09-14,2026-03-16,Lagos,CMP-005,CH-003,2026-04-21
FNP-U06195,Male,1998-08-10,2026-03-01,Lagos,CMP-002,CH-002,2026-03-20
FNP-U06196,Female,1998-01-01,2026-04-22,Abuja,CMP-004,CH-005,2026-04-23
FNP-U06197,Male,1988-04-23,2026-03-17,Ogun,CMP-003,CH-004,2026-03-22
FNP-U06198,Female,1988-06-10,2026-02-10,Ogun,CMP-004,CH-005,2026-03-13
FNP-U06199,Female,1996-06-02,2026-04-14,Ogun,CMP-004,CH-005,2026-04-21
FNP-U06200,Female,1990-03-20,2026-02-03,Lagos,CMP-002,CH-002,2026-03-31
FNP-U06201,Female,1987-04-16,2026-02-01,Lagos,CMP-001,CH-001,2026-03-02
FNP-U06202,Male,2007-06-26,2026-04-25,Lagos,CMP-005,CH-003,2026-04-25
FNP-U06203,Female,2001-04-15,2026-01-26,Lagos,CMP-005,CH-003,2026-02-09
FNP-U06204,Female,1994-04-27,2026-02-28,Lagos,CMP-006,CH-002,2026-03-24
FNP-U06205,Female,1999-02-06,2026-04-18,Abuja,CMP-002,CH-002,2026-04-21
FNP-U06206,Male,1989-07-19,2026-03-01,Ogun,CMP-004,CH-005,2026-03-15
FNP-U06207,Male,1993-02-10,2026-03-09,Lagos,CMP-001,CH-001,2026-03-20
FNP-U06208,Male,2005-04-22,2026-02-25,Abuja,CMP-002,CH-002,2026-04-02
FNP-U06209,Female,1996-04-24,2026-02-12,Lagos,CMP-001,CH-001,2026-02-19
FNP-U06210,Female,1993-03-13,2026-03-21,Ogun,CMP-005,CH-003,2026-03-24
FNP-U06211,Male,1992-09-07,2026-02-19,Ogun,CMP-006,CH-002,2026-03-29
FNP-U06212,Female,2004-04-19,2026-03-07,Lagos,CMP-004,CH-005,2026-04-18
FNP-U06213,Female,1983-01-22,2026-02-13,Abuja,CMP-006,CH-002,2026-03-09
FNP-U06214,Female,1998-07-05,2026-04-16,Ogun,CMP-005,CH-003,2026-04-25
FNP-U06215,Male,1994-06-14,2026-02-15,Ogun,CMP-003,CH-004,2026-03-24
FNP-U06216,Male,1995-12-05,2026-02-02,Abuja,CMP-003,CH-004,2026-04-20
FNP-U06217,Female,2000-01-13,2026-02-27,Abuja,CMP-006,CH-002,2026-03-03
FNP-U06218,Female,2001-04-02,2026-03-20,Lagos,CMP-005,CH-003,2026-03-20
FNP-U06219,Female,2003-02-26,2026-02-14,Ogun,CMP-004,CH-005,2026-03-11
FNP-U06220,Female,1995-02-02,2026-03-30,Abuja,CMP-005,CH-003,2026-04-22
FNP-U06221,Male,1989-05-21,2026-03-06,Lagos,CMP-001,CH-001,2026-03-21
FNP-U06222,Male,1978-11-10,2026-03-10,Ogun,CMP-003,CH-004,2026-03-24
FNP-U06223,Male,2000-04-08,2026-04-19,Abuja,CMP-003,CH-004,2026-04-23
FNP-U06224,Female,2006-08-13,2026-04-11,Ogun,CMP-002,CH-002,2026-04-16
FNP-U06225,Female,1998-03-25,2026-04-17,Lagos,CMP-005,CH-003,2026-04-17
FNP-U06226,Female,2000-08-19,2026-03-31,Ogun,CMP-005,CH-003,2026-04-08
FNP-U06227,Male,2001-07-09,2026-04-14,Lagos,CMP-003,CH-004,2026-04-20
FNP-U06228,Male,1972-05-12,2026-04-11,Lagos,CMP-003,CH-004,2026-04-19
FNP-U06229,Male,1974-10-25,2026-03-15,Ogun,CMP-003,CH-004,2026-04-23
FNP-U06230,Female,1981-07-20,2026-03-14,Ogun,CMP-002,CH-002,2026-04-04
FNP-U06231,Female,1992-07-23,2026-04-25,Ogun,CMP-002,CH-002,2026-04-25
FNP-U06232,Male,2001-04-04,2026-04-13,Lagos,CMP-006,CH-002,2026-04-21
FNP-U06233,Female,2003-05-18,2026-04-14,Abuja,CMP-005,CH-003,2026-04-17
FNP-U06234,Female,1995-11-20,2026-03-26,Ogun,CMP-001,CH-001,2026-04-02
FNP-U06235,Female,1994-07-13,2026-04-15,Ogun,CMP-003,CH-004,2026-04-23
FNP-U06236,Female,1975-08-16,2026-03-19,Ogun,CMP-002,CH-002,2026-03-21
FNP-U06237,Male,1997-09-09,2026-04-05,Lagos,CMP-005,CH-003,2026-04-08
FNP-U06238,Female,1982-12-28,2026-04-23,Lagos,CMP-003,CH-004,2026-04-25
FNP-U06239,Male,1977-12-21,2026-02-15,Abuja,CMP-006,CH-002,2026-02-23
FNP-U06240,Female,2002-05-02,2026-02-22,Lagos,CMP-004,CH-005,2026-03-06
FNP-U06241,Male,1987-11-20,2026-03-09,Lagos,CMP-001,CH-001,2026-03-14
FNP-U06242,Female,1973-12-20,2026-04-06,Ogun,CMP-003,CH-004,2026-04-22
FNP-U06243,Male,1982-03-15,2026-04-08,Abuja,CMP-002,CH-002,2026-04-21
FNP-U06244,Male,1993-07-19,2026-03-31,Ogun,CMP-006,CH-002,2026-04-10
FNP-U06245,Female,1996-09-12,2026-03-09,Ogun,CMP-005,CH-003,2026-04-09
FNP-U06246,Male,1994-04-28,2026-02-20,Abuja,CMP-005,CH-003,2026-04-09
FNP-U06247,Male,1999-02-22,2026-03-23,Ogun,CMP-005,CH-003,2026-04-16
FNP-U06248,Male,1989-08-22,2026-04-14,Abuja,CMP-003,CH-004,2026-04-25
FNP-U06249,Female,1995-09-19,2026-01-30,Lagos,CMP-006,CH-002,2026-03-03
FNP-U06250,Male,1971-10-14,2026-03-23,Abuja,CMP-006,CH-002,2026-03-26
FNP-U06251,Female,2000-01-09,2026-03-11,Ogun,CMP-004,CH-005,2026-03-31
FNP-U06252,Male,1985-11-03,2026-04-06,Lagos,CMP-006,CH-002,2026-04-25
FNP-U06253,Male,1981-07-02,2026-04-12,Ogun,CMP-003,CH-004,2026-04-18
FNP-U06254,Female,1993-03-27,2026-02-11,Ogun,CMP-003,CH-004,2026-03-15
FNP-U06255,Female,1982-03-23,2026-04-05,Lagos,CMP-002,CH-002,2026-04-10
FNP-U06256,Female,1981-07-25,2026-01-31,Ogun,CMP-001,CH-001,2026-04-03
FNP-U06257,Female,1975-12-10,2026-03-09,Abuja,CMP-002,CH-002,2026-04-05
FNP-U06258,Male,1994-09-20,2026-02-24,Abuja,CMP-001,CH-001,2026-02-24
FNP-U06259,Male,1995-08-07,2026-03-06,Lagos,CMP-005,CH-003,2026-04-09
FNP-U06260,Male,1978-07-04,2026-02-20,Abuja,CMP-003,CH-004,2026-04-01
FNP-U06261,Female,1986-12-23,2026-02-12,Lagos,CMP-004,CH-005,2026-02-15
FNP-U06262,Female,1995-05-14,2026-03-21,Abuja,CMP-005,CH-003,2026-04-03
FNP-U06263,Female,1992-09-08,2026-03-27,Abuja,CMP-003,CH-004,2026-04-24
FNP-U06264,Female,2006-02-12,2026-03-20,Abuja,CMP-001,CH-001,2026-03-26
FNP-U06265,Female,1999-03-05,2026-04-14,Lagos,CMP-003,CH-004,2026-04-22
FNP-U06266,Male,1991-03-09,2026-03-05,Lagos,CMP-001,CH-001,2026-03-06
FNP-U06267,Female,1994-04-07,2026-04-08,Abuja,CMP-001,CH-001,2026-04-23
FNP-U06268,Male,1999-12-15,2026-02-22,Abuja,CMP-004,CH-005,2026-04-11
FNP-U06269,Female,1989-05-11,2026-04-08,Lagos,CMP-006,CH-002,2026-04-12
FNP-U06270,Female,2000-04-24,2026-02-21,Ogun,CMP-004,CH-005,2026-04-23
FNP-U06271,Male,1994-12-22,2026-02-25,Ogun,CMP-006,CH-002,2026-04-04
FNP-U06272,Female,2006-05-26,2026-02-15,Lagos,CMP-001,CH-001,2026-04-07
FNP-U06273,Female,2004-05-03,2026-03-30,Abuja,CMP-004,CH-005,2026-04-02
FNP-U06274,Male,1995-02-15,2026-03-26,Lagos,CMP-002,CH-002,2026-03-30
FNP-U06275,Male,1995-05-27,2026-02-22,Ogun,CMP-002,CH-002,2026-04-05
FNP-U06276,Male,1987-09-12,2026-04-16,Abuja,CMP-006,CH-002,2026-04-19
FNP-U06277,Female,1985-12-02,2026-04-02,Ogun,CMP-003,CH-004,2026-04-20
FNP-U06278,Male,1999-02-22,2026-04-09,Abuja,CMP-002,CH-002,2026-04-25
FNP-U06279,Female,1978-06-04,2026-02-27,Lagos,CMP-003,CH-004,2026-03-17
FNP-U06280,Male,1977-04-23,2026-03-23,Abuja,CMP-006,CH-002,2026-04-05
FNP-U06281,Male,1987-08-19,2026-02-23,Lagos,CMP-002,CH-002,2026-03-15
FNP-U06282,Male,1995-06-07,2026-01-26,Abuja,CMP-006,CH-002,2026-02-15
FNP-U06283,Female,1998-03-01,2026-02-04,Lagos,CMP-005,CH-003,2026-02-10
FNP-U06284,Male,1988-12-07,2026-02-10,Abuja,CMP-003,CH-004,2026-03-30
FNP-U06285,Female,2008-12-18,2026-04-13,Lagos,CMP-006,CH-002,2026-04-23
FNP-U06286,Male,2005-12-08,2026-02-25,Ogun,CMP-006,CH-002,2026-02-25
FNP-U06287,Female,2001-08-01,2026-02-19,Ogun,CMP-005,CH-003,2026-03-01
FNP-U06288,Male,1989-11-23,2026-04-10,Ogun,CMP-001,CH-001,2026-04-20
FNP-U06289,Male,1991-11-10,2026-04-04,Lagos,CMP-004,CH-005,2026-04-18
FNP-U06290,Female,1997-03-04,2026-03-28,Abuja,CMP-005,CH-003,2026-04-14
FNP-U06291,Male,1999-05-01,2026-02-08,Ogun,CMP-006,CH-002,2026-03-05
FNP-U06292,Male,1995-04-26,2026-03-01,Lagos,CMP-004,CH-005,2026-04-02
FNP-U06293,Female,1998-07-28,2026-03-28,Lagos,CMP-003,CH-004,2026-04-05
FNP-U06294,Male,1995-12-07,2026-02-17,Abuja,CMP-004,CH-005,2026-02-21
FNP-U06295,Female,1983-04-26,2026-03-08,Lagos,CMP-001,CH-001,2026-03-21
FNP-U06296,Male,1985-01-16,2026-01-26,Lagos,CMP-001,CH-001,2026-02-08
FNP-U06297,Male,2002-08-25,2026-03-10,Abuja,CMP-006,CH-002,2026-04-17
FNP-U06298,Male,2003-11-03,2026-03-01,Lagos,CMP-004,CH-005,2026-03-28
FNP-U06299,Female,1974-12-05,2026-03-10,Ogun,CMP-002,CH-002,2026-04-23
FNP-U06300,Female,1992-05-13,2026-02-23,Lagos,CMP-005,CH-003,2026-03-12
FNP-U06301,Male,1997-01-18,2026-02-11,Abuja,CMP-001,CH-001,2026-03-07
FNP-U06302,Male,1991-05-03,2026-01-26,Lagos,CMP-004,CH-005,2026-02-06
FNP-U06303,Male,1971-01-09,2026-02-16,Ogun,CMP-002,CH-002,2026-02-18
FNP-U06304,Female,1974-07-04,2026-03-23,Lagos,CMP-003,CH-004,2026-04-06
FNP-U06305,Male,1987-06-19,2026-03-18,Ogun,CMP-002,CH-002,2026-03-31
FNP-U06306,Female,2008-06-10,2026-04-17,Abuja,CMP-002,CH-002,2026-04-17
FNP-U06307,Female,1977-10-03,2026-04-10,Ogun,CMP-006,CH-002,2026-04-23
FNP-U06308,Male,2002-09-08,2026-01-29,Ogun,CMP-002,CH-002,2026-02-20
FNP-U06309,Female,1995-03-16,2026-02-11,Abuja,CMP-003,CH-004,2026-03-17
FNP-U06310,Male,2000-08-06,2026-02-16,Lagos,CMP-004,CH-005,2026-02-16
FNP-U06311,Male,2002-09-17,2026-02-06,Abuja,CMP-006,CH-002,2026-03-03
FNP-U06312,Female,2008-09-17,2026-01-27,Ogun,CMP-006,CH-002,2026-04-09
FNP-U06313,Female,1985-01-05,2026-04-08,Abuja,CMP-003,CH-004,2026-04-21
FNP-U06314,Female,2006-04-27,2026-03-05,Ogun,CMP-005,CH-003,2026-04-04
FNP-U06315,Female,2008-07-04,2026-03-13,Lagos,CMP-005,CH-003,2026-03-29
FNP-U06316,Female,1997-04-05,2026-04-15,Ogun,CMP-002,CH-002,2026-04-16
FNP-U06317,Female,2004-07-10,2026-03-31,Ogun,CMP-006,CH-002,2026-04-03
FNP-U06318,Female,1995-08-22,2026-04-05,Ogun,CMP-004,CH-005,2026-04-12
FNP-U06319,Female,2001-05-13,2026-04-04,Abuja,CMP-006,CH-002,2026-04-22
FNP-U06320,Male,1993-02-13,2026-02-07,Lagos,CMP-005,CH-003,2026-04-14
FNP-U06321,Female,1994-06-07,2026-03-10,Abuja,CMP-002,CH-002,2026-04-24
FNP-U06322,Female,1991-01-16,2026-03-03,Ogun,CMP-002,CH-002,2026-04-15
FNP-U06323,Male,1994-08-03,2026-04-03,Ogun,CMP-002,CH-002,2026-04-17
FNP-U06324,Male,2003-03-09,2026-02-16,Ogun,CMP-003,CH-004,2026-04-07
FNP-U06325,Male,2001-05-21,2026-03-28,Ogun,CMP-003,CH-004,2026-04-21
FNP-U06326,Male,1987-12-03,2026-02-07,Lagos,CMP-001,CH-001,2026-03-01
FNP-U06327,Male,1978-02-08,2026-01-28,Lagos,CMP-006,CH-002,2026-02-10
FNP-U06328,Male,1989-11-19,2026-04-11,Abuja,CMP-004,CH-005,2026-04-14
FNP-U06329,Male,1985-12-02,2026-03-22,Abuja,CMP-001,CH-001,2026-04-22
FNP-U06330,Female,1997-11-14,2026-03-13,Ogun,CMP-005,CH-003,2026-04-07
FNP-U06331,Female,2006-08-16,2026-04-21,Abuja,CMP-002,CH-002,2026-04-24
FNP-U06332,Male,1987-02-25,2026-02-09,Lagos,CMP-004,CH-005,2026-03-05
FNP-U06333,Male,1979-10-13,2026-02-20,Lagos,CMP-003,CH-004,2026-03-13
FNP-U06334,Female,2004-02-10,2026-03-31,Lagos,CMP-005,CH-003,2026-04-05
FNP-U06335,Female,2007-06-08,2026-02-05,Lagos,CMP-001,CH-001,2026-02-20
FNP-U06336,Male,2004-08-27,2026-02-25,Ogun,CMP-002,CH-002,2026-04-18
FNP-U06337,Male,1984-07-10,2026-02-28,Lagos,CMP-002,CH-002,2026-04-11
FNP-U06338,Female,2004-09-12,2026-04-17,Ogun,CMP-001,CH-001,2026-04-21
FNP-U06339,Male,1995-01-02,2026-03-26,Ogun,CMP-001,CH-001,2026-04-13
FNP-U06340,Female,1976-12-12,2026-03-11,Lagos,CMP-002,CH-002,2026-04-12
FNP-U06341,Male,2001-07-07,2026-03-23,Ogun,CMP-005,CH-003,2026-04-10
FNP-U06342,Female,1988-10-04,2026-03-03,Abuja,CMP-004,CH-005,2026-04-13
FNP-U06343,Male,1985-10-10,2026-04-05,Ogun,CMP-003,CH-004,2026-04-15
FNP-U06344,Female,1987-10-01,2026-02-27,Ogun,CMP-001,CH-001,2026-03-26
FNP-U06345,Female,2007-02-28,2026-02-02,Ogun,CMP-006,CH-002,2026-02-06
FNP-U06346,Female,1974-10-05,2026-03-25,Lagos,CMP-006,CH-002,2026-04-02
FNP-U06347,Male,2004-01-15,2026-03-15,Abuja,CMP-006,CH-002,2026-03-25
FNP-U06348,Female,2003-04-28,2026-04-07,Lagos,CMP-006,CH-002,2026-04-12
FNP-U06349,Female,2001-08-14,2026-02-10,Ogun,CMP-002,CH-002,2026-04-13
FNP-U06350,Male,1978-03-27,2026-02-02,Lagos,CMP-003,CH-004,2026-04-25
FNP-U06351,Male,2003-05-26,2026-03-04,Lagos,CMP-004,CH-005,2026-03-15
FNP-U06352,Male,2008-09-14,2026-02-25,Ogun,CMP-004,CH-005,2026-04-04
FNP-U06353,Male,2000-06-22,2026-02-12,Abuja,CMP-005,CH-003,2026-03-10
FNP-U06354,Male,1999-07-28,2026-03-10,Abuja,CMP-005,CH-003,2026-04-23
FNP-U06355,Male,2004-11-02,2026-02-23,Lagos,CMP-005,CH-003,2026-03-27
FNP-U06356,Male,1984-08-01,2026-03-29,Abuja,CMP-002,CH-002,2026-04-15
FNP-U06357,Female,2004-08-13,2026-02-16,Lagos,CMP-004,CH-005,2026-04-17
FNP-U06358,Male,2000-03-19,2026-04-04,Abuja,CMP-005,CH-003,2026-04-25
FNP-U06359,Female,1995-11-07,2026-02-27,Abuja,CMP-005,CH-003,2026-03-20
FNP-U06360,Male,2004-02-12,2026-02-05,Ogun,CMP-004,CH-005,2026-03-28
FNP-U06361,Male,2000-08-16,2026-04-14,Ogun,CMP-002,CH-002,2026-04-25
FNP-U06362,Female,1984-05-17,2026-02-01,Ogun,CMP-001,CH-001,2026-02-16
FNP-U06363,Female,2004-06-22,2026-03-03,Ogun,CMP-005,CH-003,2026-04-04
FNP-U06364,Male,2004-04-03,2026-02-13,Lagos,CMP-005,CH-003,2026-04-12
FNP-U06365,Male,1983-09-03,2026-02-12,Abuja,CMP-006,CH-002,2026-02-24
FNP-U06366,Female,2007-08-15,2026-03-21,Abuja,CMP-005,CH-003,2026-03-26
FNP-U06367,Male,1991-11-20,2026-02-28,Lagos,CMP-001,CH-001,2026-04-04
FNP-U06368,Male,1980-07-20,2026-02-02,Lagos,CMP-006,CH-002,2026-04-05
FNP-U06369,Female,1972-03-20,2026-02-14,Ogun,CMP-002,CH-002,2026-02-22
FNP-U06370,Female,1986-07-24,2026-03-18,Lagos,CMP-006,CH-002,2026-04-24
FNP-U06371,Female,1988-09-14,2026-02-07,Abuja,CMP-006,CH-002,2026-03-01
FNP-U06372,Female,1975-12-16,2026-02-18,Ogun,CMP-002,CH-002,2026-03-16
FNP-U06373,Female,1981-10-01,2026-04-24,Abuja,CMP-001,CH-001,2026-04-25
FNP-U06374,Female,2007-03-07,2026-02-09,Abuja,CMP-005,CH-003,2026-03-19
FNP-U06375,Female,1992-09-09,2026-03-20,Ogun,CMP-001,CH-001,2026-04-17
FNP-U06376,Female,2004-10-20,2026-02-24,Abuja,CMP-006,CH-002,2026-04-08
FNP-U06377,Female,1971-03-16,2026-03-10,Lagos,CMP-002,CH-002,2026-03-15
FNP-U06378,Female,1985-03-13,2026-03-30,Lagos,CMP-003,CH-004,2026-04-16
FNP-U06379,Male,1990-09-21,2026-02-01,Abuja,CMP-004,CH-005,2026-02-19
FNP-U06380,Female,1989-11-07,2026-04-14,Ogun,CMP-004,CH-005,2026-04-19
FNP-U06381,Male,1999-09-23,2026-02-26,Lagos,CMP-003,CH-004,2026-04-01
FNP-U06382,Female,1983-07-20,2026-02-23,Abuja,CMP-003,CH-004,2026-04-04
FNP-U06383,Female,1995-10-09,2026-02-11,Abuja,CMP-005,CH-003,2026-02-14
FNP-U06384,Male,1986-08-12,2026-04-20,Abuja,CMP-002,CH-002,2026-04-24
FNP-U06385,Male,1984-03-18,2026-02-14,Ogun,CMP-003,CH-004,2026-03-27
FNP-U06386,Male,2007-03-10,2026-02-24,Lagos,CMP-002,CH-002,2026-04-22
FNP-U06387,Female,1972-06-12,2026-02-09,Lagos,CMP-003,CH-004,2026-02-21
FNP-U06388,Female,1994-03-10,2026-04-04,Abuja,CMP-005,CH-003,2026-04-23
FNP-U06389,Female,2002-10-12,2026-04-14,Ogun,CMP-003,CH-004,2026-04-24
FNP-U06390,Male,1982-02-14,2026-03-22,Lagos,CMP-002,CH-002,2026-04-10
FNP-U06391,Female,1997-10-28,2026-04-04,Abuja,CMP-006,CH-002,2026-04-07
FNP-U06392,Female,1982-09-27,2026-03-20,Ogun,CMP-003,CH-004,2026-04-05
FNP-U06393,Male,2006-04-22,2026-04-09,Lagos,CMP-004,CH-005,2026-04-16
FNP-U06394,Female,2000-01-18,2026-02-25,Lagos,CMP-004,CH-005,2026-03-12
FNP-U06395,Female,2004-03-22,2026-04-15,Ogun,CMP-003,CH-004,2026-04-21
FNP-U06396,Male,1996-05-22,2026-03-17,Lagos,CMP-005,CH-003,2026-04-21
FNP-U06397,Male,1993-03-12,2026-04-11,Ogun,CMP-004,CH-005,2026-04-12
FNP-U06398,Female,1994-01-19,2026-03-10,Abuja,CMP-005,CH-003,2026-04-19
FNP-U06399,Male,1990-08-11,2026-03-30,Ogun,CMP-001,CH-001,2026-04-07
FNP-U06400,Male,1974-11-09,2026-03-21,Abuja,CMP-003,CH-004,2026-04-01
FNP-U06401,Female,1973-10-07,2026-03-13,Abuja,CMP-003,CH-004,2026-04-17
FNP-U06402,Female,2006-02-16,2026-01-26,Ogun,CMP-004,CH-005,2026-02-23
FNP-U06403,Male,1996-04-15,2026-02-17,Lagos,CMP-005,CH-003,2026-02-23
FNP-U06404,Female,1984-06-07,2026-03-17,Ogun,CMP-001,CH-001,2026-04-03
FNP-U06405,Female,1995-10-08,2026-04-11,Ogun,CMP-002,CH-002,2026-04-20
FNP-U06406,Male,2003-08-09,2026-02-25,Lagos,CMP-003,CH-004,2026-03-18
FNP-U06407,Female,1987-01-04,2026-03-23,Abuja,CMP-006,CH-002,2026-03-23
FNP-U06408,Male,1972-06-25,2026-03-15,Lagos,CMP-002,CH-002,2026-03-19
FNP-U06409,Male,1989-12-07,2026-02-01,Lagos,CMP-004,CH-005,2026-02-14
FNP-U06410,Female,1993-08-27,2026-03-21,Lagos,CMP-003,CH-004,2026-04-09
FNP-U06411,Female,2007-09-08,2026-04-21,Ogun,CMP-004,CH-005,2026-04-25
FNP-U06412,Male,1998-08-24,2026-03-02,Ogun,CMP-006,CH-002,2026-04-19
FNP-U06413,Female,1985-05-24,2026-04-20,Lagos,CMP-003,CH-004,2026-04-23
FNP-U06414,Male,2008-08-03,2026-03-29,Abuja,CMP-006,CH-002,2026-04-13
FNP-U06415,Female,1975-11-24,2026-04-14,Abuja,CMP-002,CH-002,2026-04-14
FNP-U06416,Female,1979-05-27,2026-04-12,Ogun,CMP-003,CH-004,2026-04-19
FNP-U06417,Female,1995-05-08,2026-03-19,Lagos,CMP-005,CH-003,2026-04-10
FNP-U06418,Male,1972-09-10,2026-02-02,Ogun,CMP-006,CH-002,2026-03-28
FNP-U06419,Female,1998-06-11,2026-04-07,Ogun,CMP-006,CH-002,2026-04-14
FNP-U06420,Male,1999-10-19,2026-02-13,Ogun,CMP-005,CH-003,2026-04-13
FNP-U06421,Female,1996-09-12,2026-03-15,Lagos,CMP-003,CH-004,2026-03-24
FNP-U06422,Male,1982-10-14,2026-02-06,Abuja,CMP-002,CH-002,2026-02-28
FNP-U06423,Female,2001-01-07,2026-04-18,Abuja,CMP-006,CH-002,2026-04-21
FNP-U06424,Male,1990-06-24,2026-04-20,Abuja,CMP-004,CH-005,2026-04-24
FNP-U06425,Male,1971-05-02,2026-03-31,Lagos,CMP-002,CH-002,2026-04-03
FNP-U06426,Female,2003-12-23,2026-02-27,Abuja,CMP-006,CH-002,2026-02-27
FNP-U06427,Female,1988-03-17,2026-02-22,Ogun,CMP-001,CH-001,2026-04-21
FNP-U06428,Female,1998-06-11,2026-02-27,Lagos,CMP-005,CH-003,2026-03-03
FNP-U06429,Female,1998-05-18,2026-02-27,Lagos,CMP-004,CH-005,2026-03-28
FNP-U06430,Female,1997-10-05,2026-02-01,Ogun,CMP-003,CH-004,2026-04-05
FNP-U06431,Female,1985-01-24,2026-02-10,Lagos,CMP-001,CH-001,2026-02-25
FNP-U06432,Female,1993-10-22,2026-02-06,Abuja,CMP-006,CH-002,2026-04-01
FNP-U06433,Male,1995-01-09,2026-01-26,Lagos,CMP-002,CH-002,2026-04-14
FNP-U06434,Female,1977-06-03,2026-02-12,Ogun,CMP-003,CH-004,2026-04-02
FNP-U06435,Female,1992-06-02,2026-04-03,Abuja,CMP-005,CH-003,2026-04-18
FNP-U06436,Male,2004-04-12,2026-02-19,Lagos,CMP-005,CH-003,2026-04-22
FNP-U06437,Female,1973-11-24,2026-04-22,Abuja,CMP-002,CH-002,2026-04-24
FNP-U06438,Male,1995-06-26,2026-03-03,Ogun,CMP-001,CH-001,2026-04-08
FNP-U06439,Female,2004-09-25,2026-04-20,Abuja,CMP-006,CH-002,2026-04-25
FNP-U06440,Male,1989-08-03,2026-03-09,Abuja,CMP-002,CH-002,2026-04-25
FNP-U06441,Male,2001-09-17,2026-04-24,Abuja,CMP-001,CH-001,2026-04-25
FNP-U06442,Male,1998-02-19,2026-03-23,Abuja,CMP-005,CH-003,2026-03-24
FNP-U06443,Female,1977-02-09,2026-02-15,Abuja,CMP-003,CH-004,2026-04-25
FNP-U06444,Female,2002-08-26,2026-02-14,Abuja,CMP-004,CH-005,2026-03-19
FNP-U06445,Female,1979-07-11,2026-03-12,Lagos,CMP-003,CH-004,2026-03-31
FNP-U06446,Male,1987-05-04,2026-03-19,Abuja,CMP-001,CH-001,2026-03-31
FNP-U06447,Male,2003-07-03,2026-03-26,Ogun,CMP-006,CH-002,2026-04-05
FNP-U06448,Male,1987-12-20,2026-03-24,Lagos,CMP-006,CH-002,2026-04-17
FNP-U06449,Female,1980-02-01,2026-03-10,Abuja,CMP-003,CH-004,2026-03-23
FNP-U06450,Male,1982-08-01,2026-02-21,Ogun,CMP-006,CH-002,2026-04-07
FNP-U06451,Male,1992-08-24,2026-04-10,Abuja,CMP-005,CH-003,2026-04-12
FNP-U06452,Male,1980-02-09,2026-02-02,Abuja,CMP-002,CH-002,2026-02-27
FNP-U06453,Female,1998-03-09,2026-03-23,Lagos,CMP-004,CH-005,2026-04-06
FNP-U06454,Male,1994-07-12,2026-03-31,Abuja,CMP-004,CH-005,2026-04-08
FNP-U06455,Male,1999-07-03,2026-02-17,Ogun,CMP-006,CH-002,2026-03-19
FNP-U06456,Female,2004-12-22,2026-02-14,Ogun,CMP-001,CH-001,2026-02-21
FNP-U06457,Female,1981-10-23,2026-03-12,Abuja,CMP-003,CH-004,2026-04-12
FNP-U06458,Female,1994-02-11,2026-03-16,Ogun,CMP-001,CH-001,2026-03-29
FNP-U06459,Female,1994-03-02,2026-04-22,Ogun,CMP-001,CH-001,2026-04-23
FNP-U06460,Female,1994-08-24,2026-03-11,Ogun,CMP-005,CH-003,2026-04-06
FNP-U06461,Female,2006-05-07,2026-03-26,Abuja,CMP-004,CH-005,2026-04-21
FNP-U06462,Male,2003-07-20,2026-04-05,Abuja,CMP-002,CH-002,2026-04-22
FNP-U06463,Female,1986-10-22,2026-03-18,Abuja,CMP-002,CH-002,2026-04-08
FNP-U06464,Female,2002-03-04,2026-03-08,Ogun,CMP-005,CH-003,2026-03-18
FNP-U06465,Male,1999-08-22,2026-02-15,Ogun,CMP-005,CH-003,2026-03-08
FNP-U06466,Female,1996-04-05,2026-03-13,Lagos,CMP-004,CH-005,2026-04-03
FNP-U06467,Female,1999-12-18,2026-02-10,Lagos,CMP-001,CH-001,2026-04-02
FNP-U06468,Female,1978-05-13,2026-02-28,Ogun,CMP-006,CH-002,2026-04-24
FNP-U06469,Male,1973-11-12,2026-02-24,Ogun,CMP-006,CH-002,2026-03-31
FNP-U06470,Female,2007-10-22,2026-04-19,Lagos,CMP-001,CH-001,2026-04-22
FNP-U06471,Male,1985-06-15,2026-03-12,Ogun,CMP-001,CH-001,2026-04-01
FNP-U06472,Female,1996-05-21,2026-02-24,Abuja,CMP-001,CH-001,2026-03-13
FNP-U06473,Female,1990-10-18,2026-03-23,Abuja,CMP-004,CH-005,2026-03-30
FNP-U06474,Female,1998-06-08,2026-02-25,Ogun,CMP-006,CH-002,2026-04-21
FNP-U06475,Male,1980-02-27,2026-01-29,Lagos,CMP-003,CH-004,2026-03-08
FNP-U06476,Female,1994-05-11,2026-04-19,Abuja,CMP-005,CH-003,2026-04-22
FNP-U06477,Female,1997-08-08,2026-03-08,Lagos,CMP-003,CH-004,2026-04-10
FNP-U06478,Female,2003-10-08,2026-04-17,Abuja,CMP-001,CH-001,2026-04-21
FNP-U06479,Male,1994-01-28,2026-02-12,Lagos,CMP-001,CH-001,2026-03-08
FNP-U06480,Male,1974-03-19,2026-02-19,Abuja,CMP-006,CH-002,2026-03-08
FNP-U06481,Female,2003-04-07,2026-03-16,Ogun,CMP-001,CH-001,2026-04-21
FNP-U06482,Female,1996-04-26,2026-03-13,Abuja,CMP-004,CH-005,2026-03-13
FNP-U06483,Female,1989-01-24,2026-02-15,Lagos,CMP-001,CH-001,2026-03-18
FNP-U06484,Female,2008-05-23,2026-04-10,Lagos,CMP-004,CH-005,2026-04-23
FNP-U06485,Male,2000-06-15,2026-01-31,Abuja,CMP-005,CH-003,2026-03-06
FNP-U06486,Male,1986-08-16,2026-03-26,Lagos,CMP-004,CH-005,2026-04-21
FNP-U06487,Male,1994-04-26,2026-03-14,Abuja,CMP-003,CH-004,2026-03-29
FNP-U06488,Male,2000-11-15,2026-04-17,Abuja,CMP-001,CH-001,2026-04-20
FNP-U06489,Male,2001-08-23,2026-04-25,Abuja,CMP-004,CH-005,2026-04-25
FNP-U06490,Male,2000-05-04,2026-02-10,Lagos,CMP-005,CH-003,2026-02-11
FNP-U06491,Male,2007-03-27,2026-02-13,Ogun,CMP-001,CH-001,2026-03-12
FNP-U06492,Female,2002-10-12,2026-02-20,Lagos,CMP-002,CH-002,2026-04-11
FNP-U06493,Male,1996-07-24,2026-02-17,Ogun,CMP-004,CH-005,2026-02-18
FNP-U06494,Male,2000-04-04,2026-02-23,Ogun,CMP-003,CH-004,2026-03-31
FNP-U06495,Female,1999-02-26,2026-04-10,Abuja,CMP-004,CH-005,2026-04-12
FNP-U06496,Female,2008-04-19,2026-02-28,Abuja,CMP-005,CH-003,2026-04-15
FNP-U06497,Female,1995-01-18,2026-02-09,Ogun,CMP-005,CH-003,2026-03-16
FNP-U06498,Male,1980-02-14,2026-04-23,Ogun,CMP-006,CH-002,2026-04-25
FNP-U06499,Male,2002-06-14,2026-03-06,Ogun,CMP-006,CH-002,2026-03-20
FNP-U06500,Female,1998-02-13,2026-01-27,Lagos,CMP-003,CH-004,2026-04-17
FNP-U06501,Female,1993-10-07,2026-02-07,Abuja,CMP-004,CH-005,2026-04-14
FNP-U06502,Female,1989-10-06,2026-03-11,Abuja,CMP-002,CH-002,2026-04-14
FNP-U06503,Male,2001-06-19,2026-02-20,Abuja,CMP-005,CH-003,2026-03-01
FNP-U06504,Female,1992-10-04,2026-02-14,Ogun,CMP-005,CH-003,2026-02-14
FNP-U06505,Female,1989-04-17,2026-02-06,Abuja,CMP-003,CH-004,2026-02-27
FNP-U06506,Female,2006-02-21,2026-02-21,Ogun,CMP-002,CH-002,2026-03-02
FNP-U06507,Female,1981-08-14,2026-03-18,Lagos,CMP-001,CH-001,2026-04-07
FNP-U06508,Female,2003-09-19,2026-04-18,Abuja,CMP-002,CH-002,2026-04-21
FNP-U06509,Female,2008-05-09,2026-04-24,Ogun,CMP-002,CH-002,2026-04-24
FNP-U06510,Male,2005-04-10,2026-02-24,Ogun,CMP-005,CH-003,2026-02-26
FNP-U06511,Male,2004-06-21,2026-02-23,Lagos,CMP-004,CH-005,2026-03-28
FNP-U06512,Female,2002-07-12,2026-04-18,Abuja,CMP-001,CH-001,2026-04-18
FNP-U06513,Female,1990-10-10,2026-03-15,Abuja,CMP-006,CH-002,2026-04-07
FNP-U06514,Male,1998-11-27,2026-01-29,Lagos,CMP-002,CH-002,2026-02-20
FNP-U06515,Male,1972-09-06,2026-02-19,Abuja,CMP-006,CH-002,2026-02-19
FNP-U06516,Male,2001-04-15,2026-02-15,Ogun,CMP-001,CH-001,2026-02-28
FNP-U06517,Female,2008-07-24,2026-03-12,Lagos,CMP-001,CH-001,2026-04-25
FNP-U06518,Female,2003-11-26,2026-03-02,Ogun,CMP-004,CH-005,2026-04-04
FNP-U06519,Male,2008-12-01,2026-02-17,Ogun,CMP-004,CH-005,2026-04-03
FNP-U06520,Male,1984-05-08,2026-02-25,Lagos,CMP-002,CH-002,2026-03-20
FNP-U06521,Female,1991-01-18,2026-02-26,Ogun,CMP-005,CH-003,2026-04-20
FNP-U06522,Female,2004-11-10,2026-02-21,Ogun,CMP-001,CH-001,2026-04-18
FNP-U06523,Male,1999-11-05,2026-04-04,Abuja,CMP-003,CH-004,2026-04-15
FNP-U06524,Male,1999-07-11,2026-02-16,Lagos,CMP-003,CH-004,2026-04-04
FNP-U06525,Male,1983-10-21,2026-02-28,Ogun,CMP-006,CH-002,2026-04-03
FNP-U06526,Female,2006-04-01,2026-02-02,Ogun,CMP-005,CH-003,2026-03-21
FNP-U06527,Female,1997-09-05,2026-03-16,Abuja,CMP-003,CH-004,2026-04-10
FNP-U06528,Female,1973-08-13,2026-04-12,Ogun,CMP-003,CH-004,2026-04-12
FNP-U06529,Female,1996-01-23,2026-02-11,Abuja,CMP-004,CH-005,2026-02-22
FNP-U06530,Male,1985-02-25,2026-03-21,Abuja,CMP-003,CH-004,2026-04-12
FNP-U06531,Female,2000-03-23,2026-03-31,Ogun,CMP-002,CH-002,2026-04-01
FNP-U06532,Male,1999-09-24,2026-02-21,Lagos,CMP-002,CH-002,2026-02-26
FNP-U06533,Male,1992-06-21,2026-02-12,Lagos,CMP-005,CH-003,2026-03-02
FNP-U06534,Male,2002-01-09,2026-03-04,Lagos,CMP-001,CH-001,2026-04-16
FNP-U06535,Female,1989-03-03,2026-01-26,Abuja,CMP-004,CH-005,2026-03-06
FNP-U06536,Female,1985-08-05,2026-03-29,Ogun,CMP-003,CH-004,2026-04-12
FNP-U06537,Male,1971-10-02,2026-04-01,Lagos,CMP-003,CH-004,2026-04-23
FNP-U06538,Female,1991-02-22,2026-02-10,Ogun,CMP-002,CH-002,2026-03-16
FNP-U06539,Female,1998-12-10,2026-02-07,Abuja,CMP-002,CH-002,2026-04-08
FNP-U06540,Female,1999-07-16,2026-03-03,Ogun,CMP-001,CH-001,2026-04-24
FNP-U06541,Female,1999-01-04,2026-02-10,Abuja,CMP-006,CH-002,2026-04-13
FNP-U06542,Male,1995-01-07,2026-03-28,Abuja,CMP-004,CH-005,2026-04-12
FNP-U06543,Male,1988-03-21,2026-02-02,Abuja,CMP-006,CH-002,2026-03-07
FNP-U06544,Male,1983-01-16,2026-04-23,Ogun,CMP-001,CH-001,2026-04-23
FNP-U06545,Male,1990-06-09,2026-03-24,Lagos,CMP-006,CH-002,2026-04-04
FNP-U06546,Male,1997-12-21,2026-03-05,Abuja,CMP-005,CH-003,2026-04-09
FNP-U06547,Female,1990-06-21,2026-03-06,Abuja,CMP-002,CH-002,2026-03-20
FNP-U06548,Female,1983-12-10,2026-03-07,Ogun,CMP-003,CH-004,2026-04-16
FNP-U06549,Female,1988-09-14,2026-03-01,Lagos,CMP-003,CH-004,2026-03-23
FNP-U06550,Female,1997-09-15,2026-03-23,Ogun,CMP-001,CH-001,2026-04-19
FNP-U06551,Male,1992-09-23,2026-03-17,Abuja,CMP-004,CH-005,2026-04-17
FNP-U06552,Female,1997-07-27,2026-03-13,Ogun,CMP-005,CH-003,2026-04-24
FNP-U06553,Female,2003-10-09,2026-03-12,Ogun,CMP-001,CH-001,2026-04-16
FNP-U06554,Male,2007-09-16,2026-03-12,Ogun,CMP-001,CH-001,2026-04-22
FNP-U06555,Male,1990-04-18,2026-04-18,Ogun,CMP-002,CH-002,2026-04-20
FNP-U06556,Male,1999-03-27,2026-03-10,Abuja,CMP-005,CH-003,2026-04-24
FNP-U06557,Male,2000-12-04,2026-01-26,Lagos,CMP-005,CH-003,2026-02-14
FNP-U06558,Female,2002-06-20,2026-04-25,Lagos,CMP-005,CH-003,2026-04-25
FNP-U06559,Female,1997-08-11,2026-03-01,Ogun,CMP-003,CH-004,2026-03-17
FNP-U06560,Male,1974-03-08,2026-03-20,Lagos,CMP-006,CH-002,2026-04-02
FNP-U06561,Male,1980-03-04,2026-04-24,Ogun,CMP-003,CH-004,2026-04-24
FNP-U06562,Male,1999-05-24,2026-02-18,Ogun,CMP-005,CH-003,2026-03-14
FNP-U06563,Female,1996-02-22,2026-02-02,Abuja,CMP-006,CH-002,2026-02-07
FNP-U06564,Male,1994-09-08,2026-04-18,Lagos,CMP-006,CH-002,2026-04-21
FNP-U06565,Female,2002-04-25,2026-02-14,Ogun,CMP-006,CH-002,2026-03-02
FNP-U06566,Female,2008-04-01,2026-03-02,Ogun,CMP-005,CH-003,2026-03-02
FNP-U06567,Male,1984-08-25,2026-03-01,Lagos,CMP-001,CH-001,2026-04-02
FNP-U06568,Male,2000-04-05,2026-02-14,Abuja,CMP-002,CH-002,2026-03-21
FNP-U06569,Male,1973-05-16,2026-02-14,Lagos,CMP-003,CH-004,2026-04-09
FNP-U06570,Male,1983-12-20,2026-02-09,Abuja,CMP-006,CH-002,2026-03-09
FNP-U06571,Male,2003-05-08,2026-03-10,Lagos,CMP-001,CH-001,2026-03-23
FNP-U06572,Male,1998-11-19,2026-02-07,Lagos,CMP-006,CH-002,2026-02-09
FNP-U06573,Female,2000-04-10,2026-02-27,Abuja,CMP-003,CH-004,2026-03-07
FNP-U06574,Male,1986-07-22,2026-04-14,Ogun,CMP-004,CH-005,2026-04-15
FNP-U06575,Female,1992-11-18,2026-02-15,Ogun,CMP-004,CH-005,2026-03-21
FNP-U06576,Male,1977-10-06,2026-04-02,Abuja,CMP-006,CH-002,2026-04-21
FNP-U06577,Male,1992-11-12,2026-04-11,Ogun,CMP-004,CH-005,2026-04-25
FNP-U06578,Male,2002-07-14,2026-03-10,Abuja,CMP-005,CH-003,2026-03-28
FNP-U06579,Male,1986-04-08,2026-04-13,Ogun,CMP-004,CH-005,2026-04-24
FNP-U06580,Female,1986-11-08,2026-04-22,Lagos,CMP-002,CH-002,2026-04-25
FNP-U06581,Male,1992-10-11,2026-04-22,Lagos,CMP-002,CH-002,2026-04-25
FNP-U06582,Male,2005-01-21,2026-02-12,Lagos,CMP-004,CH-005,2026-02-16
FNP-U06583,Male,1996-02-24,2026-03-04,Abuja,CMP-003,CH-004,2026-04-18
FNP-U06584,Male,2008-02-19,2026-03-16,Lagos,CMP-005,CH-003,2026-03-31
FNP-U06585,Female,1999-06-14,2026-02-22,Abuja,CMP-001,CH-001,2026-03-29
FNP-U06586,Female,1981-11-24,2026-03-09,Abuja,CMP-006,CH-002,2026-03-22
FNP-U06587,Female,2003-03-16,2026-03-25,Lagos,CMP-006,CH-002,2026-04-11
FNP-U06588,Male,2003-04-26,2026-04-16,Ogun,CMP-005,CH-003,2026-04-23
FNP-U06589,Male,1976-03-18,2026-02-12,Ogun,CMP-002,CH-002,2026-03-29
FNP-U06590,Female,2001-11-06,2026-03-10,Lagos,CMP-002,CH-002,2026-03-31
FNP-U06591,Female,2007-08-05,2026-04-08,Abuja,CMP-004,CH-005,2026-04-14
FNP-U06592,Male,1997-12-04,2026-04-03,Abuja,CMP-002,CH-002,2026-04-08
FNP-U06593,Male,1982-06-05,2026-04-24,Lagos,CMP-001,CH-001,2026-04-24
FNP-U06594,Female,1974-11-16,2026-04-18,Ogun,CMP-002,CH-002,2026-04-23
FNP-U06595,Female,1977-07-11,2026-02-16,Lagos,CMP-003,CH-004,2026-04-07
FNP-U06596,Male,1999-01-11,2026-02-22,Abuja,CMP-002,CH-002,2026-04-05
FNP-U06597,Male,2002-04-27,2026-04-24,Ogun,CMP-006,CH-002,2026-04-25
FNP-U06598,Male,1973-04-24,2026-04-15,Lagos,CMP-002,CH-002,2026-04-22
FNP-U06599,Female,2000-02-07,2026-02-25,Lagos,CMP-004,CH-005,2026-04-05
FNP-U06600,Female,1985-06-01,2026-03-01,Lagos,CMP-002,CH-002,2026-04-06
FNP-U06601,Female,1986-08-14,2026-03-30,Abuja,CMP-001,CH-001,2026-04-16
FNP-U06602,Male,1993-06-07,2026-04-17,Ogun,CMP-005,CH-003,2026-04-25
FNP-U06603,Male,2004-09-18,2026-03-27,Lagos,CMP-006,CH-002,2026-04-05
FNP-U06604,Female,1995-02-10,2026-02-25,Ogun,CMP-001,CH-001,2026-04-13
FNP-U06605,Female,2008-11-08,2026-03-07,Abuja,CMP-005,CH-003,2026-03-08
FNP-U06606,Male,2000-03-09,2026-03-20,Abuja,CMP-001,CH-001,2026-04-14
FNP-U06607,Male,2004-04-07,2026-03-21,Abuja,CMP-004,CH-005,2026-04-25
FNP-U06608,Female,1982-11-03,2026-03-14,Abuja,CMP-002,CH-002,2026-04-25
FNP-U06609,Male,1990-07-23,2026-03-09,Abuja,CMP-001,CH-001,2026-03-14
FNP-U06610,Female,2002-03-11,2026-04-16,Lagos,CMP-003,CH-004,2026-04-19
FNP-U06611,Female,1991-12-09,2026-02-18,Lagos,CMP-005,CH-003,2026-02-19
FNP-U06612,Male,2000-08-01,2026-04-18,Lagos,CMP-004,CH-005,2026-04-21
FNP-U06613,Male,1978-03-11,2026-03-10,Abuja,CMP-003,CH-004,2026-04-10
FNP-U06614,Female,2008-03-17,2026-03-11,Abuja,CMP-004,CH-005,2026-04-14
FNP-U06615,Female,1993-06-13,2026-03-07,Lagos,CMP-003,CH-004,2026-04-20
FNP-U06616,Female,1989-05-12,2026-03-26,Abuja,CMP-003,CH-004,2026-03-30
FNP-U06617,Female,1986-01-05,2026-02-25,Abuja,CMP-004,CH-005,2026-04-17
FNP-U06618,Female,2007-02-24,2026-04-24,Abuja,CMP-005,CH-003,2026-04-25
FNP-U06619,Male,2004-10-21,2026-02-10,Lagos,CMP-004,CH-005,2026-04-02
FNP-U06620,Female,2000-02-06,2026-02-15,Lagos,CMP-005,CH-003,2026-04-13
FNP-U06621,Female,1997-03-20,2026-03-28,Lagos,CMP-005,CH-003,2026-04-05
FNP-U06622,Female,1981-11-17,2026-03-24,Abuja,CMP-003,CH-004,2026-03-31
FNP-U06623,Male,1980-02-08,2026-03-24,Abuja,CMP-003,CH-004,2026-04-23
FNP-U06624,Male,2003-08-15,2026-02-08,Ogun,CMP-004,CH-005,2026-02-14
FNP-U06625,Female,1996-06-20,2026-04-15,Lagos,CMP-005,CH-003,2026-04-19
FNP-U06626,Male,1979-01-05,2026-04-08,Ogun,CMP-003,CH-004,2026-04-10
FNP-U06627,Female,1991-04-19,2026-03-03,Ogun,CMP-006,CH-002,2026-03-31
FNP-U06628,Male,2001-05-10,2026-02-04,Abuja,CMP-002,CH-002,2026-04-17
FNP-U06629,Male,2000-03-18,2026-02-09,Abuja,CMP-003,CH-004,2026-04-20
FNP-U06630,Male,1987-02-20,2026-03-08,Abuja,CMP-006,CH-002,2026-04-08
FNP-U06631,Male,1992-05-21,2026-02-17,Lagos,CMP-001,CH-001,2026-04-19
FNP-U06632,Female,2007-04-04,2026-04-21,Ogun,CMP-004,CH-005,2026-04-21
FNP-U06633,Female,2006-01-14,2026-04-14,Ogun,CMP-006,CH-002,2026-04-15
FNP-U06634,Male,1981-08-16,2026-03-22,Lagos,CMP-006,CH-002,2026-03-30
FNP-U06635,Male,1986-03-21,2026-03-22,Abuja,CMP-001,CH-001,2026-03-31
FNP-U06636,Female,1999-02-06,2026-03-14,Ogun,CMP-003,CH-004,2026-03-16
FNP-U06637,Female,2003-09-22,2026-04-15,Ogun,CMP-003,CH-004,2026-04-25
FNP-U06638,Female,1979-04-08,2026-01-27,Ogun,CMP-002,CH-002,2026-02-05
FNP-U06639,Female,1993-04-13,2026-02-20,Abuja,CMP-004,CH-005,2026-03-23
FNP-U06640,Female,1978-06-25,2026-02-08,Ogun,CMP-002,CH-002,2026-03-09
FNP-U06641,Female,2001-01-15,2026-01-26,Abuja,CMP-002,CH-002,2026-04-09
FNP-U06642,Male,1999-10-06,2026-02-10,Abuja,CMP-001,CH-001,2026-03-31
FNP-U06643,Female,1993-05-11,2026-04-15,Ogun,CMP-004,CH-005,2026-04-25
FNP-U06644,Male,1991-10-04,2026-02-16,Ogun,CMP-001,CH-001,2026-03-17
FNP-U06645,Female,1992-02-08,2026-01-26,Ogun,CMP-005,CH-003,2026-02-20
FNP-U06646,Female,2003-11-09,2026-03-24,Lagos,CMP-004,CH-005,2026-04-03
FNP-U06647,Female,1974-01-18,2026-03-07,Lagos,CMP-006,CH-002,2026-03-24
FNP-U06648,Male,1989-05-10,2026-02-19,Ogun,CMP-003,CH-004,2026-02-19
FNP-U06649,Female,1993-06-08,2026-03-08,Ogun,CMP-005,CH-003,2026-04-15
FNP-U06650,Female,1983-09-21,2026-02-17,Ogun,CMP-001,CH-001,2026-03-14
FNP-U06651,Female,1973-06-23,2026-01-28,Abuja,CMP-002,CH-002,2026-03-06
FNP-U06652,Male,1984-01-04,2026-02-18,Ogun,CMP-006,CH-002,2026-03-16
FNP-U06653,Male,1993-03-04,2026-03-05,Lagos,CMP-001,CH-001,2026-04-18
FNP-U06654,Female,1985-03-13,2026-03-21,Abuja,CMP-003,CH-004,2026-04-04
FNP-U06655,Male,1998-09-11,2026-03-23,Lagos,CMP-001,CH-001,2026-04-16
FNP-U06656,Female,1987-01-27,2026-02-17,Lagos,CMP-006,CH-002,2026-04-16
FNP-U06657,Male,1998-07-26,2026-03-13,Lagos,CMP-005,CH-003,2026-04-09
FNP-U06658,Male,2007-07-06,2026-02-07,Ogun,CMP-001,CH-001,2026-04-04
FNP-U06659,Male,1992-07-14,2026-01-28,Lagos,CMP-006,CH-002,2026-02-03
FNP-U06660,Female,2001-06-14,2026-03-29,Ogun,CMP-005,CH-003,2026-04-03
FNP-U06661,Female,1990-05-01,2026-04-07,Abuja,CMP-004,CH-005,2026-04-24
FNP-U06662,Male,1983-12-10,2026-04-18,Lagos,CMP-001,CH-001,2026-04-23
FNP-U06663,Female,1998-08-26,2026-02-03,Abuja,CMP-004,CH-005,2026-02-14
FNP-U06664,Male,1998-12-19,2026-03-26,Ogun,CMP-005,CH-003,2026-04-18
FNP-U06665,Male,1981-03-22,2026-03-05,Lagos,CMP-003,CH-004,2026-04-07
FNP-U06666,Female,1976-06-19,2026-02-04,Ogun,CMP-002,CH-002,2026-03-06
FNP-U06667,Female,1998-07-11,2026-03-15,Abuja,CMP-005,CH-003,2026-04-12
FNP-U06668,Male,2004-06-02,2026-03-23,Ogun,CMP-001,CH-001,2026-04-15
FNP-U06669,Male,1987-11-25,2026-02-15,Abuja,CMP-004,CH-005,2026-03-08
FNP-U06670,Female,1987-05-20,2026-03-18,Lagos,CMP-001,CH-001,2026-03-25
FNP-U06671,Male,1991-03-23,2026-04-24,Abuja,CMP-004,CH-005,2026-04-25
FNP-U06672,Female,1995-10-26,2026-04-09,Lagos,CMP-001,CH-001,2026-04-23
FNP-U06673,Female,1993-10-13,2026-02-03,Ogun,CMP-005,CH-003,2026-04-04
FNP-U06674,Female,1992-11-21,2026-04-16,Ogun,CMP-003,CH-004,2026-04-19
FNP-U06675,Male,1992-09-12,2026-03-26,Lagos,CMP-006,CH-002,2026-04-05
FNP-U06676,Female,1993-06-03,2026-03-25,Abuja,CMP-003,CH-004,2026-04-19
FNP-U06677,Male,1991-11-17,2026-02-16,Ogun,CMP-004,CH-005,2026-03-03
FNP-U06678,Female,1989-12-03,2026-03-19,Ogun,CMP-004,CH-005,2026-03-21
FNP-U06679,Female,1982-01-15,2026-02-18,Ogun,CMP-003,CH-004,2026-03-08
FNP-U06680,Male,1996-03-15,2026-03-19,Lagos,CMP-004,CH-005,2026-03-19
FNP-U06681,Female,2005-04-10,2026-04-13,Lagos,CMP-004,CH-005,2026-04-24
FNP-U06682,Female,1992-05-18,2026-03-02,Abuja,CMP-002,CH-002,2026-03-20
FNP-U06683,Male,1994-08-26,2026-02-10,Lagos,CMP-001,CH-001,2026-02-20
FNP-U06684,Male,2004-11-03,2026-03-24,Lagos,CMP-002,CH-002,2026-03-27
FNP-U06685,Male,2005-05-13,2026-04-14,Abuja,CMP-002,CH-002,2026-04-15
FNP-U06686,Female,1996-12-25,2026-04-02,Lagos,CMP-005,CH-003,2026-04-17
FNP-U06687,Female,1989-10-20,2026-02-22,Ogun,CMP-002,CH-002,2026-04-07
FNP-U06688,Female,2008-07-13,2026-04-03,Ogun,CMP-005,CH-003,2026-04-07
FNP-U06689,Female,1999-08-11,2026-03-02,Lagos,CMP-002,CH-002,2026-03-12
FNP-U06690,Female,1999-05-18,2026-02-14,Ogun,CMP-003,CH-004,2026-04-24
FNP-U06691,Female,2002-05-17,2026-03-14,Lagos,CMP-005,CH-003,2026-03-21
FNP-U06692,Female,2005-12-09,2026-01-26,Abuja,CMP-004,CH-005,2026-04-01
FNP-U06693,Female,2003-10-08,2026-02-23,Lagos,CMP-001,CH-001,2026-03-01
FNP-U06694,Female,1991-06-12,2026-04-10,Abuja,CMP-006,CH-002,2026-04-11
FNP-U06695,Female,1972-05-25,2026-03-21,Ogun,CMP-006,CH-002,2026-03-30
FNP-U06696,Female,1990-03-04,2026-03-05,Abuja,CMP-002,CH-002,2026-04-21
FNP-U06697,Male,1986-09-17,2026-02-01,Ogun,CMP-001,CH-001,2026-03-14
FNP-U06698,Female,2001-01-15,2026-02-24,Lagos,CMP-005,CH-003,2026-03-03
FNP-U06699,Female,1999-11-03,2026-03-25,Ogun,CMP-005,CH-003,2026-04-08
FNP-U06700,Male,1997-02-19,2026-01-26,Ogun,CMP-002,CH-002,2026-02-03
FNP-U06701,Male,1991-11-14,2026-02-09,Ogun,CMP-004,CH-005,2026-03-10
FNP-U06702,Male,2002-10-02,2026-02-12,Ogun,CMP-003,CH-004,2026-04-04
FNP-U06703,Male,1986-11-06,2026-04-11,Lagos,CMP-003,CH-004,2026-04-20
FNP-U06704,Female,1993-09-25,2026-04-03,Ogun,CMP-001,CH-001,2026-04-10
FNP-U06705,Male,1993-04-25,2026-04-08,Ogun,CMP-002,CH-002,2026-04-12
FNP-U06706,Male,1981-09-11,2026-02-20,Ogun,CMP-002,CH-002,2026-02-24
FNP-U06707,Female,1991-02-05,2026-02-23,Lagos,CMP-001,CH-001,2026-04-12
FNP-U06708,Female,1976-03-01,2026-03-15,Ogun,CMP-002,CH-002,2026-04-20
FNP-U06709,Male,1974-02-13,2026-03-08,Lagos,CMP-003,CH-004,2026-04-19
FNP-U06710,Male,2003-05-22,2026-04-22,Lagos,CMP-002,CH-002,2026-04-23
FNP-U06711,Female,2008-10-04,2026-02-26,Abuja,CMP-006,CH-002,2026-04-19
FNP-U06712,Male,2000-01-16,2026-04-05,Ogun,CMP-003,CH-004,2026-04-13
FNP-U06713,Male,1990-08-01,2026-03-17,Abuja,CMP-001,CH-001,2026-04-13
FNP-U06714,Male,2008-11-28,2026-01-29,Ogun,CMP-004,CH-005,2026-02-11
FNP-U06715,Female,1993-03-18,2026-02-07,Ogun,CMP-003,CH-004,2026-03-09
FNP-U06716,Female,1979-03-09,2026-02-24,Ogun,CMP-002,CH-002,2026-03-20
FNP-U06717,Male,1979-01-20,2026-02-26,Ogun,CMP-002,CH-002,2026-03-17
FNP-U06718,Female,1998-07-03,2026-03-13,Ogun,CMP-003,CH-004,2026-04-07
FNP-U06719,Female,2005-11-03,2026-04-09,Abuja,CMP-006,CH-002,2026-04-10
FNP-U06720,Female,1998-11-04,2026-04-10,Abuja,CMP-005,CH-003,2026-04-11
FNP-U06721,Male,1981-03-10,2026-04-13,Ogun,CMP-001,CH-001,2026-04-22
FNP-U06722,Male,2006-07-08,2026-03-13,Ogun,CMP-004,CH-005,2026-04-06
FNP-U06723,Male,2000-09-22,2026-01-28,Abuja,CMP-003,CH-004,2026-01-31
FNP-U06724,Male,1973-12-21,2026-03-01,Ogun,CMP-002,CH-002,2026-04-05
FNP-U06725,Male,2008-05-23,2026-02-08,Abuja,CMP-005,CH-003,2026-04-13
FNP-U06726,Female,1980-08-07,2026-02-12,Lagos,CMP-002,CH-002,2026-03-10
FNP-U06727,Female,1992-12-07,2026-02-28,Abuja,CMP-001,CH-001,2026-03-04
FNP-U06728,Male,1978-09-17,2026-02-05,Abuja,CMP-006,CH-002,2026-02-28
FNP-U06729,Female,1982-09-21,2026-03-06,Ogun,CMP-006,CH-002,2026-04-11
FNP-U06730,Female,1976-05-28,2026-03-31,Abuja,CMP-003,CH-004,2026-03-31
FNP-U06731,Male,2004-03-04,2026-04-01,Abuja,CMP-005,CH-003,2026-04-25
FNP-U06732,Female,1998-06-26,2026-04-06,Abuja,CMP-005,CH-003,2026-04-13
FNP-U06733,Female,2001-06-01,2026-01-26,Abuja,CMP-004,CH-005,2026-02-14
FNP-U06734,Female,1987-05-02,2026-02-10,Abuja,CMP-002,CH-002,2026-04-25
FNP-U06735,Male,1982-04-26,2026-04-23,Abuja,CMP-001,CH-001,2026-04-24
FNP-U06736,Male,2005-03-21,2026-04-21,Ogun,CMP-001,CH-001,2026-04-24
FNP-U06737,Female,1997-10-20,2026-02-12,Ogun,CMP-005,CH-003,2026-02-24
FNP-U06738,Male,1999-02-04,2026-02-02,Lagos,CMP-002,CH-002,2026-04-02
FNP-U06739,Male,1971-01-08,2026-01-27,Abuja,CMP-003,CH-004,2026-02-22
FNP-U06740,Female,1999-10-16,2026-04-12,Lagos,CMP-004,CH-005,2026-04-12
FNP-U06741,Male,2004-11-09,2026-03-15,Ogun,CMP-005,CH-003,2026-04-24
FNP-U06742,Female,2001-04-07,2026-04-14,Abuja,CMP-002,CH-002,2026-04-15
FNP-U06743,Male,1985-09-26,2026-03-13,Abuja,CMP-003,CH-004,2026-04-21
FNP-U06744,Male,1998-04-08,2026-02-22,Abuja,CMP-005,CH-003,2026-04-15
FNP-U06745,Male,1973-08-21,2026-03-15,Abuja,CMP-003,CH-004,2026-04-11
FNP-U06746,Male,1978-10-08,2026-03-23,Ogun,CMP-002,CH-002,2026-04-08
FNP-U06747,Female,2003-07-16,2026-03-19,Abuja,CMP-001,CH-001,2026-04-06
FNP-U06748,Male,1990-01-17,2026-02-21,Abuja,CMP-006,CH-002,2026-03-20
FNP-U06749,Male,1995-12-09,2026-01-29,Lagos,CMP-005,CH-003,2026-03-17
FNP-U06750,Female,2002-02-15,2026-03-21,Abuja,CMP-005,CH-003,2026-03-27
FNP-U06751,Male,2001-09-24,2026-04-21,Abuja,CMP-001,CH-001,2026-04-22
FNP-U06752,Male,2004-02-13,2026-03-08,Abuja,CMP-005,CH-003,2026-04-02
FNP-U06753,Male,2005-06-23,2026-02-21,Ogun,CMP-002,CH-002,2026-03-18
FNP-U06754,Male,2004-09-21,2026-02-28,Lagos,CMP-001,CH-001,2026-04-25
FNP-U06755,Female,2004-09-22,2026-03-04,Lagos,CMP-004,CH-005,2026-04-14
FNP-U06756,Female,2001-06-16,2026-02-16,Lagos,CMP-002,CH-002,2026-03-15
FNP-U06757,Male,1991-02-22,2026-04-15,Ogun,CMP-006,CH-002,2026-04-23
FNP-U06758,Female,1993-05-17,2026-02-23,Ogun,CMP-001,CH-001,2026-03-13
FNP-U06759,Female,2003-04-24,2026-02-18,Abuja,CMP-002,CH-002,2026-04-23
FNP-U06760,Male,2005-12-03,2026-03-07,Lagos,CMP-002,CH-002,2026-03-07
FNP-U06761,Male,1987-07-20,2026-02-28,Lagos,CMP-004,CH-005,2026-04-09
FNP-U06762,Male,2005-05-27,2026-04-17,Ogun,CMP-005,CH-003,2026-04-20
FNP-U06763,Female,1978-09-11,2026-03-04,Ogun,CMP-002,CH-002,2026-03-04
FNP-U06764,Male,1988-11-10,2026-03-22,Ogun,CMP-006,CH-002,2026-04-03
FNP-U06765,Female,1996-12-25,2026-03-03,Lagos,CMP-002,CH-002,2026-03-30
FNP-U06766,Female,1989-04-21,2026-04-11,Ogun,CMP-001,CH-001,2026-04-13
FNP-U06767,Male,1985-02-03,2026-02-06,Ogun,CMP-002,CH-002,2026-02-24
FNP-U06768,Female,1997-11-14,2026-04-07,Abuja,CMP-005,CH-003,2026-04-11
FNP-U06769,Male,2001-08-03,2026-04-02,Abuja,CMP-004,CH-005,2026-04-18
FNP-U06770,Female,1997-10-08,2026-03-23,Lagos,CMP-004,CH-005,2026-04-10
FNP-U06771,Male,1985-03-06,2026-04-02,Ogun,CMP-001,CH-001,2026-04-17
FNP-U06772,Male,2000-08-03,2026-02-20,Abuja,CMP-001,CH-001,2026-02-21
FNP-U06773,Female,1973-04-20,2026-03-05,Ogun,CMP-002,CH-002,2026-03-10
FNP-U06774,Female,1986-10-14,2026-03-20,Ogun,CMP-001,CH-001,2026-04-10
FNP-U06775,Female,2006-07-09,2026-04-04,Abuja,CMP-004,CH-005,2026-04-22
FNP-U06776,Male,1980-11-01,2026-01-29,Abuja,CMP-002,CH-002,2026-03-14
FNP-U06777,Male,1976-01-04,2026-03-09,Ogun,CMP-003,CH-004,2026-04-06
FNP-U06778,Male,2005-08-20,2026-03-07,Ogun,CMP-001,CH-001,2026-04-08
FNP-U06779,Female,1985-02-14,2026-02-10,Lagos,CMP-001,CH-001,2026-03-07
FNP-U06780,Male,1982-06-22,2026-03-04,Abuja,CMP-003,CH-004,2026-04-24
FNP-U06781,Female,1981-01-21,2026-03-21,Abuja,CMP-003,CH-004,2026-04-03
FNP-U06782,Male,1999-05-01,2026-03-25,Abuja,CMP-001,CH-001,2026-04-07
FNP-U06783,Female,1984-02-05,2026-02-09,Abuja,CMP-006,CH-002,2026-03-26
FNP-U06784,Female,1997-09-07,2026-03-01,Ogun,CMP-005,CH-003,2026-04-07
FNP-U06785,Male,1980-10-07,2026-04-01,Abuja,CMP-006,CH-002,2026-04-14
FNP-U06786,Female,1987-07-09,2026-03-02,Abuja,CMP-003,CH-004,2026-04-05
FNP-U06787,Male,1985-03-16,2026-02-25,Abuja,CMP-001,CH-001,2026-04-14
FNP-U06788,Male,2001-08-04,2026-02-26,Lagos,CMP-005,CH-003,2026-04-01
FNP-U06789,Male,1976-02-01,2026-02-07,Lagos,CMP-002,CH-002,2026-04-08
FNP-U06790,Female,1984-12-10,2026-02-11,Ogun,CMP-001,CH-001,2026-03-24
FNP-U06791,Female,2008-09-07,2026-04-01,Abuja,CMP-005,CH-003,2026-04-03
FNP-U06792,Female,2005-04-01,2026-02-04,Abuja,CMP-005,CH-003,2026-02-24
FNP-U06793,Male,1983-04-01,2026-03-17,Abuja,CMP-002,CH-002,2026-03-18
FNP-U06794,Female,1997-11-17,2026-04-12,Abuja,CMP-005,CH-003,2026-04-12
FNP-U06795,Female,2004-07-18,2026-03-01,Lagos,CMP-002,CH-002,2026-04-03
FNP-U06796,Female,1991-09-16,2026-02-26,Lagos,CMP-004,CH-005,2026-04-12
FNP-U06797,Male,1989-05-24,2026-03-25,Abuja,CMP-002,CH-002,2026-03-31
FNP-U06798,Male,1985-04-24,2026-03-29,Lagos,CMP-003,CH-004,2026-04-04
FNP-U06799,Female,1988-03-05,2026-04-08,Abuja,CMP-006,CH-002,2026-04-08
FNP-U06800,Female,1977-07-08,2026-01-31,Lagos,CMP-006,CH-002,2026-04-13
FNP-U06801,Female,1985-02-12,2026-04-16,Ogun,CMP-003,CH-004,2026-04-25
FNP-U06802,Female,1976-04-07,2026-02-03,Ogun,CMP-002,CH-002,2026-02-18
FNP-U06803,Female,1996-03-15,2026-03-01,Lagos,CMP-002,CH-002,2026-04-10
FNP-U06804,Male,2007-06-21,2026-02-06,Lagos,CMP-002,CH-002,2026-04-17
FNP-U06805,Male,1992-09-26,2026-02-06,Lagos,CMP-001,CH-001,2026-03-29
FNP-U06806,Female,1980-09-20,2026-04-23,Ogun,CMP-003,CH-004,2026-04-25
FNP-U06807,Female,2000-11-26,2026-04-14,Lagos,CMP-004,CH-005,2026-04-22
FNP-U06808,Male,1997-10-13,2026-04-10,Abuja,CMP-004,CH-005,2026-04-21
FNP-U06809,Female,1994-04-16,2026-02-05,Abuja,CMP-001,CH-001,2026-02-13
FNP-U06810,Female,1997-02-15,2026-02-26,Lagos,CMP-004,CH-005,2026-03-31
FNP-U06811,Male,2000-06-13,2026-04-02,Abuja,CMP-004,CH-005,2026-04-12
FNP-U06812,Female,2003-09-17,2026-03-23,Lagos,CMP-005,CH-003,2026-03-30
FNP-U06813,Female,1997-03-04,2026-01-30,Lagos,CMP-006,CH-002,2026-02-27
FNP-U06814,Female,1998-12-28,2026-03-01,Lagos,CMP-003,CH-004,2026-04-13
FNP-U06815,Male,2000-10-03,2026-03-26,Lagos,CMP-003,CH-004,2026-04-10
FNP-U06816,Male,1996-08-27,2026-03-14,Ogun,CMP-002,CH-002,2026-03-17
FNP-U06817,Male,1998-01-14,2026-04-15,Abuja,CMP-004,CH-005,2026-04-20
FNP-U06818,Male,1977-04-18,2026-02-07,Ogun,CMP-003,CH-004,2026-04-13
FNP-U06819,Female,2007-12-26,2026-04-20,Abuja,CMP-006,CH-002,2026-04-25
FNP-U06820,Male,2007-08-07,2026-02-26,Abuja,CMP-004,CH-005,2026-03-13
FNP-U06821,Female,1995-07-18,2026-03-24,Lagos,CMP-005,CH-003,2026-04-21
FNP-U06822,Female,1999-05-03,2026-02-08,Abuja,CMP-003,CH-004,2026-04-09
FNP-U06823,Female,2006-11-03,2026-02-10,Ogun,CMP-005,CH-003,2026-04-16
FNP-U06824,Female,1998-11-22,2026-03-16,Lagos,CMP-004,CH-005,2026-04-23
FNP-U06825,Male,1987-11-09,2026-03-02,Abuja,CMP-003,CH-004,2026-04-14
FNP-U06826,Male,2003-11-28,2026-03-09,Lagos,CMP-006,CH-002,2026-04-17
FNP-U06827,Female,1992-02-06,2026-02-19,Ogun,CMP-005,CH-003,2026-04-03
FNP-U06828,Male,1986-08-06,2026-04-23,Ogun,CMP-001,CH-001,2026-04-24
FNP-U06829,Female,1997-03-20,2026-01-28,Lagos,CMP-003,CH-004,2026-03-12
FNP-U06830,Female,2000-12-13,2026-04-05,Lagos,CMP-005,CH-003,2026-04-24
FNP-U06831,Female,1997-04-17,2026-04-21,Lagos,CMP-002,CH-002,2026-04-21
FNP-U06832,Female,2007-09-08,2026-02-07,Lagos,CMP-005,CH-003,2026-02-15
FNP-U06833,Male,1989-03-17,2026-03-19,Ogun,CMP-003,CH-004,2026-03-30
FNP-U06834,Male,1993-11-19,2026-02-22,Lagos,CMP-004,CH-005,2026-04-03
FNP-U06835,Female,1993-08-26,2026-02-25,Ogun,CMP-002,CH-002,2026-03-07
FNP-U06836,Female,1997-05-07,2026-02-12,Lagos,CMP-005,CH-003,2026-03-04
FNP-U06837,Female,1976-12-21,2026-03-24,Abuja,CMP-006,CH-002,2026-04-12
FNP-U06838,Female,1980-05-02,2026-04-03,Abuja,CMP-002,CH-002,2026-04-10
FNP-U06839,Male,1976-07-22,2026-04-01,Abuja,CMP-003,CH-004,2026-04-17
FNP-U06840,Male,2000-12-24,2026-02-07,Lagos,CMP-005,CH-003,2026-02-07
FNP-U06841,Male,1999-02-21,2026-02-01,Lagos,CMP-005,CH-003,2026-02-12
FNP-U06842,Female,1997-11-12,2026-02-05,Ogun,CMP-004,CH-005,2026-02-07
FNP-U06843,Female,1997-08-28,2026-03-26,Lagos,CMP-005,CH-003,2026-04-04
FNP-U06844,Female,2008-10-11,2026-04-01,Ogun,CMP-004,CH-005,2026-04-04
FNP-U06845,Female,1998-09-07,2026-02-28,Abuja,CMP-002,CH-002,2026-04-07
FNP-U06846,Female,1977-09-13,2026-01-31,Lagos,CMP-003,CH-004,2026-02-09
FNP-U06847,Female,1987-11-01,2026-03-12,Abuja,CMP-004,CH-005,2026-04-07
FNP-U06848,Male,2007-03-10,2026-03-07,Ogun,CMP-002,CH-002,2026-04-23
FNP-U06849,Male,1999-10-11,2026-03-31,Abuja,CMP-003,CH-004,2026-04-05
FNP-U06850,Female,1991-05-08,2026-02-16,Lagos,CMP-006,CH-002,2026-02-17
FNP-U06851,Female,1980-09-08,2026-04-12,Lagos,CMP-006,CH-002,2026-04-19
FNP-U06852,Male,1989-03-02,2026-02-09,Ogun,CMP-001,CH-001,2026-04-09
FNP-U06853,Male,2005-05-05,2026-03-15,Lagos,CMP-004,CH-005,2026-03-26
FNP-U06854,Female,2001-08-21,2026-02-09,Ogun,CMP-003,CH-004,2026-03-26
FNP-U06855,Male,2002-03-03,2026-02-12,Abuja,CMP-006,CH-002,2026-03-13
FNP-U06856,Female,1997-09-03,2026-04-08,Ogun,CMP-005,CH-003,2026-04-09
FNP-U06857,Female,1981-01-14,2026-01-27,Abuja,CMP-006,CH-002,2026-02-06
FNP-U06858,Male,1997-08-11,2026-04-16,Lagos,CMP-005,CH-003,2026-04-25
FNP-U06859,Female,1982-09-11,2026-03-20,Lagos,CMP-003,CH-004,2026-03-25
FNP-U06860,Female,1997-02-09,2026-04-20,Abuja,CMP-005,CH-003,2026-04-24
FNP-U06861,Female,2000-02-11,2026-04-09,Lagos,CMP-005,CH-003,2026-04-23
FNP-U06862,Male,1996-02-09,2026-02-06,Lagos,CMP-003,CH-004,2026-04-22
FNP-U06863,Female,2004-05-11,2026-04-15,Ogun,CMP-006,CH-002,2026-04-18
FNP-U06864,Male,1986-01-11,2026-04-15,Abuja,CMP-004,CH-005,2026-04-23
FNP-U06865,Male,2005-11-21,2026-04-24,Abuja,CMP-006,CH-002,2026-04-25
FNP-U06866,Male,2007-04-04,2026-02-10,Ogun,CMP-005,CH-003,2026-03-31
FNP-U06867,Female,1994-03-05,2026-01-31,Abuja,CMP-004,CH-005,2026-03-17
FNP-U06868,Male,1974-02-16,2026-04-13,Lagos,CMP-006,CH-002,2026-04-24
FNP-U06869,Female,2007-07-05,2026-03-26,Abuja,CMP-005,CH-003,2026-03-26
FNP-U06870,Male,2002-02-04,2026-03-03,Lagos,CMP-005,CH-003,2026-03-04
FNP-U06871,Male,1971-06-01,2026-03-07,Abuja,CMP-006,CH-002,2026-03-11
FNP-U06872,Female,1987-02-18,2026-03-28,Lagos,CMP-006,CH-002,2026-04-12
FNP-U06873,Male,1996-04-17,2026-02-08,Abuja,CMP-006,CH-002,2026-04-10
FNP-U06874,Female,1998-04-07,2026-04-02,Abuja,CMP-004,CH-005,2026-04-11
FNP-U06875,Female,1992-08-27,2026-01-27,Abuja,CMP-004,CH-005,2026-02-03
FNP-U06876,Male,1998-03-09,2026-03-07,Ogun,CMP-004,CH-005,2026-04-23
FNP-U06877,Male,1996-07-26,2026-03-10,Ogun,CMP-004,CH-005,2026-04-10
FNP-U06878,Male,1981-09-17,2026-04-06,Ogun,CMP-001,CH-001,2026-04-24
FNP-U06879,Female,1981-12-17,2026-01-30,Abuja,CMP-002,CH-002,2026-04-17
FNP-U06880,Male,2002-05-23,2026-04-15,Lagos,CMP-005,CH-003,2026-04-20
FNP-U06881,Female,1990-08-15,2026-01-27,Abuja,CMP-002,CH-002,2026-03-28
FNP-U06882,Male,1984-08-18,2026-02-11,Lagos,CMP-003,CH-004,2026-03-04
FNP-U06883,Male,1995-11-19,2026-01-30,Abuja,CMP-006,CH-002,2026-03-11
FNP-U06884,Female,1999-01-02,2026-03-19,Lagos,CMP-001,CH-001,2026-04-09
FNP-U06885,Male,1995-02-21,2026-03-17,Ogun,CMP-002,CH-002,2026-04-18
FNP-U06886,Male,2008-07-14,2026-02-07,Abuja,CMP-001,CH-001,2026-03-29
FNP-U06887,Male,2000-12-15,2026-02-09,Abuja,CMP-004,CH-005,2026-02-14
FNP-U06888,Female,2002-05-07,2026-02-04,Lagos,CMP-002,CH-002,2026-04-23
FNP-U06889,Male,1981-04-02,2026-02-24,Lagos,CMP-003,CH-004,2026-04-11
FNP-U06890,Male,1997-10-28,2026-03-13,Lagos,CMP-004,CH-005,2026-03-20
FNP-U06891,Female,1978-10-06,2026-04-03,Ogun,CMP-002,CH-002,2026-04-05
FNP-U06892,Male,1996-02-14,2026-02-18,Ogun,CMP-001,CH-001,2026-04-23
FNP-U06893,Female,1991-11-19,2026-01-31,Abuja,CMP-006,CH-002,2026-02-03
FNP-U06894,Female,2003-05-22,2026-03-13,Ogun,CMP-005,CH-003,2026-03-21
FNP-U06895,Female,1987-02-17,2026-04-05,Ogun,CMP-002,CH-002,2026-04-12
FNP-U06896,Male,1999-10-04,2026-03-26,Abuja,CMP-005,CH-003,2026-04-22
FNP-U06897,Male,2000-02-04,2026-04-08,Abuja,CMP-001,CH-001,2026-04-20
FNP-U06898,Female,1992-12-02,2026-04-06,Ogun,CMP-004,CH-005,2026-04-19
FNP-U06899,Male,2004-11-23,2026-04-10,Ogun,CMP-005,CH-003,2026-04-12
FNP-U06900,Female,1996-11-21,2026-04-14,Abuja,CMP-005,CH-003,2026-04-16
FNP-U06901,Female,1994-04-15,2026-01-26,Ogun,CMP-001,CH-001,2026-03-11
FNP-U06902,Male,1993-06-14,2026-04-09,Abuja,CMP-005,CH-003,2026-04-23
FNP-U06903,Female,2007-08-09,2026-02-07,Abuja,CMP-004,CH-005,2026-03-16
FNP-U06904,Female,1998-11-26,2026-01-29,Ogun,CMP-001,CH-001,2026-03-12
FNP-U06905,Female,1996-07-03,2026-03-13,Lagos,CMP-005,CH-003,2026-03-19
FNP-U06906,Female,2007-06-25,2026-02-04,Ogun,CMP-002,CH-002,2026-03-12
FNP-U06907,Female,1977-09-12,2026-02-16,Ogun,CMP-003,CH-004,2026-02-23
FNP-U06908,Male,1987-04-21,2026-02-20,Abuja,CMP-003,CH-004,2026-03-09
FNP-U06909,Female,1992-11-18,2026-04-16,Ogun,CMP-004,CH-005,2026-04-17
FNP-U06910,Female,2001-10-15,2026-02-16,Lagos,CMP-004,CH-005,2026-02-22
FNP-U06911,Male,1996-04-26,2026-03-19,Abuja,CMP-001,CH-001,2026-03-30
FNP-U06912,Male,1973-11-23,2026-04-19,Lagos,CMP-006,CH-002,2026-04-21
FNP-U06913,Female,1997-12-25,2026-04-08,Lagos,CMP-004,CH-005,2026-04-14
FNP-U06914,Female,1972-07-05,2026-04-01,Abuja,CMP-003,CH-004,2026-04-03
FNP-U06915,Female,2002-06-04,2026-02-20,Abuja,CMP-005,CH-003,2026-04-21
FNP-U06916,Female,1999-03-18,2026-04-22,Ogun,CMP-002,CH-002,2026-04-25
FNP-U06917,Female,1996-01-07,2026-02-07,Lagos,CMP-003,CH-004,2026-04-03
FNP-U06918,Male,1973-12-03,2026-04-23,Lagos,CMP-006,CH-002,2026-04-25
FNP-U06919,Male,2006-01-13,2026-03-10,Abuja,CMP-004,CH-005,2026-04-21
FNP-U06920,Female,1979-09-24,2026-02-22,Abuja,CMP-003,CH-004,2026-03-17
FNP-U06921,Female,1993-06-21,2026-04-17,Ogun,CMP-004,CH-005,2026-04-19
FNP-U06922,Male,1995-03-15,2026-03-06,Lagos,CMP-003,CH-004,2026-03-29
FNP-U06923,Male,1984-02-28,2026-03-24,Abuja,CMP-002,CH-002,2026-04-09
FNP-U06924,Male,1988-11-11,2026-02-12,Lagos,CMP-001,CH-001,2026-03-01
FNP-U06925,Male,1984-04-23,2026-03-04,Abuja,CMP-006,CH-002,2026-04-19
FNP-U06926,Male,2001-01-03,2026-02-06,Ogun,CMP-005,CH-003,2026-03-05
FNP-U06927,Female,1994-09-23,2026-04-17,Lagos,CMP-004,CH-005,2026-04-23
FNP-U06928,Female,1981-07-10,2026-04-16,Abuja,CMP-002,CH-002,2026-04-22
FNP-U06929,Female,1997-01-24,2026-04-17,Abuja,CMP-003,CH-004,2026-04-21
FNP-U06930,Male,1981-10-27,2026-01-28,Abuja,CMP-002,CH-002,2026-02-04
FNP-U06931,Female,1991-09-13,2026-03-14,Lagos,CMP-004,CH-005,2026-03-20
FNP-U06932,Female,2000-02-15,2026-02-03,Lagos,CMP-003,CH-004,2026-04-19
FNP-U06933,Female,1984-12-21,2026-03-21,Lagos,CMP-002,CH-002,2026-03-30
FNP-U06934,Female,2007-06-22,2026-02-17,Lagos,CMP-005,CH-003,2026-03-22
FNP-U06935,Male,2004-09-27,2026-04-15,Ogun,CMP-006,CH-002,2026-04-18
FNP-U06936,Female,1995-04-08,2026-02-03,Ogun,CMP-005,CH-003,2026-04-21
FNP-U06937,Male,1998-04-17,2026-02-22,Lagos,CMP-004,CH-005,2026-04-12
FNP-U06938,Female,1993-09-07,2026-02-26,Lagos,CMP-001,CH-001,2026-04-09
FNP-U06939,Female,1993-12-07,2026-02-11,Lagos,CMP-005,CH-003,2026-03-15
FNP-U06940,Female,1998-03-07,2026-03-26,Ogun,CMP-005,CH-003,2026-04-18
FNP-U06941,Male,1996-09-04,2026-04-14,Ogun,CMP-001,CH-001,2026-04-24
FNP-U06942,Male,2008-08-19,2026-02-22,Ogun,CMP-006,CH-002,2026-03-26
FNP-U06943,Female,1996-03-16,2026-02-08,Abuja,CMP-002,CH-002,2026-04-09
FNP-U06944,Female,2006-09-28,2026-03-22,Ogun,CMP-005,CH-003,2026-03-27
FNP-U06945,Female,1986-01-14,2026-03-09,Lagos,CMP-003,CH-004,2026-04-07
FNP-U06946,Male,1979-08-16,2026-02-20,Lagos,CMP-002,CH-002,2026-02-25
FNP-U06947,Female,1987-05-01,2026-03-21,Lagos,CMP-004,CH-005,2026-04-24
FNP-U06948,Female,2001-04-06,2026-03-30,Ogun,CMP-006,CH-002,2026-04-14
FNP-U06949,Male,1974-02-20,2026-04-07,Ogun,CMP-003,CH-004,2026-04-09
FNP-U06950,Female,1997-06-27,2026-04-06,Lagos,CMP-001,CH-001,2026-04-12
FNP-U06951,Female,2006-05-23,2026-04-25,Ogun,CMP-006,CH-002,2026-04-25
FNP-U06952,Male,1988-03-08,2026-03-30,Abuja,CMP-004,CH-005,2026-04-18
FNP-U06953,Male,1993-04-16,2026-02-15,Abuja,CMP-006,CH-002,2026-03-29
FNP-U06954,Female,1979-08-14,2026-02-12,Ogun,CMP-002,CH-002,2026-03-06
FNP-U06955,Female,1997-09-24,2026-04-11,Lagos,CMP-001,CH-001,2026-04-21
FNP-U06956,Male,2004-11-20,2026-04-10,Ogun,CMP-005,CH-003,2026-04-12
FNP-U06957,Female,1982-05-17,2026-03-27,Ogun,CMP-001,CH-001,2026-04-06
FNP-U06958,Male,2008-11-13,2026-03-22,Abuja,CMP-004,CH-005,2026-04-21
FNP-U06959,Female,2005-05-11,2026-02-23,Lagos,CMP-004,CH-005,2026-02-25
FNP-U06960,Male,1982-11-07,2026-02-02,Ogun,CMP-003,CH-004,2026-03-10
FNP-U06961,Male,1977-10-28,2026-02-04,Abuja,CMP-006,CH-002,2026-04-05
FNP-U06962,Female,1998-02-28,2026-03-28,Abuja,CMP-004,CH-005,2026-04-24
FNP-U06963,Female,2000-01-02,2026-04-19,Abuja,CMP-003,CH-004,2026-04-23
FNP-U06964,Female,1972-04-23,2026-04-20,Lagos,CMP-006,CH-002,2026-04-21
FNP-U06965,Female,1997-09-16,2026-01-29,Abuja,CMP-002,CH-002,2026-03-06
FNP-U06966,Female,1971-07-20,2026-04-12,Abuja,CMP-006,CH-002,2026-04-19
FNP-U06967,Male,2002-02-17,2026-03-19,Abuja,CMP-005,CH-003,2026-03-29
FNP-U06968,Male,1999-03-01,2026-02-18,Ogun,CMP-005,CH-003,2026-03-11
FNP-U06969,Male,1979-01-15,2026-02-28,Ogun,CMP-003,CH-004,2026-03-12
FNP-U06970,Female,1992-09-28,2026-02-28,Ogun,CMP-002,CH-002,2026-03-07
FNP-U06971,Female,2002-06-05,2026-01-31,Ogun,CMP-004,CH-005,2026-04-08
FNP-U06972,Male,1991-03-02,2026-01-29,Lagos,CMP-002,CH-002,2026-03-21
FNP-U06973,Female,1993-09-09,2026-04-06,Lagos,CMP-005,CH-003,2026-04-15
FNP-U06974,Male,1989-05-02,2026-03-23,Lagos,CMP-003,CH-004,2026-04-02
FNP-U06975,Male,1985-09-24,2026-03-28,Lagos,CMP-001,CH-001,2026-03-29
FNP-U06976,Female,1991-03-13,2026-02-09,Ogun,CMP-004,CH-005,2026-04-25
FNP-U06977,Female,1997-09-19,2026-03-21,Abuja,CMP-004,CH-005,2026-04-17
FNP-U06978,Male,1998-03-20,2026-02-03,Abuja,CMP-003,CH-004,2026-04-12
FNP-U06979,Male,1973-02-24,2026-04-09,Abuja,CMP-002,CH-002,2026-04-20
FNP-U06980,Female,2005-12-13,2026-02-12,Ogun,CMP-006,CH-002,2026-02-18
FNP-U06981,Female,1988-03-03,2026-04-17,Lagos,CMP-006,CH-002,2026-04-21
FNP-U06982,Male,1982-09-10,2026-03-06,Ogun,CMP-001,CH-001,2026-03-22
FNP-U06983,Female,1985-08-09,2026-03-06,Ogun,CMP-003,CH-004,2026-04-05
FNP-U06984,Female,1995-10-01,2026-03-08,Abuja,CMP-001,CH-001,2026-04-19
FNP-U06985,Male,1999-09-26,2026-03-20,Abuja,CMP-005,CH-003,2026-04-18
FNP-U06986,Female,2000-07-06,2026-02-24,Abuja,CMP-004,CH-005,2026-02-26
FNP-U06987,Female,2006-02-20,2026-03-14,Abuja,CMP-005,CH-003,2026-03-27
FNP-U06988,Male,1976-08-03,2026-02-25,Ogun,CMP-002,CH-002,2026-03-04
FNP-U06989,Male,1984-03-14,2026-03-24,Ogun,CMP-002,CH-002,2026-04-01
FNP-U06990,Female,1981-03-19,2026-02-28,Abuja,CMP-003,CH-004,2026-04-08
FNP-U06991,Female,2008-07-04,2026-04-08,Lagos,CMP-005,CH-003,2026-04-11
FNP-U06992,Female,1972-10-20,2026-02-23,Ogun,CMP-003,CH-004,2026-04-17
FNP-U06993,Male,1995-08-08,2026-04-22,Abuja,CMP-004,CH-005,2026-04-22
FNP-U06994,Male,2004-02-04,2026-02-23,Abuja,CMP-006,CH-002,2026-04-19
FNP-U06995,Female,1974-08-16,2026-04-13,Abuja,CMP-003,CH-004,2026-04-16
FNP-U06996,Female,2004-07-28,2026-03-16,Abuja,CMP-005,CH-003,2026-03-26
FNP-U06997,Female,1987-01-23,2026-04-10,Abuja,CMP-004,CH-005,2026-04-12
FNP-U06998,Female,1974-11-24,2026-02-01,Lagos,CMP-003,CH-004,2026-03-21
FNP-U06999,Male,1994-10-21,2026-02-04,Ogun,CMP-005,CH-003,2026-02-18
FNP-U07000,Male,1999-02-25,2026-03-14,Lagos,CMP-004,CH-005,2026-04-20
FNP-U07001,Female,2008-02-21,2026-02-13,Lagos,CMP-004,CH-005,2026-03-20
FNP-U07002,Female,2003-03-26,2026-04-06,Lagos,CMP-004,CH-005,2026-04-18
FNP-U07003,Male,2008-12-22,2026-04-24,Ogun,CMP-005,CH-003,2026-04-24
FNP-U07004,Male,1990-04-14,2026-02-28,Abuja,CMP-006,CH-002,2026-04-15
FNP-U07005,Male,1998-01-06,2026-02-17,Lagos,CMP-006,CH-002,2026-04-24
FNP-U07006,Female,2001-12-11,2026-03-11,Ogun,CMP-001,CH-001,2026-03-14
FNP-U07007,Female,1986-01-28,2026-02-11,Abuja,CMP-001,CH-001,2026-03-05
FNP-U07008,Female,1994-10-09,2026-02-05,Abuja,CMP-005,CH-003,2026-02-15
FNP-U07009,Male,2004-08-10,2026-02-04,Abuja,CMP-003,CH-004,2026-03-01
FNP-U07010,Male,2002-02-26,2026-02-07,Abuja,CMP-001,CH-001,2026-04-13
FNP-U07011,Female,1999-07-04,2026-03-14,Abuja,CMP-004,CH-005,2026-04-21
FNP-U07012,Female,1987-07-25,2026-04-08,Lagos,CMP-003,CH-004,2026-04-15
FNP-U07013,Female,1976-06-09,2026-02-02,Ogun,CMP-002,CH-002,2026-03-12
FNP-U07014,Male,1987-10-12,2026-04-18,Lagos,CMP-006,CH-002,2026-04-18
FNP-U07015,Female,1982-10-26,2026-03-21,Lagos,CMP-006,CH-002,2026-03-26
FNP-U07016,Male,1998-05-15,2026-01-27,Ogun,CMP-006,CH-002,2026-04-20
FNP-U07017,Male,1979-08-15,2026-03-16,Lagos,CMP-006,CH-002,2026-04-04
FNP-U07018,Female,1986-12-09,2026-02-27,Abuja,CMP-004,CH-005,2026-03-05
FNP-U07019,Female,2007-12-18,2026-02-01,Ogun,CMP-005,CH-003,2026-02-25
FNP-U07020,Female,1987-06-17,2026-03-12,Abuja,CMP-004,CH-005,2026-03-24
FNP-U07021,Male,2008-01-08,2026-03-16,Abuja,CMP-002,CH-002,2026-04-25
FNP-U07022,Male,1994-06-18,2026-02-07,Abuja,CMP-002,CH-002,2026-02-09
FNP-U07023,Male,1999-07-15,2026-01-26,Lagos,CMP-004,CH-005,2026-04-10
FNP-U07024,Male,1974-12-11,2026-04-11,Abuja,CMP-003,CH-004,2026-04-18
FNP-U07025,Female,1987-08-06,2026-02-04,Ogun,CMP-001,CH-001,2026-02-24
FNP-U07026,Female,1972-04-04,2026-04-15,Ogun,CMP-002,CH-002,2026-04-20
FNP-U07027,Male,2003-06-02,2026-03-14,Ogun,CMP-006,CH-002,2026-04-05
FNP-U07028,Female,2002-09-14,2026-04-06,Ogun,CMP-002,CH-002,2026-04-07
FNP-U07029,Female,1982-03-10,2026-01-28,Ogun,CMP-001,CH-001,2026-03-07
FNP-U07030,Female,2003-12-14,2026-02-18,Ogun,CMP-001,CH-001,2026-04-06
FNP-U07031,Female,1995-06-06,2026-02-23,Ogun,CMP-001,CH-001,2026-03-05
FNP-U07032,Female,1995-01-21,2026-03-25,Abuja,CMP-001,CH-001,2026-04-09
FNP-U07033,Female,2003-12-05,2026-04-14,Ogun,CMP-002,CH-002,2026-04-20
FNP-U07034,Male,2008-08-01,2026-04-19,Lagos,CMP-005,CH-003,2026-04-19
FNP-U07035,Male,1987-10-26,2026-02-05,Lagos,CMP-004,CH-005,2026-03-18
FNP-U07036,Male,1993-11-14,2026-02-17,Lagos,CMP-003,CH-004,2026-02-27
FNP-U07037,Male,2000-02-05,2026-02-15,Lagos,CMP-003,CH-004,2026-02-22
FNP-U07038,Male,2006-11-21,2026-03-14,Abuja,CMP-004,CH-005,2026-04-10
FNP-U07039,Male,1988-01-20,2026-03-25,Abuja,CMP-001,CH-001,2026-03-28
FNP-U07040,Female,2002-06-14,2026-02-25,Ogun,CMP-004,CH-005,2026-03-15
FNP-U07041,Female,1997-04-02,2026-01-29,Lagos,CMP-005,CH-003,2026-03-31
FNP-U07042,Female,1999-04-28,2026-02-05,Ogun,CMP-006,CH-002,2026-04-03
FNP-U07043,Male,1983-05-11,2026-02-21,Lagos,CMP-003,CH-004,2026-03-28
FNP-U07044,Male,1989-09-21,2026-04-07,Ogun,CMP-001,CH-001,2026-04-09
FNP-U07045,Female,2007-06-03,2026-03-10,Ogun,CMP-005,CH-003,2026-04-15
FNP-U07046,Female,2001-05-11,2026-03-02,Lagos,CMP-001,CH-001,2026-03-03
FNP-U07047,Female,1997-04-25,2026-01-26,Ogun,CMP-005,CH-003,2026-02-20
FNP-U07048,Female,1987-10-10,2026-01-28,Lagos,CMP-006,CH-002,2026-02-13
FNP-U07049,Female,2006-12-01,2026-04-17,Abuja,CMP-004,CH-005,2026-04-25
FNP-U07050,Male,1986-04-28,2026-03-15,Ogun,CMP-001,CH-001,2026-03-17
FNP-U07051,Male,1996-01-18,2026-04-18,Lagos,CMP-002,CH-002,2026-04-20
FNP-U07052,Female,1996-07-25,2026-02-22,Abuja,CMP-003,CH-004,2026-03-09
FNP-U07053,Female,1993-03-20,2026-04-12,Ogun,CMP-004,CH-005,2026-04-15
FNP-U07054,Female,1997-04-04,2026-02-16,Abuja,CMP-006,CH-002,2026-04-25
FNP-U07055,Female,1997-10-26,2026-04-14,Ogun,CMP-002,CH-002,2026-04-14
FNP-U07056,Male,1997-08-10,2026-02-03,Lagos,CMP-005,CH-003,2026-02-19
FNP-U07057,Female,2008-05-28,2026-01-30,Ogun,CMP-004,CH-005,2026-03-07
FNP-U07058,Female,1988-06-02,2026-03-11,Lagos,CMP-001,CH-001,2026-03-12
FNP-U07059,Female,1998-03-26,2026-04-24,Ogun,CMP-002,CH-002,2026-04-25
FNP-U07060,Female,1998-05-08,2026-02-15,Lagos,CMP-002,CH-002,2026-03-15
FNP-U07061,Male,1986-07-12,2026-03-16,Ogun,CMP-003,CH-004,2026-04-24
FNP-U07062,Female,1996-08-23,2026-02-19,Abuja,CMP-004,CH-005,2026-04-01
FNP-U07063,Female,1999-08-28,2026-04-24,Abuja,CMP-006,CH-002,2026-04-25
FNP-U07064,Female,2004-10-21,2026-02-01,Abuja,CMP-005,CH-003,2026-02-03
FNP-U07065,Female,1987-02-08,2026-01-29,Lagos,CMP-006,CH-002,2026-03-04
FNP-U07066,Female,2006-07-26,2026-02-19,Ogun,CMP-001,CH-001,2026-04-18
FNP-U07067,Female,2001-03-27,2026-03-25,Lagos,CMP-005,CH-003,2026-04-24
FNP-U07068,Male,1983-08-05,2026-02-19,Ogun,CMP-002,CH-002,2026-02-23
FNP-U07069,Male,1972-03-27,2026-03-27,Abuja,CMP-003,CH-004,2026-03-30
FNP-U07070,Male,1995-01-20,2026-04-18,Lagos,CMP-001,CH-001,2026-04-23
FNP-U07071,Female,1992-12-10,2026-04-06,Lagos,CMP-006,CH-002,2026-04-15
FNP-U07072,Female,2000-06-27,2026-04-01,Ogun,CMP-004,CH-005,2026-04-14
FNP-U07073,Male,1994-11-07,2026-03-19,Abuja,CMP-005,CH-003,2026-04-06
FNP-U07074,Female,1986-01-23,2026-02-09,Ogun,CMP-002,CH-002,2026-04-05
FNP-U07075,Male,2005-09-06,2026-02-26,Ogun,CMP-006,CH-002,2026-04-03
FNP-U07076,Male,1983-10-28,2026-03-31,Ogun,CMP-002,CH-002,2026-04-17
FNP-U07077,Female,1973-03-02,2026-02-22,Abuja,CMP-003,CH-004,2026-03-21
FNP-U07078,Male,1990-09-28,2026-03-18,Lagos,CMP-006,CH-002,2026-03-29
FNP-U07079,Female,1982-07-15,2026-02-13,Lagos,CMP-006,CH-002,2026-04-08
FNP-U07080,Female,1987-02-12,2026-04-19,Abuja,CMP-006,CH-002,2026-04-19
FNP-U07081,Female,1973-06-10,2026-02-13,Ogun,CMP-002,CH-002,2026-03-29
FNP-U07082,Male,2002-08-04,2026-03-31,Lagos,CMP-002,CH-002,2026-04-12
FNP-U07083,Male,2004-01-03,2026-04-02,Lagos,CMP-005,CH-003,2026-04-22
FNP-U07084,Female,1991-07-11,2026-03-28,Ogun,CMP-005,CH-003,2026-04-05
FNP-U07085,Male,1973-02-24,2026-03-30,Abuja,CMP-006,CH-002,2026-03-30
FNP-U07086,Male,1989-04-27,2026-04-03,Ogun,CMP-004,CH-005,2026-04-24
FNP-U07087,Female,1988-06-15,2026-04-22,Abuja,CMP-004,CH-005,2026-04-22
FNP-U07088,Female,1990-02-11,2026-03-07,Ogun,CMP-004,CH-005,2026-03-19
FNP-U07089,Male,1975-07-28,2026-02-22,Abuja,CMP-006,CH-002,2026-02-26
FNP-U07090,Male,1986-10-21,2026-04-20,Lagos,CMP-004,CH-005,2026-04-23
FNP-U07091,Female,2003-04-07,2026-02-15,Lagos,CMP-006,CH-002,2026-04-02
FNP-U07092,Male,1976-02-17,2026-03-13,Lagos,CMP-006,CH-002,2026-04-05
FNP-U07093,Male,1984-02-25,2026-03-12,Ogun,CMP-001,CH-001,2026-04-19
FNP-U07094,Male,1990-08-15,2026-03-18,Lagos,CMP-004,CH-005,2026-03-26
FNP-U07095,Male,1995-10-16,2026-01-31,Ogun,CMP-002,CH-002,2026-02-02
FNP-U07096,Female,2007-12-01,2026-03-25,Ogun,CMP-001,CH-001,2026-04-20
FNP-U07097,Female,2008-02-22,2026-04-19,Abuja,CMP-002,CH-002,2026-04-21
FNP-U07098,Male,2008-10-17,2026-03-25,Ogun,CMP-004,CH-005,2026-04-18
FNP-U07099,Male,1984-10-19,2026-04-20,Lagos,CMP-006,CH-002,2026-04-24
FNP-U07100,Female,1974-03-04,2026-03-05,Abuja,CMP-006,CH-002,2026-03-27
FNP-U07101,Female,2002-09-19,2026-02-15,Ogun,CMP-006,CH-002,2026-04-25
FNP-U07102,Male,1981-10-09,2026-02-08,Lagos,CMP-001,CH-001,2026-02-14
FNP-U07103,Male,1983-07-15,2026-02-01,Lagos,CMP-001,CH-001,2026-02-15
FNP-U07104,Female,1978-03-10,2026-04-25,Ogun,CMP-006,CH-002,2026-04-25
FNP-U07105,Male,1991-04-22,2026-03-13,Abuja,CMP-005,CH-003,2026-03-14
FNP-U07106,Female,1999-02-03,2026-03-18,Ogun,CMP-005,CH-003,2026-03-24
FNP-U07107,Female,1982-10-07,2026-03-05,Ogun,CMP-002,CH-002,2026-03-16
FNP-U07108,Male,1997-08-14,2026-02-19,Ogun,CMP-004,CH-005,2026-03-26
FNP-U07109,Female,1981-09-01,2026-04-12,Abuja,CMP-002,CH-002,2026-04-13
FNP-U07110,Female,1996-03-26,2026-04-01,Ogun,CMP-005,CH-003,2026-04-20
FNP-U07111,Male,1991-04-13,2026-03-16,Abuja,CMP-003,CH-004,2026-04-12
FNP-U07112,Male,2006-02-15,2026-03-23,Lagos,CMP-001,CH-001,2026-04-13
FNP-U07113,Male,2007-04-13,2026-02-05,Ogun,CMP-004,CH-005,2026-02-22
FNP-U07114,Male,1992-08-21,2026-03-04,Ogun,CMP-001,CH-001,2026-04-08
FNP-U07115,Female,2004-10-14,2026-04-08,Ogun,CMP-003,CH-004,2026-04-24
FNP-U07116,Female,1990-12-28,2026-02-28,Abuja,CMP-002,CH-002,2026-03-18
FNP-U07117,Female,1996-10-07,2026-04-03,Abuja,CMP-004,CH-005,2026-04-05
FNP-U07118,Female,1998-10-03,2026-04-18,Lagos,CMP-001,CH-001,2026-04-24
FNP-U07119,Female,1974-08-28,2026-02-15,Ogun,CMP-006,CH-002,2026-02-18
FNP-U07120,Female,1994-05-13,2026-03-28,Lagos,CMP-006,CH-002,2026-03-28
FNP-U07121,Female,1976-11-02,2026-02-12,Lagos,CMP-003,CH-004,2026-04-07
FNP-U07122,Male,2007-10-02,2026-03-22,Abuja,CMP-001,CH-001,2026-04-17
FNP-U07123,Female,1980-01-10,2026-03-05,Ogun,CMP-006,CH-002,2026-04-18
FNP-U07124,Male,2000-05-18,2026-02-12,Ogun,CMP-003,CH-004,2026-04-08
FNP-U07125,Female,1994-10-02,2026-04-05,Lagos,CMP-001,CH-001,2026-04-14
FNP-U07126,Male,1999-09-20,2026-03-19,Abuja,CMP-002,CH-002,2026-04-17
FNP-U07127,Male,2006-11-15,2026-03-12,Lagos,CMP-005,CH-003,2026-03-15
FNP-U07128,Female,1993-12-28,2026-03-04,Lagos,CMP-006,CH-002,2026-03-12
FNP-U07129,Female,1983-03-22,2026-02-01,Lagos,CMP-001,CH-001,2026-03-02
FNP-U07130,Male,1996-02-14,2026-02-10,Abuja,CMP-003,CH-004,2026-03-12
FNP-U07131,Male,2007-05-08,2026-01-26,Lagos,CMP-001,CH-001,2026-03-25
FNP-U07132,Male,1988-03-09,2026-02-26,Lagos,CMP-006,CH-002,2026-03-16
FNP-U07133,Female,1980-02-09,2026-02-09,Abuja,CMP-003,CH-004,2026-02-26
FNP-U07134,Male,2004-09-07,2026-02-24,Ogun,CMP-002,CH-002,2026-02-25
FNP-U07135,Male,1996-10-19,2026-03-16,Lagos,CMP-006,CH-002,2026-03-21
FNP-U07136,Female,1973-12-02,2026-04-09,Abuja,CMP-003,CH-004,2026-04-24
FNP-U07137,Female,2002-11-27,2026-01-31,Abuja,CMP-004,CH-005,2026-04-09
FNP-U07138,Male,1974-06-12,2026-04-19,Lagos,CMP-006,CH-002,2026-04-23
FNP-U07139,Female,2002-04-22,2026-02-23,Ogun,CMP-004,CH-005,2026-04-02
FNP-U07140,Female,1983-11-22,2026-02-15,Ogun,CMP-003,CH-004,2026-02-25
FNP-U07141,Female,1974-10-26,2026-04-23,Abuja,CMP-006,CH-002,2026-04-25
FNP-U07142,Male,1985-10-17,2026-04-17,Lagos,CMP-001,CH-001,2026-04-17
FNP-U07143,Female,1976-12-26,2026-02-04,Lagos,CMP-006,CH-002,2026-04-07
FNP-U07144,Female,1971-07-01,2026-03-28,Abuja,CMP-006,CH-002,2026-04-08
FNP-U07145,Female,2002-08-23,2026-04-19,Abuja,CMP-005,CH-003,2026-04-25
FNP-U07146,Female,1974-04-05,2026-04-14,Abuja,CMP-002,CH-002,2026-04-17
FNP-U07147,Male,2004-09-23,2026-03-28,Ogun,CMP-006,CH-002,2026-04-09
FNP-U07148,Female,2002-10-22,2026-03-07,Abuja,CMP-004,CH-005,2026-04-03
FNP-U07149,Male,1972-01-05,2026-03-29,Abuja,CMP-006,CH-002,2026-04-18
FNP-U07150,Female,1991-02-28,2026-02-24,Lagos,CMP-002,CH-002,2026-03-21
FNP-U07151,Female,2005-05-27,2026-03-07,Abuja,CMP-006,CH-002,2026-04-25
FNP-U07152,Female,1983-08-12,2026-03-10,Ogun,CMP-003,CH-004,2026-04-25
FNP-U07153,Female,1994-05-20,2026-03-17,Ogun,CMP-001,CH-001,2026-04-12
FNP-U07154,Female,2005-01-22,2026-03-18,Lagos,CMP-006,CH-002,2026-03-29
FNP-U07155,Male,2002-05-11,2026-01-27,Ogun,CMP-004,CH-005,2026-04-23
FNP-U07156,Female,1997-04-19,2026-02-10,Abuja,CMP-005,CH-003,2026-02-28
FNP-U07157,Male,1988-05-26,2026-02-25,Abuja,CMP-004,CH-005,2026-03-01
FNP-U07158,Male,2001-10-11,2026-02-13,Lagos,CMP-006,CH-002,2026-02-18
FNP-U07159,Female,1973-02-02,2026-03-04,Lagos,CMP-002,CH-002,2026-03-17
FNP-U07160,Female,1977-12-10,2026-02-22,Ogun,CMP-006,CH-002,2026-04-18
FNP-U07161,Female,1974-06-21,2026-04-21,Abuja,CMP-002,CH-002,2026-04-25
FNP-U07162,Female,1998-07-22,2026-03-05,Lagos,CMP-005,CH-003,2026-03-10
FNP-U07163,Male,2001-11-25,2026-02-15,Ogun,CMP-001,CH-001,2026-03-14
FNP-U07164,Female,2006-01-05,2026-01-29,Ogun,CMP-002,CH-002,2026-02-27
FNP-U07165,Male,1971-03-23,2026-04-24,Lagos,CMP-006,CH-002,2026-04-24
FNP-U07166,Male,1972-05-04,2026-03-30,Abuja,CMP-003,CH-004,2026-04-12
FNP-U07167,Female,2008-06-06,2026-03-27,Abuja,CMP-005,CH-003,2026-03-28
FNP-U07168,Male,1983-05-07,2026-04-09,Abuja,CMP-001,CH-001,2026-04-17
FNP-U07169,Female,1991-05-01,2026-01-30,Ogun,CMP-006,CH-002,2026-02-27
FNP-U07170,Male,2000-08-15,2026-03-11,Abuja,CMP-005,CH-003,2026-04-03
FNP-U07171,Female,1986-04-28,2026-03-22,Lagos,CMP-004,CH-005,2026-04-01
FNP-U07172,Female,1976-06-03,2026-04-15,Ogun,CMP-003,CH-004,2026-04-19
FNP-U07173,Male,2003-03-24,2026-02-25,Lagos,CMP-006,CH-002,2026-04-10
FNP-U07174,Male,1984-12-27,2026-03-27,Abuja,CMP-006,CH-002,2026-03-29
FNP-U07175,Male,1973-02-28,2026-04-20,Ogun,CMP-003,CH-004,2026-04-20
FNP-U07176,Male,2006-09-19,2026-02-27,Lagos,CMP-006,CH-002,2026-03-29
FNP-U07177,Male,1998-02-28,2026-03-10,Lagos,CMP-006,CH-002,2026-03-28
FNP-U07178,Female,1972-02-20,2026-02-28,Ogun,CMP-003,CH-004,2026-03-27
FNP-U07179,Male,2008-05-19,2026-02-27,Abuja,CMP-005,CH-003,2026-03-16
FNP-U07180,Female,1997-04-23,2026-03-09,Abuja,CMP-002,CH-002,2026-04-08
FNP-U07181,Female,1971-12-11,2026-03-23,Ogun,CMP-006,CH-002,2026-03-26
FNP-U07182,Male,1989-08-13,2026-04-09,Lagos,CMP-004,CH-005,2026-04-13
FNP-U07183,Female,1992-07-04,2026-04-21,Lagos,CMP-002,CH-002,2026-04-23
FNP-U07184,Male,1991-08-28,2026-04-09,Ogun,CMP-002,CH-002,2026-04-15
FNP-U07185,Female,1972-01-19,2026-03-22,Lagos,CMP-003,CH-004,2026-03-27
FNP-U07186,Female,2004-01-01,2026-04-10,Lagos,CMP-003,CH-004,2026-04-20
FNP-U07187,Male,1982-06-04,2026-01-26,Lagos,CMP-002,CH-002,2026-02-09
FNP-U07188,Male,2008-08-13,2026-03-18,Lagos,CMP-004,CH-005,2026-04-02
FNP-U07189,Female,1983-09-16,2026-03-14,Lagos,CMP-001,CH-001,2026-04-04
FNP-U07190,Male,1997-06-16,2026-03-19,Ogun,CMP-005,CH-003,2026-03-26
FNP-U07191,Male,1974-04-05,2026-03-05,Lagos,CMP-003,CH-004,2026-03-12
FNP-U07192,Male,1983-08-24,2026-03-11,Abuja,CMP-003,CH-004,2026-03-23
FNP-U07193,Male,2007-03-16,2026-03-01,Lagos,CMP-005,CH-003,2026-03-24
FNP-U07194,Female,1996-10-08,2026-04-19,Lagos,CMP-001,CH-001,2026-04-20
FNP-U07195,Male,1982-10-24,2026-02-14,Ogun,CMP-002,CH-002,2026-03-27
FNP-U07196,Male,1993-09-01,2026-02-28,Abuja,CMP-001,CH-001,2026-03-11
FNP-U07197,Male,2005-01-07,2026-04-02,Lagos,CMP-004,CH-005,2026-04-18
FNP-U07198,Male,2006-09-09,2026-03-26,Ogun,CMP-004,CH-005,2026-04-03
FNP-U07199,Female,2001-08-20,2026-02-10,Ogun,CMP-005,CH-003,2026-04-09
FNP-U07200,Female,2007-10-07,2026-04-01,Abuja,CMP-005,CH-003,2026-04-23
FNP-U07201,Female,1995-06-28,2026-02-21,Abuja,CMP-001,CH-001,2026-03-11
FNP-U07202,Female,1989-03-26,2026-02-04,Lagos,CMP-001,CH-001,2026-03-12
FNP-U07203,Male,2000-07-18,2026-03-26,Ogun,CMP-004,CH-005,2026-04-08
FNP-U07204,Male,1997-01-28,2026-02-11,Abuja,CMP-006,CH-002,2026-03-24
FNP-U07205,Male,1993-01-25,2026-02-02,Abuja,CMP-001,CH-001,2026-03-03
FNP-U07206,Male,1995-06-11,2026-04-18,Abuja,CMP-005,CH-003,2026-04-24
FNP-U07207,Female,1986-02-10,2026-02-08,Abuja,CMP-004,CH-005,2026-03-26
FNP-U07208,Male,2000-05-06,2026-02-23,Abuja,CMP-001,CH-001,2026-03-15
FNP-U07209,Male,1971-08-13,2026-03-11,Abuja,CMP-003,CH-004,2026-04-19
FNP-U07210,Female,1996-06-04,2026-02-05,Ogun,CMP-003,CH-004,2026-02-22
FNP-U07211,Male,1987-01-19,2026-03-04,Abuja,CMP-004,CH-005,2026-04-23
FNP-U07212,Female,1999-04-26,2026-04-13,Ogun,CMP-004,CH-005,2026-04-15
FNP-U07213,Female,1982-06-16,2026-02-23,Lagos,CMP-006,CH-002,2026-04-16
FNP-U07214,Female,1990-02-09,2026-04-13,Ogun,CMP-003,CH-004,2026-04-25
FNP-U07215,Female,2008-01-26,2026-03-29,Abuja,CMP-002,CH-002,2026-04-02
FNP-U07216,Female,1995-08-05,2026-03-03,Lagos,CMP-001,CH-001,2026-03-05
FNP-U07217,Female,2001-09-27,2026-02-28,Abuja,CMP-005,CH-003,2026-03-19
FNP-U07218,Female,1995-04-14,2026-02-23,Abuja,CMP-005,CH-003,2026-04-03
FNP-U07219,Male,1990-07-14,2026-04-04,Ogun,CMP-004,CH-005,2026-04-17
FNP-U07220,Female,1985-08-23,2026-04-14,Ogun,CMP-006,CH-002,2026-04-20
FNP-U07221,Male,1992-10-03,2026-03-13,Ogun,CMP-001,CH-001,2026-04-01
FNP-U07222,Female,1983-04-17,2026-02-03,Abuja,CMP-006,CH-002,2026-03-03
FNP-U07223,Female,1991-04-17,2026-03-10,Abuja,CMP-001,CH-001,2026-03-15
FNP-U07224,Male,1998-12-23,2026-02-26,Abuja,CMP-002,CH-002,2026-04-09
FNP-U07225,Female,2005-01-27,2026-03-25,Lagos,CMP-006,CH-002,2026-04-12
FNP-U07226,Male,1982-09-27,2026-03-13,Lagos,CMP-001,CH-001,2026-04-08
FNP-U07227,Female,1985-04-12,2026-01-27,Abuja,CMP-001,CH-001,2026-03-02
FNP-U07228,Male,2006-05-23,2026-03-19,Lagos,CMP-005,CH-003,2026-04-16
FNP-U07229,Male,1989-05-16,2026-02-04,Ogun,CMP-004,CH-005,2026-03-29
FNP-U07230,Male,1991-05-22,2026-02-22,Lagos,CMP-004,CH-005,2026-04-13
FNP-U07231,Male,2007-01-14,2026-04-18,Abuja,CMP-004,CH-005,2026-04-20
FNP-U07232,Male,1984-10-15,2026-01-28,Ogun,CMP-001,CH-001,2026-02-15
FNP-U07233,Male,2005-01-04,2026-04-14,Abuja,CMP-004,CH-005,2026-04-16
FNP-U07234,Male,1989-02-14,2026-02-21,Lagos,CMP-002,CH-002,2026-04-05
FNP-U07235,Male,2002-08-01,2026-02-22,Lagos,CMP-004,CH-005,2026-03-05
FNP-U07236,Female,2000-07-17,2026-03-28,Abuja,CMP-005,CH-003,2026-04-16
FNP-U07237,Female,1979-09-24,2026-02-05,Ogun,CMP-006,CH-002,2026-03-30
FNP-U07238,Male,1999-05-26,2026-03-19,Abuja,CMP-002,CH-002,2026-04-04
FNP-U07239,Female,1977-10-11,2026-02-03,Lagos,CMP-003,CH-004,2026-03-09
FNP-U07240,Female,1974-01-16,2026-03-17,Lagos,CMP-002,CH-002,2026-03-29
FNP-U07241,Female,1997-11-25,2026-04-11,Ogun,CMP-005,CH-003,2026-04-25
FNP-U07242,Female,2001-07-23,2026-03-24,Ogun,CMP-004,CH-005,2026-04-12
FNP-U07243,Male,2002-09-14,2026-04-03,Abuja,CMP-002,CH-002,2026-04-11
FNP-U07244,Male,1973-05-14,2026-03-12,Abuja,CMP-003,CH-004,2026-03-30
FNP-U07245,Male,1995-10-26,2026-02-21,Abuja,CMP-003,CH-004,2026-04-03
FNP-U07246,Female,2006-01-21,2026-02-15,Ogun,CMP-005,CH-003,2026-03-04
FNP-U07247,Female,2007-08-20,2026-03-14,Ogun,CMP-002,CH-002,2026-04-02
FNP-U07248,Male,2006-05-27,2026-04-13,Abuja,CMP-006,CH-002,2026-04-23
FNP-U07249,Male,1986-12-06,2026-02-16,Ogun,CMP-006,CH-002,2026-04-10
FNP-U07250,Male,1996-07-07,2026-03-30,Ogun,CMP-002,CH-002,2026-04-09
FNP-U07251,Male,2000-11-09,2026-03-23,Lagos,CMP-005,CH-003,2026-04-24
FNP-U07252,Male,2008-08-08,2026-03-03,Abuja,CMP-006,CH-002,2026-03-03
FNP-U07253,Female,2004-10-22,2026-03-11,Abuja,CMP-005,CH-003,2026-04-22
FNP-U07254,Female,1993-05-12,2026-02-27,Ogun,CMP-001,CH-001,2026-03-13
FNP-U07255,Female,1992-11-27,2026-03-23,Abuja,CMP-005,CH-003,2026-03-31
FNP-U07256,Female,1998-09-09,2026-02-13,Abuja,CMP-003,CH-004,2026-02-26
FNP-U07257,Male,1971-03-23,2026-03-06,Abuja,CMP-006,CH-002,2026-04-23
FNP-U07258,Male,1978-12-28,2026-02-05,Ogun,CMP-002,CH-002,2026-02-11
FNP-U07259,Female,1974-07-02,2026-04-18,Lagos,CMP-006,CH-002,2026-04-24
FNP-U07260,Female,1972-01-01,2026-02-18,Lagos,CMP-006,CH-002,2026-03-25
FNP-U07261,Male,1996-01-09,2026-02-04,Lagos,CMP-006,CH-002,2026-03-28
FNP-U07262,Male,2007-07-21,2026-02-10,Lagos,CMP-002,CH-002,2026-04-25
FNP-U07263,Female,1987-04-10,2026-03-04,Lagos,CMP-002,CH-002,2026-04-11
FNP-U07264,Male,1981-02-07,2026-04-16,Ogun,CMP-002,CH-002,2026-04-25
FNP-U07265,Female,2002-02-24,2026-01-29,Ogun,CMP-003,CH-004,2026-04-15
FNP-U07266,Female,1993-10-15,2026-04-21,Abuja,CMP-001,CH-001,2026-04-22
FNP-U07267,Female,1981-02-26,2026-04-08,Lagos,CMP-001,CH-001,2026-04-21
FNP-U07268,Male,1991-02-21,2026-04-10,Ogun,CMP-002,CH-002,2026-04-19
FNP-U07269,Female,1997-08-10,2026-02-08,Ogun,CMP-001,CH-001,2026-03-28
FNP-U07270,Male,1972-09-14,2026-04-08,Abuja,CMP-002,CH-002,2026-04-11
FNP-U07271,Female,2004-09-11,2026-02-01,Ogun,CMP-005,CH-003,2026-02-06
FNP-U07272,Male,1979-12-20,2026-03-21,Lagos,CMP-003,CH-004,2026-04-21
FNP-U07273,Male,1993-04-12,2026-03-30,Abuja,CMP-006,CH-002,2026-04-02
FNP-U07274,Female,2007-08-27,2026-02-17,Abuja,CMP-004,CH-005,2026-03-30
FNP-U07275,Female,2001-07-12,2026-03-25,Abuja,CMP-001,CH-001,2026-03-29
FNP-U07276,Male,2003-09-16,2026-03-30,Abuja,CMP-005,CH-003,2026-04-13
FNP-U07277,Male,1996-07-17,2026-02-14,Abuja,CMP-005,CH-003,2026-03-11
FNP-U07278,Female,1984-10-09,2026-01-29,Ogun,CMP-006,CH-002,2026-01-29
FNP-U07279,Female,1989-10-27,2026-02-26,Ogun,CMP-006,CH-002,2026-03-22
FNP-U07280,Male,2003-08-03,2026-02-25,Abuja,CMP-005,CH-003,2026-03-11
FNP-U07281,Male,1990-06-20,2026-03-28,Abuja,CMP-003,CH-004,2026-04-01
FNP-U07282,Female,1977-02-12,2026-04-19,Lagos,CMP-002,CH-002,2026-04-22
FNP-U07283,Female,1997-09-20,2026-03-03,Lagos,CMP-004,CH-005,2026-03-27
FNP-U07284,Male,1995-08-15,2026-03-20,Abuja,CMP-003,CH-004,2026-04-02
FNP-U07285,Female,1997-12-19,2026-03-10,Ogun,CMP-005,CH-003,2026-03-17
FNP-U07286,Male,1993-01-21,2026-03-25,Ogun,CMP-004,CH-005,2026-03-27
FNP-U07287,Female,1992-10-13,2026-04-06,Abuja,CMP-005,CH-003,2026-04-09
FNP-U07288,Male,1991-09-17,2026-04-23,Ogun,CMP-003,CH-004,2026-04-23
FNP-U07289,Male,1976-02-24,2026-01-29,Lagos,CMP-002,CH-002,2026-02-13
FNP-U07290,Male,1991-09-25,2026-04-14,Lagos,CMP-001,CH-001,2026-04-22
FNP-U07291,Male,1978-09-14,2026-03-22,Ogun,CMP-003,CH-004,2026-03-30
FNP-U07292,Female,1985-01-17,2026-01-26,Ogun,CMP-001,CH-001,2026-02-22
FNP-U07293,Male,2006-01-05,2026-03-01,Ogun,CMP-001,CH-001,2026-03-29
FNP-U07294,Male,2003-10-12,2026-03-05,Ogun,CMP-005,CH-003,2026-03-21
FNP-U07295,Female,1991-02-10,2026-01-29,Ogun,CMP-004,CH-005,2026-03-06
FNP-U07296,Female,1998-12-11,2026-04-03,Ogun,CMP-005,CH-003,2026-04-15
FNP-U07297,Male,1999-01-03,2026-02-14,Abuja,CMP-004,CH-005,2026-03-17
FNP-U07298,Male,1997-05-02,2026-03-21,Abuja,CMP-006,CH-002,2026-04-23
FNP-U07299,Female,1975-06-22,2026-03-05,Ogun,CMP-003,CH-004,2026-04-05
FNP-U07300,Male,1999-05-16,2026-03-06,Lagos,CMP-004,CH-005,2026-04-10
FNP-U07301,Female,1974-02-18,2026-04-03,Ogun,CMP-003,CH-004,2026-04-11
FNP-U07302,Female,1999-01-15,2026-04-05,Abuja,CMP-004,CH-005,2026-04-25
FNP-U07303,Male,1998-11-26,2026-03-31,Ogun,CMP-003,CH-004,2026-04-03
FNP-U07304,Female,1975-04-11,2026-02-06,Ogun,CMP-002,CH-002,2026-02-16
FNP-U07305,Male,2004-10-14,2026-04-06,Abuja,CMP-006,CH-002,2026-04-17
FNP-U07306,Male,1989-01-02,2026-02-15,Ogun,CMP-001,CH-001,2026-04-21
FNP-U07307,Female,2008-09-12,2026-03-05,Ogun,CMP-005,CH-003,2026-03-20
FNP-U07308,Female,2004-07-18,2026-04-08,Lagos,CMP-002,CH-002,2026-04-25
FNP-U07309,Female,1991-03-14,2026-02-21,Ogun,CMP-002,CH-002,2026-04-16
FNP-U07310,Female,1975-01-20,2026-04-05,Lagos,CMP-003,CH-004,2026-04-22
FNP-U07311,Female,1990-05-28,2026-02-14,Ogun,CMP-002,CH-002,2026-02-23
FNP-U07312,Female,1999-05-08,2026-02-02,Lagos,CMP-002,CH-002,2026-03-06
FNP-U07313,Female,1990-08-10,2026-04-10,Ogun,CMP-001,CH-001,2026-04-20
FNP-U07314,Female,1989-01-13,2026-03-17,Lagos,CMP-002,CH-002,2026-03-31
FNP-U07315,Female,1989-12-16,2026-04-01,Ogun,CMP-003,CH-004,2026-04-24
FNP-U07316,Female,1983-02-14,2026-03-07,Ogun,CMP-001,CH-001,2026-03-27
FNP-U07317,Female,2008-06-01,2026-04-05,Lagos,CMP-001,CH-001,2026-04-21
FNP-U07318,Female,1982-09-01,2026-03-06,Abuja,CMP-001,CH-001,2026-03-09
FNP-U07319,Female,1990-05-19,2026-03-13,Ogun,CMP-004,CH-005,2026-04-23
FNP-U07320,Male,2005-08-25,2026-02-24,Ogun,CMP-004,CH-005,2026-03-24
FNP-U07321,Male,2001-04-22,2026-02-08,Ogun,CMP-001,CH-001,2026-04-09
FNP-U07322,Male,1974-07-21,2026-02-23,Lagos,CMP-006,CH-002,2026-04-04
FNP-U07323,Male,1987-03-14,2026-03-21,Ogun,CMP-002,CH-002,2026-03-26
FNP-U07324,Male,2003-05-25,2026-03-03,Ogun,CMP-003,CH-004,2026-03-20
FNP-U07325,Female,1972-12-25,2026-03-10,Ogun,CMP-002,CH-002,2026-04-09
FNP-U07326,Male,1984-04-24,2026-02-18,Abuja,CMP-006,CH-002,2026-03-22
FNP-U07327,Male,2001-12-13,2026-04-05,Abuja,CMP-002,CH-002,2026-04-22
FNP-U07328,Female,1997-09-15,2026-04-10,Lagos,CMP-005,CH-003,2026-04-12
FNP-U07329,Male,1986-11-01,2026-03-18,Ogun,CMP-001,CH-001,2026-03-29
FNP-U07330,Female,1996-09-12,2026-04-02,Abuja,CMP-005,CH-003,2026-04-06
FNP-U07331,Male,1994-04-27,2026-01-27,Lagos,CMP-005,CH-003,2026-04-04
FNP-U07332,Male,1979-02-25,2026-03-20,Ogun,CMP-003,CH-004,2026-04-21
FNP-U07333,Female,1998-02-26,2026-02-15,Abuja,CMP-002,CH-002,2026-02-24
FNP-U07334,Female,2004-02-22,2026-03-27,Lagos,CMP-005,CH-003,2026-04-09
FNP-U07335,Male,2002-02-01,2026-03-23,Lagos,CMP-004,CH-005,2026-03-30
FNP-U07336,Male,1983-07-22,2026-02-05,Lagos,CMP-001,CH-001,2026-03-14
FNP-U07337,Female,2002-04-17,2026-02-26,Abuja,CMP-003,CH-004,2026-04-17
FNP-U07338,Female,1978-12-26,2026-02-12,Lagos,CMP-002,CH-002,2026-04-21
FNP-U07339,Male,2005-11-21,2026-04-13,Lagos,CMP-001,CH-001,2026-04-21
FNP-U07340,Male,2000-09-11,2026-02-22,Ogun,CMP-005,CH-003,2026-04-09
FNP-U07341,Female,2001-08-03,2026-03-22,Lagos,CMP-004,CH-005,2026-04-01
FNP-U07342,Male,1988-07-16,2026-04-14,Ogun,CMP-001,CH-001,2026-04-24
FNP-U07343,Male,1989-12-24,2026-04-19,Lagos,CMP-003,CH-004,2026-04-19
FNP-U07344,Male,1986-06-20,2026-02-22,Lagos,CMP-001,CH-001,2026-02-25
FNP-U07345,Female,1986-10-14,2026-04-11,Abuja,CMP-001,CH-001,2026-04-11
FNP-U07346,Female,2000-01-05,2026-04-24,Ogun,CMP-004,CH-005,2026-04-25
FNP-U07347,Female,2003-11-01,2026-03-25,Lagos,CMP-001,CH-001,2026-03-28
FNP-U07348,Female,1983-01-18,2026-02-18,Lagos,CMP-006,CH-002,2026-03-07
FNP-U07349,Male,1996-09-07,2026-03-27,Ogun,CMP-004,CH-005,2026-04-21
FNP-U07350,Female,1996-03-07,2026-01-31,Ogun,CMP-006,CH-002,2026-03-03
FNP-U07351,Female,1996-02-15,2026-03-19,Abuja,CMP-001,CH-001,2026-03-20
FNP-U07352,Male,1994-11-08,2026-03-30,Lagos,CMP-005,CH-003,2026-04-10
FNP-U07353,Male,1993-09-24,2026-02-04,Abuja,CMP-002,CH-002,2026-02-11
FNP-U07354,Male,1972-10-19,2026-03-07,Abuja,CMP-002,CH-002,2026-03-08
FNP-U07355,Male,1976-02-12,2026-03-13,Abuja,CMP-006,CH-002,2026-03-24
FNP-U07356,Female,1996-09-26,2026-03-30,Abuja,CMP-002,CH-002,2026-04-02
FNP-U07357,Male,2006-12-05,2026-02-01,Ogun,CMP-004,CH-005,2026-03-16
FNP-U07358,Female,1980-07-25,2026-04-13,Ogun,CMP-006,CH-002,2026-04-13
FNP-U07359,Male,2004-09-23,2026-02-07,Lagos,CMP-006,CH-002,2026-02-18
FNP-U07360,Male,1984-02-06,2026-03-03,Ogun,CMP-001,CH-001,2026-03-29
FNP-U07361,Female,1987-09-04,2026-04-10,Abuja,CMP-006,CH-002,2026-04-17
FNP-U07362,Female,1986-02-22,2026-02-10,Lagos,CMP-004,CH-005,2026-03-04
FNP-U07363,Female,2002-05-21,2026-04-14,Lagos,CMP-003,CH-004,2026-04-17
FNP-U07364,Male,1996-01-08,2026-01-29,Ogun,CMP-003,CH-004,2026-03-11
FNP-U07365,Female,1991-01-03,2026-03-22,Lagos,CMP-001,CH-001,2026-03-27
FNP-U07366,Male,1973-08-08,2026-02-05,Abuja,CMP-003,CH-004,2026-02-26
FNP-U07367,Female,1971-05-20,2026-04-05,Ogun,CMP-003,CH-004,2026-04-18
FNP-U07368,Male,1974-04-23,2026-04-11,Abuja,CMP-006,CH-002,2026-04-20
FNP-U07369,Male,1999-09-06,2026-03-28,Ogun,CMP-006,CH-002,2026-04-12
FNP-U07370,Female,1995-09-01,2026-04-06,Lagos,CMP-003,CH-004,2026-04-22
FNP-U07371,Female,1992-06-06,2026-04-10,Ogun,CMP-005,CH-003,2026-04-15
FNP-U07372,Male,1992-03-02,2026-03-28,Abuja,CMP-006,CH-002,2026-04-02
FNP-U07373,Female,1990-05-22,2026-03-31,Abuja,CMP-001,CH-001,2026-04-14
FNP-U07374,Female,1986-11-28,2026-02-25,Ogun,CMP-002,CH-002,2026-04-17
FNP-U07375,Female,1992-10-04,2026-04-18,Lagos,CMP-001,CH-001,2026-04-24
FNP-U07376,Male,2002-01-12,2026-02-28,Ogun,CMP-004,CH-005,2026-03-02
FNP-U07377,Female,2002-02-05,2026-04-18,Ogun,CMP-002,CH-002,2026-04-22
FNP-U07378,Male,1974-12-15,2026-03-13,Abuja,CMP-002,CH-002,2026-04-24
FNP-U07379,Male,2001-10-11,2026-04-05,Ogun,CMP-006,CH-002,2026-04-24
FNP-U07380,Male,1989-09-12,2026-04-12,Abuja,CMP-001,CH-001,2026-04-18
FNP-U07381,Male,1991-07-07,2026-04-12,Lagos,CMP-005,CH-003,2026-04-23
FNP-U07382,Female,1989-02-27,2026-03-08,Abuja,CMP-002,CH-002,2026-04-19
FNP-U07383,Male,1982-04-09,2026-03-08,Lagos,CMP-003,CH-004,2026-03-15
FNP-U07384,Male,1995-11-06,2026-04-24,Ogun,CMP-001,CH-001,2026-04-24
FNP-U07385,Male,1998-08-08,2026-02-13,Abuja,CMP-005,CH-003,2026-03-10
FNP-U07386,Male,1997-06-25,2026-04-11,Ogun,CMP-004,CH-005,2026-04-18
FNP-U07387,Male,1999-05-27,2026-04-10,Abuja,CMP-002,CH-002,2026-04-24
FNP-U07388,Male,1971-05-15,2026-03-21,Ogun,CMP-006,CH-002,2026-04-03
FNP-U07389,Female,2000-11-22,2026-04-05,Abuja,CMP-004,CH-005,2026-04-14
FNP-U07390,Female,1997-05-03,2026-03-01,Lagos,CMP-006,CH-002,2026-03-06
FNP-U07391,Male,1979-09-21,2026-04-04,Abuja,CMP-006,CH-002,2026-04-25
FNP-U07392,Female,2006-05-06,2026-02-08,Ogun,CMP-006,CH-002,2026-04-03
FNP-U07393,Female,1981-12-11,2026-02-05,Ogun,CMP-001,CH-001,2026-02-05
FNP-U07394,Male,2003-05-11,2026-02-17,Abuja,CMP-001,CH-001,2026-04-13
FNP-U07395,Male,1975-03-06,2026-02-25,Abuja,CMP-002,CH-002,2026-03-24
FNP-U07396,Female,1991-11-21,2026-03-04,Abuja,CMP-005,CH-003,2026-04-09
FNP-U07397,Female,2003-01-17,2026-03-12,Ogun,CMP-005,CH-003,2026-04-11
FNP-U07398,Male,1997-05-13,2026-02-03,Abuja,CMP-005,CH-003,2026-02-03
FNP-U07399,Female,1974-09-24,2026-03-11,Ogun,CMP-003,CH-004,2026-04-17
FNP-U07400,Female,1993-11-07,2026-02-06,Abuja,CMP-005,CH-003,2026-03-10
FNP-U07401,Female,2000-10-09,2026-04-09,Ogun,CMP-002,CH-002,2026-04-17
FNP-U07402,Male,1991-03-25,2026-02-21,Ogun,CMP-005,CH-003,2026-03-27
FNP-U07403,Female,2007-03-24,2026-04-03,Lagos,CMP-005,CH-003,2026-04-11
FNP-U07404,Male,2002-07-02,2026-04-22,Ogun,CMP-006,CH-002,2026-04-23
FNP-U07405,Female,1991-08-24,2026-03-24,Lagos,CMP-003,CH-004,2026-04-12
FNP-U07406,Female,1990-08-12,2026-02-17,Lagos,CMP-006,CH-002,2026-03-14
FNP-U07407,Female,1984-06-12,2026-04-14,Ogun,CMP-003,CH-004,2026-04-15
FNP-U07408,Male,1993-10-01,2026-02-07,Lagos,CMP-002,CH-002,2026-04-17
FNP-U07409,Male,2002-08-01,2026-04-09,Ogun,CMP-001,CH-001,2026-04-09
FNP-U07410,Male,1996-12-14,2026-02-26,Lagos,CMP-006,CH-002,2026-03-30
FNP-U07411,Male,1994-07-05,2026-03-11,Abuja,CMP-003,CH-004,2026-03-26
FNP-U07412,Female,1975-08-11,2026-04-02,Abuja,CMP-002,CH-002,2026-04-05
FNP-U07413,Male,2003-06-20,2026-01-29,Abuja,CMP-003,CH-004,2026-02-05
FNP-U07414,Female,2003-11-27,2026-02-07,Abuja,CMP-001,CH-001,2026-03-03
FNP-U07415,Male,1995-09-09,2026-03-06,Ogun,CMP-004,CH-005,2026-03-06
FNP-U07416,Female,1990-10-06,2026-02-11,Abuja,CMP-004,CH-005,2026-03-10
FNP-U07417,Female,2003-03-14,2026-03-12,Lagos,CMP-005,CH-003,2026-04-02
FNP-U07418,Female,1984-12-01,2026-02-03,Lagos,CMP-003,CH-004,2026-04-02
FNP-U07419,Female,2002-10-10,2026-04-10,Abuja,CMP-002,CH-002,2026-04-16
FNP-U07420,Female,1972-08-17,2026-03-31,Abuja,CMP-002,CH-002,2026-04-11
FNP-U07421,Male,1977-07-15,2026-02-20,Lagos,CMP-006,CH-002,2026-03-14
FNP-U07422,Female,2003-12-07,2026-02-12,Ogun,CMP-002,CH-002,2026-04-06
FNP-U07423,Male,1998-05-04,2026-04-14,Ogun,CMP-005,CH-003,2026-04-24
FNP-U07424,Female,1994-02-15,2026-04-14,Lagos,CMP-006,CH-002,2026-04-17
FNP-U07425,Female,1983-08-19,2026-03-18,Lagos,CMP-003,CH-004,2026-04-09
FNP-U07426,Male,1990-05-06,2026-04-22,Abuja,CMP-001,CH-001,2026-04-25
FNP-U07427,Female,1992-08-11,2026-03-24,Ogun,CMP-004,CH-005,2026-03-24
FNP-U07428,Female,1992-04-23,2026-03-13,Abuja,CMP-005,CH-003,2026-04-23
FNP-U07429,Female,1992-03-28,2026-02-13,Lagos,CMP-004,CH-005,2026-04-05
FNP-U07430,Male,1984-05-10,2026-03-14,Abuja,CMP-001,CH-001,2026-04-09
FNP-U07431,Male,1992-01-16,2026-04-24,Lagos,CMP-005,CH-003,2026-04-25
FNP-U07432,Male,1987-06-19,2026-03-10,Lagos,CMP-001,CH-001,2026-03-18
FNP-U07433,Male,2008-12-07,2026-04-11,Abuja,CMP-002,CH-002,2026-04-16
FNP-U07434,Female,1981-10-04,2026-04-18,Lagos,CMP-002,CH-002,2026-04-24
FNP-U07435,Female,2001-09-13,2026-03-04,Ogun,CMP-003,CH-004,2026-04-08
FNP-U07436,Male,2000-07-11,2026-03-02,Abuja,CMP-005,CH-003,2026-03-23
FNP-U07437,Female,2003-04-24,2026-04-16,Lagos,CMP-002,CH-002,2026-04-18
FNP-U07438,Female,2006-09-18,2026-02-11,Abuja,CMP-005,CH-003,2026-02-20
FNP-U07439,Female,2006-01-01,2026-04-17,Lagos,CMP-004,CH-005,2026-04-17
FNP-U07440,Female,2002-07-04,2026-03-18,Ogun,CMP-005,CH-003,2026-04-18
FNP-U07441,Male,1976-12-11,2026-04-17,Ogun,CMP-002,CH-002,2026-04-24
FNP-U07442,Male,1992-09-21,2026-04-23,Abuja,CMP-004,CH-005,2026-04-25
FNP-U07443,Male,2003-10-10,2026-04-18,Ogun,CMP-004,CH-005,2026-04-23
FNP-U07444,Male,1991-02-11,2026-01-28,Ogun,CMP-001,CH-001,2026-04-18
FNP-U07445,Female,1991-01-04,2026-03-25,Ogun,CMP-005,CH-003,2026-04-11
FNP-U07446,Female,2006-05-01,2026-02-12,Ogun,CMP-004,CH-005,2026-04-05
FNP-U07447,Female,1974-12-25,2026-02-22,Abuja,CMP-006,CH-002,2026-04-07
FNP-U07448,Female,1988-03-12,2026-04-12,Abuja,CMP-004,CH-005,2026-04-22
FNP-U07449,Male,1996-01-10,2026-04-02,Lagos,CMP-002,CH-002,2026-04-25
FNP-U07450,Male,2003-05-07,2026-04-10,Lagos,CMP-006,CH-002,2026-04-19
FNP-U07451,Male,1978-01-07,2026-02-27,Abuja,CMP-006,CH-002,2026-03-08
FNP-U07452,Male,1986-07-11,2026-04-23,Lagos,CMP-003,CH-004,2026-04-23
FNP-U07453,Female,1997-09-03,2026-03-30,Lagos,CMP-005,CH-003,2026-04-22
FNP-U07454,Male,1990-01-23,2026-03-27,Lagos,CMP-001,CH-001,2026-04-05
FNP-U07455,Female,1981-01-15,2026-03-14,Abuja,CMP-006,CH-002,2026-04-14
FNP-U07456,Male,1990-08-05,2026-03-31,Ogun,CMP-001,CH-001,2026-04-24
FNP-U07457,Female,1980-03-21,2026-04-12,Ogun,CMP-006,CH-002,2026-04-21
FNP-U07458,Female,1979-08-03,2026-04-19,Ogun,CMP-002,CH-002,2026-04-24
FNP-U07459,Female,2008-02-21,2026-01-26,Lagos,CMP-005,CH-003,2026-04-12
FNP-U07460,Male,2004-04-25,2026-02-27,Lagos,CMP-001,CH-001,2026-04-01
FNP-U07461,Male,1982-06-25,2026-03-24,Abuja,CMP-006,CH-002,2026-04-04
FNP-U07462,Female,1974-05-22,2026-03-06,Ogun,CMP-002,CH-002,2026-04-22
FNP-U07463,Female,1984-01-01,2026-03-18,Ogun,CMP-006,CH-002,2026-03-21
FNP-U07464,Female,2000-09-19,2026-04-11,Ogun,CMP-001,CH-001,2026-04-25
FNP-U07465,Female,1992-04-16,2026-04-08,Ogun,CMP-001,CH-001,2026-04-18
FNP-U07466,Female,1985-12-12,2026-02-16,Abuja,CMP-003,CH-004,2026-04-02
FNP-U07467,Female,1987-03-04,2026-04-12,Ogun,CMP-001,CH-001,2026-04-17
FNP-U07468,Male,1995-07-17,2026-04-18,Abuja,CMP-006,CH-002,2026-04-18
FNP-U07469,Male,1986-06-05,2026-01-27,Lagos,CMP-002,CH-002,2026-04-21
FNP-U07470,Male,1997-10-22,2026-03-26,Ogun,CMP-003,CH-004,2026-04-22
FNP-U07471,Male,2008-10-24,2026-03-10,Lagos,CMP-004,CH-005,2026-03-25
FNP-U07472,Male,1999-08-02,2026-03-01,Abuja,CMP-003,CH-004,2026-03-05
FNP-U07473,Male,2000-11-08,2026-01-31,Abuja,CMP-004,CH-005,2026-02-27
FNP-U07474,Female,1992-08-05,2026-02-21,Lagos,CMP-005,CH-003,2026-03-29
FNP-U07475,Male,1977-11-20,2026-04-10,Lagos,CMP-002,CH-002,2026-04-25
FNP-U07476,Female,2005-11-08,2026-03-23,Abuja,CMP-006,CH-002,2026-04-09
FNP-U07477,Male,1973-09-23,2026-03-14,Lagos,CMP-002,CH-002,2026-04-24
FNP-U07478,Male,1973-09-02,2026-04-21,Ogun,CMP-006,CH-002,2026-04-21
FNP-U07479,Female,1989-10-20,2026-02-16,Ogun,CMP-004,CH-005,2026-04-21
FNP-U07480,Female,2005-03-15,2026-04-19,Abuja,CMP-002,CH-002,2026-04-20
FNP-U07481,Male,2002-06-05,2026-03-24,Ogun,CMP-001,CH-001,2026-03-24
FNP-U07482,Female,2002-02-06,2026-02-13,Lagos,CMP-001,CH-001,2026-04-06
FNP-U07483,Male,1972-03-17,2026-01-27,Abuja,CMP-006,CH-002,2026-02-09
FNP-U07484,Male,1989-10-15,2026-04-24,Lagos,CMP-002,CH-002,2026-04-24
FNP-U07485,Female,1981-09-26,2026-03-10,Ogun,CMP-001,CH-001,2026-03-29
FNP-U07486,Female,1987-04-16,2026-04-04,Lagos,CMP-002,CH-002,2026-04-20
FNP-U07487,Female,1975-06-24,2026-03-05,Lagos,CMP-006,CH-002,2026-03-23
FNP-U07488,Female,2004-02-24,2026-02-06,Abuja,CMP-004,CH-005,2026-03-29
FNP-U07489,Female,1988-10-18,2026-02-23,Abuja,CMP-003,CH-004,2026-02-24
FNP-U07490,Female,1988-06-14,2026-04-11,Ogun,CMP-006,CH-002,2026-04-15
FNP-U07491,Male,1981-07-21,2026-02-02,Lagos,CMP-002,CH-002,2026-04-12
FNP-U07492,Male,1991-02-16,2026-01-29,Ogun,CMP-004,CH-005,2026-04-06
FNP-U07493,Female,1994-04-13,2026-04-24,Ogun,CMP-005,CH-003,2026-04-25
FNP-U07494,Male,1990-04-06,2026-02-10,Ogun,CMP-004,CH-005,2026-03-20
FNP-U07495,Male,2007-05-03,2026-01-31,Ogun,CMP-001,CH-001,2026-03-04
FNP-U07496,Male,2008-07-20,2026-02-20,Lagos,CMP-004,CH-005,2026-03-18
FNP-U07497,Male,1984-05-16,2026-04-11,Lagos,CMP-002,CH-002,2026-04-22
FNP-U07498,Female,1996-12-10,2026-03-25,Abuja,CMP-005,CH-003,2026-04-15
FNP-U07499,Male,2008-06-10,2026-02-16,Abuja,CMP-002,CH-002,2026-02-17
FNP-U07500,Male,2000-09-28,2026-04-16,Lagos,CMP-005,CH-003,2026-04-21
FNP-U07501,Female,1994-11-12,2026-03-21,Lagos,CMP-005,CH-003,2026-03-31
FNP-U07502,Male,1990-09-03,2026-04-25,Ogun,CMP-004,CH-005,2026-04-25
FNP-U07503,Male,1998-05-16,2026-04-19,Ogun,CMP-003,CH-004,2026-04-23
FNP-U07504,Female,2000-05-05,2026-02-24,Ogun,CMP-005,CH-003,2026-04-14
FNP-U07505,Female,1991-02-10,2026-02-09,Ogun,CMP-003,CH-004,2026-03-14
FNP-U07506,Female,2004-08-28,2026-02-04,Abuja,CMP-006,CH-002,2026-02-19
FNP-U07507,Female,2005-09-16,2026-03-17,Abuja,CMP-001,CH-001,2026-04-18
FNP-U07508,Female,1982-06-20,2026-04-13,Ogun,CMP-001,CH-001,2026-04-17
FNP-U07509,Female,1993-06-09,2026-02-04,Abuja,CMP-003,CH-004,2026-04-06
FNP-U07510,Male,1971-06-07,2026-02-02,Ogun,CMP-003,CH-004,2026-04-25
FNP-U07511,Female,2002-04-05,2026-02-05,Ogun,CMP-006,CH-002,2026-04-05
FNP-U07512,Female,2006-01-23,2026-02-26,Ogun,CMP-004,CH-005,2026-03-31
FNP-U07513,Female,1996-02-02,2026-03-17,Ogun,CMP-005,CH-003,2026-04-15
FNP-U07514,Female,1973-03-03,2026-02-07,Ogun,CMP-003,CH-004,2026-04-07
FNP-U07515,Male,2003-03-22,2026-02-23,Ogun,CMP-001,CH-001,2026-03-29
FNP-U07516,Female,1993-06-09,2026-03-15,Ogun,CMP-004,CH-005,2026-03-30
FNP-U07517,Female,2002-06-10,2026-03-18,Abuja,CMP-002,CH-002,2026-03-31
FNP-U07518,Male,1982-10-03,2026-04-18,Lagos,CMP-002,CH-002,2026-04-19
FNP-U07519,Male,1988-09-25,2026-02-01,Ogun,CMP-004,CH-005,2026-04-03
FNP-U07520,Male,2003-08-20,2026-03-30,Ogun,CMP-003,CH-004,2026-04-11
FNP-U07521,Male,2002-04-14,2026-02-03,Abuja,CMP-005,CH-003,2026-02-22
FNP-U07522,Female,1998-11-24,2026-04-25,Ogun,CMP-003,CH-004,2026-04-25
FNP-U07523,Male,1979-03-12,2026-03-21,Ogun,CMP-003,CH-004,2026-03-25
FNP-U07524,Male,1996-06-04,2026-03-05,Abuja,CMP-001,CH-001,2026-03-19
FNP-U07525,Female,1979-12-09,2026-03-03,Ogun,CMP-006,CH-002,2026-04-15
FNP-U07526,Male,2000-12-13,2026-04-14,Abuja,CMP-005,CH-003,2026-04-23
FNP-U07527,Male,1977-01-15,2026-03-24,Lagos,CMP-003,CH-004,2026-04-21
FNP-U07528,Female,1985-02-22,2026-02-03,Lagos,CMP-003,CH-004,2026-04-15
FNP-U07529,Male,1994-07-01,2026-04-10,Ogun,CMP-006,CH-002,2026-04-12
FNP-U07530,Female,1993-06-20,2026-03-12,Ogun,CMP-006,CH-002,2026-03-31
FNP-U07531,Female,1997-09-09,2026-03-19,Lagos,CMP-005,CH-003,2026-04-05
FNP-U07532,Male,2003-02-28,2026-04-19,Abuja,CMP-004,CH-005,2026-04-22
FNP-U07533,Female,1982-09-17,2026-02-13,Abuja,CMP-001,CH-001,2026-02-26
FNP-U07534,Female,2006-01-22,2026-03-19,Abuja,CMP-004,CH-005,2026-04-21
FNP-U07535,Male,1995-05-19,2026-02-01,Abuja,CMP-003,CH-004,2026-04-23
FNP-U07536,Male,1980-08-10,2026-04-24,Lagos,CMP-006,CH-002,2026-04-25
FNP-U07537,Female,1981-08-26,2026-03-25,Lagos,CMP-006,CH-002,2026-04-01
FNP-U07538,Female,1988-03-04,2026-02-16,Abuja,CMP-001,CH-001,2026-03-22
FNP-U07539,Male,1992-02-24,2026-04-10,Ogun,CMP-005,CH-003,2026-04-15
FNP-U07540,Female,2003-08-05,2026-03-29,Lagos,CMP-006,CH-002,2026-03-31
FNP-U07541,Female,1992-01-14,2026-04-01,Ogun,CMP-005,CH-003,2026-04-21
FNP-U07542,Female,2000-10-15,2026-02-20,Abuja,CMP-001,CH-001,2026-04-04
FNP-U07543,Female,2004-11-11,2026-03-07,Lagos,CMP-001,CH-001,2026-03-13
FNP-U07544,Female,1981-09-28,2026-03-10,Ogun,CMP-006,CH-002,2026-04-01
FNP-U07545,Male,1986-10-01,2026-04-12,Abuja,CMP-001,CH-001,2026-04-23
FNP-U07546,Male,1990-05-09,2026-02-04,Lagos,CMP-002,CH-002,2026-03-28
FNP-U07547,Female,1996-11-21,2026-03-03,Ogun,CMP-002,CH-002,2026-04-04
FNP-U07548,Female,2001-08-10,2026-03-24,Abuja,CMP-005,CH-003,2026-03-30
FNP-U07549,Male,2005-01-03,2026-02-12,Ogun,CMP-001,CH-001,2026-03-06
FNP-U07550,Female,1995-06-13,2026-03-03,Abuja,CMP-003,CH-004,2026-03-04
FNP-U07551,Male,1999-05-04,2026-04-22,Lagos,CMP-003,CH-004,2026-04-25
FNP-U07552,Male,1988-01-11,2026-03-27,Lagos,CMP-004,CH-005,2026-04-15
FNP-U07553,Female,2008-07-15,2026-02-18,Lagos,CMP-004,CH-005,2026-04-25
FNP-U07554,Male,2005-09-21,2026-04-25,Ogun,CMP-005,CH-003,2026-04-25
FNP-U07555,Female,1974-03-21,2026-02-15,Abuja,CMP-006,CH-002,2026-02-16
FNP-U07556,Female,2003-08-16,2026-03-13,Abuja,CMP-004,CH-005,2026-04-14
FNP-U07557,Female,1979-03-08,2026-04-01,Ogun,CMP-003,CH-004,2026-04-25
FNP-U07558,Male,1986-03-05,2026-02-11,Abuja,CMP-004,CH-005,2026-02-27
FNP-U07559,Male,1977-01-04,2026-02-26,Abuja,CMP-003,CH-004,2026-03-07
FNP-U07560,Female,1988-09-04,2026-01-29,Lagos,CMP-003,CH-004,2026-04-07
FNP-U07561,Male,1995-01-26,2026-04-04,Ogun,CMP-005,CH-003,2026-04-20
FNP-U07562,Male,1994-10-03,2026-04-19,Abuja,CMP-004,CH-005,2026-04-25
FNP-U07563,Male,1981-07-26,2026-04-23,Lagos,CMP-003,CH-004,2026-04-24
FNP-U07564,Female,2004-07-21,2026-03-27,Abuja,CMP-002,CH-002,2026-03-27
FNP-U07565,Female,1981-01-22,2026-01-29,Abuja,CMP-003,CH-004,2026-04-02
FNP-U07566,Female,2007-09-23,2026-02-05,Abuja,CMP-005,CH-003,2026-04-13
FNP-U07567,Male,1998-11-28,2026-03-09,Abuja,CMP-004,CH-005,2026-04-18
FNP-U07568,Female,2003-07-16,2026-02-07,Lagos,CMP-002,CH-002,2026-02-11
FNP-U07569,Male,1983-12-27,2026-04-25,Lagos,CMP-006,CH-002,2026-04-25
FNP-U07570,Male,1999-04-27,2026-03-07,Abuja,CMP-002,CH-002,2026-04-16
FNP-U07571,Male,1991-07-04,2026-03-21,Abuja,CMP-006,CH-002,2026-04-01
FNP-U07572,Female,1985-04-13,2026-04-04,Abuja,CMP-003,CH-004,2026-04-14
FNP-U07573,Male,1999-12-21,2026-03-21,Abuja,CMP-004,CH-005,2026-04-15
FNP-U07574,Male,1989-06-19,2026-04-02,Lagos,CMP-003,CH-004,2026-04-24
FNP-U07575,Female,2001-06-14,2026-04-17,Lagos,CMP-003,CH-004,2026-04-21
FNP-U07576,Male,1994-10-24,2026-04-25,Abuja,CMP-005,CH-003,2026-04-25
FNP-U07577,Female,1976-01-08,2026-03-09,Abuja,CMP-002,CH-002,2026-03-17
FNP-U07578,Male,2003-03-25,2026-02-06,Abuja,CMP-006,CH-002,2026-03-11
FNP-U07579,Male,1998-03-28,2026-04-10,Lagos,CMP-002,CH-002,2026-04-17
FNP-U07580,Male,2001-07-04,2026-02-25,Lagos,CMP-005,CH-003,2026-04-09
FNP-U07581,Male,2003-01-13,2026-02-01,Ogun,CMP-002,CH-002,2026-02-02
FNP-U07582,Female,2003-05-18,2026-02-11,Abuja,CMP-004,CH-005,2026-03-02
FNP-U07583,Female,1991-12-04,2026-03-08,Abuja,CMP-005,CH-003,2026-04-06
FNP-U07584,Female,2004-05-28,2026-04-21,Ogun,CMP-005,CH-003,2026-04-25
FNP-U07585,Male,1991-09-10,2026-02-17,Abuja,CMP-002,CH-002,2026-04-07
FNP-U07586,Male,1974-04-18,2026-04-05,Abuja,CMP-003,CH-004,2026-04-21
FNP-U07587,Male,2004-05-19,2026-03-10,Abuja,CMP-004,CH-005,2026-04-11
FNP-U07588,Male,2000-09-09,2026-03-18,Ogun,CMP-004,CH-005,2026-04-25
FNP-U07589,Female,2007-10-03,2026-03-29,Ogun,CMP-005,CH-003,2026-04-12
FNP-U07590,Male,1979-06-28,2026-04-13,Ogun,CMP-006,CH-002,2026-04-23
FNP-U07591,Female,2007-01-24,2026-02-02,Ogun,CMP-001,CH-001,2026-02-11
FNP-U07592,Male,1992-01-19,2026-02-16,Lagos,CMP-002,CH-002,2026-03-23
FNP-U07593,Female,1995-09-11,2026-03-15,Ogun,CMP-004,CH-005,2026-04-17
FNP-U07594,Male,1974-12-25,2026-03-31,Ogun,CMP-006,CH-002,2026-04-13
FNP-U07595,Female,1973-01-23,2026-02-25,Ogun,CMP-003,CH-004,2026-04-15
FNP-U07596,Female,2000-09-07,2026-02-11,Lagos,CMP-006,CH-002,2026-03-31
FNP-U07597,Male,2006-01-20,2026-02-12,Ogun,CMP-004,CH-005,2026-03-15
FNP-U07598,Female,1983-01-04,2026-03-09,Ogun,CMP-006,CH-002,2026-03-17
FNP-U07599,Female,2004-02-19,2026-04-06,Lagos,CMP-006,CH-002,2026-04-10
FNP-U07600,Female,2006-09-25,2026-03-28,Ogun,CMP-005,CH-003,2026-04-04
FNP-U07601,Male,1989-09-24,2026-04-15,Lagos,CMP-006,CH-002,2026-04-24
FNP-U07602,Female,1997-07-08,2026-01-29,Ogun,CMP-006,CH-002,2026-04-06
FNP-U07603,Female,1991-11-23,2026-03-27,Lagos,CMP-005,CH-003,2026-04-18
FNP-U07604,Female,1999-08-27,2026-02-28,Ogun,CMP-004,CH-005,2026-04-02
FNP-U07605,Female,1998-03-03,2026-03-16,Ogun,CMP-002,CH-002,2026-04-11
FNP-U07606,Female,1991-11-09,2026-04-13,Ogun,CMP-003,CH-004,2026-04-15
FNP-U07607,Male,2005-08-02,2026-01-30,Abuja,CMP-005,CH-003,2026-03-19
FNP-U07608,Female,2002-12-26,2026-04-11,Ogun,CMP-001,CH-001,2026-04-22
FNP-U07609,Male,1993-01-20,2026-03-06,Lagos,CMP-002,CH-002,2026-03-07
FNP-U07610,Female,1980-07-18,2026-02-09,Ogun,CMP-002,CH-002,2026-03-30
FNP-U07611,Male,1995-02-23,2026-04-25,Ogun,CMP-004,CH-005,2026-04-25
FNP-U07612,Male,1990-10-11,2026-04-03,Ogun,CMP-004,CH-005,2026-04-08
FNP-U07613,Male,2004-12-15,2026-03-02,Ogun,CMP-001,CH-001,2026-04-12
FNP-U07614,Female,1999-05-20,2026-04-04,Abuja,CMP-005,CH-003,2026-04-05
FNP-U07615,Female,1998-09-15,2026-02-26,Lagos,CMP-005,CH-003,2026-04-16
FNP-U07616,Female,1977-03-07,2026-02-18,Ogun,CMP-003,CH-004,2026-02-25
FNP-U07617,Female,1974-07-21,2026-04-20,Ogun,CMP-003,CH-004,2026-04-21
FNP-U07618,Female,1989-09-08,2026-02-23,Abuja,CMP-006,CH-002,2026-04-15
FNP-U07619,Male,1972-02-12,2026-02-20,Abuja,CMP-006,CH-002,2026-04-05
FNP-U07620,Female,1974-07-01,2026-03-22,Abuja,CMP-006,CH-002,2026-04-08
FNP-U07621,Female,1997-10-16,2026-02-08,Lagos,CMP-001,CH-001,2026-04-14
FNP-U07622,Male,1993-02-25,2026-02-24,Abuja,CMP-005,CH-003,2026-04-16
FNP-U07623,Female,1997-12-26,2026-04-17,Abuja,CMP-001,CH-001,2026-04-21
FNP-U07624,Female,1993-05-18,2026-04-24,Abuja,CMP-005,CH-003,2026-04-24
FNP-U07625,Male,1989-03-06,2026-01-31,Ogun,CMP-003,CH-004,2026-03-10
FNP-U07626,Female,2004-05-21,2026-03-22,Ogun,CMP-001,CH-001,2026-03-27
FNP-U07627,Female,1988-08-11,2026-03-02,Abuja,CMP-001,CH-001,2026-04-16
FNP-U07628,Male,1998-05-26,2026-03-28,Lagos,CMP-006,CH-002,2026-04-19
FNP-U07629,Male,1995-07-15,2026-02-10,Ogun,CMP-005,CH-003,2026-04-08
FNP-U07630,Female,1975-10-13,2026-01-30,Abuja,CMP-002,CH-002,2026-02-03
FNP-U07631,Female,2000-08-18,2026-02-08,Ogun,CMP-002,CH-002,2026-02-27
FNP-U07632,Male,1994-06-05,2026-04-02,Ogun,CMP-001,CH-001,2026-04-24
FNP-U07633,Female,1979-06-25,2026-04-15,Abuja,CMP-002,CH-002,2026-04-19
FNP-U07634,Male,1991-07-10,2026-03-01,Ogun,CMP-002,CH-002,2026-03-09
FNP-U07635,Female,2008-01-15,2026-03-15,Abuja,CMP-002,CH-002,2026-03-24
FNP-U07636,Male,2000-10-23,2026-02-05,Abuja,CMP-005,CH-003,2026-03-04
FNP-U07637,Male,1997-01-22,2026-02-06,Abuja,CMP-005,CH-003,2026-02-20
FNP-U07638,Female,1987-10-14,2026-03-11,Ogun,CMP-004,CH-005,2026-04-19
FNP-U07639,Female,2001-12-18,2026-04-17,Abuja,CMP-002,CH-002,2026-04-17
FNP-U07640,Female,1986-03-11,2026-04-01,Ogun,CMP-004,CH-005,2026-04-24
FNP-U07641,Female,1982-03-12,2026-02-25,Abuja,CMP-003,CH-004,2026-04-14
FNP-U07642,Male,1998-02-08,2026-04-10,Ogun,CMP-005,CH-003,2026-04-12
FNP-U07643,Female,1995-01-03,2026-02-16,Abuja,CMP-004,CH-005,2026-03-27
FNP-U07644,Female,1994-03-19,2026-02-24,Abuja,CMP-006,CH-002,2026-03-31
FNP-U07645,Female,1986-11-09,2026-04-17,Lagos,CMP-002,CH-002,2026-04-20
FNP-U07646,Female,1993-05-18,2026-02-08,Lagos,CMP-002,CH-002,2026-02-13
FNP-U07647,Female,2000-02-23,2026-02-14,Lagos,CMP-005,CH-003,2026-04-23
FNP-U07648,Female,1994-09-20,2026-02-01,Ogun,CMP-005,CH-003,2026-02-02
FNP-U07649,Female,2000-07-14,2026-03-29,Ogun,CMP-004,CH-005,2026-04-24
FNP-U07650,Female,2003-12-22,2026-04-10,Lagos,CMP-001,CH-001,2026-04-21
FNP-U07651,Male,1983-02-01,2026-03-18,Ogun,CMP-001,CH-001,2026-03-18
FNP-U07652,Male,2004-05-28,2026-01-29,Lagos,CMP-001,CH-001,2026-04-17
FNP-U07653,Female,2006-08-24,2026-02-02,Lagos,CMP-005,CH-003,2026-02-04
FNP-U07654,Female,1984-08-19,2026-01-26,Ogun,CMP-001,CH-001,2026-04-11
FNP-U07655,Female,1989-05-10,2026-02-03,Ogun,CMP-002,CH-002,2026-04-25
FNP-U07656,Male,2006-08-20,2026-02-01,Ogun,CMP-006,CH-002,2026-02-01
FNP-U07657,Male,2003-09-27,2026-03-04,Ogun,CMP-003,CH-004,2026-03-13
FNP-U07658,Female,1995-09-20,2026-02-24,Lagos,CMP-003,CH-004,2026-04-15
FNP-U07659,Female,1975-06-21,2026-04-24,Lagos,CMP-003,CH-004,2026-04-25
FNP-U07660,Male,1972-11-11,2026-03-28,Abuja,CMP-002,CH-002,2026-04-03
FNP-U07661,Female,1992-05-27,2026-01-30,Lagos,CMP-006,CH-002,2026-04-15
FNP-U07662,Male,1984-04-28,2026-03-26,Lagos,CMP-006,CH-002,2026-04-17
FNP-U07663,Female,1972-07-09,2026-02-28,Lagos,CMP-002,CH-002,2026-03-22
FNP-U07664,Male,1991-02-20,2026-02-15,Ogun,CMP-005,CH-003,2026-04-23
FNP-U07665,Female,2004-01-26,2026-03-20,Ogun,CMP-001,CH-001,2026-03-25
FNP-U07666,Female,1989-07-22,2026-02-04,Abuja,CMP-006,CH-002,2026-02-24
FNP-U07667,Male,1985-08-11,2026-03-24,Ogun,CMP-006,CH-002,2026-03-28
FNP-U07668,Female,2000-05-23,2026-02-28,Ogun,CMP-004,CH-005,2026-04-19
FNP-U07669,Male,1973-07-15,2026-04-19,Abuja,CMP-003,CH-004,2026-04-23
FNP-U07670,Female,2008-07-22,2026-01-30,Lagos,CMP-005,CH-003,2026-02-08
FNP-U07671,Female,1986-02-13,2026-02-09,Abuja,CMP-004,CH-005,2026-03-19
FNP-U07672,Female,1989-07-21,2026-02-05,Ogun,CMP-002,CH-002,2026-03-02
FNP-U07673,Male,1983-09-17,2026-02-10,Lagos,CMP-002,CH-002,2026-03-04
FNP-U07674,Female,1986-10-20,2026-02-05,Lagos,CMP-004,CH-005,2026-04-20
FNP-U07675,Male,1985-07-05,2026-03-28,Ogun,CMP-003,CH-004,2026-04-21
FNP-U07676,Male,1995-06-18,2026-04-02,Lagos,CMP-002,CH-002,2026-04-09
FNP-U07677,Female,1999-03-07,2026-03-06,Abuja,CMP-005,CH-003,2026-03-15
FNP-U07678,Female,1988-10-22,2026-04-11,Lagos,CMP-004,CH-005,2026-04-12
FNP-U07679,Male,1996-10-01,2026-04-13,Lagos,CMP-002,CH-002,2026-04-22
FNP-U07680,Female,1993-06-05,2026-02-19,Lagos,CMP-003,CH-004,2026-03-18
FNP-U07681,Male,1994-07-17,2026-01-29,Abuja,CMP-003,CH-004,2026-04-01
FNP-U07682,Female,2004-09-23,2026-01-29,Ogun,CMP-006,CH-002,2026-03-14
FNP-U07683,Male,1996-02-19,2026-03-06,Abuja,CMP-001,CH-001,2026-04-19
FNP-U07684,Female,1998-03-14,2026-02-02,Abuja,CMP-006,CH-002,2026-03-24
FNP-U07685,Male,1992-05-04,2026-04-01,Lagos,CMP-002,CH-002,2026-04-07
FNP-U07686,Male,2000-06-11,2026-02-25,Abuja,CMP-001,CH-001,2026-04-10
FNP-U07687,Female,1997-02-04,2026-02-17,Abuja,CMP-003,CH-004,2026-03-10
FNP-U07688,Male,1976-03-24,2026-03-11,Abuja,CMP-003,CH-004,2026-03-22
FNP-U07689,Female,2008-12-01,2026-04-03,Abuja,CMP-005,CH-003,2026-04-20
FNP-U07690,Male,1980-07-03,2026-04-18,Lagos,CMP-002,CH-002,2026-04-20
FNP-U07691,Male,1986-04-17,2026-03-03,Lagos,CMP-003,CH-004,2026-03-10
FNP-U07692,Female,2001-01-15,2026-03-15,Abuja,CMP-003,CH-004,2026-03-22
FNP-U07693,Female,2004-12-16,2026-03-17,Abuja,CMP-005,CH-003,2026-03-27
FNP-U07694,Male,1980-09-16,2026-04-05,Abuja,CMP-002,CH-002,2026-04-21
FNP-U07695,Male,2002-05-09,2026-03-18,Lagos,CMP-004,CH-005,2026-04-01
FNP-U07696,Female,1996-10-21,2026-01-30,Abuja,CMP-005,CH-003,2026-03-15
FNP-U07697,Male,1986-12-04,2026-01-31,Ogun,CMP-004,CH-005,2026-02-12
FNP-U07698,Female,1999-10-19,2026-04-04,Ogun,CMP-004,CH-005,2026-04-07
FNP-U07699,Female,2002-10-07,2026-04-05,Abuja,CMP-003,CH-004,2026-04-23
FNP-U07700,Female,2005-01-12,2026-04-16,Abuja,CMP-001,CH-001,2026-04-22
FNP-U07701,Female,1998-04-25,2026-03-12,Ogun,CMP-003,CH-004,2026-03-25
FNP-U07702,Male,1986-01-14,2026-03-29,Ogun,CMP-004,CH-005,2026-03-31
FNP-U07703,Female,2000-04-02,2026-03-22,Lagos,CMP-001,CH-001,2026-04-17
FNP-U07704,Female,1988-12-25,2026-01-28,Lagos,CMP-003,CH-004,2026-01-29
FNP-U07705,Male,2002-11-28,2026-02-22,Lagos,CMP-001,CH-001,2026-04-11
FNP-U07706,Male,1998-01-10,2026-01-28,Abuja,CMP-004,CH-005,2026-03-06
FNP-U07707,Male,2006-03-12,2026-04-09,Abuja,CMP-004,CH-005,2026-04-21
FNP-U07708,Female,1997-03-01,2026-01-28,Lagos,CMP-006,CH-002,2026-04-19
FNP-U07709,Female,2001-01-13,2026-03-11,Ogun,CMP-003,CH-004,2026-04-12
FNP-U07710,Female,2004-05-13,2026-04-12,Ogun,CMP-003,CH-004,2026-04-18
FNP-U07711,Male,1992-06-25,2026-03-31,Abuja,CMP-005,CH-003,2026-04-20
FNP-U07712,Female,1995-07-20,2026-01-26,Abuja,CMP-001,CH-001,2026-03-03
FNP-U07713,Female,1973-07-16,2026-02-21,Abuja,CMP-003,CH-004,2026-02-24
FNP-U07714,Female,1990-09-26,2026-04-02,Ogun,CMP-004,CH-005,2026-04-08
FNP-U07715,Male,2005-01-08,2026-04-08,Lagos,CMP-002,CH-002,2026-04-17
FNP-U07716,Female,1995-07-26,2026-01-31,Ogun,CMP-001,CH-001,2026-02-24
FNP-U07717,Female,2007-03-09,2026-04-12,Lagos,CMP-001,CH-001,2026-04-14
FNP-U07718,Female,2000-10-05,2026-01-27,Lagos,CMP-003,CH-004,2026-03-29
FNP-U07719,Female,1992-07-23,2026-04-07,Lagos,CMP-004,CH-005,2026-04-21
FNP-U07720,Male,1998-01-13,2026-02-05,Abuja,CMP-005,CH-003,2026-04-25
FNP-U07721,Female,1987-07-27,2026-04-08,Abuja,CMP-004,CH-005,2026-04-24
FNP-U07722,Female,2006-01-25,2026-02-23,Abuja,CMP-001,CH-001,2026-04-14
FNP-U07723,Male,2005-06-08,2026-03-21,Lagos,CMP-002,CH-002,2026-03-25
FNP-U07724,Male,1972-04-09,2026-01-28,Ogun,CMP-003,CH-004,2026-02-13
FNP-U07725,Male,2003-07-03,2026-03-17,Ogun,CMP-005,CH-003,2026-04-07
FNP-U07726,Female,1998-07-02,2026-02-08,Lagos,CMP-004,CH-005,2026-03-29
FNP-U07727,Female,2008-05-16,2026-01-26,Abuja,CMP-004,CH-005,2026-03-31
FNP-U07728,Male,1991-11-07,2026-02-23,Abuja,CMP-001,CH-001,2026-03-27
FNP-U07729,Female,1995-08-22,2026-03-15,Abuja,CMP-001,CH-001,2026-04-02
FNP-U07730,Female,2008-06-20,2026-04-11,Ogun,CMP-006,CH-002,2026-04-11
FNP-U07731,Male,1991-10-27,2026-04-01,Abuja,CMP-002,CH-002,2026-04-06
FNP-U07732,Male,2001-11-07,2026-04-16,Abuja,CMP-002,CH-002,2026-04-24
FNP-U07733,Male,1988-09-24,2026-04-25,Abuja,CMP-003,CH-004,2026-04-25
FNP-U07734,Female,2002-01-10,2026-02-23,Abuja,CMP-003,CH-004,2026-02-25
FNP-U07735,Female,2002-06-09,2026-02-14,Abuja,CMP-004,CH-005,2026-04-16
FNP-U07736,Female,1974-02-17,2026-03-12,Abuja,CMP-002,CH-002,2026-04-10
FNP-U07737,Male,2004-05-25,2026-03-10,Lagos,CMP-003,CH-004,2026-04-03
FNP-U07738,Male,1978-07-26,2026-04-06,Abuja,CMP-006,CH-002,2026-04-13
FNP-U07739,Male,1988-10-01,2026-02-25,Ogun,CMP-003,CH-004,2026-03-08
FNP-U07740,Male,1996-09-15,2026-03-11,Lagos,CMP-004,CH-005,2026-04-04
FNP-U07741,Male,1993-08-20,2026-01-27,Lagos,CMP-005,CH-003,2026-04-08
FNP-U07742,Female,1983-07-21,2026-02-27,Lagos,CMP-003,CH-004,2026-03-04
FNP-U07743,Male,2006-12-25,2026-02-14,Lagos,CMP-002,CH-002,2026-04-06
FNP-U07744,Male,1997-09-09,2026-03-06,Ogun,CMP-001,CH-001,2026-04-21
FNP-U07745,Female,1990-12-10,2026-02-15,Ogun,CMP-002,CH-002,2026-03-30
FNP-U07746,Male,1982-03-26,2026-04-24,Ogun,CMP-002,CH-002,2026-04-25
FNP-U07747,Male,2003-05-17,2026-02-19,Abuja,CMP-003,CH-004,2026-02-23
FNP-U07748,Male,2004-09-17,2026-02-14,Ogun,CMP-002,CH-002,2026-02-22
FNP-U07749,Female,1986-09-16,2026-03-15,Ogun,CMP-003,CH-004,2026-04-19
FNP-U07750,Male,1976-09-13,2026-01-30,Abuja,CMP-006,CH-002,2026-04-03
FNP-U07751,Male,1996-11-02,2026-03-06,Lagos,CMP-001,CH-001,2026-03-06
FNP-U07752,Male,2007-05-15,2026-02-19,Abuja,CMP-002,CH-002,2026-03-16
FNP-U07753,Female,1995-04-23,2026-04-10,Lagos,CMP-005,CH-003,2026-04-17
FNP-U07754,Female,1998-09-15,2026-03-01,Ogun,CMP-003,CH-004,2026-04-09
FNP-U07755,Male,1990-06-26,2026-03-31,Lagos,CMP-003,CH-004,2026-04-21
FNP-U07756,Female,1994-05-24,2026-03-09,Lagos,CMP-003,CH-004,2026-03-25
FNP-U07757,Male,1996-03-25,2026-02-20,Lagos,CMP-002,CH-002,2026-04-09
FNP-U07758,Male,1987-11-12,2026-03-08,Lagos,CMP-002,CH-002,2026-04-03
FNP-U07759,Male,1990-07-05,2026-03-21,Ogun,CMP-004,CH-005,2026-04-24
FNP-U07760,Female,1992-09-04,2026-04-11,Abuja,CMP-005,CH-003,2026-04-22
FNP-U07761,Male,2000-05-06,2026-04-05,Lagos,CMP-006,CH-002,2026-04-25
FNP-U07762,Female,2000-01-24,2026-04-04,Abuja,CMP-003,CH-004,2026-04-08
FNP-U07763,Male,1984-05-13,2026-03-19,Abuja,CMP-003,CH-004,2026-04-13
FNP-U07764,Male,1973-11-09,2026-03-16,Lagos,CMP-006,CH-002,2026-03-28
FNP-U07765,Male,2000-08-01,2026-04-05,Lagos,CMP-003,CH-004,2026-04-12
FNP-U07766,Male,1979-03-25,2026-04-01,Ogun,CMP-003,CH-004,2026-04-04
FNP-U07767,Male,2001-09-04,2026-03-03,Ogun,CMP-004,CH-005,2026-04-16
FNP-U07768,Female,2001-07-09,2026-03-28,Ogun,CMP-005,CH-003,2026-04-20
FNP-U07769,Male,2003-10-11,2026-04-21,Ogun,CMP-002,CH-002,2026-04-24
FNP-U07770,Female,1993-02-25,2026-02-19,Ogun,CMP-005,CH-003,2026-04-08
FNP-U07771,Female,2003-12-08,2026-04-16,Ogun,CMP-006,CH-002,2026-04-20
FNP-U07772,Female,1997-06-20,2026-04-08,Abuja,CMP-004,CH-005,2026-04-23
FNP-U07773,Female,2001-04-13,2026-02-26,Abuja,CMP-002,CH-002,2026-03-13
FNP-U07774,Male,2004-09-01,2026-02-08,Lagos,CMP-002,CH-002,2026-03-07
FNP-U07775,Male,2007-07-01,2026-04-23,Ogun,CMP-004,CH-005,2026-04-24
FNP-U07776,Male,2006-07-10,2026-04-07,Abuja,CMP-002,CH-002,2026-04-10
FNP-U07777,Female,1991-03-08,2026-03-05,Abuja,CMP-005,CH-003,2026-04-03
FNP-U07778,Male,1998-04-02,2026-02-26,Ogun,CMP-005,CH-003,2026-03-31
FNP-U07779,Male,1974-09-19,2026-02-24,Ogun,CMP-006,CH-002,2026-03-19
FNP-U07780,Female,1994-06-19,2026-01-30,Abuja,CMP-001,CH-001,2026-02-12
FNP-U07781,Female,2008-05-23,2026-02-16,Lagos,CMP-004,CH-005,2026-03-24
FNP-U07782,Female,1995-11-08,2026-04-04,Ogun,CMP-005,CH-003,2026-04-04
FNP-U07783,Male,2004-02-05,2026-02-25,Lagos,CMP-003,CH-004,2026-03-26
FNP-U07784,Male,1982-12-01,2026-03-09,Ogun,CMP-002,CH-002,2026-04-22
FNP-U07785,Male,2000-04-14,2026-03-27,Lagos,CMP-002,CH-002,2026-03-27
FNP-U07786,Female,1994-04-15,2026-03-09,Lagos,CMP-006,CH-002,2026-03-19
FNP-U07787,Male,1988-12-20,2026-03-30,Ogun,CMP-003,CH-004,2026-04-23
FNP-U07788,Female,2005-03-13,2026-02-05,Abuja,CMP-004,CH-005,2026-03-18
FNP-U07789,Female,2001-03-18,2026-03-18,Lagos,CMP-001,CH-001,2026-04-16
FNP-U07790,Male,1986-07-11,2026-02-01,Ogun,CMP-002,CH-002,2026-02-12
FNP-U07791,Female,2008-09-22,2026-02-20,Ogun,CMP-006,CH-002,2026-03-15
FNP-U07792,Female,1987-08-21,2026-04-12,Abuja,CMP-004,CH-005,2026-04-19
FNP-U07793,Male,1988-04-21,2026-04-14,Ogun,CMP-002,CH-002,2026-04-24
FNP-U07794,Female,1991-01-26,2026-03-21,Lagos,CMP-002,CH-002,2026-04-12
FNP-U07795,Female,2007-09-02,2026-02-16,Lagos,CMP-001,CH-001,2026-03-24
FNP-U07796,Female,2001-01-13,2026-01-27,Ogun,CMP-005,CH-003,2026-03-24
FNP-U07797,Male,1986-08-10,2026-03-04,Ogun,CMP-002,CH-002,2026-04-13
FNP-U07798,Female,1974-01-08,2026-03-30,Abuja,CMP-003,CH-004,2026-04-13
FNP-U07799,Male,2001-02-16,2026-03-11,Ogun,CMP-005,CH-003,2026-04-19
FNP-U07800,Female,2008-05-16,2026-04-11,Ogun,CMP-005,CH-003,2026-04-14
FNP-U07801,Female,2007-12-25,2026-03-19,Abuja,CMP-002,CH-002,2026-04-02
FNP-U07802,Male,2006-03-16,2026-02-15,Abuja,CMP-005,CH-003,2026-03-05
FNP-U07803,Male,2004-03-22,2026-03-29,Lagos,CMP-006,CH-002,2026-04-09
FNP-U07804,Male,1991-02-14,2026-04-24,Lagos,CMP-003,CH-004,2026-04-24
FNP-U07805,Male,1990-06-18,2026-03-22,Lagos,CMP-006,CH-002,2026-04-07
FNP-U07806,Female,1993-07-10,2026-04-13,Lagos,CMP-006,CH-002,2026-04-18
FNP-U07807,Male,1979-07-13,2026-03-19,Ogun,CMP-002,CH-002,2026-04-05
FNP-U07808,Male,2007-05-17,2026-02-15,Ogun,CMP-005,CH-003,2026-04-13
FNP-U07809,Male,1994-03-14,2026-04-19,Lagos,CMP-004,CH-005,2026-04-19
FNP-U07810,Male,1998-08-28,2026-03-28,Lagos,CMP-004,CH-005,2026-04-16
FNP-U07811,Female,2005-09-17,2026-03-16,Ogun,CMP-004,CH-005,2026-03-23
FNP-U07812,Male,2002-03-19,2026-03-12,Lagos,CMP-005,CH-003,2026-04-11
FNP-U07813,Female,2004-12-07,2026-04-24,Abuja,CMP-001,CH-001,2026-04-25
FNP-U07814,Female,1993-07-05,2026-02-18,Abuja,CMP-004,CH-005,2026-04-15
FNP-U07815,Male,1999-12-11,2026-04-07,Abuja,CMP-001,CH-001,2026-04-12
FNP-U07816,Female,1987-07-28,2026-04-12,Lagos,CMP-006,CH-002,2026-04-25
FNP-U07817,Female,2001-02-03,2026-03-11,Abuja,CMP-006,CH-002,2026-03-24
FNP-U07818,Female,1985-06-12,2026-03-21,Lagos,CMP-001,CH-001,2026-04-11
FNP-U07819,Female,1982-02-18,2026-02-09,Ogun,CMP-002,CH-002,2026-03-14
FNP-U07820,Male,1982-03-06,2026-02-20,Ogun,CMP-003,CH-004,2026-03-08
FNP-U07821,Female,2006-09-04,2026-01-29,Ogun,CMP-005,CH-003,2026-02-15
FNP-U07822,Female,1974-07-06,2026-02-14,Ogun,CMP-006,CH-002,2026-02-20
FNP-U07823,Male,1971-09-09,2026-02-22,Lagos,CMP-003,CH-004,2026-03-07
FNP-U07824,Female,1992-06-25,2026-03-23,Abuja,CMP-003,CH-004,2026-04-13
FNP-U07825,Male,1999-05-17,2026-04-10,Abuja,CMP-005,CH-003,2026-04-11
FNP-U07826,Male,2003-11-05,2026-04-15,Ogun,CMP-006,CH-002,2026-04-24
FNP-U07827,Female,1994-08-15,2026-01-26,Ogun,CMP-001,CH-001,2026-04-16
FNP-U07828,Female,2001-04-14,2026-02-02,Abuja,CMP-005,CH-003,2026-04-03
FNP-U07829,Female,1994-11-08,2026-03-09,Lagos,CMP-005,CH-003,2026-03-30
FNP-U07830,Female,1989-10-08,2026-02-15,Ogun,CMP-004,CH-005,2026-04-18
FNP-U07831,Female,2004-09-07,2026-03-07,Ogun,CMP-002,CH-002,2026-03-25
FNP-U07832,Female,1995-09-22,2026-04-14,Ogun,CMP-003,CH-004,2026-04-21
FNP-U07833,Male,1975-07-23,2026-02-11,Ogun,CMP-002,CH-002,2026-02-25
FNP-U07834,Male,1994-04-15,2026-02-27,Ogun,CMP-001,CH-001,2026-03-08
FNP-U07835,Male,1981-10-11,2026-03-19,Lagos,CMP-003,CH-004,2026-04-12
FNP-U07836,Female,2005-12-07,2026-03-07,Abuja,CMP-004,CH-005,2026-04-13
FNP-U07837,Male,1997-08-20,2026-04-11,Abuja,CMP-001,CH-001,2026-04-13
FNP-U07838,Female,1993-03-23,2026-02-02,Lagos,CMP-001,CH-001,2026-02-24
FNP-U07839,Male,1998-10-09,2026-02-06,Ogun,CMP-001,CH-001,2026-02-08
FNP-U07840,Male,1992-11-23,2026-03-10,Abuja,CMP-004,CH-005,2026-04-16
FNP-U07841,Male,1973-04-27,2026-03-14,Abuja,CMP-003,CH-004,2026-04-25
FNP-U07842,Female,2005-01-05,2026-03-19,Lagos,CMP-005,CH-003,2026-04-21
FNP-U07843,Male,1986-06-24,2026-04-04,Abuja,CMP-004,CH-005,2026-04-16
FNP-U07844,Female,1993-11-14,2026-02-14,Ogun,CMP-004,CH-005,2026-03-28
FNP-U07845,Female,2000-02-18,2026-03-14,Lagos,CMP-001,CH-001,2026-03-22
FNP-U07846,Female,1974-12-19,2026-02-27,Ogun,CMP-006,CH-002,2026-03-03
FNP-U07847,Male,1986-10-27,2026-03-04,Lagos,CMP-006,CH-002,2026-04-17
FNP-U07848,Male,1991-12-24,2026-02-19,Lagos,CMP-001,CH-001,2026-03-22
FNP-U07849,Male,1982-06-04,2026-03-21,Ogun,CMP-003,CH-004,2026-04-23
FNP-U07850,Female,2005-12-13,2026-01-26,Abuja,CMP-005,CH-003,2026-03-26
FNP-U07851,Male,1977-01-28,2026-04-10,Abuja,CMP-006,CH-002,2026-04-16
FNP-U07852,Male,1998-03-09,2026-03-01,Lagos,CMP-001,CH-001,2026-03-03
FNP-U07853,Male,1982-09-03,2026-04-24,Lagos,CMP-001,CH-001,2026-04-25
FNP-U07854,Female,1989-11-08,2026-04-22,Ogun,CMP-003,CH-004,2026-04-25
FNP-U07855,Male,1980-07-09,2026-03-21,Ogun,CMP-003,CH-004,2026-04-20
FNP-U07856,Female,2005-12-01,2026-02-28,Ogun,CMP-005,CH-003,2026-03-30
FNP-U07857,Male,1975-06-16,2026-02-05,Ogun,CMP-006,CH-002,2026-04-11
FNP-U07858,Female,2000-01-13,2026-02-28,Lagos,CMP-005,CH-003,2026-04-02
FNP-U07859,Female,1993-07-20,2026-03-24,Lagos,CMP-006,CH-002,2026-04-15
FNP-U07860,Female,1986-07-22,2026-04-17,Ogun,CMP-006,CH-002,2026-04-22
FNP-U07861,Female,1988-03-20,2026-03-21,Abuja,CMP-004,CH-005,2026-03-23
FNP-U07862,Female,1986-07-12,2026-04-24,Ogun,CMP-001,CH-001,2026-04-24
FNP-U07863,Female,2001-09-12,2026-02-13,Ogun,CMP-003,CH-004,2026-04-21
FNP-U07864,Male,1992-11-09,2026-03-10,Abuja,CMP-005,CH-003,2026-03-24
FNP-U07865,Male,2004-11-24,2026-02-04,Ogun,CMP-001,CH-001,2026-04-05
FNP-U07866,Female,1995-06-23,2026-02-03,Abuja,CMP-004,CH-005,2026-04-16
FNP-U07867,Male,2001-02-27,2026-04-17,Abuja,CMP-001,CH-001,2026-04-19
FNP-U07868,Male,1985-04-08,2026-03-13,Ogun,CMP-001,CH-001,2026-03-14
FNP-U07869,Female,1971-05-10,2026-02-02,Lagos,CMP-002,CH-002,2026-02-24
FNP-U07870,Male,1989-05-12,2026-01-29,Abuja,CMP-001,CH-001,2026-03-19
FNP-U07871,Female,2001-06-09,2026-04-15,Lagos,CMP-005,CH-003,2026-04-17
FNP-U07872,Female,1977-03-10,2026-03-23,Ogun,CMP-006,CH-002,2026-04-21
FNP-U07873,Male,1982-06-26,2026-01-29,Abuja,CMP-003,CH-004,2026-04-24
FNP-U07874,Female,1971-05-15,2026-03-26,Lagos,CMP-002,CH-002,2026-04-25
FNP-U07875,Male,1997-03-15,2026-02-27,Lagos,CMP-001,CH-001,2026-03-13
FNP-U07876,Male,2008-03-16,2026-04-03,Abuja,CMP-006,CH-002,2026-04-06
FNP-U07877,Male,2003-01-06,2026-03-10,Ogun,CMP-004,CH-005,2026-04-17
FNP-U07878,Male,1977-12-14,2026-02-24,Ogun,CMP-006,CH-002,2026-03-07
FNP-U07879,Male,1977-10-09,2026-03-13,Ogun,CMP-003,CH-004,2026-03-16
FNP-U07880,Male,1983-05-28,2026-01-28,Ogun,CMP-001,CH-001,2026-02-25
FNP-U07881,Male,1994-02-06,2026-04-02,Ogun,CMP-001,CH-001,2026-04-25
FNP-U07882,Female,1999-12-01,2026-03-03,Ogun,CMP-001,CH-001,2026-03-26
FNP-U07883,Male,2001-08-09,2026-03-26,Abuja,CMP-004,CH-005,2026-04-04
FNP-U07884,Female,2008-09-08,2026-02-06,Lagos,CMP-001,CH-001,2026-03-04
FNP-U07885,Male,1998-02-25,2026-04-03,Ogun,CMP-005,CH-003,2026-04-18
FNP-U07886,Male,1990-08-01,2026-02-23,Ogun,CMP-004,CH-005,2026-03-26
FNP-U07887,Female,1992-06-26,2026-04-17,Abuja,CMP-006,CH-002,2026-04-20
FNP-U07888,Female,2002-08-14,2026-02-25,Abuja,CMP-003,CH-004,2026-04-14
FNP-U07889,Male,1999-01-21,2026-02-11,Ogun,CMP-003,CH-004,2026-04-12
FNP-U07890,Female,1992-06-24,2026-03-16,Abuja,CMP-005,CH-003,2026-04-24
FNP-U07891,Male,1979-04-24,2026-04-23,Ogun,CMP-002,CH-002,2026-04-23
FNP-U07892,Female,2001-08-13,2026-01-31,Lagos,CMP-006,CH-002,2026-03-30
FNP-U07893,Female,1975-04-27,2026-03-18,Ogun,CMP-003,CH-004,2026-04-12
FNP-U07894,Female,2002-02-08,2026-03-19,Lagos,CMP-004,CH-005,2026-04-24
FNP-U07895,Male,1988-07-25,2026-04-09,Ogun,CMP-006,CH-002,2026-04-13
FNP-U07896,Male,1998-08-17,2026-04-15,Abuja,CMP-002,CH-002,2026-04-23
FNP-U07897,Female,1989-02-26,2026-03-31,Abuja,CMP-004,CH-005,2026-04-17
FNP-U07898,Female,1994-05-07,2026-03-14,Abuja,CMP-003,CH-004,2026-04-09
FNP-U07899,Female,2005-02-02,2026-04-25,Lagos,CMP-005,CH-003,2026-04-25
FNP-U07900,Female,2003-01-17,2026-02-16,Abuja,CMP-003,CH-004,2026-04-19
FNP-U07901,Male,1994-04-25,2026-02-11,Ogun,CMP-006,CH-002,2026-04-11
FNP-U07902,Male,1995-04-14,2026-02-02,Lagos,CMP-005,CH-003,2026-03-21
FNP-U07903,Female,1979-12-26,2026-03-29,Abuja,CMP-006,CH-002,2026-04-15
FNP-U07904,Male,1996-09-04,2026-02-16,Ogun,CMP-006,CH-002,2026-03-18
FNP-U07905,Male,1994-12-18,2026-04-23,Abuja,CMP-004,CH-005,2026-04-25
FNP-U07906,Male,1998-02-19,2026-03-15,Abuja,CMP-006,CH-002,2026-03-24
FNP-U07907,Female,1997-12-11,2026-02-15,Lagos,CMP-004,CH-005,2026-03-29
FNP-U07908,Female,2006-07-12,2026-04-13,Abuja,CMP-001,CH-001,2026-04-16
FNP-U07909,Female,2001-09-10,2026-03-31,Lagos,CMP-004,CH-005,2026-04-24
FNP-U07910,Male,2005-04-08,2026-03-23,Abuja,CMP-002,CH-002,2026-04-09
FNP-U07911,Male,2004-12-09,2026-04-04,Abuja,CMP-003,CH-004,2026-04-20
FNP-U07912,Male,2001-07-11,2026-02-17,Lagos,CMP-001,CH-001,2026-02-17
FNP-U07913,Female,1987-03-22,2026-04-22,Lagos,CMP-001,CH-001,2026-04-24
FNP-U07914,Male,1986-05-07,2026-03-05,Lagos,CMP-001,CH-001,2026-03-27
FNP-U07915,Male,1998-06-16,2026-04-08,Abuja,CMP-002,CH-002,2026-04-22
FNP-U07916,Female,2004-07-02,2026-02-21,Lagos,CMP-005,CH-003,2026-04-16
FNP-U07917,Female,2004-10-28,2026-03-03,Abuja,CMP-005,CH-003,2026-03-20
FNP-U07918,Female,2001-05-03,2026-02-06,Ogun,CMP-004,CH-005,2026-04-20
FNP-U07919,Female,2004-09-10,2026-03-26,Lagos,CMP-006,CH-002,2026-04-20
FNP-U07920,Female,1992-03-17,2026-04-11,Abuja,CMP-004,CH-005,2026-04-11
FNP-U07921,Male,1985-06-22,2026-02-14,Abuja,CMP-001,CH-001,2026-04-05
FNP-U07922,Male,1975-02-23,2026-02-05,Ogun,CMP-003,CH-004,2026-04-13
FNP-U07923,Male,1999-02-05,2026-03-25,Abuja,CMP-004,CH-005,2026-04-25
FNP-U07924,Male,2002-02-11,2026-02-28,Abuja,CMP-006,CH-002,2026-03-08
FNP-U07925,Female,1981-12-27,2026-03-23,Lagos,CMP-006,CH-002,2026-03-24
FNP-U07926,Male,1972-04-02,2026-03-01,Abuja,CMP-002,CH-002,2026-04-24
FNP-U07927,Female,1994-10-03,2026-03-12,Lagos,CMP-001,CH-001,2026-04-05
FNP-U07928,Male,2000-03-24,2026-03-06,Ogun,CMP-004,CH-005,2026-03-28
FNP-U07929,Male,1973-09-10,2026-04-03,Ogun,CMP-003,CH-004,2026-04-14
FNP-U07930,Male,1996-08-18,2026-02-18,Lagos,CMP-001,CH-001,2026-03-01
FNP-U07931,Female,1997-11-20,2026-02-07,Abuja,CMP-001,CH-001,2026-04-21
FNP-U07932,Female,1983-06-08,2026-04-18,Abuja,CMP-001,CH-001,2026-04-22
FNP-U07933,Female,2007-12-21,2026-03-12,Lagos,CMP-006,CH-002,2026-03-19
FNP-U07934,Male,1992-01-24,2026-03-13,Abuja,CMP-005,CH-003,2026-03-21
FNP-U07935,Female,1996-01-15,2026-01-30,Ogun,CMP-004,CH-005,2026-04-02
FNP-U07936,Female,1993-02-25,2026-03-15,Ogun,CMP-005,CH-003,2026-03-20
FNP-U07937,Female,2002-11-15,2026-04-06,Lagos,CMP-005,CH-003,2026-04-21
FNP-U07938,Male,1991-11-01,2026-02-24,Lagos,CMP-006,CH-002,2026-02-26
FNP-U07939,Male,1998-03-22,2026-03-01,Abuja,CMP-001,CH-001,2026-03-13
FNP-U07940,Female,1997-03-19,2026-04-01,Abuja,CMP-002,CH-002,2026-04-17
FNP-U07941,Female,2005-10-09,2026-02-09,Abuja,CMP-004,CH-005,2026-02-14
FNP-U07942,Female,1979-10-11,2026-02-19,Lagos,CMP-002,CH-002,2026-04-25
FNP-U07943,Male,1973-04-10,2026-02-26,Abuja,CMP-002,CH-002,2026-03-13
FNP-U07944,Female,2004-08-14,2026-04-22,Abuja,CMP-003,CH-004,2026-04-24
FNP-U07945,Female,1976-04-14,2026-03-16,Lagos,CMP-006,CH-002,2026-03-23
FNP-U07946,Male,2003-02-11,2026-01-29,Abuja,CMP-005,CH-003,2026-04-05
FNP-U07947,Male,1987-07-04,2026-04-17,Ogun,CMP-006,CH-002,2026-04-18
FNP-U07948,Male,1990-03-27,2026-04-17,Ogun,CMP-001,CH-001,2026-04-21
FNP-U07949,Female,1995-11-07,2026-02-22,Ogun,CMP-005,CH-003,2026-03-25
FNP-U07950,Male,2007-05-03,2026-03-21,Abuja,CMP-001,CH-001,2026-03-25
FNP-U07951,Male,1992-07-28,2026-02-18,Lagos,CMP-004,CH-005,2026-03-22
FNP-U07952,Male,1983-07-27,2026-04-03,Ogun,CMP-006,CH-002,2026-04-22
FNP-U07953,Female,1995-07-16,2026-03-22,Ogun,CMP-004,CH-005,2026-04-13
FNP-U07954,Female,1987-04-15,2026-03-26,Lagos,CMP-002,CH-002,2026-03-26
FNP-U07955,Male,1983-07-23,2026-04-08,Abuja,CMP-002,CH-002,2026-04-24
FNP-U07956,Female,1993-09-12,2026-03-19,Ogun,CMP-004,CH-005,2026-04-19
FNP-U07957,Female,1992-05-18,2026-04-05,Abuja,CMP-001,CH-001,2026-04-16
FNP-U07958,Female,1975-03-06,2026-03-29,Abuja,CMP-002,CH-002,2026-04-05
FNP-U07959,Female,2002-09-25,2026-03-15,Lagos,CMP-002,CH-002,2026-04-16
FNP-U07960,Female,2006-04-11,2026-04-13,Ogun,CMP-006,CH-002,2026-04-18
FNP-U07961,Male,1990-04-22,2026-02-24,Ogun,CMP-002,CH-002,2026-03-30
FNP-U07962,Female,2000-09-12,2026-03-23,Ogun,CMP-005,CH-003,2026-03-25
FNP-U07963,Male,1977-09-09,2026-04-03,Abuja,CMP-002,CH-002,2026-04-21
FNP-U07964,Male,1982-03-08,2026-02-10,Lagos,CMP-002,CH-002,2026-04-11
FNP-U07965,Female,2004-03-22,2026-02-13,Lagos,CMP-006,CH-002,2026-03-08
FNP-U07966,Male,1990-09-11,2026-04-13,Abuja,CMP-001,CH-001,2026-04-24
FNP-U07967,Female,2001-12-23,2026-03-25,Abuja,CMP-001,CH-001,2026-04-15
FNP-U07968,Male,1986-05-05,2026-04-22,Lagos,CMP-002,CH-002,2026-04-25
FNP-U07969,Female,2003-11-21,2026-02-01,Ogun,CMP-005,CH-003,2026-04-08
FNP-U07970,Female,2002-11-08,2026-04-04,Abuja,CMP-003,CH-004,2026-04-16
FNP-U07971,Female,1971-06-20,2026-01-31,Lagos,CMP-003,CH-004,2026-03-12
FNP-U07972,Male,2001-01-14,2026-03-04,Ogun,CMP-002,CH-002,2026-03-16
FNP-U07973,Male,2000-07-04,2026-03-08,Ogun,CMP-004,CH-005,2026-04-18
FNP-U07974,Female,2003-07-18,2026-03-31,Ogun,CMP-005,CH-003,2026-04-02
FNP-U07975,Male,1984-09-19,2026-04-17,Abuja,CMP-003,CH-004,2026-04-19
FNP-U07976,Female,1989-12-08,2026-04-07,Lagos,CMP-001,CH-001,2026-04-10
FNP-U07977,Male,1993-08-15,2026-02-06,Ogun,CMP-002,CH-002,2026-03-28
FNP-U07978,Female,1996-06-17,2026-01-28,Lagos,CMP-002,CH-002,2026-01-29
FNP-U07979,Female,1996-07-20,2026-04-15,Ogun,CMP-004,CH-005,2026-04-25
FNP-U07980,Male,1991-09-02,2026-02-08,Lagos,CMP-004,CH-005,2026-04-08
FNP-U07981,Female,2004-05-26,2026-01-27,Ogun,CMP-006,CH-002,2026-03-17
FNP-U07982,Female,2008-10-05,2026-02-17,Lagos,CMP-005,CH-003,2026-04-15
FNP-U07983,Female,1994-09-21,2026-02-13,Abuja,CMP-001,CH-001,2026-04-01
FNP-U07984,Female,1996-05-01,2026-03-07,Lagos,CMP-003,CH-004,2026-04-01
FNP-U07985,Female,1992-04-21,2026-04-02,Abuja,CMP-005,CH-003,2026-04-04
FNP-U07986,Male,1999-10-04,2026-03-24,Ogun,CMP-002,CH-002,2026-04-04
FNP-U07987,Female,1997-04-02,2026-02-02,Lagos,CMP-006,CH-002,2026-03-06
FNP-U07988,Male,1981-01-11,2026-03-20,Abuja,CMP-001,CH-001,2026-04-23
FNP-U07989,Male,1975-11-15,2026-02-25,Ogun,CMP-002,CH-002,2026-02-28
FNP-U07990,Female,1979-02-24,2026-01-30,Lagos,CMP-002,CH-002,2026-03-31
FNP-U07991,Male,1986-06-22,2026-04-22,Lagos,CMP-002,CH-002,2026-04-23
FNP-U07992,Male,1983-09-24,2026-02-24,Abuja,CMP-001,CH-001,2026-02-27
FNP-U07993,Male,1998-07-13,2026-03-28,Ogun,CMP-004,CH-005,2026-04-06
FNP-U07994,Male,1992-09-15,2026-02-04,Abuja,CMP-002,CH-002,2026-02-28
FNP-U07995,Female,2003-08-17,2026-03-13,Lagos,CMP-004,CH-005,2026-04-24
FNP-U07996,Male,1991-05-14,2026-03-29,Lagos,CMP-002,CH-002,2026-04-14
FNP-U07997,Male,2008-04-16,2026-03-02,Lagos,CMP-001,CH-001,2026-03-18
FNP-U07998,Male,1997-08-27,2026-03-11,Lagos,CMP-001,CH-001,2026-03-25
FNP-U07999,Male,2003-07-23,2026-04-05,Lagos,CMP-005,CH-003,2026-04-06
FNP-U08000,Female,2000-01-07,2026-02-11,Ogun,CMP-006,CH-002,2026-03-02
FNP-U08001,Female,1990-05-28,2026-04-23,Lagos,CMP-002,CH-002,2026-04-23
FNP-U08002,Female,2007-09-14,2026-02-25,Lagos,CMP-005,CH-003,2026-03-30
FNP-U08003,Female,1988-02-19,2026-01-31,Ogun,CMP-001,CH-001,2026-03-13
FNP-U08004,Male,1981-07-22,2026-03-22,Ogun,CMP-006,CH-002,2026-04-22
FNP-U08005,Female,1988-10-02,2026-01-30,Ogun,CMP-004,CH-005,2026-02-02
FNP-U08006,Male,1988-12-10,2026-03-13,Lagos,CMP-004,CH-005,2026-03-27
FNP-U08007,Male,1991-12-09,2026-03-17,Abuja,CMP-002,CH-002,2026-04-23
FNP-U08008,Male,2003-09-22,2026-04-04,Lagos,CMP-006,CH-002,2026-04-19
FNP-U08009,Female,2004-05-11,2026-03-03,Abuja,CMP-004,CH-005,2026-03-17
FNP-U08010,Female,2008-05-23,2026-04-09,Lagos,CMP-002,CH-002,2026-04-21
FNP-U08011,Female,2004-06-28,2026-02-09,Lagos,CMP-004,CH-005,2026-04-17
FNP-U08012,Male,1998-08-20,2026-02-21,Lagos,CMP-001,CH-001,2026-03-23
FNP-U08013,Male,1985-01-11,2026-02-22,Ogun,CMP-002,CH-002,2026-04-07
FNP-U08014,Female,1992-02-15,2026-02-15,Abuja,CMP-002,CH-002,2026-04-19
FNP-U08015,Male,1988-06-16,2026-02-25,Lagos,CMP-003,CH-004,2026-03-13
FNP-U08016,Male,1973-04-26,2026-02-01,Abuja,CMP-002,CH-002,2026-04-11
FNP-U08017,Male,2002-05-10,2026-04-15,Lagos,CMP-001,CH-001,2026-04-23
FNP-U08018,Female,1989-09-12,2026-04-17,Ogun,CMP-003,CH-004,2026-04-22
FNP-U08019,Male,1995-08-11,2026-04-07,Abuja,CMP-002,CH-002,2026-04-14
FNP-U08020,Male,1979-12-23,2026-03-23,Abuja,CMP-006,CH-002,2026-04-20
FNP-U08021,Female,1981-11-28,2026-04-15,Ogun,CMP-006,CH-002,2026-04-17
FNP-U08022,Female,1987-01-06,2026-02-04,Lagos,CMP-001,CH-001,2026-03-25
FNP-U08023,Female,1980-11-01,2026-04-24,Lagos,CMP-003,CH-004,2026-04-24
FNP-U08024,Male,1980-11-23,2026-02-05,Abuja,CMP-003,CH-004,2026-03-06
FNP-U08025,Male,1999-03-04,2026-02-01,Lagos,CMP-006,CH-002,2026-02-06
FNP-U08026,Male,1985-03-08,2026-03-14,Abuja,CMP-006,CH-002,2026-04-24
FNP-U08027,Female,1982-07-22,2026-03-08,Ogun,CMP-003,CH-004,2026-04-25
FNP-U08028,Female,1992-11-07,2026-02-25,Ogun,CMP-001,CH-001,2026-03-19
FNP-U08029,Female,1987-11-18,2026-03-21,Lagos,CMP-003,CH-004,2026-04-09
FNP-U08030,Male,2000-08-04,2026-02-11,Ogun,CMP-005,CH-003,2026-04-21
FNP-U08031,Female,2008-04-04,2026-04-24,Abuja,CMP-004,CH-005,2026-04-24
FNP-U08032,Female,1987-07-27,2026-02-19,Lagos,CMP-003,CH-004,2026-04-15
FNP-U08033,Male,1975-02-03,2026-02-04,Lagos,CMP-006,CH-002,2026-03-04
FNP-U08034,Female,2000-06-04,2026-04-03,Ogun,CMP-006,CH-002,2026-04-03
FNP-U08035,Male,1992-04-07,2026-02-11,Ogun,CMP-003,CH-004,2026-03-05
FNP-U08036,Female,1990-06-15,2026-04-07,Ogun,CMP-001,CH-001,2026-04-07
FNP-U08037,Female,1990-03-04,2026-03-23,Abuja,CMP-001,CH-001,2026-04-17
FNP-U08038,Female,1972-06-04,2026-02-28,Abuja,CMP-006,CH-002,2026-04-16
FNP-U08039,Female,1999-10-23,2026-04-05,Abuja,CMP-004,CH-005,2026-04-15
FNP-U08040,Male,1971-09-24,2026-03-06,Abuja,CMP-002,CH-002,2026-04-19
FNP-U08041,Female,2003-06-07,2026-03-03,Lagos,CMP-006,CH-002,2026-03-16
FNP-U08042,Male,1992-09-03,2026-03-09,Ogun,CMP-003,CH-004,2026-03-11
FNP-U08043,Male,2000-09-22,2026-03-22,Lagos,CMP-005,CH-003,2026-04-24
FNP-U08044,Male,1978-03-01,2026-02-17,Abuja,CMP-003,CH-004,2026-04-06
FNP-U08045,Female,2003-04-28,2026-04-21,Abuja,CMP-005,CH-003,2026-04-22
FNP-U08046,Female,1989-05-12,2026-03-17,Abuja,CMP-006,CH-002,2026-04-18
FNP-U08047,Male,1980-08-24,2026-03-13,Abuja,CMP-006,CH-002,2026-03-27
FNP-U08048,Female,2006-11-01,2026-02-04,Lagos,CMP-005,CH-003,2026-03-12
FNP-U08049,Female,1971-04-18,2026-02-09,Lagos,CMP-006,CH-002,2026-03-13
FNP-U08050,Female,1993-02-26,2026-02-09,Ogun,CMP-005,CH-003,2026-04-25
FNP-U08051,Female,1986-08-09,2026-02-10,Abuja,CMP-004,CH-005,2026-03-29
FNP-U08052,Female,1989-06-25,2026-03-09,Lagos,CMP-002,CH-002,2026-04-13
FNP-U08053,Male,1999-06-07,2026-02-05,Ogun,CMP-004,CH-005,2026-02-09
FNP-U08054,Female,2008-12-11,2026-02-13,Lagos,CMP-006,CH-002,2026-03-22
FNP-U08055,Female,1985-09-23,2026-03-01,Ogun,CMP-002,CH-002,2026-04-21
FNP-U08056,Female,1975-06-03,2026-02-11,Abuja,CMP-002,CH-002,2026-04-07
FNP-U08057,Male,2002-02-08,2026-04-05,Lagos,CMP-003,CH-004,2026-04-18
FNP-U08058,Male,1985-04-26,2026-04-13,Ogun,CMP-003,CH-004,2026-04-15
FNP-U08059,Female,1973-05-04,2026-02-21,Lagos,CMP-002,CH-002,2026-03-06
FNP-U08060,Male,1991-08-16,2026-03-11,Ogun,CMP-003,CH-004,2026-03-20
FNP-U08061,Female,2008-05-27,2026-03-25,Abuja,CMP-005,CH-003,2026-03-27
FNP-U08062,Male,2008-01-12,2026-04-04,Ogun,CMP-001,CH-001,2026-04-10
FNP-U08063,Female,2006-04-08,2026-03-09,Lagos,CMP-002,CH-002,2026-03-14
FNP-U08064,Female,1987-04-15,2026-04-14,Lagos,CMP-001,CH-001,2026-04-25
FNP-U08065,Male,2000-11-28,2026-02-11,Lagos,CMP-004,CH-005,2026-02-22
FNP-U08066,Male,2004-09-25,2026-03-07,Ogun,CMP-003,CH-004,2026-03-17
FNP-U08067,Female,1974-02-24,2026-04-12,Abuja,CMP-002,CH-002,2026-04-25
FNP-U08068,Male,1996-03-24,2026-04-01,Ogun,CMP-006,CH-002,2026-04-10
FNP-U08069,Female,1992-04-20,2026-04-22,Abuja,CMP-001,CH-001,2026-04-22
FNP-U08070,Female,1991-03-13,2026-04-05,Ogun,CMP-006,CH-002,2026-04-21
FNP-U08071,Male,1987-02-07,2026-04-14,Ogun,CMP-003,CH-004,2026-04-24
FNP-U08072,Male,1978-12-06,2026-03-12,Abuja,CMP-002,CH-002,2026-04-17
FNP-U08073,Female,1997-08-19,2026-03-03,Abuja,CMP-001,CH-001,2026-04-06
FNP-U08074,Female,1991-11-09,2026-02-18,Ogun,CMP-001,CH-001,2026-04-10
FNP-U08075,Female,2008-10-06,2026-04-13,Abuja,CMP-004,CH-005,2026-04-22
FNP-U08076,Male,1987-08-08,2026-03-23,Ogun,CMP-003,CH-004,2026-04-05
FNP-U08077,Female,2000-09-13,2026-03-16,Ogun,CMP-005,CH-003,2026-03-17
FNP-U08078,Female,1977-04-27,2026-04-20,Lagos,CMP-006,CH-002,2026-04-23
FNP-U08079,Female,2003-02-24,2026-03-31,Lagos,CMP-005,CH-003,2026-04-19
FNP-U08080,Female,1996-11-13,2026-03-21,Ogun,CMP-002,CH-002,2026-03-28
FNP-U08081,Male,1994-05-09,2026-03-19,Lagos,CMP-003,CH-004,2026-03-25
FNP-U08082,Male,1991-02-28,2026-04-24,Ogun,CMP-004,CH-005,2026-04-25
FNP-U08083,Male,1996-01-05,2026-02-17,Ogun,CMP-004,CH-005,2026-03-27
FNP-U08084,Female,1999-08-08,2026-03-04,Abuja,CMP-001,CH-001,2026-03-15
FNP-U08085,Female,1987-03-13,2026-04-05,Ogun,CMP-002,CH-002,2026-04-05
FNP-U08086,Male,1984-08-21,2026-04-17,Ogun,CMP-002,CH-002,2026-04-18
FNP-U08087,Female,2003-03-06,2026-02-02,Ogun,CMP-003,CH-004,2026-04-04
FNP-U08088,Female,2002-09-06,2026-01-28,Abuja,CMP-005,CH-003,2026-03-07
FNP-U08089,Female,1994-05-28,2026-03-18,Ogun,CMP-003,CH-004,2026-03-23
FNP-U08090,Female,1997-02-21,2026-04-10,Ogun,CMP-005,CH-003,2026-04-25
FNP-U08091,Female,1998-07-19,2026-02-07,Ogun,CMP-005,CH-003,2026-03-19
FNP-U08092,Male,1985-04-25,2026-02-02,Lagos,CMP-006,CH-002,2026-03-25
FNP-U08093,Female,2004-07-13,2026-02-03,Lagos,CMP-005,CH-003,2026-02-13
FNP-U08094,Female,1989-05-20,2026-02-18,Abuja,CMP-001,CH-001,2026-04-15
FNP-U08095,Female,1983-06-10,2026-04-04,Abuja,CMP-006,CH-002,2026-04-19
FNP-U08096,Male,1973-02-24,2026-04-17,Abuja,CMP-003,CH-004,2026-04-21
FNP-U08097,Female,1987-11-04,2026-02-05,Lagos,CMP-002,CH-002,2026-02-12
FNP-U08098,Female,1988-12-28,2026-02-14,Lagos,CMP-006,CH-002,2026-03-01
FNP-U08099,Female,2004-01-08,2026-04-23,Lagos,CMP-002,CH-002,2026-04-24
FNP-U08100,Female,1996-05-27,2026-03-16,Ogun,CMP-001,CH-001,2026-04-14
FNP-U08101,Male,1982-06-22,2026-04-04,Abuja,CMP-003,CH-004,2026-04-19
FNP-U08102,Male,1996-09-04,2026-03-03,Ogun,CMP-006,CH-002,2026-04-18
FNP-U08103,Female,2007-10-09,2026-04-15,Lagos,CMP-005,CH-003,2026-04-17
FNP-U08104,Male,1988-09-14,2026-03-10,Lagos,CMP-006,CH-002,2026-04-22
FNP-U08105,Female,2003-06-02,2026-03-07,Abuja,CMP-002,CH-002,2026-04-05
FNP-U08106,Male,2003-02-26,2026-02-28,Lagos,CMP-006,CH-002,2026-03-26
FNP-U08107,Male,1983-08-07,2026-02-26,Abuja,CMP-003,CH-004,2026-04-14
FNP-U08108,Male,1991-03-10,2026-03-21,Ogun,CMP-003,CH-004,2026-03-25
FNP-U08109,Male,1980-09-20,2026-02-13,Abuja,CMP-003,CH-004,2026-02-26
FNP-U08110,Male,1997-04-22,2026-02-20,Ogun,CMP-001,CH-001,2026-02-23
FNP-U08111,Male,1990-05-09,2026-04-25,Abuja,CMP-001,CH-001,2026-04-25
FNP-U08112,Male,1993-05-15,2026-03-06,Ogun,CMP-001,CH-001,2026-04-17
FNP-U08113,Female,1999-07-14,2026-02-21,Lagos,CMP-001,CH-001,2026-04-09
FNP-U08114,Female,2003-09-02,2026-01-29,Lagos,CMP-002,CH-002,2026-02-28
FNP-U08115,Female,1977-05-27,2026-04-03,Lagos,CMP-003,CH-004,2026-04-12
FNP-U08116,Male,1999-09-15,2026-02-01,Abuja,CMP-004,CH-005,2026-04-24
FNP-U08117,Female,1996-03-26,2026-03-17,Lagos,CMP-005,CH-003,2026-04-05
FNP-U08118,Male,1992-03-08,2026-03-14,Abuja,CMP-001,CH-001,2026-04-23
FNP-U08119,Female,2002-12-06,2026-03-10,Ogun,CMP-002,CH-002,2026-04-12
FNP-U08120,Female,1991-09-23,2026-04-21,Abuja,CMP-002,CH-002,2026-04-22
FNP-U08121,Male,1998-05-28,2026-03-02,Ogun,CMP-006,CH-002,2026-03-15
FNP-U08122,Female,2001-03-04,2026-02-16,Abuja,CMP-005,CH-003,2026-04-09
FNP-U08123,Female,1986-02-08,2026-01-26,Lagos,CMP-004,CH-005,2026-02-18
FNP-U08124,Female,1993-10-10,2026-03-02,Abuja,CMP-005,CH-003,2026-04-13
FNP-U08125,Male,2005-08-12,2026-02-09,Abuja,CMP-002,CH-002,2026-03-03
FNP-U08126,Female,2004-05-03,2026-04-02,Ogun,CMP-005,CH-003,2026-04-16
FNP-U08127,Male,1982-03-14,2026-03-18,Lagos,CMP-001,CH-001,2026-04-25
FNP-U08128,Female,1996-08-09,2026-01-28,Abuja,CMP-005,CH-003,2026-04-22
FNP-U08129,Male,1994-06-05,2026-04-12,Ogun,CMP-003,CH-004,2026-04-13
FNP-U08130,Male,1972-09-05,2026-04-05,Abuja,CMP-003,CH-004,2026-04-17
FNP-U08131,Male,2000-12-24,2026-03-04,Lagos,CMP-006,CH-002,2026-04-12
FNP-U08132,Female,1981-09-07,2026-04-14,Lagos,CMP-003,CH-004,2026-04-19
FNP-U08133,Female,1996-03-23,2026-03-21,Abuja,CMP-004,CH-005,2026-04-10
FNP-U08134,Female,1988-08-10,2026-04-14,Lagos,CMP-002,CH-002,2026-04-18
FNP-U08135,Female,1976-01-13,2026-02-28,Abuja,CMP-006,CH-002,2026-04-04
FNP-U08136,Male,1990-08-04,2026-03-26,Lagos,CMP-001,CH-001,2026-03-30
FNP-U08137,Male,1984-05-17,2026-04-24,Abuja,CMP-003,CH-004,2026-04-24
FNP-U08138,Female,1997-04-22,2026-03-25,Lagos,CMP-004,CH-005,2026-03-31
FNP-U08139,Female,1986-06-05,2026-02-12,Abuja,CMP-004,CH-005,2026-03-19
FNP-U08140,Male,1988-05-17,2026-02-17,Ogun,CMP-003,CH-004,2026-03-14
FNP-U08141,Male,1989-07-01,2026-01-30,Abuja,CMP-002,CH-002,2026-02-15
FNP-U08142,Female,2000-03-02,2026-02-26,Abuja,CMP-005,CH-003,2026-02-28
FNP-U08143,Female,2001-06-12,2026-03-10,Ogun,CMP-005,CH-003,2026-03-18
FNP-U08144,Female,1991-08-11,2026-03-03,Ogun,CMP-005,CH-003,2026-03-24
FNP-U08145,Male,1992-09-15,2026-03-31,Lagos,CMP-004,CH-005,2026-04-07
FNP-U08146,Male,2008-08-03,2026-03-14,Abuja,CMP-005,CH-003,2026-04-11
FNP-U08147,Male,1986-07-06,2026-04-01,Lagos,CMP-002,CH-002,2026-04-23
FNP-U08148,Male,2000-08-23,2026-03-08,Ogun,CMP-003,CH-004,2026-04-01
FNP-U08149,Male,2001-04-19,2026-03-23,Abuja,CMP-004,CH-005,2026-04-19
FNP-U08150,Female,2004-10-02,2026-04-19,Abuja,CMP-002,CH-002,2026-04-19
FNP-U08151,Male,1996-03-25,2026-03-16,Abuja,CMP-001,CH-001,2026-03-22
FNP-U08152,Male,1987-07-16,2026-02-03,Lagos,CMP-004,CH-005,2026-04-23
FNP-U08153,Male,1981-07-10,2026-03-29,Ogun,CMP-001,CH-001,2026-04-08
FNP-U08154,Male,1997-04-14,2026-01-31,Ogun,CMP-006,CH-002,2026-02-14
FNP-U08155,Male,1992-09-22,2026-03-10,Abuja,CMP-001,CH-001,2026-03-24
FNP-U08156,Female,1998-10-26,2026-02-26,Ogun,CMP-003,CH-004,2026-03-05
FNP-U08157,Male,1987-10-18,2026-03-22,Lagos,CMP-002,CH-002,2026-04-07
FNP-U08158,Male,1997-05-06,2026-02-25,Ogun,CMP-004,CH-005,2026-03-14
FNP-U08159,Female,2006-08-24,2026-03-08,Abuja,CMP-001,CH-001,2026-03-10
FNP-U08160,Female,2003-12-17,2026-03-11,Lagos,CMP-005,CH-003,2026-04-12
FNP-U08161,Male,2001-01-26,2026-04-09,Ogun,CMP-001,CH-001,2026-04-17
FNP-U08162,Female,1986-12-07,2026-04-19,Lagos,CMP-003,CH-004,2026-04-24
FNP-U08163,Female,1971-03-28,2026-04-09,Abuja,CMP-002,CH-002,2026-04-22
FNP-U08164,Female,2008-03-18,2026-03-07,Ogun,CMP-004,CH-005,2026-03-14
FNP-U08165,Female,1999-08-03,2026-03-23,Lagos,CMP-005,CH-003,2026-04-07
FNP-U08166,Female,1994-10-10,2026-03-23,Lagos,CMP-001,CH-001,2026-04-19
FNP-U08167,Male,1988-07-16,2026-02-25,Ogun,CMP-001,CH-001,2026-04-23
FNP-U08168,Male,2007-09-17,2026-01-31,Lagos,CMP-006,CH-002,2026-03-15
FNP-U08169,Female,1977-05-08,2026-03-02,Abuja,CMP-002,CH-002,2026-04-25
FNP-U08170,Male,2008-03-09,2026-02-16,Abuja,CMP-004,CH-005,2026-03-22
FNP-U08171,Male,2003-11-25,2026-03-24,Lagos,CMP-004,CH-005,2026-04-05
FNP-U08172,Female,2008-08-15,2026-03-10,Ogun,CMP-004,CH-005,2026-03-18
FNP-U08173,Female,2006-01-15,2026-03-29,Abuja,CMP-005,CH-003,2026-04-01
FNP-U08174,Male,1971-04-06,2026-04-16,Ogun,CMP-002,CH-002,2026-04-19
FNP-U08175,Female,1974-03-19,2026-02-26,Abuja,CMP-006,CH-002,2026-03-11
FNP-U08176,Male,1989-11-02,2026-03-04,Abuja,CMP-003,CH-004,2026-04-01
FNP-U08177,Male,1999-12-04,2026-03-30,Abuja,CMP-006,CH-002,2026-04-04
FNP-U08178,Female,2008-09-02,2026-03-20,Lagos,CMP-005,CH-003,2026-04-04
FNP-U08179,Male,1992-10-14,2026-04-10,Abuja,CMP-004,CH-005,2026-04-12
FNP-U08180,Female,1982-09-23,2026-04-21,Lagos,CMP-006,CH-002,2026-04-25
FNP-U08181,Male,1997-11-28,2026-02-01,Ogun,CMP-004,CH-005,2026-02-17
FNP-U08182,Male,1986-05-16,2026-04-18,Lagos,CMP-006,CH-002,2026-04-24
FNP-U08183,Male,1990-03-09,2026-02-20,Abuja,CMP-003,CH-004,2026-04-21
FNP-U08184,Female,1989-05-09,2026-02-12,Lagos,CMP-001,CH-001,2026-03-20
FNP-U08185,Female,2004-11-23,2026-02-06,Ogun,CMP-003,CH-004,2026-02-18
FNP-U08186,Female,1990-06-19,2026-03-07,Ogun,CMP-003,CH-004,2026-03-30
FNP-U08187,Male,1991-09-27,2026-03-22,Lagos,CMP-003,CH-004,2026-04-24
FNP-U08188,Female,1982-05-13,2026-02-13,Lagos,CMP-001,CH-001,2026-04-09
FNP-U08189,Male,2006-08-10,2026-03-29,Ogun,CMP-001,CH-001,2026-04-13
FNP-U08190,Female,1982-05-02,2026-02-02,Abuja,CMP-001,CH-001,2026-03-03
FNP-U08191,Male,2007-06-08,2026-04-16,Lagos,CMP-004,CH-005,2026-04-24
FNP-U08192,Female,1991-03-05,2026-04-08,Abuja,CMP-002,CH-002,2026-04-10
FNP-U08193,Male,1979-03-12,2026-04-16,Lagos,CMP-006,CH-002,2026-04-17
FNP-U08194,Female,1993-10-21,2026-02-14,Ogun,CMP-005,CH-003,2026-03-04
FNP-U08195,Female,1984-07-07,2026-02-14,Lagos,CMP-003,CH-004,2026-04-24
FNP-U08196,Male,1995-03-07,2026-02-25,Lagos,CMP-005,CH-003,2026-03-15
FNP-U08197,Female,2003-04-06,2026-02-14,Lagos,CMP-006,CH-002,2026-04-02
FNP-U08198,Male,2004-05-28,2026-04-10,Ogun,CMP-001,CH-001,2026-04-25
FNP-U08199,Female,1978-03-14,2026-03-23,Lagos,CMP-006,CH-002,2026-04-03
FNP-U08200,Female,1996-10-01,2026-03-30,Ogun,CMP-002,CH-002,2026-04-24
FNP-U08201,Male,1986-08-18,2026-03-15,Ogun,CMP-001,CH-001,2026-04-25
FNP-U08202,Male,1978-05-15,2026-04-12,Lagos,CMP-002,CH-002,2026-04-23
FNP-U08203,Male,1997-01-18,2026-02-25,Ogun,CMP-005,CH-003,2026-03-10
FNP-U08204,Female,1992-08-04,2026-01-31,Ogun,CMP-004,CH-005,2026-02-06
FNP-U08205,Male,1989-01-11,2026-04-05,Lagos,CMP-004,CH-005,2026-04-09
FNP-U08206,Male,2000-08-14,2026-04-02,Lagos,CMP-005,CH-003,2026-04-13
FNP-U08207,Male,1989-04-13,2026-04-15,Ogun,CMP-001,CH-001,2026-04-23
FNP-U08208,Female,2008-01-03,2026-03-05,Lagos,CMP-005,CH-003,2026-04-18
FNP-U08209,Male,1999-05-21,2026-04-24,Abuja,CMP-002,CH-002,2026-04-24
FNP-U08210,Male,2003-07-08,2026-04-10,Abuja,CMP-002,CH-002,2026-04-22
FNP-U08211,Female,1998-12-14,2026-04-16,Lagos,CMP-001,CH-001,2026-04-22
FNP-U08212,Male,1994-04-17,2026-04-17,Ogun,CMP-001,CH-001,2026-04-21
FNP-U08213,Female,1997-09-23,2026-02-24,Lagos,CMP-004,CH-005,2026-04-15
FNP-U08214,Male,1987-03-16,2026-03-23,Abuja,CMP-001,CH-001,2026-03-31
FNP-U08215,Male,1994-03-26,2026-03-30,Abuja,CMP-001,CH-001,2026-04-18
FNP-U08216,Female,1996-12-22,2026-03-03,Ogun,CMP-005,CH-003,2026-03-23
FNP-U08217,Male,2007-08-13,2026-03-02,Abuja,CMP-004,CH-005,2026-04-04
FNP-U08218,Female,1998-06-11,2026-03-24,Lagos,CMP-004,CH-005,2026-04-02
FNP-U08219,Female,1990-03-25,2026-03-28,Ogun,CMP-006,CH-002,2026-04-24
FNP-U08220,Male,2007-02-02,2026-03-20,Lagos,CMP-002,CH-002,2026-03-30
FNP-U08221,Female,1989-07-21,2026-02-10,Ogun,CMP-006,CH-002,2026-03-15
FNP-U08222,Male,1979-03-08,2026-04-25,Ogun,CMP-003,CH-004,2026-04-25
FNP-U08223,Female,2003-11-25,2026-03-12,Lagos,CMP-001,CH-001,2026-04-06
FNP-U08224,Male,1975-04-07,2026-02-27,Lagos,CMP-003,CH-004,2026-04-09
FNP-U08225,Male,2006-11-21,2026-02-21,Ogun,CMP-006,CH-002,2026-03-06
FNP-U08226,Female,1989-10-16,2026-03-11,Ogun,CMP-006,CH-002,2026-04-10
FNP-U08227,Female,1993-12-28,2026-04-01,Lagos,CMP-005,CH-003,2026-04-22
FNP-U08228,Female,2008-03-25,2026-04-01,Lagos,CMP-001,CH-001,2026-04-17
FNP-U08229,Male,1989-02-02,2026-03-06,Abuja,CMP-001,CH-001,2026-03-25
FNP-U08230,Female,2002-05-26,2026-01-28,Ogun,CMP-004,CH-005,2026-02-12
FNP-U08231,Female,1989-06-02,2026-02-03,Lagos,CMP-001,CH-001,2026-04-20
FNP-U08232,Male,1994-01-03,2026-02-28,Ogun,CMP-004,CH-005,2026-04-22
FNP-U08233,Male,2007-01-23,2026-03-27,Ogun,CMP-006,CH-002,2026-04-15
FNP-U08234,Female,2007-06-22,2026-03-24,Abuja,CMP-005,CH-003,2026-04-19
FNP-U08235,Female,1991-05-09,2026-02-19,Abuja,CMP-002,CH-002,2026-03-03
FNP-U08236,Male,1995-09-13,2026-03-23,Abuja,CMP-003,CH-004,2026-04-24
FNP-U08237,Male,1975-03-25,2026-04-25,Abuja,CMP-003,CH-004,2026-04-25
FNP-U08238,Female,1992-01-18,2026-02-24,Abuja,CMP-005,CH-003,2026-03-04
FNP-U08239,Female,1976-08-09,2026-02-01,Ogun,CMP-002,CH-002,2026-02-15
FNP-U08240,Male,1999-01-26,2026-03-09,Lagos,CMP-006,CH-002,2026-04-06
FNP-U08241,Male,1977-12-17,2026-02-08,Ogun,CMP-003,CH-004,2026-03-28
FNP-U08242,Female,1990-06-14,2026-03-23,Abuja,CMP-002,CH-002,2026-04-22
FNP-U08243,Female,2005-12-17,2026-03-13,Abuja,CMP-001,CH-001,2026-04-12
FNP-U08244,Male,2001-09-10,2026-04-01,Lagos,CMP-001,CH-001,2026-04-09
FNP-U08245,Female,1995-02-23,2026-02-06,Lagos,CMP-005,CH-003,2026-03-04
FNP-U08246,Male,1996-10-05,2026-03-25,Abuja,CMP-005,CH-003,2026-04-18
FNP-U08247,Female,2006-12-10,2026-03-04,Ogun,CMP-004,CH-005,2026-03-12
FNP-U08248,Female,1996-01-06,2026-04-06,Abuja,CMP-004,CH-005,2026-04-10
FNP-U08249,Male,1985-01-19,2026-04-15,Ogun,CMP-001,CH-001,2026-04-22
FNP-U08250,Female,1984-02-28,2026-01-27,Abuja,CMP-002,CH-002,2026-03-30
FNP-U08251,Female,1989-02-10,2026-01-30,Lagos,CMP-004,CH-005,2026-03-26
FNP-U08252,Male,1991-10-14,2026-02-10,Abuja,CMP-002,CH-002,2026-04-05
FNP-U08253,Female,2003-02-02,2026-04-14,Ogun,CMP-006,CH-002,2026-04-25
FNP-U08254,Male,2001-11-07,2026-03-02,Ogun,CMP-002,CH-002,2026-03-21
FNP-U08255,Male,1973-03-06,2026-02-04,Lagos,CMP-003,CH-004,2026-04-07
FNP-U08256,Male,1994-11-25,2026-02-27,Lagos,CMP-001,CH-001,2026-04-04
FNP-U08257,Male,1992-12-06,2026-03-12,Ogun,CMP-004,CH-005,2026-04-03
FNP-U08258,Male,1972-08-09,2026-04-18,Ogun,CMP-006,CH-002,2026-04-19
FNP-U08259,Male,1993-09-11,2026-01-30,Abuja,CMP-001,CH-001,2026-04-10
FNP-U08260,Female,1996-04-16,2026-03-30,Lagos,CMP-001,CH-001,2026-04-09
FNP-U08261,Female,1995-03-09,2026-03-03,Abuja,CMP-005,CH-003,2026-03-19
FNP-U08262,Male,1982-03-13,2026-02-26,Lagos,CMP-001,CH-001,2026-03-04
FNP-U08263,Male,2001-04-23,2026-02-19,Lagos,CMP-002,CH-002,2026-04-10
FNP-U08264,Female,2000-01-21,2026-02-15,Lagos,CMP-003,CH-004,2026-03-29
FNP-U08265,Female,2006-12-26,2026-01-30,Lagos,CMP-001,CH-001,2026-04-20
FNP-U08266,Female,1976-07-14,2026-04-07,Abuja,CMP-003,CH-004,2026-04-19
FNP-U08267,Male,1994-07-07,2026-04-04,Lagos,CMP-001,CH-001,2026-04-22
FNP-U08268,Male,1984-05-05,2026-02-01,Ogun,CMP-001,CH-001,2026-03-10
FNP-U08269,Male,2004-11-21,2026-04-01,Ogun,CMP-002,CH-002,2026-04-17
FNP-U08270,Female,1989-12-23,2026-03-03,Lagos,CMP-002,CH-002,2026-03-11
FNP-U08271,Male,1995-03-21,2026-02-26,Abuja,CMP-006,CH-002,2026-03-08
FNP-U08272,Male,1986-06-27,2026-03-26,Abuja,CMP-006,CH-002,2026-03-30
FNP-U08273,Female,1992-09-09,2026-03-11,Abuja,CMP-001,CH-001,2026-03-11
FNP-U08274,Female,1994-12-14,2026-03-11,Abuja,CMP-003,CH-004,2026-04-14
FNP-U08275,Female,2002-03-20,2026-03-22,Lagos,CMP-001,CH-001,2026-04-08
FNP-U08276,Female,2000-10-01,2026-02-08,Lagos,CMP-002,CH-002,2026-02-08
FNP-U08277,Female,2004-07-19,2026-02-22,Abuja,CMP-001,CH-001,2026-03-22
FNP-U08278,Male,2004-01-10,2026-01-30,Lagos,CMP-002,CH-002,2026-02-27
FNP-U08279,Male,1986-08-14,2026-04-05,Lagos,CMP-006,CH-002,2026-04-23
FNP-U08280,Female,1999-09-15,2026-03-06,Lagos,CMP-002,CH-002,2026-03-30
FNP-U08281,Female,2004-08-02,2026-04-24,Abuja,CMP-005,CH-003,2026-04-25
FNP-U08282,Female,1992-06-15,2026-03-25,Ogun,CMP-005,CH-003,2026-04-12
FNP-U08283,Male,1973-12-26,2026-03-25,Abuja,CMP-002,CH-002,2026-04-18
FNP-U08284,Female,2008-07-08,2026-02-22,Abuja,CMP-002,CH-002,2026-03-05
FNP-U08285,Male,1999-06-10,2026-04-25,Ogun,CMP-004,CH-005,2026-04-25
FNP-U08286,Female,1989-12-20,2026-04-16,Abuja,CMP-006,CH-002,2026-04-17
FNP-U08287,Male,1994-07-15,2026-02-17,Lagos,CMP-001,CH-001,2026-03-17
FNP-U08288,Male,1997-03-28,2026-03-18,Abuja,CMP-003,CH-004,2026-04-20
FNP-U08289,Male,2005-05-08,2026-02-19,Lagos,CMP-004,CH-005,2026-04-24
FNP-U08290,Male,1990-03-23,2026-04-05,Abuja,CMP-006,CH-002,2026-04-09
FNP-U08291,Female,1999-04-28,2026-01-29,Abuja,CMP-001,CH-001,2026-03-16
FNP-U08292,Male,1989-02-08,2026-03-27,Ogun,CMP-004,CH-005,2026-04-11
FNP-U08293,Male,1981-06-03,2026-04-07,Ogun,CMP-001,CH-001,2026-04-16
FNP-U08294,Female,1980-09-17,2026-03-19,Lagos,CMP-006,CH-002,2026-03-27
FNP-U08295,Female,2001-01-27,2026-04-06,Lagos,CMP-005,CH-003,2026-04-23
FNP-U08296,Female,1999-06-07,2026-03-24,Lagos,CMP-005,CH-003,2026-04-22
FNP-U08297,Male,1979-09-15,2026-03-14,Abuja,CMP-003,CH-004,2026-03-29
FNP-U08298,Male,2003-02-26,2026-02-22,Lagos,CMP-004,CH-005,2026-04-21
FNP-U08299,Female,2006-02-03,2026-02-21,Ogun,CMP-005,CH-003,2026-02-26
FNP-U08300,Female,1984-12-08,2026-01-30,Lagos,CMP-003,CH-004,2026-02-14
FNP-U08301,Female,1986-05-11,2026-03-29,Lagos,CMP-003,CH-004,2026-04-03
FNP-U08302,Male,2006-08-22,2026-02-18,Lagos,CMP-004,CH-005,2026-03-22
FNP-U08303,Female,1995-06-15,2026-03-03,Lagos,CMP-005,CH-003,2026-03-23
FNP-U08304,Female,1982-11-15,2026-02-14,Abuja,CMP-001,CH-001,2026-02-25
FNP-U08305,Female,1989-07-21,2026-02-28,Lagos,CMP-001,CH-001,2026-02-28
FNP-U08306,Male,2001-08-04,2026-02-09,Abuja,CMP-006,CH-002,2026-04-09
FNP-U08307,Female,1993-06-04,2026-02-23,Abuja,CMP-005,CH-003,2026-04-18
FNP-U08308,Male,1971-04-10,2026-04-08,Abuja,CMP-003,CH-004,2026-04-23
FNP-U08309,Male,1988-02-14,2026-02-01,Abuja,CMP-001,CH-001,2026-04-17
FNP-U08310,Male,1994-08-22,2026-03-01,Ogun,CMP-006,CH-002,2026-03-21
FNP-U08311,Male,1992-11-11,2026-04-16,Abuja,CMP-001,CH-001,2026-04-17
FNP-U08312,Male,1999-12-15,2026-03-20,Lagos,CMP-005,CH-003,2026-03-24
FNP-U08313,Female,1973-12-15,2026-02-25,Lagos,CMP-003,CH-004,2026-03-14
FNP-U08314,Male,1972-01-18,2026-02-20,Ogun,CMP-003,CH-004,2026-03-13
FNP-U08315,Male,1987-10-22,2026-02-05,Lagos,CMP-003,CH-004,2026-04-24
FNP-U08316,Male,2006-09-06,2026-01-29,Abuja,CMP-005,CH-003,2026-03-30
FNP-U08317,Male,1992-01-09,2026-01-30,Ogun,CMP-004,CH-005,2026-02-14
FNP-U08318,Male,1980-06-25,2026-04-17,Ogun,CMP-003,CH-004,2026-04-20
FNP-U08319,Female,1987-03-14,2026-02-04,Abuja,CMP-006,CH-002,2026-02-10
FNP-U08320,Female,1988-05-03,2026-04-10,Abuja,CMP-002,CH-002,2026-04-22
FNP-U08321,Male,1990-07-09,2026-04-04,Ogun,CMP-001,CH-001,2026-04-11
FNP-U08322,Female,1978-11-08,2026-02-02,Abuja,CMP-002,CH-002,2026-04-18
FNP-U08323,Male,1994-10-13,2026-03-06,Lagos,CMP-006,CH-002,2026-03-21
FNP-U08324,Female,1978-05-26,2026-01-30,Lagos,CMP-006,CH-002,2026-04-22
FNP-U08325,Male,2003-04-06,2026-04-04,Abuja,CMP-003,CH-004,2026-04-11
FNP-U08326,Male,1981-09-21,2026-03-20,Lagos,CMP-002,CH-002,2026-03-24
FNP-U08327,Male,2003-04-27,2026-03-04,Ogun,CMP-005,CH-003,2026-03-04
FNP-U08328,Female,2000-02-24,2026-04-24,Abuja,CMP-004,CH-005,2026-04-24
FNP-U08329,Female,1995-02-16,2026-02-11,Abuja,CMP-001,CH-001,2026-04-17
FNP-U08330,Male,1979-05-02,2026-03-20,Lagos,CMP-006,CH-002,2026-03-28
FNP-U08331,Male,1990-06-04,2026-04-24,Lagos,CMP-004,CH-005,2026-04-25
FNP-U08332,Female,1998-04-04,2026-02-04,Lagos,CMP-003,CH-004,2026-02-25
FNP-U08333,Male,1989-11-14,2026-01-26,Lagos,CMP-006,CH-002,2026-04-03
FNP-U08334,Male,2007-05-04,2026-04-14,Ogun,CMP-004,CH-005,2026-04-25
FNP-U08335,Male,1996-06-22,2026-02-10,Ogun,CMP-006,CH-002,2026-02-12
FNP-U08336,Female,1982-03-27,2026-02-21,Ogun,CMP-001,CH-001,2026-04-01
FNP-U08337,Female,1991-07-07,2026-04-18,Lagos,CMP-006,CH-002,2026-04-23
FNP-U08338,Male,1983-09-03,2026-03-15,Lagos,CMP-003,CH-004,2026-04-05
FNP-U08339,Male,1984-03-13,2026-03-15,Ogun,CMP-006,CH-002,2026-03-25
FNP-U08340,Male,2006-11-19,2026-03-05,Ogun,CMP-005,CH-003,2026-04-14
FNP-U08341,Female,1975-03-28,2026-03-04,Lagos,CMP-002,CH-002,2026-04-23
FNP-U08342,Female,2001-09-22,2026-04-10,Ogun,CMP-003,CH-004,2026-04-19
FNP-U08343,Male,2001-06-01,2026-02-09,Abuja,CMP-003,CH-004,2026-04-07
FNP-U08344,Female,2004-05-03,2026-03-23,Ogun,CMP-005,CH-003,2026-04-14
FNP-U08345,Female,2005-01-20,2026-04-11,Abuja,CMP-001,CH-001,2026-04-13
FNP-U08346,Male,2008-09-21,2026-01-29,Lagos,CMP-005,CH-003,2026-03-30
FNP-U08347,Female,1983-09-12,2026-03-05,Lagos,CMP-003,CH-004,2026-03-10
FNP-U08348,Female,1997-01-13,2026-04-06,Lagos,CMP-004,CH-005,2026-04-21
FNP-U08349,Male,1971-11-13,2026-02-23,Abuja,CMP-006,CH-002,2026-03-02
FNP-U08350,Female,1993-03-07,2026-03-30,Lagos,CMP-005,CH-003,2026-04-08
FNP-U08351,Male,1973-12-01,2026-04-14,Abuja,CMP-006,CH-002,2026-04-21
FNP-U08352,Male,1999-10-20,2026-04-21,Abuja,CMP-005,CH-003,2026-04-25
FNP-U08353,Male,1977-11-17,2026-02-16,Abuja,CMP-006,CH-002,2026-04-17
FNP-U08354,Male,1982-08-17,2026-02-05,Abuja,CMP-006,CH-002,2026-04-15
FNP-U08355,Male,1984-07-04,2026-03-28,Abuja,CMP-006,CH-002,2026-04-02
FNP-U08356,Male,2002-01-02,2026-04-05,Lagos,CMP-003,CH-004,2026-04-25
FNP-U08357,Male,2000-04-23,2026-01-31,Abuja,CMP-001,CH-001,2026-02-28
FNP-U08358,Male,1987-09-25,2026-04-12,Ogun,CMP-001,CH-001,2026-04-13
FNP-U08359,Male,2005-12-25,2026-02-15,Ogun,CMP-005,CH-003,2026-04-20
FNP-U08360,Male,1996-07-15,2026-01-28,Abuja,CMP-003,CH-004,2026-03-15
FNP-U08361,Female,1994-12-20,2026-02-15,Lagos,CMP-005,CH-003,2026-03-10
FNP-U08362,Female,2003-02-26,2026-04-12,Abuja,CMP-004,CH-005,2026-04-18
FNP-U08363,Male,1993-05-09,2026-03-02,Lagos,CMP-002,CH-002,2026-03-06
FNP-U08364,Female,1999-02-06,2026-02-05,Lagos,CMP-004,CH-005,2026-02-11
FNP-U08365,Female,1995-05-02,2026-03-27,Ogun,CMP-006,CH-002,2026-04-09
FNP-U08366,Male,1974-05-24,2026-02-20,Lagos,CMP-002,CH-002,2026-03-08
FNP-U08367,Male,1991-09-16,2026-03-18,Ogun,CMP-001,CH-001,2026-04-14
FNP-U08368,Male,1991-01-02,2026-04-16,Abuja,CMP-003,CH-004,2026-04-23
FNP-U08369,Female,1985-12-11,2026-04-01,Ogun,CMP-001,CH-001,2026-04-09
FNP-U08370,Female,1994-02-06,2026-02-24,Lagos,CMP-005,CH-003,2026-04-11
FNP-U08371,Female,1997-04-28,2026-04-22,Ogun,CMP-002,CH-002,2026-04-25
FNP-U08372,Female,1973-02-05,2026-03-31,Ogun,CMP-006,CH-002,2026-03-31
FNP-U08373,Female,2001-12-28,2026-04-21,Abuja,CMP-005,CH-003,2026-04-24
FNP-U08374,Male,2006-02-22,2026-03-26,Ogun,CMP-001,CH-001,2026-03-31
FNP-U08375,Female,2003-11-20,2026-03-15,Abuja,CMP-005,CH-003,2026-04-16
FNP-U08376,Female,1995-06-08,2026-03-17,Abuja,CMP-004,CH-005,2026-04-12
FNP-U08377,Male,1993-07-14,2026-03-27,Abuja,CMP-006,CH-002,2026-04-14
FNP-U08378,Female,1986-12-23,2026-02-23,Abuja,CMP-001,CH-001,2026-03-30
FNP-U08379,Female,1994-04-03,2026-04-24,Ogun,CMP-001,CH-001,2026-04-24
FNP-U08380,Female,1982-07-08,2026-01-30,Abuja,CMP-002,CH-002,2026-03-04
FNP-U08381,Male,1976-11-02,2026-01-30,Ogun,CMP-003,CH-004,2026-02-06
FNP-U08382,Female,1997-09-19,2026-03-21,Abuja,CMP-005,CH-003,2026-04-17
FNP-U08383,Male,1992-05-13,2026-02-04,Lagos,CMP-003,CH-004,2026-02-19
FNP-U08384,Female,1998-07-07,2026-03-26,Abuja,CMP-005,CH-003,2026-04-03
FNP-U08385,Male,1981-11-12,2026-02-20,Abuja,CMP-003,CH-004,2026-04-01
FNP-U08386,Male,2008-10-20,2026-04-23,Lagos,CMP-004,CH-005,2026-04-24
FNP-U08387,Female,2001-05-13,2026-03-14,Abuja,CMP-001,CH-001,2026-04-21
FNP-U08388,Female,1980-07-02,2026-02-19,Lagos,CMP-006,CH-002,2026-02-25
FNP-U08389,Female,1990-06-20,2026-03-01,Ogun,CMP-004,CH-005,2026-03-12
FNP-U08390,Male,1997-03-19,2026-03-30,Lagos,CMP-004,CH-005,2026-04-07
FNP-U08391,Female,1992-12-19,2026-02-27,Ogun,CMP-006,CH-002,2026-04-20
FNP-U08392,Male,2007-09-24,2026-03-05,Lagos,CMP-001,CH-001,2026-03-18
FNP-U08393,Female,2000-04-18,2026-02-22,Ogun,CMP-004,CH-005,2026-03-10
FNP-U08394,Female,1991-03-11,2026-03-13,Lagos,CMP-004,CH-005,2026-04-16
FNP-U08395,Female,2004-05-27,2026-01-27,Abuja,CMP-001,CH-001,2026-02-21
FNP-U08396,Female,1991-09-21,2026-04-08,Ogun,CMP-003,CH-004,2026-04-22
FNP-U08397,Male,1996-09-02,2026-01-26,Ogun,CMP-004,CH-005,2026-02-23
FNP-U08398,Female,1983-09-11,2026-04-17,Abuja,CMP-002,CH-002,2026-04-20
FNP-U08399,Female,1998-07-28,2026-04-03,Ogun,CMP-001,CH-001,2026-04-13
FNP-U08400,Female,2008-12-24,2026-03-31,Lagos,CMP-001,CH-001,2026-04-10
FNP-U08401,Male,1978-03-14,2026-04-02,Lagos,CMP-003,CH-004,2026-04-21
FNP-U08402,Female,1989-06-06,2026-03-14,Lagos,CMP-001,CH-001,2026-04-11
FNP-U08403,Female,1983-07-26,2026-01-29,Ogun,CMP-001,CH-001,2026-04-20
FNP-U08404,Male,1991-06-17,2026-03-14,Abuja,CMP-004,CH-005,2026-03-28
FNP-U08405,Male,2006-08-08,2026-03-02,Lagos,CMP-004,CH-005,2026-03-08
FNP-U08406,Male,2001-03-14,2026-03-22,Lagos,CMP-006,CH-002,2026-04-16
FNP-U08407,Female,1981-10-26,2026-02-23,Abuja,CMP-006,CH-002,2026-02-25
FNP-U08408,Male,1984-05-24,2026-03-02,Abuja,CMP-006,CH-002,2026-04-02
FNP-U08409,Female,1995-09-16,2026-04-11,Lagos,CMP-003,CH-004,2026-04-11
FNP-U08410,Female,1993-10-01,2026-03-04,Ogun,CMP-001,CH-001,2026-04-14
FNP-U08411,Female,2004-12-08,2026-04-24,Lagos,CMP-001,CH-001,2026-04-25
FNP-U08412,Female,2007-08-17,2026-03-08,Ogun,CMP-005,CH-003,2026-04-21
FNP-U08413,Female,2002-12-25,2026-02-15,Abuja,CMP-006,CH-002,2026-04-14
FNP-U08414,Male,1994-11-06,2026-03-23,Abuja,CMP-001,CH-001,2026-04-16
FNP-U08415,Female,1992-03-04,2026-03-30,Lagos,CMP-005,CH-003,2026-04-22
FNP-U08416,Female,1979-04-26,2026-03-27,Abuja,CMP-003,CH-004,2026-04-19
FNP-U08417,Female,1973-08-25,2026-03-30,Abuja,CMP-003,CH-004,2026-04-01
FNP-U08418,Female,1999-06-02,2026-04-17,Abuja,CMP-004,CH-005,2026-04-17
FNP-U08419,Female,2001-10-27,2026-03-03,Abuja,CMP-005,CH-003,2026-03-11
FNP-U08420,Male,1996-06-16,2026-04-04,Lagos,CMP-004,CH-005,2026-04-07
FNP-U08421,Female,2001-02-21,2026-04-04,Ogun,CMP-001,CH-001,2026-04-13
FNP-U08422,Female,1996-02-10,2026-04-19,Ogun,CMP-006,CH-002,2026-04-23
FNP-U08423,Male,1996-02-18,2026-04-21,Lagos,CMP-005,CH-003,2026-04-21
FNP-U08424,Female,1997-03-27,2026-03-30,Abuja,CMP-004,CH-005,2026-04-03
FNP-U08425,Male,2005-04-03,2026-03-08,Abuja,CMP-001,CH-001,2026-04-10
FNP-U08426,Male,1978-10-22,2026-02-24,Abuja,CMP-006,CH-002,2026-04-24
FNP-U08427,Male,1983-09-20,2026-02-05,Ogun,CMP-002,CH-002,2026-02-22
FNP-U08428,Female,1975-10-13,2026-04-03,Ogun,CMP-002,CH-002,2026-04-16
FNP-U08429,Male,1973-01-26,2026-04-07,Ogun,CMP-003,CH-004,2026-04-21
FNP-U08430,Male,1973-09-02,2026-02-18,Ogun,CMP-006,CH-002,2026-04-03
FNP-U08431,Male,1992-10-21,2026-04-04,Lagos,CMP-006,CH-002,2026-04-22
FNP-U08432,Female,1977-03-06,2026-02-24,Ogun,CMP-006,CH-002,2026-03-01
FNP-U08433,Female,1991-10-23,2026-03-23,Lagos,CMP-003,CH-004,2026-03-24
FNP-U08434,Male,1993-04-23,2026-01-27,Lagos,CMP-003,CH-004,2026-02-14
FNP-U08435,Male,1986-04-11,2026-04-01,Lagos,CMP-006,CH-002,2026-04-17
FNP-U08436,Female,1984-01-19,2026-02-23,Abuja,CMP-003,CH-004,2026-04-17
FNP-U08437,Female,1994-08-06,2026-02-06,Abuja,CMP-004,CH-005,2026-03-24
FNP-U08438,Female,1975-11-26,2026-03-23,Ogun,CMP-003,CH-004,2026-03-31
FNP-U08439,Male,2007-04-12,2026-04-20,Abuja,CMP-004,CH-005,2026-04-20
FNP-U08440,Female,1982-06-11,2026-03-21,Lagos,CMP-006,CH-002,2026-04-03
FNP-U08441,Female,2004-06-04,2026-02-23,Abuja,CMP-004,CH-005,2026-03-23
FNP-U08442,Female,2001-04-13,2026-02-20,Abuja,CMP-004,CH-005,2026-04-21
FNP-U08443,Female,2007-02-14,2026-03-02,Lagos,CMP-006,CH-002,2026-04-14
FNP-U08444,Male,1984-11-16,2026-02-26,Lagos,CMP-006,CH-002,2026-04-01
FNP-U08445,Female,1978-09-06,2026-02-17,Lagos,CMP-006,CH-002,2026-04-15
FNP-U08446,Male,2008-06-25,2026-04-04,Lagos,CMP-004,CH-005,2026-04-10
FNP-U08447,Female,1993-12-19,2026-02-20,Abuja,CMP-005,CH-003,2026-02-24
FNP-U08448,Male,1976-02-04,2026-03-23,Lagos,CMP-006,CH-002,2026-04-17
FNP-U08449,Female,1988-01-20,2026-03-27,Ogun,CMP-006,CH-002,2026-04-12
FNP-U08450,Female,1991-05-03,2026-02-22,Lagos,CMP-005,CH-003,2026-03-12
FNP-U08451,Male,1999-09-28,2026-04-23,Ogun,CMP-003,CH-004,2026-04-24
FNP-U08452,Female,2006-03-14,2026-03-16,Lagos,CMP-006,CH-002,2026-04-09
FNP-U08453,Female,2002-02-09,2026-03-01,Abuja,CMP-005,CH-003,2026-03-06
FNP-U08454,Female,2004-12-21,2026-02-17,Abuja,CMP-005,CH-003,2026-04-09
FNP-U08455,Male,1995-08-11,2026-03-18,Abuja,CMP-002,CH-002,2026-04-05
FNP-U08456,Male,1998-01-05,2026-03-08,Ogun,CMP-004,CH-005,2026-04-01
FNP-U08457,Female,2002-12-28,2026-03-11,Abuja,CMP-004,CH-005,2026-04-24
FNP-U08458,Female,2002-05-24,2026-02-17,Lagos,CMP-001,CH-001,2026-03-23
FNP-U08459,Female,2004-02-21,2026-03-11,Lagos,CMP-005,CH-003,2026-04-05
FNP-U08460,Male,1975-10-23,2026-04-22,Lagos,CMP-006,CH-002,2026-04-25
FNP-U08461,Female,2005-11-08,2026-02-26,Lagos,CMP-005,CH-003,2026-03-21
FNP-U08462,Male,2000-04-13,2026-04-11,Lagos,CMP-004,CH-005,2026-04-24
FNP-U08463,Male,2004-12-17,2026-02-22,Lagos,CMP-005,CH-003,2026-04-09
FNP-U08464,Female,1973-04-23,2026-03-18,Abuja,CMP-003,CH-004,2026-03-31
FNP-U08465,Female,1984-10-14,2026-04-25,Ogun,CMP-003,CH-004,2026-04-25
FNP-U08466,Female,1999-02-10,2026-04-24,Ogun,CMP-001,CH-001,2026-04-24
FNP-U08467,Female,1998-06-04,2026-02-07,Ogun,CMP-001,CH-001,2026-03-23
FNP-U08468,Female,2003-08-17,2026-02-05,Ogun,CMP-001,CH-001,2026-02-25
FNP-U08469,Female,1996-08-17,2026-04-25,Lagos,CMP-005,CH-003,2026-04-25
FNP-U08470,Male,1990-11-07,2026-03-03,Abuja,CMP-002,CH-002,2026-04-23
FNP-U08471,Male,1988-04-12,2026-02-04,Ogun,CMP-003,CH-004,2026-02-24
FNP-U08472,Female,1998-04-13,2026-04-04,Abuja,CMP-001,CH-001,2026-04-24
FNP-U08473,Male,1974-12-19,2026-02-09,Lagos,CMP-006,CH-002,2026-04-22
FNP-U08474,Male,2003-01-07,2026-04-05,Abuja,CMP-005,CH-003,2026-04-06
FNP-U08475,Female,1974-12-21,2026-02-19,Abuja,CMP-006,CH-002,2026-02-27
FNP-U08476,Female,1989-06-24,2026-04-08,Ogun,CMP-003,CH-004,2026-04-22
FNP-U08477,Male,1999-01-04,2026-02-14,Lagos,CMP-001,CH-001,2026-04-13
FNP-U08478,Male,1994-05-09,2026-04-18,Abuja,CMP-005,CH-003,2026-04-23
FNP-U08479,Male,1986-01-20,2026-04-08,Ogun,CMP-006,CH-002,2026-04-10
FNP-U08480,Female,1989-08-22,2026-03-21,Abuja,CMP-004,CH-005,2026-04-19
FNP-U08481,Female,2004-01-10,2026-02-15,Abuja,CMP-002,CH-002,2026-03-08
FNP-U08482,Female,2003-04-25,2026-03-20,Lagos,CMP-004,CH-005,2026-03-20
FNP-U08483,Male,2002-11-14,2026-02-08,Lagos,CMP-003,CH-004,2026-03-01
FNP-U08484,Male,2002-07-10,2026-04-19,Ogun,CMP-005,CH-003,2026-04-23
FNP-U08485,Female,1994-01-28,2026-02-21,Lagos,CMP-001,CH-001,2026-03-05
FNP-U08486,Male,2005-04-16,2026-03-19,Lagos,CMP-001,CH-001,2026-04-09
FNP-U08487,Female,1998-09-21,2026-02-25,Ogun,CMP-003,CH-004,2026-04-03
FNP-U08488,Male,2008-11-04,2026-03-14,Abuja,CMP-004,CH-005,2026-03-22
FNP-U08489,Male,1996-03-18,2026-01-31,Lagos,CMP-004,CH-005,2026-03-21
FNP-U08490,Female,2002-10-11,2026-03-26,Abuja,CMP-001,CH-001,2026-04-11
FNP-U08491,Female,2002-08-24,2026-03-07,Ogun,CMP-005,CH-003,2026-03-18
FNP-U08492,Female,1979-05-18,2026-02-21,Ogun,CMP-006,CH-002,2026-03-31
FNP-U08493,Male,1994-05-24,2026-04-23,Abuja,CMP-006,CH-002,2026-04-23
FNP-U08494,Female,1993-12-28,2026-04-07,Lagos,CMP-002,CH-002,2026-04-11
FNP-U08495,Male,2008-01-04,2026-03-03,Lagos,CMP-001,CH-001,2026-03-16
FNP-U08496,Female,1990-12-24,2026-02-25,Abuja,CMP-003,CH-004,2026-04-06
FNP-U08497,Male,1985-08-11,2026-03-10,Ogun,CMP-002,CH-002,2026-03-24
FNP-U08498,Male,1999-10-13,2026-03-04,Lagos,CMP-006,CH-002,2026-04-15
FNP-U08499,Male,2002-01-01,2026-02-05,Abuja,CMP-002,CH-002,2026-03-13
FNP-U08500,Female,2006-12-17,2026-01-30,Lagos,CMP-006,CH-002,2026-03-03
FNP-U08501,Male,1991-12-25,2026-02-22,Ogun,CMP-004,CH-005,2026-02-25
FNP-U08502,Male,1994-09-08,2026-04-25,Ogun,CMP-004,CH-005,2026-04-25
FNP-U08503,Male,1971-02-05,2026-03-01,Abuja,CMP-003,CH-004,2026-03-17
FNP-U08504,Male,2003-08-06,2026-02-22,Lagos,CMP-002,CH-002,2026-03-10
FNP-U08505,Female,2000-01-05,2026-03-07,Abuja,CMP-005,CH-003,2026-04-14
FNP-U08506,Male,1976-06-11,2026-02-06,Lagos,CMP-002,CH-002,2026-04-10
FNP-U08507,Male,1976-05-18,2026-02-14,Lagos,CMP-002,CH-002,2026-02-14
FNP-U08508,Male,2003-02-26,2026-02-20,Ogun,CMP-004,CH-005,2026-02-22
FNP-U08509,Female,1997-10-15,2026-04-24,Lagos,CMP-001,CH-001,2026-04-24
FNP-U08510,Male,1990-06-08,2026-02-23,Lagos,CMP-001,CH-001,2026-04-10
FNP-U08511,Female,1985-04-12,2026-04-25,Abuja,CMP-006,CH-002,2026-04-25
FNP-U08512,Male,2000-06-08,2026-04-13,Abuja,CMP-002,CH-002,2026-04-14
FNP-U08513,Male,2002-06-06,2026-04-05,Lagos,CMP-005,CH-003,2026-04-07
FNP-U08514,Male,1993-07-18,2026-02-15,Lagos,CMP-004,CH-005,2026-03-05
FNP-U08515,Male,2001-12-04,2026-02-04,Ogun,CMP-002,CH-002,2026-03-16
FNP-U08516,Male,1999-11-14,2026-01-31,Ogun,CMP-003,CH-004,2026-03-08
FNP-U08517,Female,1994-02-11,2026-03-01,Lagos,CMP-006,CH-002,2026-04-08
FNP-U08518,Female,1987-01-13,2026-03-29,Ogun,CMP-001,CH-001,2026-04-25
FNP-U08519,Female,1989-01-06,2026-03-18,Lagos,CMP-001,CH-001,2026-03-22
FNP-U08520,Male,1981-04-18,2026-02-28,Ogun,CMP-006,CH-002,2026-03-11
FNP-U08521,Male,2002-10-07,2026-03-28,Ogun,CMP-005,CH-003,2026-04-25
FNP-U08522,Female,2006-12-01,2026-02-09,Ogun,CMP-005,CH-003,2026-03-15
FNP-U08523,Male,1981-06-07,2026-02-21,Lagos,CMP-003,CH-004,2026-03-10
FNP-U08524,Male,1987-06-05,2026-04-18,Lagos,CMP-001,CH-001,2026-04-22
FNP-U08525,Female,1983-08-10,2026-03-11,Ogun,CMP-002,CH-002,2026-04-17
FNP-U08526,Male,1980-11-10,2026-02-01,Abuja,CMP-003,CH-004,2026-02-02
FNP-U08527,Female,2001-10-10,2026-04-11,Lagos,CMP-005,CH-003,2026-04-21
FNP-U08528,Female,1980-10-18,2026-03-16,Lagos,CMP-003,CH-004,2026-04-04
FNP-U08529,Female,1973-12-10,2026-03-02,Ogun,CMP-003,CH-004,2026-03-14
FNP-U08530,Female,2001-07-27,2026-04-23,Ogun,CMP-005,CH-003,2026-04-24
FNP-U08531,Male,1998-08-22,2026-02-21,Ogun,CMP-004,CH-005,2026-04-10
FNP-U08532,Female,2005-05-26,2026-02-13,Lagos,CMP-004,CH-005,2026-02-14
FNP-U08533,Male,1998-11-19,2026-02-18,Lagos,CMP-006,CH-002,2026-03-28
FNP-U08534,Male,2007-03-27,2026-02-12,Abuja,CMP-006,CH-002,2026-04-10
FNP-U08535,Female,2004-03-16,2026-02-15,Abuja,CMP-004,CH-005,2026-03-28
FNP-U08536,Male,2005-10-19,2026-03-23,Lagos,CMP-001,CH-001,2026-03-23
FNP-U08537,Female,2006-08-23,2026-02-06,Lagos,CMP-001,CH-001,2026-03-11
FNP-U08538,Female,1998-08-22,2026-02-05,Ogun,CMP-001,CH-001,2026-03-05
FNP-U08539,Female,1997-05-16,2026-02-27,Abuja,CMP-004,CH-005,2026-03-09
FNP-U08540,Female,2003-04-11,2026-03-19,Lagos,CMP-005,CH-003,2026-04-18
FNP-U08541,Female,1976-05-22,2026-02-28,Ogun,CMP-003,CH-004,2026-03-19
FNP-U08542,Female,2002-06-21,2026-02-03,Ogun,CMP-005,CH-003,2026-03-07
FNP-U08543,Female,1977-04-13,2026-04-02,Ogun,CMP-006,CH-002,2026-04-10
FNP-U08544,Female,1989-04-24,2026-04-18,Abuja,CMP-006,CH-002,2026-04-23
FNP-U08545,Male,2000-05-03,2026-01-28,Ogun,CMP-001,CH-001,2026-03-05
FNP-U08546,Male,2003-08-28,2026-02-23,Abuja,CMP-001,CH-001,2026-03-29
FNP-U08547,Female,2006-06-20,2026-01-29,Abuja,CMP-005,CH-003,2026-02-14
FNP-U08548,Female,2000-12-11,2026-04-02,Lagos,CMP-005,CH-003,2026-04-08
FNP-U08549,Female,2005-09-12,2026-03-16,Ogun,CMP-005,CH-003,2026-03-20
FNP-U08550,Female,1995-07-25,2026-02-12,Abuja,CMP-003,CH-004,2026-04-14
FNP-U08551,Female,2004-06-21,2026-04-13,Ogun,CMP-001,CH-001,2026-04-15
FNP-U08552,Male,1982-02-26,2026-04-23,Lagos,CMP-001,CH-001,2026-04-25
FNP-U08553,Female,1988-07-25,2026-02-15,Abuja,CMP-002,CH-002,2026-04-09
FNP-U08554,Female,1998-05-04,2026-03-02,Lagos,CMP-001,CH-001,2026-04-20
FNP-U08555,Male,2004-05-06,2026-02-26,Ogun,CMP-001,CH-001,2026-03-09
FNP-U08556,Female,2000-07-04,2026-02-10,Lagos,CMP-004,CH-005,2026-03-05
FNP-U08557,Female,2004-05-05,2026-01-30,Ogun,CMP-001,CH-001,2026-03-26
FNP-U08558,Female,1994-10-24,2026-03-07,Lagos,CMP-004,CH-005,2026-03-16
FNP-U08559,Female,1994-05-02,2026-04-01,Ogun,CMP-005,CH-003,2026-04-20
FNP-U08560,Male,1990-01-19,2026-03-10,Ogun,CMP-002,CH-002,2026-04-23
FNP-U08561,Female,2000-07-21,2026-02-15,Lagos,CMP-004,CH-005,2026-02-28
FNP-U08562,Male,1993-08-18,2026-03-08,Abuja,CMP-005,CH-003,2026-03-17
FNP-U08563,Female,1980-11-11,2026-03-22,Ogun,CMP-006,CH-002,2026-04-08
FNP-U08564,Male,1984-11-17,2026-03-08,Ogun,CMP-001,CH-001,2026-04-12
FNP-U08565,Female,2003-07-19,2026-03-18,Lagos,CMP-001,CH-001,2026-04-11
FNP-U08566,Male,1989-03-14,2026-03-17,Lagos,CMP-003,CH-004,2026-04-04
FNP-U08567,Male,2001-05-18,2026-04-22,Ogun,CMP-004,CH-005,2026-04-24
FNP-U08568,Female,2000-06-18,2026-02-05,Abuja,CMP-006,CH-002,2026-03-31
FNP-U08569,Male,1974-04-05,2026-04-14,Lagos,CMP-002,CH-002,2026-04-17
FNP-U08570,Male,1974-06-18,2026-04-06,Ogun,CMP-003,CH-004,2026-04-22
FNP-U08571,Female,2001-07-09,2026-03-27,Abuja,CMP-002,CH-002,2026-04-23
FNP-U08572,Male,1997-02-08,2026-04-05,Abuja,CMP-005,CH-003,2026-04-18
FNP-U08573,Female,2001-12-19,2026-03-16,Abuja,CMP-005,CH-003,2026-04-01
FNP-U08574,Female,2003-08-05,2026-02-01,Abuja,CMP-001,CH-001,2026-03-16
FNP-U08575,Male,2007-12-02,2026-03-29,Ogun,CMP-004,CH-005,2026-04-11
FNP-U08576,Male,1994-10-27,2026-04-22,Abuja,CMP-003,CH-004,2026-04-23
FNP-U08577,Female,1994-04-10,2026-04-03,Abuja,CMP-004,CH-005,2026-04-03
FNP-U08578,Female,1985-03-19,2026-02-03,Ogun,CMP-001,CH-001,2026-03-29
FNP-U08579,Male,2002-09-13,2026-03-02,Abuja,CMP-001,CH-001,2026-03-25
FNP-U08580,Female,1994-06-02,2026-02-22,Ogun,CMP-002,CH-002,2026-03-08
FNP-U08581,Female,1998-08-04,2026-02-28,Abuja,CMP-002,CH-002,2026-04-14
FNP-U08582,Male,1992-06-08,2026-02-03,Abuja,CMP-005,CH-003,2026-04-01
FNP-U08583,Female,2004-06-07,2026-04-24,Ogun,CMP-004,CH-005,2026-04-25
FNP-U08584,Female,1996-08-18,2026-02-27,Lagos,CMP-005,CH-003,2026-04-25
FNP-U08585,Female,1982-03-08,2026-02-22,Lagos,CMP-001,CH-001,2026-03-06
FNP-U08586,Female,2004-11-09,2026-04-21,Lagos,CMP-005,CH-003,2026-04-22
FNP-U08587,Female,1989-12-24,2026-03-08,Lagos,CMP-006,CH-002,2026-04-23
FNP-U08588,Female,1998-12-15,2026-01-29,Ogun,CMP-006,CH-002,2026-03-25
FNP-U08589,Male,1989-06-13,2026-04-14,Lagos,CMP-003,CH-004,2026-04-23
FNP-U08590,Female,2004-06-28,2026-02-26,Lagos,CMP-002,CH-002,2026-04-04
FNP-U08591,Male,1998-02-22,2026-04-13,Abuja,CMP-003,CH-004,2026-04-25
FNP-U08592,Male,1992-10-05,2026-03-21,Abuja,CMP-003,CH-004,2026-03-21
FNP-U08593,Female,2002-11-06,2026-04-02,Ogun,CMP-004,CH-005,2026-04-25
FNP-U08594,Female,1988-04-16,2026-02-14,Ogun,CMP-003,CH-004,2026-04-21
FNP-U08595,Male,1985-11-09,2026-03-11,Lagos,CMP-003,CH-004,2026-03-17
FNP-U08596,Female,1988-02-10,2026-03-22,Lagos,CMP-004,CH-005,2026-04-05
FNP-U08597,Female,2007-10-01,2026-01-27,Lagos,CMP-005,CH-003,2026-03-15
FNP-U08598,Male,1989-08-14,2026-04-08,Ogun,CMP-004,CH-005,2026-04-17
FNP-U08599,Female,1982-05-17,2026-04-09,Ogun,CMP-006,CH-002,2026-04-16
FNP-U08600,Male,1973-01-21,2026-02-03,Abuja,CMP-002,CH-002,2026-03-28
FNP-U08601,Male,2003-03-15,2026-01-26,Lagos,CMP-002,CH-002,2026-02-08
FNP-U08602,Female,2008-07-10,2026-03-18,Lagos,CMP-005,CH-003,2026-03-18
FNP-U08603,Male,1991-09-06,2026-03-23,Ogun,CMP-002,CH-002,2026-03-24
FNP-U08604,Male,1973-07-05,2026-03-13,Lagos,CMP-002,CH-002,2026-04-11
FNP-U08605,Female,1995-03-15,2026-02-10,Lagos,CMP-004,CH-005,2026-03-21
FNP-U08606,Female,1984-10-27,2026-02-15,Lagos,CMP-002,CH-002,2026-03-27
FNP-U08607,Male,1993-07-02,2026-03-03,Ogun,CMP-001,CH-001,2026-03-19
FNP-U08608,Male,1988-09-01,2026-03-31,Abuja,CMP-001,CH-001,2026-04-09
FNP-U08609,Female,1991-09-17,2026-03-24,Abuja,CMP-006,CH-002,2026-04-14
FNP-U08610,Female,2003-04-06,2026-03-26,Lagos,CMP-002,CH-002,2026-04-10
FNP-U08611,Female,1999-07-07,2026-02-19,Ogun,CMP-005,CH-003,2026-03-24
FNP-U08612,Male,1981-04-16,2026-02-04,Abuja,CMP-003,CH-004,2026-03-02
FNP-U08613,Female,2005-12-09,2026-03-02,Lagos,CMP-001,CH-001,2026-04-13
FNP-U08614,Female,1998-05-11,2026-04-15,Abuja,CMP-004,CH-005,2026-04-15
FNP-U08615,Male,1993-06-05,2026-03-25,Lagos,CMP-001,CH-001,2026-04-19
FNP-U08616,Male,1996-12-08,2026-03-09,Abuja,CMP-005,CH-003,2026-03-17
FNP-U08617,Female,2003-06-20,2026-03-11,Ogun,CMP-004,CH-005,2026-04-24
FNP-U08618,Female,1973-12-24,2026-02-10,Lagos,CMP-002,CH-002,2026-04-20
FNP-U08619,Female,2004-03-22,2026-02-17,Abuja,CMP-004,CH-005,2026-03-12
FNP-U08620,Male,2008-10-24,2026-03-22,Abuja,CMP-004,CH-005,2026-04-11
FNP-U08621,Male,2000-02-07,2026-04-25,Lagos,CMP-006,CH-002,2026-04-25
FNP-U08622,Male,1994-08-05,2026-02-27,Lagos,CMP-006,CH-002,2026-03-29
FNP-U08623,Male,1990-10-08,2026-04-05,Ogun,CMP-004,CH-005,2026-04-16
FNP-U08624,Female,1997-04-12,2026-04-18,Lagos,CMP-004,CH-005,2026-04-22
FNP-U08625,Female,2007-06-01,2026-04-11,Abuja,CMP-002,CH-002,2026-04-19
FNP-U08626,Female,1999-10-10,2026-03-15,Ogun,CMP-002,CH-002,2026-03-23
FNP-U08627,Female,1996-10-17,2026-04-21,Lagos,CMP-005,CH-003,2026-04-23
FNP-U08628,Female,1973-03-07,2026-04-05,Ogun,CMP-002,CH-002,2026-04-11
FNP-U08629,Female,2000-05-23,2026-03-19,Ogun,CMP-005,CH-003,2026-04-21
FNP-U08630,Male,1987-09-28,2026-02-26,Abuja,CMP-003,CH-004,2026-04-22
FNP-U08631,Male,1985-05-06,2026-04-10,Lagos,CMP-001,CH-001,2026-04-10
FNP-U08632,Female,1992-11-13,2026-04-08,Lagos,CMP-005,CH-003,2026-04-10
FNP-U08633,Male,1981-11-03,2026-02-28,Ogun,CMP-003,CH-004,2026-03-13
FNP-U08634,Female,1997-09-25,2026-02-12,Lagos,CMP-006,CH-002,2026-02-26
FNP-U08635,Female,1994-09-21,2026-01-26,Ogun,CMP-003,CH-004,2026-04-06
FNP-U08636,Male,2002-12-19,2026-03-11,Abuja,CMP-002,CH-002,2026-03-23
FNP-U08637,Female,1993-02-06,2026-02-23,Lagos,CMP-005,CH-003,2026-04-09
FNP-U08638,Male,1990-07-14,2026-03-05,Lagos,CMP-004,CH-005,2026-04-08
FNP-U08639,Female,2002-05-21,2026-02-21,Lagos,CMP-001,CH-001,2026-02-23
FNP-U08640,Female,1972-01-08,2026-04-09,Lagos,CMP-002,CH-002,2026-04-20
FNP-U08641,Male,1985-07-28,2026-03-04,Lagos,CMP-002,CH-002,2026-03-24
FNP-U08642,Female,2001-08-18,2026-04-06,Ogun,CMP-005,CH-003,2026-04-07
FNP-U08643,Male,2008-02-19,2026-02-26,Ogun,CMP-004,CH-005,2026-04-10
FNP-U08644,Male,2002-07-06,2026-02-17,Abuja,CMP-005,CH-003,2026-04-22
FNP-U08645,Female,2003-08-12,2026-04-02,Ogun,CMP-005,CH-003,2026-04-13
FNP-U08646,Female,2005-12-19,2026-02-02,Abuja,CMP-002,CH-002,2026-03-18
FNP-U08647,Male,2002-08-20,2026-04-13,Ogun,CMP-005,CH-003,2026-04-14
FNP-U08648,Male,1997-10-24,2026-04-20,Ogun,CMP-004,CH-005,2026-04-24
FNP-U08649,Male,2003-02-28,2026-02-15,Ogun,CMP-006,CH-002,2026-04-22
FNP-U08650,Female,1999-09-11,2026-02-17,Lagos,CMP-001,CH-001,2026-03-13
FNP-U08651,Male,2004-10-13,2026-03-16,Abuja,CMP-005,CH-003,2026-03-26
FNP-U08652,Female,1999-10-02,2026-04-24,Lagos,CMP-004,CH-005,2026-04-24
FNP-U08653,Female,2005-02-07,2026-04-04,Abuja,CMP-005,CH-003,2026-04-16
FNP-U08654,Female,1994-08-14,2026-04-24,Lagos,CMP-001,CH-001,2026-04-25
FNP-U08655,Female,1975-07-12,2026-02-26,Abuja,CMP-003,CH-004,2026-04-24
FNP-U08656,Male,1997-10-01,2026-04-07,Lagos,CMP-006,CH-002,2026-04-07
FNP-U08657,Female,1994-01-20,2026-03-18,Lagos,CMP-005,CH-003,2026-04-21
FNP-U08658,Male,1995-01-06,2026-03-04,Abuja,CMP-001,CH-001,2026-03-08
FNP-U08659,Female,1992-05-11,2026-02-03,Abuja,CMP-004,CH-005,2026-02-21
FNP-U08660,Female,1993-01-22,2026-02-09,Lagos,CMP-001,CH-001,2026-02-17
FNP-U08661,Female,1987-07-17,2026-02-13,Ogun,CMP-004,CH-005,2026-03-20
FNP-U08662,Female,1976-05-16,2026-04-13,Abuja,CMP-003,CH-004,2026-04-17
FNP-U08663,Male,2008-07-21,2026-01-26,Abuja,CMP-006,CH-002,2026-01-30
FNP-U08664,Female,2004-08-07,2026-02-25,Abuja,CMP-006,CH-002,2026-04-08
FNP-U08665,Female,2004-05-04,2026-03-06,Ogun,CMP-002,CH-002,2026-04-19
FNP-U08666,Female,1985-05-17,2026-03-19,Lagos,CMP-002,CH-002,2026-03-31
FNP-U08667,Male,1992-04-01,2026-03-03,Ogun,CMP-005,CH-003,2026-04-15
FNP-U08668,Male,2006-11-08,2026-02-07,Abuja,CMP-005,CH-003,2026-03-19
FNP-U08669,Male,1991-12-02,2026-04-25,Ogun,CMP-002,CH-002,2026-04-25
FNP-U08670,Male,1986-10-16,2026-02-09,Lagos,CMP-006,CH-002,2026-04-18
FNP-U08671,Male,2002-02-15,2026-04-16,Lagos,CMP-002,CH-002,2026-04-24
FNP-U08672,Female,1994-01-20,2026-04-09,Ogun,CMP-006,CH-002,2026-04-16
FNP-U08673,Female,1984-11-02,2026-03-30,Ogun,CMP-006,CH-002,2026-04-18
FNP-U08674,Male,1992-09-23,2026-03-01,Lagos,CMP-004,CH-005,2026-03-02
FNP-U08675,Female,1994-03-23,2026-02-23,Abuja,CMP-005,CH-003,2026-03-06
FNP-U08676,Female,1994-01-20,2026-04-17,Abuja,CMP-002,CH-002,2026-04-19
FNP-U08677,Female,1997-06-20,2026-03-25,Abuja,CMP-005,CH-003,2026-04-25
FNP-U08678,Male,2007-06-14,2026-03-13,Lagos,CMP-005,CH-003,2026-04-20
FNP-U08679,Male,1978-01-24,2026-04-13,Lagos,CMP-003,CH-004,2026-04-25
FNP-U08680,Female,1994-02-11,2026-02-10,Lagos,CMP-003,CH-004,2026-04-10
FNP-U08681,Male,1994-07-19,2026-03-10,Lagos,CMP-003,CH-004,2026-03-16
FNP-U08682,Female,2007-08-02,2026-02-21,Lagos,CMP-001,CH-001,2026-03-18
FNP-U08683,Female,1974-10-10,2026-02-23,Ogun,CMP-006,CH-002,2026-04-24
FNP-U08684,Female,1981-03-21,2026-04-20,Abuja,CMP-006,CH-002,2026-04-20
FNP-U08685,Female,2000-04-14,2026-02-27,Abuja,CMP-003,CH-004,2026-03-23
FNP-U08686,Female,1996-07-20,2026-04-06,Abuja,CMP-006,CH-002,2026-04-20
FNP-U08687,Female,1975-12-28,2026-02-23,Abuja,CMP-003,CH-004,2026-04-08
FNP-U08688,Female,1999-03-28,2026-03-06,Ogun,CMP-005,CH-003,2026-03-29
FNP-U08689,Female,1997-04-01,2026-03-23,Lagos,CMP-001,CH-001,2026-04-01
FNP-U08690,Female,1988-12-23,2026-02-14,Lagos,CMP-002,CH-002,2026-03-06
FNP-U08691,Female,1982-09-28,2026-01-27,Lagos,CMP-006,CH-002,2026-02-28
FNP-U08692,Female,1977-04-26,2026-02-12,Ogun,CMP-003,CH-004,2026-04-12
FNP-U08693,Female,1986-06-21,2026-04-01,Lagos,CMP-001,CH-001,2026-04-15
FNP-U08694,Male,2000-01-16,2026-02-23,Lagos,CMP-001,CH-001,2026-04-21
FNP-U08695,Female,1978-01-20,2026-04-12,Ogun,CMP-002,CH-002,2026-04-12
FNP-U08696,Male,2002-03-21,2026-02-21,Lagos,CMP-002,CH-002,2026-04-09
FNP-U08697,Male,2006-09-12,2026-03-10,Abuja,CMP-002,CH-002,2026-04-09
FNP-U08698,Male,1988-03-24,2026-03-04,Abuja,CMP-001,CH-001,2026-03-04
FNP-U08699,Female,1995-04-10,2026-04-10,Abuja,CMP-004,CH-005,2026-04-14
FNP-U08700,Female,2007-12-24,2026-03-30,Ogun,CMP-001,CH-001,2026-04-24
FNP-U08701,Male,2007-12-07,2026-03-20,Ogun,CMP-001,CH-001,2026-04-03
FNP-U08702,Male,1997-08-15,2026-03-18,Lagos,CMP-003,CH-004,2026-04-17
FNP-U08703,Female,2004-07-08,2026-02-05,Ogun,CMP-001,CH-001,2026-04-11
FNP-U08704,Female,1991-11-20,2026-01-28,Lagos,CMP-005,CH-003,2026-03-16
FNP-U08705,Male,1993-12-25,2026-03-18,Abuja,CMP-002,CH-002,2026-04-16
FNP-U08706,Female,2003-11-11,2026-04-03,Ogun,CMP-005,CH-003,2026-04-03
FNP-U08707,Male,1988-03-07,2026-02-16,Abuja,CMP-006,CH-002,2026-02-28
FNP-U08708,Male,1988-12-07,2026-02-03,Ogun,CMP-003,CH-004,2026-02-21
FNP-U08709,Male,1988-06-16,2026-03-04,Lagos,CMP-006,CH-002,2026-03-27
FNP-U08710,Male,1991-01-24,2026-03-01,Ogun,CMP-001,CH-001,2026-03-31
FNP-U08711,Male,2001-09-18,2026-03-22,Lagos,CMP-003,CH-004,2026-04-15
FNP-U08712,Female,2008-01-24,2026-02-25,Ogun,CMP-006,CH-002,2026-03-28
FNP-U08713,Female,2008-03-09,2026-03-09,Abuja,CMP-005,CH-003,2026-04-19
FNP-U08714,Female,2008-11-02,2026-04-20,Lagos,CMP-001,CH-001,2026-04-22
FNP-U08715,Female,1986-04-28,2026-03-28,Abuja,CMP-001,CH-001,2026-04-10
FNP-U08716,Female,1983-06-13,2026-04-09,Abuja,CMP-001,CH-001,2026-04-12
FNP-U08717,Male,1998-11-04,2026-02-13,Lagos,CMP-002,CH-002,2026-02-22
FNP-U08718,Female,2003-06-03,2026-03-07,Abuja,CMP-005,CH-003,2026-04-02
FNP-U08719,Female,2008-01-18,2026-02-09,Lagos,CMP-005,CH-003,2026-04-19
FNP-U08720,Male,1982-09-20,2026-02-13,Ogun,CMP-003,CH-004,2026-02-15
FNP-U08721,Male,1975-03-01,2026-02-06,Abuja,CMP-006,CH-002,2026-04-23
FNP-U08722,Male,1989-05-15,2026-02-05,Abuja,CMP-006,CH-002,2026-02-26
FNP-U08723,Female,2000-11-23,2026-01-27,Ogun,CMP-006,CH-002,2026-02-20
FNP-U08724,Male,1999-07-09,2026-03-24,Ogun,CMP-002,CH-002,2026-04-02
FNP-U08725,Female,2003-12-13,2026-02-06,Abuja,CMP-005,CH-003,2026-03-27
FNP-U08726,Female,1985-09-13,2026-02-17,Ogun,CMP-003,CH-004,2026-04-02
FNP-U08727,Male,2007-08-21,2026-04-01,Ogun,CMP-002,CH-002,2026-04-12
FNP-U08728,Female,1989-08-14,2026-02-21,Abuja,CMP-003,CH-004,2026-03-10
FNP-U08729,Female,2002-12-09,2026-03-03,Ogun,CMP-004,CH-005,2026-03-03
FNP-U08730,Female,2002-02-22,2026-02-10,Ogun,CMP-001,CH-001,2026-03-13
FNP-U08731,Male,1980-04-22,2026-04-22,Ogun,CMP-006,CH-002,2026-04-24
FNP-U08732,Female,1993-03-23,2026-02-17,Lagos,CMP-003,CH-004,2026-02-23
FNP-U08733,Female,1972-02-10,2026-01-31,Ogun,CMP-006,CH-002,2026-03-25
FNP-U08734,Male,1986-12-06,2026-04-04,Ogun,CMP-004,CH-005,2026-04-23
FNP-U08735,Male,1995-06-25,2026-03-07,Ogun,CMP-006,CH-002,2026-04-02
FNP-U08736,Male,2008-09-26,2026-02-07,Abuja,CMP-004,CH-005,2026-04-05
FNP-U08737,Male,1971-12-09,2026-02-24,Ogun,CMP-006,CH-002,2026-04-10
FNP-U08738,Male,2000-09-09,2026-02-10,Lagos,CMP-004,CH-005,2026-03-05
FNP-U08739,Male,1997-03-12,2026-02-13,Lagos,CMP-002,CH-002,2026-03-26
FNP-U08740,Male,1979-01-13,2026-04-05,Ogun,CMP-006,CH-002,2026-04-17
FNP-U08741,Male,1995-06-17,2026-03-01,Abuja,CMP-005,CH-003,2026-04-10
FNP-U08742,Male,1993-02-01,2026-02-14,Ogun,CMP-002,CH-002,2026-04-03
FNP-U08743,Female,1992-05-21,2026-02-18,Ogun,CMP-001,CH-001,2026-02-19
FNP-U08744,Female,1978-08-19,2026-04-01,Abuja,CMP-006,CH-002,2026-04-02
FNP-U08745,Female,1992-05-18,2026-02-18,Ogun,CMP-001,CH-001,2026-03-12
FNP-U08746,Female,1993-01-10,2026-03-09,Abuja,CMP-004,CH-005,2026-03-13
FNP-U08747,Male,1997-05-21,2026-02-28,Ogun,CMP-003,CH-004,2026-04-25
FNP-U08748,Female,1996-01-11,2026-04-20,Ogun,CMP-001,CH-001,2026-04-24
FNP-U08749,Male,1995-05-23,2026-02-06,Abuja,CMP-003,CH-004,2026-04-15
FNP-U08750,Female,1985-09-18,2026-03-06,Lagos,CMP-006,CH-002,2026-03-10
FNP-U08751,Male,2005-08-18,2026-04-12,Lagos,CMP-001,CH-001,2026-04-22
FNP-U08752,Female,2008-05-08,2026-02-23,Abuja,CMP-005,CH-003,2026-02-24
FNP-U08753,Male,2007-09-14,2026-03-19,Ogun,CMP-004,CH-005,2026-04-04
FNP-U08754,Male,1985-04-24,2026-04-21,Abuja,CMP-001,CH-001,2026-04-23
FNP-U08755,Female,1974-01-25,2026-03-04,Abuja,CMP-003,CH-004,2026-04-14
FNP-U08756,Female,1990-10-28,2026-02-23,Ogun,CMP-001,CH-001,2026-03-15
FNP-U08757,Male,1998-12-18,2026-04-14,Abuja,CMP-001,CH-001,2026-04-16
FNP-U08758,Female,1993-03-10,2026-03-01,Lagos,CMP-004,CH-005,2026-04-21
FNP-U08759,Female,2008-07-02,2026-03-10,Abuja,CMP-001,CH-001,2026-03-21
FNP-U08760,Male,1994-05-03,2026-02-06,Lagos,CMP-004,CH-005,2026-03-06
FNP-U08761,Female,1998-12-11,2026-04-10,Abuja,CMP-003,CH-004,2026-04-11
FNP-U08762,Female,1997-07-15,2026-02-17,Lagos,CMP-005,CH-003,2026-04-02
FNP-U08763,Female,1997-05-03,2026-02-17,Lagos,CMP-004,CH-005,2026-03-09
FNP-U08764,Male,2003-12-21,2026-03-16,Abuja,CMP-006,CH-002,2026-04-15
FNP-U08765,Male,2006-06-20,2026-03-06,Abuja,CMP-004,CH-005,2026-04-25
FNP-U08766,Female,2002-07-24,2026-02-13,Lagos,CMP-004,CH-005,2026-03-04
FNP-U08767,Female,1996-02-12,2026-03-20,Abuja,CMP-001,CH-001,2026-04-17
FNP-U08768,Male,1995-05-10,2026-03-06,Lagos,CMP-006,CH-002,2026-04-12
FNP-U08769,Female,2008-08-09,2026-04-11,Lagos,CMP-002,CH-002,2026-04-22
FNP-U08770,Female,2006-01-05,2026-04-07,Lagos,CMP-004,CH-005,2026-04-17
FNP-U08771,Female,1972-10-11,2026-02-15,Ogun,CMP-006,CH-002,2026-03-24
FNP-U08772,Female,2001-01-22,2026-04-12,Abuja,CMP-004,CH-005,2026-04-22
FNP-U08773,Female,2004-10-03,2026-03-31,Abuja,CMP-001,CH-001,2026-04-05
FNP-U08774,Male,2004-01-08,2026-02-20,Abuja,CMP-003,CH-004,2026-04-24
FNP-U08775,Male,1997-09-02,2026-04-02,Ogun,CMP-006,CH-002,2026-04-24
FNP-U08776,Male,1997-06-09,2026-04-22,Abuja,CMP-002,CH-002,2026-04-22
FNP-U08777,Female,1998-08-25,2026-03-24,Abuja,CMP-005,CH-003,2026-04-05
FNP-U08778,Female,1995-04-16,2026-03-23,Ogun,CMP-004,CH-005,2026-04-11
FNP-U08779,Female,2001-02-27,2026-04-24,Abuja,CMP-004,CH-005,2026-04-24
FNP-U08780,Female,2001-12-07,2026-04-03,Ogun,CMP-005,CH-003,2026-04-22
FNP-U08781,Male,1990-03-15,2026-02-05,Ogun,CMP-002,CH-002,2026-04-24
FNP-U08782,Female,1987-09-10,2026-02-18,Abuja,CMP-003,CH-004,2026-04-08
FNP-U08783,Male,1995-06-03,2026-03-13,Lagos,CMP-005,CH-003,2026-03-15
FNP-U08784,Female,1988-01-08,2026-02-22,Lagos,CMP-001,CH-001,2026-04-11
FNP-U08785,Male,1976-11-09,2026-04-04,Abuja,CMP-003,CH-004,2026-04-16
FNP-U08786,Female,1994-03-14,2026-04-04,Ogun,CMP-001,CH-001,2026-04-08
FNP-U08787,Female,1984-09-06,2026-03-04,Ogun,CMP-002,CH-002,2026-03-21
FNP-U08788,Female,2008-04-15,2026-02-10,Abuja,CMP-001,CH-001,2026-04-02
FNP-U08789,Female,1982-11-14,2026-01-27,Lagos,CMP-003,CH-004,2026-03-24
FNP-U08790,Male,1992-04-20,2026-02-02,Abuja,CMP-005,CH-003,2026-02-17
FNP-U08791,Female,2004-12-08,2026-03-28,Abuja,CMP-002,CH-002,2026-04-25
FNP-U08792,Female,2004-01-06,2026-02-06,Ogun,CMP-005,CH-003,2026-02-18
FNP-U08793,Male,1996-02-26,2026-03-29,Abuja,CMP-001,CH-001,2026-04-05
FNP-U08794,Female,1997-05-01,2026-03-16,Ogun,CMP-004,CH-005,2026-04-14
FNP-U08795,Male,1994-10-17,2026-02-04,Abuja,CMP-005,CH-003,2026-02-28
FNP-U08796,Male,1987-02-11,2026-03-03,Ogun,CMP-001,CH-001,2026-03-05
FNP-U08797,Female,2001-09-26,2026-02-06,Lagos,CMP-005,CH-003,2026-04-17
FNP-U08798,Male,1987-08-14,2026-03-11,Lagos,CMP-003,CH-004,2026-03-29
FNP-U08799,Male,1988-10-03,2026-03-03,Abuja,CMP-006,CH-002,2026-04-08
FNP-U08800,Male,1976-02-15,2026-04-12,Abuja,CMP-003,CH-004,2026-04-24
FNP-U08801,Male,1975-09-24,2026-04-22,Abuja,CMP-003,CH-004,2026-04-22
FNP-U08802,Female,2001-03-14,2026-02-25,Ogun,CMP-001,CH-001,2026-04-18
FNP-U08803,Male,1996-04-24,2026-02-12,Abuja,CMP-006,CH-002,2026-03-18
FNP-U08804,Female,1996-04-03,2026-02-02,Ogun,CMP-004,CH-005,2026-04-02
FNP-U08805,Female,1999-11-09,2026-02-22,Ogun,CMP-006,CH-002,2026-03-22
FNP-U08806,Male,1994-05-16,2026-03-14,Ogun,CMP-001,CH-001,2026-04-02
FNP-U08807,Male,2007-06-13,2026-04-17,Abuja,CMP-005,CH-003,2026-04-18
FNP-U08808,Male,1984-01-19,2026-01-29,Lagos,CMP-001,CH-001,2026-02-07
FNP-U08809,Male,2003-07-13,2026-04-21,Ogun,CMP-003,CH-004,2026-04-24
FNP-U08810,Male,1987-08-05,2026-02-26,Abuja,CMP-001,CH-001,2026-03-06
FNP-U08811,Male,1972-02-09,2026-02-27,Abuja,CMP-006,CH-002,2026-03-20
FNP-U08812,Female,1972-03-18,2026-02-20,Abuja,CMP-006,CH-002,2026-04-09
FNP-U08813,Female,1994-04-23,2026-04-12,Ogun,CMP-003,CH-004,2026-04-12
FNP-U08814,Female,1998-02-23,2026-04-22,Lagos,CMP-001,CH-001,2026-04-25
FNP-U08815,Female,2002-04-27,2026-01-30,Ogun,CMP-003,CH-004,2026-03-05
FNP-U08816,Male,2000-09-22,2026-02-25,Lagos,CMP-006,CH-002,2026-04-17
FNP-U08817,Male,1995-12-15,2026-02-21,Ogun,CMP-005,CH-003,2026-03-17
FNP-U08818,Male,1988-07-10,2026-03-13,Ogun,CMP-002,CH-002,2026-04-01
FNP-U08819,Male,1992-07-01,2026-02-07,Ogun,CMP-001,CH-001,2026-03-22
FNP-U08820,Female,2007-06-02,2026-01-27,Lagos,CMP-005,CH-003,2026-03-06
FNP-U08821,Male,1974-05-11,2026-02-18,Ogun,CMP-002,CH-002,2026-03-25
FNP-U08822,Female,1987-12-13,2026-03-19,Abuja,CMP-006,CH-002,2026-03-22
FNP-U08823,Female,1997-12-02,2026-04-03,Lagos,CMP-005,CH-003,2026-04-21
FNP-U08824,Female,1999-01-12,2026-02-14,Lagos,CMP-002,CH-002,2026-03-15
FNP-U08825,Female,2002-06-14,2026-03-10,Abuja,CMP-001,CH-001,2026-04-02
FNP-U08826,Female,1986-06-17,2026-03-29,Abuja,CMP-001,CH-001,2026-04-17
FNP-U08827,Female,1998-01-17,2026-02-27,Abuja,CMP-005,CH-003,2026-03-02
FNP-U08828,Male,1986-09-27,2026-02-25,Lagos,CMP-003,CH-004,2026-03-25
FNP-U08829,Female,1999-06-18,2026-03-19,Lagos,CMP-006,CH-002,2026-04-19
FNP-U08830,Male,1990-02-20,2026-04-21,Lagos,CMP-002,CH-002,2026-04-21
FNP-U08831,Male,1984-05-01,2026-04-22,Lagos,CMP-001,CH-001,2026-04-22
FNP-U08832,Male,1972-03-27,2026-04-24,Lagos,CMP-006,CH-002,2026-04-25
FNP-U08833,Male,1994-06-01,2026-02-20,Ogun,CMP-005,CH-003,2026-02-25
FNP-U08834,Male,1987-12-05,2026-04-06,Abuja,CMP-003,CH-004,2026-04-09
FNP-U08835,Female,1973-07-23,2026-04-01,Ogun,CMP-002,CH-002,2026-04-18
FNP-U08836,Female,1995-08-07,2026-04-06,Abuja,CMP-002,CH-002,2026-04-15
FNP-U08837,Male,1973-06-14,2026-04-11,Lagos,CMP-003,CH-004,2026-04-24
FNP-U08838,Male,1994-08-03,2026-01-27,Ogun,CMP-003,CH-004,2026-03-11
FNP-U08839,Female,2003-06-13,2026-02-25,Abuja,CMP-001,CH-001,2026-03-06
FNP-U08840,Male,1971-05-01,2026-03-26,Ogun,CMP-006,CH-002,2026-04-07
FNP-U08841,Male,1979-05-27,2026-02-17,Lagos,CMP-002,CH-002,2026-03-02
FNP-U08842,Female,2002-08-19,2026-03-20,Ogun,CMP-005,CH-003,2026-03-25
FNP-U08843,Female,1990-08-18,2026-03-24,Ogun,CMP-004,CH-005,2026-03-27
FNP-U08844,Female,2008-02-10,2026-04-16,Abuja,CMP-001,CH-001,2026-04-22
FNP-U08845,Female,1999-01-12,2026-04-15,Abuja,CMP-004,CH-005,2026-04-15
FNP-U08846,Male,2003-02-04,2026-04-09,Abuja,CMP-001,CH-001,2026-04-14
FNP-U08847,Male,1975-01-01,2026-02-12,Ogun,CMP-003,CH-004,2026-03-20
FNP-U08848,Female,2005-03-24,2026-04-07,Lagos,CMP-005,CH-003,2026-04-22
FNP-U08849,Male,2005-12-28,2026-02-11,Lagos,CMP-004,CH-005,2026-04-18
FNP-U08850,Female,1997-06-17,2026-04-10,Lagos,CMP-006,CH-002,2026-04-19
FNP-U08851,Female,1995-11-03,2026-02-13,Abuja,CMP-006,CH-002,2026-02-21
FNP-U08852,Male,2008-12-15,2026-01-27,Abuja,CMP-002,CH-002,2026-03-12
FNP-U08853,Male,2005-06-09,2026-04-06,Abuja,CMP-005,CH-003,2026-04-16
FNP-U08854,Female,1988-09-18,2026-02-19,Abuja,CMP-001,CH-001,2026-03-26
FNP-U08855,Male,2007-03-07,2026-02-21,Abuja,CMP-001,CH-001,2026-04-10
FNP-U08856,Male,1995-04-02,2026-04-04,Ogun,CMP-005,CH-003,2026-04-09
FNP-U08857,Female,1978-01-24,2026-02-05,Abuja,CMP-006,CH-002,2026-04-21
FNP-U08858,Female,1996-04-15,2026-03-25,Lagos,CMP-006,CH-002,2026-03-28
FNP-U08859,Female,2003-10-23,2026-03-09,Lagos,CMP-004,CH-005,2026-03-10
FNP-U08860,Female,2002-03-10,2026-03-31,Lagos,CMP-005,CH-003,2026-04-25
FNP-U08861,Female,2001-12-22,2026-03-16,Abuja,CMP-002,CH-002,2026-03-31
FNP-U08862,Female,1985-07-25,2026-02-28,Abuja,CMP-006,CH-002,2026-04-22
FNP-U08863,Male,1979-03-24,2026-02-09,Lagos,CMP-006,CH-002,2026-03-24
FNP-U08864,Male,1983-03-27,2026-04-06,Ogun,CMP-001,CH-001,2026-04-21
FNP-U08865,Female,2004-07-28,2026-03-09,Abuja,CMP-003,CH-004,2026-03-12
FNP-U08866,Male,1976-06-15,2026-01-29,Abuja,CMP-002,CH-002,2026-02-25
FNP-U08867,Male,2000-01-09,2026-02-01,Abuja,CMP-005,CH-003,2026-03-19
FNP-U08868,Female,1995-09-21,2026-04-14,Lagos,CMP-001,CH-001,2026-04-25
FNP-U08869,Female,2005-09-06,2026-03-25,Abuja,CMP-004,CH-005,2026-04-01
FNP-U08870,Female,1973-05-10,2026-04-06,Lagos,CMP-002,CH-002,2026-04-23
FNP-U08871,Female,2008-07-25,2026-03-13,Abuja,CMP-001,CH-001,2026-03-15
FNP-U08872,Male,2005-10-17,2026-03-02,Lagos,CMP-005,CH-003,2026-04-24
FNP-U08873,Female,1980-02-26,2026-03-05,Abuja,CMP-003,CH-004,2026-03-28
FNP-U08874,Female,1991-02-01,2026-02-25,Lagos,CMP-004,CH-005,2026-03-01
FNP-U08875,Male,2003-04-07,2026-03-28,Ogun,CMP-005,CH-003,2026-04-05
FNP-U08876,Female,2008-12-11,2026-04-12,Abuja,CMP-005,CH-003,2026-04-18
FNP-U08877,Male,1973-01-26,2026-03-21,Lagos,CMP-003,CH-004,2026-03-22
FNP-U08878,Female,2000-01-11,2026-03-29,Abuja,CMP-001,CH-001,2026-03-30
FNP-U08879,Male,1992-02-16,2026-03-27,Lagos,CMP-004,CH-005,2026-03-28
FNP-U08880,Female,1999-11-18,2026-03-06,Ogun,CMP-006,CH-002,2026-03-09
FNP-U08881,Female,2002-07-23,2026-04-08,Abuja,CMP-002,CH-002,2026-04-21
FNP-U08882,Male,1986-11-21,2026-04-19,Lagos,CMP-004,CH-005,2026-04-25
FNP-U08883,Male,1999-01-03,2026-03-30,Ogun,CMP-005,CH-003,2026-04-11
FNP-U08884,Male,2008-05-25,2026-04-25,Lagos,CMP-001,CH-001,2026-04-25
FNP-U08885,Female,1992-05-18,2026-02-28,Ogun,CMP-001,CH-001,2026-03-10
FNP-U08886,Male,1991-11-02,2026-04-14,Ogun,CMP-005,CH-003,2026-04-15
FNP-U08887,Male,2003-12-24,2026-02-05,Abuja,CMP-005,CH-003,2026-02-16
FNP-U08888,Female,1975-05-28,2026-03-01,Lagos,CMP-006,CH-002,2026-03-07
FNP-U08889,Male,1982-08-10,2026-03-30,Ogun,CMP-006,CH-002,2026-03-31
FNP-U08890,Female,2001-12-20,2026-04-09,Abuja,CMP-003,CH-004,2026-04-15
FNP-U08891,Female,1996-06-05,2026-02-12,Ogun,CMP-001,CH-001,2026-04-25
FNP-U08892,Male,1997-01-14,2026-02-06,Abuja,CMP-004,CH-005,2026-02-27
FNP-U08893,Female,1989-04-01,2026-04-25,Lagos,CMP-006,CH-002,2026-04-25
FNP-U08894,Female,1971-01-13,2026-03-25,Abuja,CMP-002,CH-002,2026-04-11
FNP-U08895,Male,2000-11-09,2026-04-19,Ogun,CMP-003,CH-004,2026-04-23
FNP-U08896,Male,1981-03-07,2026-03-18,Ogun,CMP-002,CH-002,2026-04-20
FNP-U08897,Female,1973-04-08,2026-01-31,Lagos,CMP-002,CH-002,2026-04-21
FNP-U08898,Female,2003-01-13,2026-02-01,Abuja,CMP-004,CH-005,2026-02-06
FNP-U08899,Male,2006-10-08,2026-03-10,Abuja,CMP-002,CH-002,2026-04-01
FNP-U08900,Male,1993-04-11,2026-03-21,Ogun,CMP-003,CH-004,2026-04-09
FNP-U08901,Male,1972-04-19,2026-02-09,Ogun,CMP-006,CH-002,2026-03-14
FNP-U08902,Male,2008-07-11,2026-03-01,Lagos,CMP-001,CH-001,2026-03-24
FNP-U08903,Female,2002-04-02,2026-03-04,Ogun,CMP-006,CH-002,2026-03-17
FNP-U08904,Female,2003-08-20,2026-04-09,Lagos,CMP-004,CH-005,2026-04-20
FNP-U08905,Male,2006-12-21,2026-02-20,Ogun,CMP-002,CH-002,2026-04-21
FNP-U08906,Male,1998-02-13,2026-03-14,Abuja,CMP-002,CH-002,2026-04-21
FNP-U08907,Female,2001-08-26,2026-02-27,Lagos,CMP-005,CH-003,2026-03-24
FNP-U08908,Male,1999-03-02,2026-03-14,Ogun,CMP-001,CH-001,2026-04-01
FNP-U08909,Female,1983-10-03,2026-02-03,Ogun,CMP-006,CH-002,2026-02-10
FNP-U08910,Female,1999-04-18,2026-02-15,Lagos,CMP-002,CH-002,2026-04-01
FNP-U08911,Female,1989-02-09,2026-02-03,Ogun,CMP-001,CH-001,2026-02-06
FNP-U08912,Male,1996-07-07,2026-02-25,Abuja,CMP-002,CH-002,2026-02-26
FNP-U08913,Male,1996-03-16,2026-03-14,Lagos,CMP-003,CH-004,2026-04-06
FNP-U08914,Male,1982-05-22,2026-04-19,Lagos,CMP-001,CH-001,2026-04-23
FNP-U08915,Female,1989-04-12,2026-04-01,Abuja,CMP-002,CH-002,2026-04-24
FNP-U08916,Male,1999-08-18,2026-03-11,Ogun,CMP-004,CH-005,2026-03-13
FNP-U08917,Male,1993-01-19,2026-04-23,Abuja,CMP-001,CH-001,2026-04-23
FNP-U08918,Male,2002-07-01,2026-03-21,Ogun,CMP-002,CH-002,2026-04-24
FNP-U08919,Female,2005-08-03,2026-04-18,Abuja,CMP-006,CH-002,2026-04-22
FNP-U08920,Female,1982-06-24,2026-04-05,Abuja,CMP-006,CH-002,2026-04-11
FNP-U08921,Female,1971-02-19,2026-04-05,Lagos,CMP-002,CH-002,2026-04-23
FNP-U08922,Female,1996-09-03,2026-04-19,Abuja,CMP-004,CH-005,2026-04-25
FNP-U08923,Male,1976-06-09,2026-02-04,Lagos,CMP-003,CH-004,2026-02-13
FNP-U08924,Female,2003-03-26,2026-03-10,Lagos,CMP-003,CH-004,2026-04-16
FNP-U08925,Female,1979-03-08,2026-03-31,Lagos,CMP-006,CH-002,2026-04-18
FNP-U08926,Male,1995-02-12,2026-04-09,Abuja,CMP-004,CH-005,2026-04-09
FNP-U08927,Female,1974-04-18,2026-02-14,Ogun,CMP-006,CH-002,2026-04-13
FNP-U08928,Male,1994-12-24,2026-01-27,Abuja,CMP-002,CH-002,2026-02-18
FNP-U08929,Female,1999-03-10,2026-04-18,Lagos,CMP-005,CH-003,2026-04-21
FNP-U08930,Female,1974-10-12,2026-02-16,Abuja,CMP-003,CH-004,2026-03-09
FNP-U08931,Male,1994-09-25,2026-03-04,Ogun,CMP-001,CH-001,2026-03-20
FNP-U08932,Female,1991-12-03,2026-03-05,Abuja,CMP-006,CH-002,2026-03-26
FNP-U08933,Female,2008-10-09,2026-03-08,Ogun,CMP-001,CH-001,2026-04-25
FNP-U08934,Female,1994-07-22,2026-04-20,Ogun,CMP-002,CH-002,2026-04-22
FNP-U08935,Male,2001-11-11,2026-02-28,Lagos,CMP-004,CH-005,2026-04-16
FNP-U08936,Male,1985-08-03,2026-02-09,Lagos,CMP-001,CH-001,2026-02-14
FNP-U08937,Male,1996-11-25,2026-03-06,Ogun,CMP-001,CH-001,2026-04-06
FNP-U08938,Female,1977-08-03,2026-02-07,Lagos,CMP-006,CH-002,2026-02-26
FNP-U08939,Female,1996-04-03,2026-03-21,Abuja,CMP-001,CH-001,2026-04-01
FNP-U08940,Female,1992-01-07,2026-03-21,Abuja,CMP-004,CH-005,2026-04-06
FNP-U08941,Male,1979-12-21,2026-04-20,Ogun,CMP-006,CH-002,2026-04-24
FNP-U08942,Male,1981-08-04,2026-04-13,Ogun,CMP-001,CH-001,2026-04-19
FNP-U08943,Male,2001-01-03,2026-04-06,Lagos,CMP-004,CH-005,2026-04-15
FNP-U08944,Female,1986-01-26,2026-01-31,Ogun,CMP-003,CH-004,2026-02-17
FNP-U08945,Male,1984-10-02,2026-03-01,Lagos,CMP-002,CH-002,2026-03-07
FNP-U08946,Male,1998-03-22,2026-02-04,Abuja,CMP-005,CH-003,2026-04-18
FNP-U08947,Male,1977-07-22,2026-04-11,Lagos,CMP-003,CH-004,2026-04-21
FNP-U08948,Male,2000-12-12,2026-04-25,Abuja,CMP-004,CH-005,2026-04-25
FNP-U08949,Female,2006-09-12,2026-04-22,Lagos,CMP-001,CH-001,2026-04-25
FNP-U08950,Male,2002-09-02,2026-01-29,Lagos,CMP-005,CH-003,2026-02-14
FNP-U08951,Male,2006-11-25,2026-04-14,Ogun,CMP-006,CH-002,2026-04-22
FNP-U08952,Male,1998-11-16,2026-04-17,Ogun,CMP-004,CH-005,2026-04-21
FNP-U08953,Female,1999-12-26,2026-03-09,Ogun,CMP-005,CH-003,2026-04-06
FNP-U08954,Female,1994-04-18,2026-04-04,Lagos,CMP-003,CH-004,2026-04-24
FNP-U08955,Female,1992-08-16,2026-04-02,Ogun,CMP-001,CH-001,2026-04-12
FNP-U08956,Female,2005-12-16,2026-03-26,Abuja,CMP-001,CH-001,2026-03-30
FNP-U08957,Male,1992-08-22,2026-02-13,Abuja,CMP-004,CH-005,2026-04-06
FNP-U08958,Male,2007-10-12,2026-04-08,Lagos,CMP-001,CH-001,2026-04-18
FNP-U08959,Female,2003-01-16,2026-03-23,Abuja,CMP-002,CH-002,2026-04-03
FNP-U08960,Female,1997-06-18,2026-04-05,Lagos,CMP-003,CH-004,2026-04-09
FNP-U08961,Male,1997-04-14,2026-04-03,Abuja,CMP-002,CH-002,2026-04-10
FNP-U08962,Male,2001-04-10,2026-01-27,Ogun,CMP-005,CH-003,2026-04-16
FNP-U08963,Female,1993-09-06,2026-02-16,Abuja,CMP-001,CH-001,2026-04-04
FNP-U08964,Female,2005-10-26,2026-03-14,Abuja,CMP-004,CH-005,2026-04-17
FNP-U08965,Male,2001-12-18,2026-03-05,Lagos,CMP-004,CH-005,2026-04-13
FNP-U08966,Male,1974-11-10,2026-04-24,Ogun,CMP-002,CH-002,2026-04-24
FNP-U08967,Female,1991-05-08,2026-04-02,Abuja,CMP-002,CH-002,2026-04-12
FNP-U08968,Male,1996-02-08,2026-02-15,Ogun,CMP-003,CH-004,2026-02-15
FNP-U08969,Female,2007-07-12,2026-04-15,Lagos,CMP-002,CH-002,2026-04-24
FNP-U08970,Female,1983-06-06,2026-02-13,Ogun,CMP-001,CH-001,2026-04-03
FNP-U08971,Male,2001-08-03,2026-04-02,Ogun,CMP-001,CH-001,2026-04-10
FNP-U08972,Male,2005-09-12,2026-04-19,Lagos,CMP-006,CH-002,2026-04-25
FNP-U08973,Male,1996-09-19,2026-03-11,Abuja,CMP-004,CH-005,2026-03-20
FNP-U08974,Female,1995-11-27,2026-02-03,Ogun,CMP-004,CH-005,2026-04-03
FNP-U08975,Female,1993-05-24,2026-04-05,Lagos,CMP-001,CH-001,2026-04-19
FNP-U08976,Female,1981-12-18,2026-02-14,Lagos,CMP-006,CH-002,2026-04-25
FNP-U08977,Male,1998-01-03,2026-03-11,Abuja,CMP-003,CH-004,2026-04-24
FNP-U08978,Female,1996-10-14,2026-02-19,Abuja,CMP-002,CH-002,2026-03-01
FNP-U08979,Female,1990-01-11,2026-02-15,Ogun,CMP-003,CH-004,2026-03-25
FNP-U08980,Female,1983-08-25,2026-02-16,Lagos,CMP-003,CH-004,2026-03-03
FNP-U08981,Male,2003-12-21,2026-02-06,Lagos,CMP-005,CH-003,2026-02-24
FNP-U08982,Male,1995-08-27,2026-03-01,Lagos,CMP-006,CH-002,2026-03-05
FNP-U08983,Female,1981-04-23,2026-03-20,Ogun,CMP-002,CH-002,2026-03-26
FNP-U08984,Female,1981-03-28,2026-04-18,Ogun,CMP-002,CH-002,2026-04-19
FNP-U08985,Male,1995-08-12,2026-04-11,Ogun,CMP-001,CH-001,2026-04-14
FNP-U08986,Male,2008-10-07,2026-02-21,Abuja,CMP-006,CH-002,2026-04-12
FNP-U08987,Male,1972-04-15,2026-03-13,Ogun,CMP-002,CH-002,2026-04-14
FNP-U08988,Female,1993-07-28,2026-03-28,Ogun,CMP-005,CH-003,2026-04-21
FNP-U08989,Male,1978-06-03,2026-02-20,Ogun,CMP-006,CH-002,2026-02-27
FNP-U08990,Male,1975-02-14,2026-03-23,Abuja,CMP-003,CH-004,2026-04-15
FNP-U08991,Female,1993-08-04,2026-03-01,Abuja,CMP-004,CH-005,2026-03-06
FNP-U08992,Female,1993-08-02,2026-03-24,Abuja,CMP-004,CH-005,2026-04-10
FNP-U08993,Male,1990-10-28,2026-04-16,Ogun,CMP-004,CH-005,2026-04-18
FNP-U08994,Female,1998-03-03,2026-04-22,Lagos,CMP-004,CH-005,2026-04-23
FNP-U08995,Female,2003-05-25,2026-03-01,Lagos,CMP-004,CH-005,2026-03-10
FNP-U08996,Male,1997-10-10,2026-03-21,Lagos,CMP-003,CH-004,2026-03-26
FNP-U08997,Female,1992-05-04,2026-03-22,Abuja,CMP-003,CH-004,2026-04-15
FNP-U08998,Male,1993-07-23,2026-02-03,Lagos,CMP-003,CH-004,2026-03-04
FNP-U08999,Female,1980-01-14,2026-01-30,Abuja,CMP-002,CH-002,2026-03-23
FNP-U09000,Male,1994-02-08,2026-03-23,Ogun,CMP-003,CH-004,2026-04-24
FNP-U09001,Male,1985-10-01,2026-03-05,Abuja,CMP-002,CH-002,2026-04-25
FNP-U09002,Male,1982-01-10,2026-03-14,Ogun,CMP-001,CH-001,2026-03-30
FNP-U09003,Male,2007-07-16,2026-03-11,Lagos,CMP-001,CH-001,2026-04-13
FNP-U09004,Male,1983-11-27,2026-04-24,Lagos,CMP-006,CH-002,2026-04-24
FNP-U09005,Female,1994-03-02,2026-02-01,Ogun,CMP-004,CH-005,2026-03-06
FNP-U09006,Female,2005-06-11,2026-03-19,Lagos,CMP-002,CH-002,2026-03-29
FNP-U09007,Female,1997-02-20,2026-04-06,Lagos,CMP-001,CH-001,2026-04-12
FNP-U09008,Male,1990-03-26,2026-01-29,Ogun,CMP-002,CH-002,2026-02-24
FNP-U09009,Male,1991-07-04,2026-01-31,Abuja,CMP-006,CH-002,2026-02-13
FNP-U09010,Female,1978-08-21,2026-01-30,Abuja,CMP-006,CH-002,2026-03-15
FNP-U09011,Female,2000-01-10,2026-02-28,Lagos,CMP-004,CH-005,2026-03-19
FNP-U09012,Female,2004-07-25,2026-02-07,Abuja,CMP-003,CH-004,2026-02-24
FNP-U09013,Female,1998-09-12,2026-03-02,Lagos,CMP-004,CH-005,2026-03-31
FNP-U09014,Male,2006-10-24,2026-01-28,Lagos,CMP-006,CH-002,2026-02-06
FNP-U09015,Female,1971-12-28,2026-04-13,Lagos,CMP-003,CH-004,2026-04-24
FNP-U09016,Male,1980-06-06,2026-01-26,Abuja,CMP-002,CH-002,2026-04-10
FNP-U09017,Male,2004-01-23,2026-02-26,Abuja,CMP-002,CH-002,2026-03-17
FNP-U09018,Female,1994-12-15,2026-04-23,Ogun,CMP-003,CH-004,2026-04-24
FNP-U09019,Female,1991-08-21,2026-03-04,Abuja,CMP-001,CH-001,2026-03-17
FNP-U09020,Female,1990-04-21,2026-03-17,Abuja,CMP-004,CH-005,2026-04-18
FNP-U09021,Female,1995-11-24,2026-02-20,Abuja,CMP-005,CH-003,2026-04-01
FNP-U09022,Male,2002-02-08,2026-02-21,Lagos,CMP-003,CH-004,2026-04-23
FNP-U09023,Female,1980-01-17,2026-03-29,Abuja,CMP-006,CH-002,2026-04-01
FNP-U09024,Male,1992-11-26,2026-03-16,Abuja,CMP-006,CH-002,2026-04-16
FNP-U09025,Male,1988-03-28,2026-02-14,Abuja,CMP-001,CH-001,2026-02-16
FNP-U09026,Male,1982-01-14,2026-03-21,Ogun,CMP-003,CH-004,2026-04-17
FNP-U09027,Male,1980-11-28,2026-04-11,Abuja,CMP-003,CH-004,2026-04-15
FNP-U09028,Male,1986-12-27,2026-03-12,Lagos,CMP-003,CH-004,2026-03-26
FNP-U09029,Female,1987-12-16,2026-02-14,Abuja,CMP-001,CH-001,2026-03-27
FNP-U09030,Female,1995-11-20,2026-03-21,Ogun,CMP-001,CH-001,2026-04-18
FNP-U09031,Male,1990-02-14,2026-03-19,Ogun,CMP-003,CH-004,2026-03-22
FNP-U09032,Female,1989-06-24,2026-03-01,Ogun,CMP-001,CH-001,2026-04-19
FNP-U09033,Female,1997-03-26,2026-03-25,Abuja,CMP-002,CH-002,2026-04-12
FNP-U09034,Female,2005-06-27,2026-02-10,Lagos,CMP-004,CH-005,2026-02-25
FNP-U09035,Female,1985-09-08,2026-03-28,Abuja,CMP-006,CH-002,2026-04-06
FNP-U09036,Female,2005-02-26,2026-03-12,Lagos,CMP-001,CH-001,2026-03-12
FNP-U09037,Female,2007-08-22,2026-04-22,Abuja,CMP-004,CH-005,2026-04-22
FNP-U09038,Female,2003-04-02,2026-04-22,Ogun,CMP-001,CH-001,2026-04-25
FNP-U09039,Female,2002-08-26,2026-04-09,Lagos,CMP-003,CH-004,2026-04-21
FNP-U09040,Male,1979-05-03,2026-02-03,Abuja,CMP-003,CH-004,2026-03-28
FNP-U09041,Female,1981-06-20,2026-04-15,Abuja,CMP-003,CH-004,2026-04-16
FNP-U09042,Male,1991-07-10,2026-04-12,Lagos,CMP-005,CH-003,2026-04-23
FNP-U09043,Female,2000-03-05,2026-04-02,Ogun,CMP-002,CH-002,2026-04-04
FNP-U09044,Male,2000-10-19,2026-03-23,Lagos,CMP-005,CH-003,2026-03-25
FNP-U09045,Female,2004-09-22,2026-02-04,Lagos,CMP-002,CH-002,2026-02-20
FNP-U09046,Female,1987-11-28,2026-02-11,Ogun,CMP-004,CH-005,2026-02-13
FNP-U09047,Male,1992-09-10,2026-02-02,Abuja,CMP-001,CH-001,2026-03-01
FNP-U09048,Female,1983-05-23,2026-03-11,Ogun,CMP-006,CH-002,2026-03-24
FNP-U09049,Male,1986-10-23,2026-04-02,Ogun,CMP-004,CH-005,2026-04-05
FNP-U09050,Female,2004-05-21,2026-02-01,Lagos,CMP-005,CH-003,2026-03-26
FNP-U09051,Female,1981-01-22,2026-03-03,Ogun,CMP-003,CH-004,2026-03-17
FNP-U09052,Female,2007-03-27,2026-02-09,Lagos,CMP-002,CH-002,2026-02-16
FNP-U09053,Male,2008-08-21,2026-02-28,Abuja,CMP-002,CH-002,2026-03-11
FNP-U09054,Male,1974-06-06,2026-04-03,Abuja,CMP-003,CH-004,2026-04-12
FNP-U09055,Male,2007-01-04,2026-02-01,Ogun,CMP-005,CH-003,2026-03-12
FNP-U09056,Female,2003-05-25,2026-02-19,Ogun,CMP-005,CH-003,2026-04-02
FNP-U09057,Male,1987-04-09,2026-03-15,Lagos,CMP-003,CH-004,2026-04-09
FNP-U09058,Female,1997-05-25,2026-03-25,Ogun,CMP-003,CH-004,2026-03-26
FNP-U09059,Female,2007-03-10,2026-04-20,Abuja,CMP-001,CH-001,2026-04-20
FNP-U09060,Female,1981-05-04,2026-01-27,Abuja,CMP-006,CH-002,2026-04-17
FNP-U09061,Female,1975-07-04,2026-04-09,Ogun,CMP-006,CH-002,2026-04-22
FNP-U09062,Female,2003-05-16,2026-03-17,Lagos,CMP-001,CH-001,2026-03-25
FNP-U09063,Male,1988-04-20,2026-04-24,Abuja,CMP-004,CH-005,2026-04-25
FNP-U09064,Male,2002-06-02,2026-02-22,Lagos,CMP-003,CH-004,2026-04-25
FNP-U09065,Female,2004-09-17,2026-03-16,Ogun,CMP-003,CH-004,2026-04-11
FNP-U09066,Male,1994-05-20,2026-03-29,Lagos,CMP-004,CH-005,2026-04-24
FNP-U09067,Female,1999-09-04,2026-03-07,Lagos,CMP-005,CH-003,2026-04-15
FNP-U09068,Male,2002-04-01,2026-02-04,Ogun,CMP-005,CH-003,2026-02-21
FNP-U09069,Male,1994-10-11,2026-04-09,Ogun,CMP-003,CH-004,2026-04-21
FNP-U09070,Male,1991-11-14,2026-04-15,Abuja,CMP-004,CH-005,2026-04-23
FNP-U09071,Male,1983-01-02,2026-03-23,Lagos,CMP-003,CH-004,2026-04-18
FNP-U09072,Female,1978-05-12,2026-04-02,Abuja,CMP-002,CH-002,2026-04-22
FNP-U09073,Female,1997-06-09,2026-03-03,Ogun,CMP-004,CH-005,2026-03-08
FNP-U09074,Female,1971-05-16,2026-03-27,Lagos,CMP-003,CH-004,2026-03-27
FNP-U09075,Female,1993-10-18,2026-01-27,Lagos,CMP-004,CH-005,2026-04-04
FNP-U09076,Male,1984-10-25,2026-02-16,Abuja,CMP-002,CH-002,2026-03-04
FNP-U09077,Male,1995-09-27,2026-03-06,Ogun,CMP-002,CH-002,2026-04-14
FNP-U09078,Female,1972-06-13,2026-03-02,Ogun,CMP-003,CH-004,2026-04-07
FNP-U09079,Male,1992-02-09,2026-02-07,Lagos,CMP-001,CH-001,2026-04-12
FNP-U09080,Female,1990-07-27,2026-02-09,Abuja,CMP-006,CH-002,2026-03-30
FNP-U09081,Female,1982-03-14,2026-02-02,Abuja,CMP-002,CH-002,2026-02-05
FNP-U09082,Male,1976-10-27,2026-03-31,Abuja,CMP-006,CH-002,2026-04-13
FNP-U09083,Male,2002-10-08,2026-04-19,Abuja,CMP-004,CH-005,2026-04-20
FNP-U09084,Female,1975-05-01,2026-03-19,Abuja,CMP-002,CH-002,2026-04-17
FNP-U09085,Male,2002-12-19,2026-02-15,Abuja,CMP-003,CH-004,2026-03-18
FNP-U09086,Male,1989-03-14,2026-03-28,Lagos,CMP-003,CH-004,2026-04-16
FNP-U09087,Female,1988-06-24,2026-01-26,Lagos,CMP-002,CH-002,2026-02-03
FNP-U09088,Female,1971-06-22,2026-02-07,Ogun,CMP-002,CH-002,2026-03-24
FNP-U09089,Male,1985-04-03,2026-03-16,Ogun,CMP-006,CH-002,2026-04-08
FNP-U09090,Male,2001-09-21,2026-04-17,Ogun,CMP-002,CH-002,2026-04-21
FNP-U09091,Female,1971-04-11,2026-03-12,Ogun,CMP-002,CH-002,2026-04-08
FNP-U09092,Male,1980-01-02,2026-03-13,Abuja,CMP-006,CH-002,2026-03-21
FNP-U09093,Female,2001-09-14,2026-04-01,Lagos,CMP-004,CH-005,2026-04-21
FNP-U09094,Female,1996-11-01,2026-04-02,Lagos,CMP-005,CH-003,2026-04-07
FNP-U09095,Male,1994-06-01,2026-04-12,Lagos,CMP-006,CH-002,2026-04-19
FNP-U09096,Male,1984-02-06,2026-02-09,Lagos,CMP-006,CH-002,2026-04-08
FNP-U09097,Female,2000-10-21,2026-03-27,Abuja,CMP-005,CH-003,2026-04-22
FNP-U09098,Female,1988-11-14,2026-03-06,Lagos,CMP-004,CH-005,2026-04-24
FNP-U09099,Male,1971-12-03,2026-04-06,Abuja,CMP-006,CH-002,2026-04-10
FNP-U09100,Female,1992-12-27,2026-02-03,Ogun,CMP-002,CH-002,2026-02-16
FNP-U09101,Male,1996-02-02,2026-04-08,Lagos,CMP-005,CH-003,2026-04-23
FNP-U09102,Female,1991-05-25,2026-03-29,Abuja,CMP-005,CH-003,2026-04-06
FNP-U09103,Female,1989-02-21,2026-01-30,Lagos,CMP-002,CH-002,2026-03-05
FNP-U09104,Male,2005-06-26,2026-04-14,Lagos,CMP-005,CH-003,2026-04-24
FNP-U09105,Female,1996-12-08,2026-02-28,Ogun,CMP-003,CH-004,2026-04-20
FNP-U09106,Male,2008-03-25,2026-02-12,Abuja,CMP-005,CH-003,2026-03-24
FNP-U09107,Male,1999-07-06,2026-04-08,Abuja,CMP-001,CH-001,2026-04-11
FNP-U09108,Female,1999-12-27,2026-03-12,Abuja,CMP-006,CH-002,2026-03-24
FNP-U09109,Female,1990-09-01,2026-04-22,Lagos,CMP-001,CH-001,2026-04-24
FNP-U09110,Male,1993-12-09,2026-02-06,Ogun,CMP-002,CH-002,2026-03-12
FNP-U09111,Female,1972-02-18,2026-02-24,Ogun,CMP-006,CH-002,2026-03-08
FNP-U09112,Female,2008-08-03,2026-04-07,Ogun,CMP-001,CH-001,2026-04-19
FNP-U09113,Female,1982-05-25,2026-02-04,Abuja,CMP-003,CH-004,2026-03-29
FNP-U09114,Male,1995-09-17,2026-02-08,Ogun,CMP-001,CH-001,2026-04-22
FNP-U09115,Male,2004-09-05,2026-03-20,Abuja,CMP-005,CH-003,2026-04-15
FNP-U09116,Male,2000-06-01,2026-04-15,Ogun,CMP-001,CH-001,2026-04-24
FNP-U09117,Male,1986-09-14,2026-03-04,Ogun,CMP-003,CH-004,2026-04-22
FNP-U09118,Female,1996-12-12,2026-04-17,Ogun,CMP-004,CH-005,2026-04-17
FNP-U09119,Female,1999-09-17,2026-04-09,Abuja,CMP-006,CH-002,2026-04-22
FNP-U09120,Female,2003-01-10,2026-03-08,Lagos,CMP-004,CH-005,2026-03-23
FNP-U09121,Female,2001-08-06,2026-03-17,Lagos,CMP-001,CH-001,2026-04-05
FNP-U09122,Male,1991-02-01,2026-01-31,Abuja,CMP-006,CH-002,2026-04-13
FNP-U09123,Female,1984-11-17,2026-04-06,Lagos,CMP-006,CH-002,2026-04-18
FNP-U09124,Female,1998-04-21,2026-04-17,Lagos,CMP-005,CH-003,2026-04-21
FNP-U09125,Female,1998-03-05,2026-01-27,Abuja,CMP-002,CH-002,2026-04-11
FNP-U09126,Male,2008-06-14,2026-02-02,Abuja,CMP-001,CH-001,2026-02-02
FNP-U09127,Female,1999-04-24,2026-03-13,Abuja,CMP-004,CH-005,2026-03-25
FNP-U09128,Female,1992-02-02,2026-02-26,Lagos,CMP-004,CH-005,2026-04-20
FNP-U09129,Female,1998-03-24,2026-02-21,Ogun,CMP-001,CH-001,2026-03-31
FNP-U09130,Male,1997-11-26,2026-04-01,Abuja,CMP-002,CH-002,2026-04-08
FNP-U09131,Male,2006-07-20,2026-03-08,Ogun,CMP-002,CH-002,2026-04-03
FNP-U09132,Male,1993-05-27,2026-02-09,Ogun,CMP-003,CH-004,2026-02-24
FNP-U09133,Female,2001-03-13,2026-03-19,Lagos,CMP-003,CH-004,2026-04-25
FNP-U09134,Female,1979-08-24,2026-04-14,Abuja,CMP-006,CH-002,2026-04-21
FNP-U09135,Female,1999-02-17,2026-03-11,Lagos,CMP-004,CH-005,2026-04-10
FNP-U09136,Male,1999-03-17,2026-03-06,Ogun,CMP-002,CH-002,2026-03-24
FNP-U09137,Female,1991-04-11,2026-03-11,Ogun,CMP-001,CH-001,2026-04-21
FNP-U09138,Male,1995-12-19,2026-04-11,Abuja,CMP-001,CH-001,2026-04-15
FNP-U09139,Female,1986-02-12,2026-01-27,Abuja,CMP-003,CH-004,2026-02-12
FNP-U09140,Male,1993-04-02,2026-03-11,Lagos,CMP-005,CH-003,2026-03-11
FNP-U09141,Female,2002-01-11,2026-04-19,Abuja,CMP-004,CH-005,2026-04-19
FNP-U09142,Female,2004-01-04,2026-04-03,Ogun,CMP-005,CH-003,2026-04-11
FNP-U09143,Female,2005-02-05,2026-02-26,Abuja,CMP-002,CH-002,2026-03-18
FNP-U09144,Female,2002-02-08,2026-02-16,Abuja,CMP-005,CH-003,2026-03-11
FNP-U09145,Male,2003-03-07,2026-02-02,Abuja,CMP-003,CH-004,2026-03-26
FNP-U09146,Male,2006-04-06,2026-04-24,Ogun,CMP-005,CH-003,2026-04-25
FNP-U09147,Male,1988-12-12,2026-02-13,Ogun,CMP-001,CH-001,2026-03-03
FNP-U09148,Male,1995-05-01,2026-04-07,Ogun,CMP-003,CH-004,2026-04-10
FNP-U09149,Female,2005-10-07,2026-02-15,Lagos,CMP-001,CH-001,2026-03-19
FNP-U09150,Male,1974-11-20,2026-03-01,Ogun,CMP-006,CH-002,2026-03-28
FNP-U09151,Male,1999-08-11,2026-03-05,Abuja,CMP-001,CH-001,2026-04-21
FNP-U09152,Male,1972-05-10,2026-04-07,Lagos,CMP-006,CH-002,2026-04-21
FNP-U09153,Male,1999-07-09,2026-02-13,Ogun,CMP-003,CH-004,2026-04-03
FNP-U09154,Female,1990-10-05,2026-04-09,Abuja,CMP-003,CH-004,2026-04-22
FNP-U09155,Female,1983-09-27,2026-02-20,Lagos,CMP-003,CH-004,2026-04-10
FNP-U09156,Female,2006-08-20,2026-04-05,Lagos,CMP-004,CH-005,2026-04-20
FNP-U09157,Female,1976-11-08,2026-02-02,Ogun,CMP-006,CH-002,2026-03-12
FNP-U09158,Female,2000-03-01,2026-02-03,Ogun,CMP-004,CH-005,2026-04-08
FNP-U09159,Male,1994-04-04,2026-02-24,Lagos,CMP-004,CH-005,2026-03-08
FNP-U09160,Female,1995-07-17,2026-03-02,Abuja,CMP-006,CH-002,2026-03-26
FNP-U09161,Female,2003-05-02,2026-04-20,Ogun,CMP-005,CH-003,2026-04-21
FNP-U09162,Female,2003-04-03,2026-01-29,Lagos,CMP-001,CH-001,2026-02-06
FNP-U09163,Male,1992-07-07,2026-04-10,Ogun,CMP-001,CH-001,2026-04-15
FNP-U09164,Female,1996-02-04,2026-03-20,Lagos,CMP-001,CH-001,2026-04-18
FNP-U09165,Male,2006-03-18,2026-02-18,Lagos,CMP-004,CH-005,2026-03-21
FNP-U09166,Male,1991-02-19,2026-02-12,Abuja,CMP-001,CH-001,2026-02-14
FNP-U09167,Male,2006-07-04,2026-02-13,Abuja,CMP-006,CH-002,2026-02-25
FNP-U09168,Female,1993-12-26,2026-04-21,Ogun,CMP-006,CH-002,2026-04-25
FNP-U09169,Male,1980-12-24,2026-04-17,Lagos,CMP-006,CH-002,2026-04-19
FNP-U09170,Female,1971-04-26,2026-02-23,Abuja,CMP-003,CH-004,2026-04-07
FNP-U09171,Female,1995-10-01,2026-03-12,Lagos,CMP-001,CH-001,2026-03-17
FNP-U09172,Female,1992-01-13,2026-03-29,Ogun,CMP-004,CH-005,2026-03-31
FNP-U09173,Female,1987-09-01,2026-04-24,Ogun,CMP-002,CH-002,2026-04-25
FNP-U09174,Male,1992-11-17,2026-02-11,Abuja,CMP-003,CH-004,2026-02-23
FNP-U09175,Male,1984-09-14,2026-03-20,Lagos,CMP-002,CH-002,2026-04-21
FNP-U09176,Female,2003-01-16,2026-02-25,Abuja,CMP-005,CH-003,2026-04-04
FNP-U09177,Female,2000-05-22,2026-01-29,Abuja,CMP-001,CH-001,2026-03-05
FNP-U09178,Female,2007-12-12,2026-03-23,Abuja,CMP-005,CH-003,2026-04-01
FNP-U09179,Female,1980-10-23,2026-03-07,Ogun,CMP-006,CH-002,2026-04-01
FNP-U09180,Male,1993-12-19,2026-03-15,Lagos,CMP-004,CH-005,2026-04-13
FNP-U09181,Male,1984-10-21,2026-02-20,Lagos,CMP-006,CH-002,2026-03-10
FNP-U09182,Male,2006-09-18,2026-03-14,Lagos,CMP-001,CH-001,2026-04-25
FNP-U09183,Male,1999-05-23,2026-02-24,Lagos,CMP-003,CH-004,2026-03-28
FNP-U09184,Female,1994-08-24,2026-02-25,Ogun,CMP-001,CH-001,2026-04-06
FNP-U09185,Female,1991-08-11,2026-03-15,Lagos,CMP-004,CH-005,2026-04-18
FNP-U09186,Female,1995-08-07,2026-02-24,Ogun,CMP-005,CH-003,2026-03-13
FNP-U09187,Male,2006-03-23,2026-02-17,Ogun,CMP-004,CH-005,2026-04-01
FNP-U09188,Male,1990-03-12,2026-03-02,Ogun,CMP-003,CH-004,2026-03-15
FNP-U09189,Male,1999-04-08,2026-03-12,Abuja,CMP-005,CH-003,2026-03-23
FNP-U09190,Male,1975-09-06,2026-02-07,Lagos,CMP-002,CH-002,2026-04-23
FNP-U09191,Female,1994-10-07,2026-03-14,Ogun,CMP-005,CH-003,2026-04-18
FNP-U09192,Female,1987-03-12,2026-02-03,Abuja,CMP-003,CH-004,2026-04-19
FNP-U09193,Male,2005-02-01,2026-04-08,Abuja,CMP-006,CH-002,2026-04-23
FNP-U09194,Female,2008-12-06,2026-03-17,Abuja,CMP-005,CH-003,2026-04-01
FNP-U09195,Male,1978-08-07,2026-02-03,Lagos,CMP-002,CH-002,2026-04-02
FNP-U09196,Female,2005-12-02,2026-03-15,Ogun,CMP-005,CH-003,2026-04-23
FNP-U09197,Male,2005-05-09,2026-02-21,Lagos,CMP-001,CH-001,2026-03-18
FNP-U09198,Female,1998-09-24,2026-01-29,Lagos,CMP-006,CH-002,2026-04-08
FNP-U09199,Male,1981-07-04,2026-04-04,Ogun,CMP-003,CH-004,2026-04-08
FNP-U09200,Male,2002-10-23,2026-03-16,Abuja,CMP-003,CH-004,2026-04-07
FNP-U09201,Female,1985-11-19,2026-02-21,Abuja,CMP-002,CH-002,2026-03-20
FNP-U09202,Female,1992-11-01,2026-04-19,Abuja,CMP-006,CH-002,2026-04-25
FNP-U09203,Female,1995-02-12,2026-03-26,Lagos,CMP-003,CH-004,2026-03-28
FNP-U09204,Female,1999-09-20,2026-03-25,Abuja,CMP-003,CH-004,2026-04-22
FNP-U09205,Male,2007-04-26,2026-01-31,Ogun,CMP-005,CH-003,2026-03-07
FNP-U09206,Female,2006-08-01,2026-04-15,Abuja,CMP-004,CH-005,2026-04-23
FNP-U09207,Female,2002-03-10,2026-03-13,Abuja,CMP-005,CH-003,2026-04-05
FNP-U09208,Male,2007-05-22,2026-02-16,Lagos,CMP-001,CH-001,2026-04-22
FNP-U09209,Male,2004-04-11,2026-01-26,Lagos,CMP-003,CH-004,2026-02-04
FNP-U09210,Female,1998-02-01,2026-04-17,Ogun,CMP-006,CH-002,2026-04-20
FNP-U09211,Male,1988-07-27,2026-03-26,Abuja,CMP-003,CH-004,2026-04-23
FNP-U09212,Female,1982-11-24,2026-03-20,Abuja,CMP-001,CH-001,2026-04-13
FNP-U09213,Female,1972-04-11,2026-03-30,Lagos,CMP-006,CH-002,2026-04-21
FNP-U09214,Female,1977-04-17,2026-02-14,Abuja,CMP-003,CH-004,2026-04-02
FNP-U09215,Female,2008-11-23,2026-01-28,Lagos,CMP-004,CH-005,2026-02-23
FNP-U09216,Male,1993-01-23,2026-02-17,Ogun,CMP-003,CH-004,2026-03-31
FNP-U09217,Male,1982-02-27,2026-02-12,Lagos,CMP-003,CH-004,2026-02-15
FNP-U09218,Male,1994-10-24,2026-03-11,Abuja,CMP-004,CH-005,2026-04-13
FNP-U09219,Female,1994-12-15,2026-02-09,Ogun,CMP-002,CH-002,2026-02-10
FNP-U09220,Male,2004-10-17,2026-03-06,Lagos,CMP-004,CH-005,2026-04-01
FNP-U09221,Female,1997-11-01,2026-03-22,Lagos,CMP-005,CH-003,2026-04-11
FNP-U09222,Female,2007-04-21,2026-04-17,Ogun,CMP-004,CH-005,2026-04-24
FNP-U09223,Female,1994-09-22,2026-02-07,Lagos,CMP-005,CH-003,2026-03-28
FNP-U09224,Female,2007-10-02,2026-04-19,Lagos,CMP-004,CH-005,2026-04-19
FNP-U09225,Female,2003-09-17,2026-04-23,Ogun,CMP-003,CH-004,2026-04-23
FNP-U09226,Female,2004-11-26,2026-04-22,Abuja,CMP-002,CH-002,2026-04-23
FNP-U09227,Male,1976-07-02,2026-01-26,Lagos,CMP-002,CH-002,2026-04-25
FNP-U09228,Male,1974-04-12,2026-03-26,Ogun,CMP-006,CH-002,2026-03-27
FNP-U09229,Female,2002-10-22,2026-03-18,Ogun,CMP-002,CH-002,2026-04-09
FNP-U09230,Female,1971-03-16,2026-03-10,Abuja,CMP-006,CH-002,2026-03-29
FNP-U09231,Male,2002-11-21,2026-02-04,Ogun,CMP-001,CH-001,2026-04-20
FNP-U09232,Male,2000-04-06,2026-03-28,Ogun,CMP-002,CH-002,2026-03-28
FNP-U09233,Male,1988-09-23,2026-04-02,Abuja,CMP-001,CH-001,2026-04-07
FNP-U09234,Female,1986-11-04,2026-02-05,Lagos,CMP-004,CH-005,2026-02-06
FNP-U09235,Female,2000-07-06,2026-03-14,Lagos,CMP-004,CH-005,2026-04-12
FNP-U09236,Female,1971-05-20,2026-04-02,Abuja,CMP-003,CH-004,2026-04-04
FNP-U09237,Female,1979-01-27,2026-02-27,Ogun,CMP-002,CH-002,2026-03-21
FNP-U09238,Female,1994-03-22,2026-04-04,Ogun,CMP-003,CH-004,2026-04-09
FNP-U09239,Female,2007-03-16,2026-04-10,Abuja,CMP-004,CH-005,2026-04-14
FNP-U09240,Male,1983-09-10,2026-03-20,Ogun,CMP-006,CH-002,2026-03-24
FNP-U09241,Male,2002-01-08,2026-03-11,Lagos,CMP-003,CH-004,2026-03-18
FNP-U09242,Male,1978-04-08,2026-03-07,Ogun,CMP-006,CH-002,2026-04-06
FNP-U09243,Male,2003-04-24,2026-01-29,Abuja,CMP-004,CH-005,2026-02-26
FNP-U09244,Male,2004-06-09,2026-04-21,Ogun,CMP-001,CH-001,2026-04-25
FNP-U09245,Male,1996-03-07,2026-02-01,Abuja,CMP-003,CH-004,2026-02-05
FNP-U09246,Male,2002-03-26,2026-02-14,Abuja,CMP-005,CH-003,2026-03-28
FNP-U09247,Female,1978-12-21,2026-02-23,Ogun,CMP-002,CH-002,2026-03-25
FNP-U09248,Male,1987-06-09,2026-02-09,Lagos,CMP-001,CH-001,2026-02-14
FNP-U09249,Female,1990-08-21,2026-02-18,Lagos,CMP-002,CH-002,2026-02-27
FNP-U09250,Female,1996-05-18,2026-02-07,Abuja,CMP-006,CH-002,2026-03-03
FNP-U09251,Female,2001-09-12,2026-04-07,Abuja,CMP-002,CH-002,2026-04-09
FNP-U09252,Male,1985-04-21,2026-02-07,Ogun,CMP-006,CH-002,2026-02-19
FNP-U09253,Female,1991-09-11,2026-02-14,Lagos,CMP-004,CH-005,2026-03-30
FNP-U09254,Male,2008-09-22,2026-02-14,Abuja,CMP-001,CH-001,2026-03-13
FNP-U09255,Male,1989-12-01,2026-04-02,Lagos,CMP-001,CH-001,2026-04-03
FNP-U09256,Female,1971-02-21,2026-03-20,Abuja,CMP-002,CH-002,2026-03-29
FNP-U09257,Male,2008-12-24,2026-03-27,Abuja,CMP-004,CH-005,2026-04-09
FNP-U09258,Male,1991-02-07,2026-02-24,Abuja,CMP-003,CH-004,2026-04-17
FNP-U09259,Male,1979-09-25,2026-03-27,Abuja,CMP-002,CH-002,2026-03-30
FNP-U09260,Female,1994-01-04,2026-01-29,Lagos,CMP-005,CH-003,2026-03-29
FNP-U09261,Male,1983-06-21,2026-03-13,Ogun,CMP-003,CH-004,2026-03-13
FNP-U09262,Female,2003-03-04,2026-04-20,Lagos,CMP-006,CH-002,2026-04-22
FNP-U09263,Male,2005-05-21,2026-03-04,Ogun,CMP-001,CH-001,2026-03-15
FNP-U09264,Male,1986-09-23,2026-04-09,Lagos,CMP-001,CH-001,2026-04-10
FNP-U09265,Male,2007-02-10,2026-02-28,Lagos,CMP-002,CH-002,2026-03-31
FNP-U09266,Female,2008-02-04,2026-02-09,Ogun,CMP-005,CH-003,2026-04-09
FNP-U09267,Female,1993-03-24,2026-04-07,Lagos,CMP-004,CH-005,2026-04-17
FNP-U09268,Female,1983-10-23,2026-03-14,Lagos,CMP-003,CH-004,2026-03-14
FNP-U09269,Female,1996-07-26,2026-02-01,Lagos,CMP-004,CH-005,2026-04-24
FNP-U09270,Female,2005-01-21,2026-02-05,Lagos,CMP-005,CH-003,2026-03-12
FNP-U09271,Female,1987-11-23,2026-02-02,Lagos,CMP-003,CH-004,2026-03-24
FNP-U09272,Male,1998-05-06,2026-03-01,Abuja,CMP-006,CH-002,2026-04-04
FNP-U09273,Female,2003-08-10,2026-01-30,Lagos,CMP-006,CH-002,2026-03-10
FNP-U09274,Male,1972-09-11,2026-04-23,Ogun,CMP-002,CH-002,2026-04-24
FNP-U09275,Male,1981-11-05,2026-04-05,Ogun,CMP-006,CH-002,2026-04-21
FNP-U09276,Female,1995-04-15,2026-03-31,Lagos,CMP-004,CH-005,2026-04-13
FNP-U09277,Female,2000-08-04,2026-04-02,Ogun,CMP-003,CH-004,2026-04-22
FNP-U09278,Male,1992-10-26,2026-04-15,Lagos,CMP-005,CH-003,2026-04-21
FNP-U09279,Male,2002-04-07,2026-01-31,Abuja,CMP-006,CH-002,2026-03-30
FNP-U09280,Female,1985-01-27,2026-03-30,Ogun,CMP-001,CH-001,2026-04-08
FNP-U09281,Male,2001-12-17,2026-04-09,Lagos,CMP-006,CH-002,2026-04-18
FNP-U09282,Female,1987-04-08,2026-03-07,Abuja,CMP-003,CH-004,2026-04-06
FNP-U09283,Male,2000-06-11,2026-02-04,Lagos,CMP-003,CH-004,2026-02-18
FNP-U09284,Male,1974-12-11,2026-02-06,Lagos,CMP-003,CH-004,2026-02-08
FNP-U09285,Female,2008-08-18,2026-03-08,Ogun,CMP-005,CH-003,2026-04-14
FNP-U09286,Female,2006-01-16,2026-03-02,Lagos,CMP-005,CH-003,2026-04-20
FNP-U09287,Female,1984-11-13,2026-02-06,Ogun,CMP-003,CH-004,2026-02-10
FNP-U09288,Male,1996-02-17,2026-02-03,Abuja,CMP-005,CH-003,2026-03-02
FNP-U09289,Male,2002-03-10,2026-04-25,Lagos,CMP-003,CH-004,2026-04-25
FNP-U09290,Male,1979-10-04,2026-01-30,Ogun,CMP-002,CH-002,2026-04-09
FNP-U09291,Male,1990-02-24,2026-02-06,Lagos,CMP-004,CH-005,2026-02-13
FNP-U09292,Male,2004-10-23,2026-01-27,Lagos,CMP-005,CH-003,2026-04-01
FNP-U09293,Female,1995-10-18,2026-02-28,Lagos,CMP-003,CH-004,2026-04-23
FNP-U09294,Male,2001-03-18,2026-02-23,Lagos,CMP-005,CH-003,2026-02-27
FNP-U09295,Female,1987-06-09,2026-02-24,Lagos,CMP-002,CH-002,2026-03-31
FNP-U09296,Male,2008-12-13,2026-01-28,Abuja,CMP-001,CH-001,2026-04-10
FNP-U09297,Female,2006-08-17,2026-02-23,Abuja,CMP-002,CH-002,2026-04-11
FNP-U09298,Female,2002-07-15,2026-03-22,Abuja,CMP-005,CH-003,2026-03-30
FNP-U09299,Female,1988-02-28,2026-02-05,Lagos,CMP-001,CH-001,2026-03-10
FNP-U09300,Female,2001-08-16,2026-03-23,Lagos,CMP-006,CH-002,2026-04-03
FNP-U09301,Male,2003-12-20,2026-04-22,Ogun,CMP-005,CH-003,2026-04-24
FNP-U09302,Female,2007-05-26,2026-02-26,Abuja,CMP-005,CH-003,2026-04-17
FNP-U09303,Female,1999-01-20,2026-03-28,Abuja,CMP-001,CH-001,2026-04-04
FNP-U09304,Female,1995-06-10,2026-02-11,Ogun,CMP-004,CH-005,2026-02-28
FNP-U09305,Female,1996-01-28,2026-03-07,Lagos,CMP-003,CH-004,2026-03-25
FNP-U09306,Male,1996-12-15,2026-04-04,Abuja,CMP-002,CH-002,2026-04-07
FNP-U09307,Male,1997-04-10,2026-01-31,Lagos,CMP-004,CH-005,2026-02-05
FNP-U09308,Male,1997-03-14,2026-04-09,Abuja,CMP-005,CH-003,2026-04-14
FNP-U09309,Female,1993-02-27,2026-02-11,Lagos,CMP-002,CH-002,2026-04-12
FNP-U09310,Male,1991-04-12,2026-01-31,Ogun,CMP-003,CH-004,2026-02-03
FNP-U09311,Female,1983-11-27,2026-04-01,Ogun,CMP-001,CH-001,2026-04-18
FNP-U09312,Female,1985-12-12,2026-02-21,Ogun,CMP-003,CH-004,2026-03-13
FNP-U09313,Female,2004-05-04,2026-04-01,Abuja,CMP-004,CH-005,2026-04-22
FNP-U09314,Male,1989-10-17,2026-04-14,Lagos,CMP-006,CH-002,2026-04-25
FNP-U09315,Female,1995-10-28,2026-02-25,Ogun,CMP-001,CH-001,2026-03-04
FNP-U09316,Female,2003-12-18,2026-03-06,Lagos,CMP-006,CH-002,2026-04-04
FNP-U09317,Female,2004-10-04,2026-04-06,Lagos,CMP-005,CH-003,2026-04-12
FNP-U09318,Male,2007-06-09,2026-04-14,Ogun,CMP-005,CH-003,2026-04-21
FNP-U09319,Male,2008-08-09,2026-04-14,Abuja,CMP-004,CH-005,2026-04-15
FNP-U09320,Female,1981-03-04,2026-04-02,Ogun,CMP-001,CH-001,2026-04-03
FNP-U09321,Male,1998-03-24,2026-03-27,Abuja,CMP-005,CH-003,2026-04-08
FNP-U09322,Female,1985-12-02,2026-01-27,Ogun,CMP-001,CH-001,2026-03-24
FNP-U09323,Male,1998-02-24,2026-02-04,Lagos,CMP-006,CH-002,2026-03-08
FNP-U09324,Male,1984-10-19,2026-02-16,Lagos,CMP-002,CH-002,2026-03-23
FNP-U09325,Female,1980-09-13,2026-03-13,Abuja,CMP-002,CH-002,2026-04-01
FNP-U09326,Female,1990-01-09,2026-03-22,Ogun,CMP-004,CH-005,2026-03-28
FNP-U09327,Male,1976-09-20,2026-04-20,Abuja,CMP-002,CH-002,2026-04-23
FNP-U09328,Female,2007-07-20,2026-03-11,Lagos,CMP-005,CH-003,2026-03-13
FNP-U09329,Female,1983-06-15,2026-03-15,Abuja,CMP-003,CH-004,2026-04-19
FNP-U09330,Male,2002-03-14,2026-04-02,Lagos,CMP-005,CH-003,2026-04-14
FNP-U09331,Male,2005-12-16,2026-04-01,Lagos,CMP-006,CH-002,2026-04-03
FNP-U09332,Female,1986-05-05,2026-04-05,Abuja,CMP-004,CH-005,2026-04-11
FNP-U09333,Male,1996-04-08,2026-02-23,Lagos,CMP-002,CH-002,2026-03-19
FNP-U09334,Male,1971-07-03,2026-03-31,Abuja,CMP-003,CH-004,2026-04-24
FNP-U09335,Female,1999-04-15,2026-03-28,Lagos,CMP-005,CH-003,2026-04-23
FNP-U09336,Female,2001-05-23,2026-03-09,Ogun,CMP-004,CH-005,2026-04-11
FNP-U09337,Male,2008-05-18,2026-03-10,Ogun,CMP-006,CH-002,2026-04-18
FNP-U09338,Female,2001-01-23,2026-04-01,Ogun,CMP-001,CH-001,2026-04-10
FNP-U09339,Male,1972-09-12,2026-03-15,Ogun,CMP-006,CH-002,2026-03-30
FNP-U09340,Male,1984-02-25,2026-02-04,Abuja,CMP-002,CH-002,2026-03-03
FNP-U09341,Male,2003-08-04,2026-02-18,Ogun,CMP-003,CH-004,2026-02-20
FNP-U09342,Male,2008-11-04,2026-01-29,Abuja,CMP-002,CH-002,2026-02-08
FNP-U09343,Male,1999-08-18,2026-04-19,Lagos,CMP-002,CH-002,2026-04-20
FNP-U09344,Male,1989-08-17,2026-02-18,Lagos,CMP-006,CH-002,2026-04-15
FNP-U09345,Female,2005-04-19,2026-01-31,Lagos,CMP-001,CH-001,2026-02-09
FNP-U09346,Female,1980-04-24,2026-03-14,Ogun,CMP-002,CH-002,2026-04-04
FNP-U09347,Female,1993-11-17,2026-01-31,Ogun,CMP-006,CH-002,2026-02-26
FNP-U09348,Male,1986-05-25,2026-04-13,Lagos,CMP-001,CH-001,2026-04-21
FNP-U09349,Female,2000-10-05,2026-04-20,Abuja,CMP-004,CH-005,2026-04-24
FNP-U09350,Female,2000-12-21,2026-03-11,Lagos,CMP-005,CH-003,2026-04-24
FNP-U09351,Male,1997-02-24,2026-02-16,Lagos,CMP-005,CH-003,2026-03-06
FNP-U09352,Female,2006-06-12,2026-03-20,Lagos,CMP-002,CH-002,2026-04-04
FNP-U09353,Male,2001-05-08,2026-02-12,Abuja,CMP-005,CH-003,2026-02-15
FNP-U09354,Female,2003-03-01,2026-03-16,Lagos,CMP-004,CH-005,2026-03-31
FNP-U09355,Female,1999-05-02,2026-04-07,Ogun,CMP-001,CH-001,2026-04-25
FNP-U09356,Female,1983-06-12,2026-02-12,Lagos,CMP-003,CH-004,2026-03-09
FNP-U09357,Male,2004-07-04,2026-03-18,Ogun,CMP-003,CH-004,2026-03-30
FNP-U09358,Female,2007-06-10,2026-02-07,Abuja,CMP-004,CH-005,2026-04-13
FNP-U09359,Male,1980-09-11,2026-04-09,Ogun,CMP-006,CH-002,2026-04-09
FNP-U09360,Male,2001-11-02,2026-04-16,Ogun,CMP-005,CH-003,2026-04-22
FNP-U09361,Male,2003-06-07,2026-04-17,Abuja,CMP-002,CH-002,2026-04-21
FNP-U09362,Female,1988-05-26,2026-03-02,Abuja,CMP-002,CH-002,2026-03-24
FNP-U09363,Male,1971-01-28,2026-03-05,Abuja,CMP-003,CH-004,2026-03-05
FNP-U09364,Male,1988-07-11,2026-04-16,Ogun,CMP-004,CH-005,2026-04-16
FNP-U09365,Male,2005-09-08,2026-03-28,Abuja,CMP-005,CH-003,2026-03-31
FNP-U09366,Female,2001-01-12,2026-03-09,Ogun,CMP-004,CH-005,2026-04-04
FNP-U09367,Female,1989-10-10,2026-03-25,Abuja,CMP-003,CH-004,2026-04-01
FNP-U09368,Female,1996-05-03,2026-04-11,Abuja,CMP-005,CH-003,2026-04-17
FNP-U09369,Male,1985-09-20,2026-02-28,Abuja,CMP-003,CH-004,2026-04-18
FNP-U09370,Male,2001-06-02,2026-02-24,Lagos,CMP-005,CH-003,2026-04-02
FNP-U09371,Female,1999-09-23,2026-03-06,Lagos,CMP-006,CH-002,2026-03-13
FNP-U09372,Male,2003-03-20,2026-04-24,Lagos,CMP-003,CH-004,2026-04-24
FNP-U09373,Female,2007-08-09,2026-04-08,Abuja,CMP-004,CH-005,2026-04-08
FNP-U09374,Female,1993-02-21,2026-04-16,Ogun,CMP-001,CH-001,2026-04-20
FNP-U09375,Female,2005-09-21,2026-03-23,Lagos,CMP-005,CH-003,2026-04-04
FNP-U09376,Male,2008-03-18,2026-03-01,Abuja,CMP-005,CH-003,2026-03-18
FNP-U09377,Female,1977-02-03,2026-03-25,Ogun,CMP-006,CH-002,2026-04-17
FNP-U09378,Female,2006-11-24,2026-02-09,Lagos,CMP-002,CH-002,2026-03-28
FNP-U09379,Female,2006-05-02,2026-03-11,Ogun,CMP-005,CH-003,2026-04-04
FNP-U09380,Male,1990-07-01,2026-02-28,Lagos,CMP-006,CH-002,2026-03-26
FNP-U09381,Male,1998-10-05,2026-02-22,Lagos,CMP-004,CH-005,2026-02-24
FNP-U09382,Male,1979-01-20,2026-04-11,Abuja,CMP-006,CH-002,2026-04-19
FNP-U09383,Female,2002-09-01,2026-03-16,Abuja,CMP-001,CH-001,2026-03-23
FNP-U09384,Male,1983-08-25,2026-04-11,Abuja,CMP-001,CH-001,2026-04-13
FNP-U09385,Male,1994-03-25,2026-03-08,Ogun,CMP-001,CH-001,2026-03-31
FNP-U09386,Female,1998-09-10,2026-02-01,Abuja,CMP-002,CH-002,2026-03-22
FNP-U09387,Male,2003-05-13,2026-04-25,Abuja,CMP-003,CH-004,2026-04-25
FNP-U09388,Male,1990-03-20,2026-01-28,Ogun,CMP-006,CH-002,2026-03-22
FNP-U09389,Female,2007-07-12,2026-02-07,Lagos,CMP-004,CH-005,2026-04-21
FNP-U09390,Male,2001-10-03,2026-04-25,Abuja,CMP-006,CH-002,2026-04-25
FNP-U09391,Male,2003-04-15,2026-02-01,Abuja,CMP-005,CH-003,2026-04-03
FNP-U09392,Female,1997-10-03,2026-03-03,Ogun,CMP-005,CH-003,2026-03-04
FNP-U09393,Female,2002-06-05,2026-03-03,Lagos,CMP-002,CH-002,2026-03-20
FNP-U09394,Female,2003-05-17,2026-04-08,Abuja,CMP-004,CH-005,2026-04-19
FNP-U09395,Male,1992-11-20,2026-03-04,Ogun,CMP-001,CH-001,2026-04-05
FNP-U09396,Male,1991-04-13,2026-02-20,Abuja,CMP-001,CH-001,2026-03-17
FNP-U09397,Female,1987-05-23,2026-04-02,Abuja,CMP-006,CH-002,2026-04-10
FNP-U09398,Female,1985-09-06,2026-04-20,Lagos,CMP-006,CH-002,2026-04-25
FNP-U09399,Male,2006-04-17,2026-04-11,Ogun,CMP-001,CH-001,2026-04-17
FNP-U09400,Male,2007-09-02,2026-02-12,Lagos,CMP-001,CH-001,2026-03-20
FNP-U09401,Male,2002-01-10,2026-04-15,Lagos,CMP-004,CH-005,2026-04-20
FNP-U09402,Male,1993-11-27,2026-03-04,Ogun,CMP-002,CH-002,2026-04-11
FNP-U09403,Male,1998-09-19,2026-04-19,Lagos,CMP-005,CH-003,2026-04-22
FNP-U09404,Female,1981-01-02,2026-02-26,Abuja,CMP-002,CH-002,2026-04-23
FNP-U09405,Female,2002-01-16,2026-04-23,Abuja,CMP-002,CH-002,2026-04-23
FNP-U09406,Male,1988-03-14,2026-04-23,Abuja,CMP-002,CH-002,2026-04-24
FNP-U09407,Male,1986-01-12,2026-02-23,Abuja,CMP-006,CH-002,2026-04-12
FNP-U09408,Female,1974-04-17,2026-02-09,Abuja,CMP-002,CH-002,2026-04-21
FNP-U09409,Male,1986-03-04,2026-02-10,Abuja,CMP-001,CH-001,2026-03-03
FNP-U09410,Male,1992-07-05,2026-03-13,Ogun,CMP-001,CH-001,2026-03-20
FNP-U09411,Female,1990-08-19,2026-02-10,Abuja,CMP-004,CH-005,2026-03-03
FNP-U09412,Male,1992-10-07,2026-02-12,Ogun,CMP-005,CH-003,2026-02-22
FNP-U09413,Female,2000-08-08,2026-03-04,Ogun,CMP-005,CH-003,2026-04-14
FNP-U09414,Male,1971-07-05,2026-03-25,Ogun,CMP-006,CH-002,2026-04-19
FNP-U09415,Female,1976-10-12,2026-02-18,Abuja,CMP-003,CH-004,2026-04-03
FNP-U09416,Male,1987-02-18,2026-03-16,Lagos,CMP-002,CH-002,2026-04-19
FNP-U09417,Female,1995-05-14,2026-04-13,Abuja,CMP-003,CH-004,2026-04-20
FNP-U09418,Female,2001-03-26,2026-03-24,Abuja,CMP-004,CH-005,2026-03-26
FNP-U09419,Male,1976-05-02,2026-03-02,Lagos,CMP-006,CH-002,2026-03-17
FNP-U09420,Male,1986-11-24,2026-04-01,Ogun,CMP-001,CH-001,2026-04-14
FNP-U09421,Male,1998-03-24,2026-03-26,Ogun,CMP-004,CH-005,2026-04-17
FNP-U09422,Male,1987-12-15,2026-02-06,Ogun,CMP-003,CH-004,2026-04-05
FNP-U09423,Female,1987-08-11,2026-04-01,Ogun,CMP-001,CH-001,2026-04-23
FNP-U09424,Female,1995-11-01,2026-04-18,Ogun,CMP-003,CH-004,2026-04-23
FNP-U09425,Female,1990-01-16,2026-03-26,Lagos,CMP-006,CH-002,2026-04-06
FNP-U09426,Female,1985-07-28,2026-03-13,Abuja,CMP-003,CH-004,2026-03-28
FNP-U09427,Female,1985-10-19,2026-02-07,Ogun,CMP-002,CH-002,2026-03-12
FNP-U09428,Male,1986-12-26,2026-02-17,Ogun,CMP-006,CH-002,2026-04-10
FNP-U09429,Female,1986-10-28,2026-03-23,Abuja,CMP-001,CH-001,2026-04-06
FNP-U09430,Male,1992-05-08,2026-03-07,Abuja,CMP-005,CH-003,2026-03-19
FNP-U09431,Male,2005-08-23,2026-04-03,Lagos,CMP-001,CH-001,2026-04-16
FNP-U09432,Female,1988-04-01,2026-04-10,Ogun,CMP-003,CH-004,2026-04-17
FNP-U09433,Female,1978-09-23,2026-03-17,Abuja,CMP-006,CH-002,2026-03-29
FNP-U09434,Female,1981-09-28,2026-04-24,Abuja,CMP-001,CH-001,2026-04-24
FNP-U09435,Male,2007-04-12,2026-02-02,Ogun,CMP-006,CH-002,2026-02-14
FNP-U09436,Male,2003-03-21,2026-03-06,Lagos,CMP-005,CH-003,2026-04-15
FNP-U09437,Male,1982-04-23,2026-03-28,Lagos,CMP-003,CH-004,2026-04-06
FNP-U09438,Female,2003-05-07,2026-04-05,Abuja,CMP-001,CH-001,2026-04-17
FNP-U09439,Male,1982-04-14,2026-03-17,Abuja,CMP-006,CH-002,2026-04-14
FNP-U09440,Male,1975-08-18,2026-03-04,Abuja,CMP-003,CH-004,2026-04-16
FNP-U09441,Female,1989-10-18,2026-04-10,Lagos,CMP-003,CH-004,2026-04-10
FNP-U09442,Male,1988-02-28,2026-03-25,Lagos,CMP-004,CH-005,2026-04-09
FNP-U09443,Female,1979-05-27,2026-01-30,Ogun,CMP-006,CH-002,2026-02-16
FNP-U09444,Female,1991-01-08,2026-03-29,Abuja,CMP-005,CH-003,2026-04-06
FNP-U09445,Female,1986-12-04,2026-02-19,Ogun,CMP-001,CH-001,2026-04-20
FNP-U09446,Male,1997-03-11,2026-02-25,Lagos,CMP-001,CH-001,2026-03-18
FNP-U09447,Male,2008-04-21,2026-03-27,Ogun,CMP-006,CH-002,2026-04-25
FNP-U09448,Female,1979-02-01,2026-04-01,Ogun,CMP-003,CH-004,2026-04-07
FNP-U09449,Female,1974-10-14,2026-03-27,Ogun,CMP-002,CH-002,2026-04-03
FNP-U09450,Female,2000-11-09,2026-03-31,Abuja,CMP-001,CH-001,2026-04-13
FNP-U09451,Male,1999-03-18,2026-03-10,Abuja,CMP-005,CH-003,2026-04-06
FNP-U09452,Male,1990-08-06,2026-04-15,Ogun,CMP-001,CH-001,2026-04-16
FNP-U09453,Female,2003-02-07,2026-04-06,Ogun,CMP-006,CH-002,2026-04-06
FNP-U09454,Female,1971-12-17,2026-04-07,Ogun,CMP-002,CH-002,2026-04-17
FNP-U09455,Female,1986-03-06,2026-04-03,Abuja,CMP-002,CH-002,2026-04-10
FNP-U09456,Male,2004-02-11,2026-03-20,Lagos,CMP-003,CH-004,2026-04-18
FNP-U09457,Male,1989-07-08,2026-02-10,Lagos,CMP-001,CH-001,2026-02-11
FNP-U09458,Female,2001-09-18,2026-02-24,Ogun,CMP-006,CH-002,2026-03-26
FNP-U09459,Female,1998-01-21,2026-02-27,Abuja,CMP-002,CH-002,2026-03-29
FNP-U09460,Male,2001-07-05,2026-01-26,Ogun,CMP-004,CH-005,2026-04-08
FNP-U09461,Male,1977-02-06,2026-04-06,Ogun,CMP-003,CH-004,2026-04-15
FNP-U09462,Male,1990-05-04,2026-03-19,Abuja,CMP-004,CH-005,2026-04-14
FNP-U09463,Male,2006-11-09,2026-03-15,Ogun,CMP-002,CH-002,2026-03-25
FNP-U09464,Male,1988-09-04,2026-03-13,Ogun,CMP-006,CH-002,2026-03-19
FNP-U09465,Female,1989-03-28,2026-04-17,Lagos,CMP-006,CH-002,2026-04-19
FNP-U09466,Female,1994-02-10,2026-04-23,Lagos,CMP-005,CH-003,2026-04-25
FNP-U09467,Male,2002-08-26,2026-02-02,Ogun,CMP-001,CH-001,2026-02-08
FNP-U09468,Female,2005-10-13,2026-03-26,Abuja,CMP-002,CH-002,2026-04-03
FNP-U09469,Male,1989-08-15,2026-04-08,Ogun,CMP-006,CH-002,2026-04-23
FNP-U09470,Female,2008-05-21,2026-04-12,Lagos,CMP-004,CH-005,2026-04-12
FNP-U09471,Female,1988-10-07,2026-03-20,Abuja,CMP-004,CH-005,2026-03-27
FNP-U09472,Female,1986-12-06,2026-04-09,Abuja,CMP-006,CH-002,2026-04-16
FNP-U09473,Male,2005-11-03,2026-03-15,Lagos,CMP-006,CH-002,2026-04-01
FNP-U09474,Male,1997-10-13,2026-02-19,Ogun,CMP-003,CH-004,2026-03-19
FNP-U09475,Female,1995-02-21,2026-04-01,Lagos,CMP-003,CH-004,2026-04-18
FNP-U09476,Female,1975-10-09,2026-04-04,Lagos,CMP-006,CH-002,2026-04-25
FNP-U09477,Female,2000-06-06,2026-02-24,Ogun,CMP-006,CH-002,2026-03-06
FNP-U09478,Male,1996-11-08,2026-02-17,Ogun,CMP-003,CH-004,2026-02-26
FNP-U09479,Female,1989-06-15,2026-03-08,Abuja,CMP-001,CH-001,2026-03-20
FNP-U09480,Male,2001-12-01,2026-03-02,Ogun,CMP-004,CH-005,2026-03-28
FNP-U09481,Female,1989-10-01,2026-01-29,Lagos,CMP-001,CH-001,2026-02-09
FNP-U09482,Female,1986-05-21,2026-02-09,Ogun,CMP-004,CH-005,2026-04-22
FNP-U09483,Female,1989-11-18,2026-02-09,Ogun,CMP-006,CH-002,2026-02-17
FNP-U09484,Female,1994-02-16,2026-03-09,Abuja,CMP-005,CH-003,2026-04-06
FNP-U09485,Male,2004-05-21,2026-04-10,Ogun,CMP-004,CH-005,2026-04-17
FNP-U09486,Male,1996-01-22,2026-04-19,Abuja,CMP-001,CH-001,2026-04-19
FNP-U09487,Female,1984-07-22,2026-02-10,Abuja,CMP-001,CH-001,2026-04-19
FNP-U09488,Male,2002-06-05,2026-04-11,Lagos,CMP-005,CH-003,2026-04-24
FNP-U09489,Male,1998-09-24,2026-03-31,Abuja,CMP-004,CH-005,2026-04-01
FNP-U09490,Female,1987-12-03,2026-02-08,Lagos,CMP-004,CH-005,2026-03-24
FNP-U09491,Male,2002-03-20,2026-03-28,Ogun,CMP-003,CH-004,2026-04-12
FNP-U09492,Male,2001-06-03,2026-02-05,Lagos,CMP-006,CH-002,2026-03-30
FNP-U09493,Male,1997-02-14,2026-02-23,Lagos,CMP-006,CH-002,2026-03-12
FNP-U09494,Female,2001-09-05,2026-03-18,Ogun,CMP-001,CH-001,2026-04-23
FNP-U09495,Female,1991-01-26,2026-02-28,Abuja,CMP-005,CH-003,2026-02-28
FNP-U09496,Male,2006-08-23,2026-02-05,Abuja,CMP-002,CH-002,2026-03-25
FNP-U09497,Female,1988-01-11,2026-04-13,Abuja,CMP-006,CH-002,2026-04-19
FNP-U09498,Male,2005-06-11,2026-03-31,Lagos,CMP-005,CH-003,2026-03-31
FNP-U09499,Male,1983-12-04,2026-04-02,Ogun,CMP-001,CH-001,2026-04-16
FNP-U09500,Female,1985-04-05,2026-03-26,Abuja,CMP-002,CH-002,2026-04-14
FNP-U09501,Female,1971-03-04,2026-03-04,Abuja,CMP-006,CH-002,2026-04-09
FNP-U09502,Male,2000-06-21,2026-03-26,Ogun,CMP-003,CH-004,2026-04-24
FNP-U09503,Female,2000-04-09,2026-02-04,Lagos,CMP-005,CH-003,2026-03-13
FNP-U09504,Female,1986-08-11,2026-03-03,Lagos,CMP-004,CH-005,2026-04-15
FNP-U09505,Female,1990-12-16,2026-04-07,Ogun,CMP-002,CH-002,2026-04-19
FNP-U09506,Female,2006-04-19,2026-04-07,Abuja,CMP-005,CH-003,2026-04-21
FNP-U09507,Female,1989-12-21,2026-02-27,Abuja,CMP-006,CH-002,2026-04-07
FNP-U09508,Male,1997-11-26,2026-03-23,Abuja,CMP-001,CH-001,2026-04-21
FNP-U09509,Male,1985-07-02,2026-02-28,Abuja,CMP-002,CH-002,2026-04-19
FNP-U09510,Male,2007-05-17,2026-03-14,Lagos,CMP-001,CH-001,2026-04-22
FNP-U09511,Male,2007-03-11,2026-01-29,Lagos,CMP-005,CH-003,2026-03-25
FNP-U09512,Female,1986-10-22,2026-02-15,Lagos,CMP-006,CH-002,2026-04-14
FNP-U09513,Male,1987-11-27,2026-03-28,Ogun,CMP-004,CH-005,2026-04-11
FNP-U09514,Male,2001-01-14,2026-04-23,Abuja,CMP-003,CH-004,2026-04-25
FNP-U09515,Female,1997-06-10,2026-04-14,Ogun,CMP-002,CH-002,2026-04-22
FNP-U09516,Female,1991-09-15,2026-02-22,Lagos,CMP-001,CH-001,2026-04-10
FNP-U09517,Male,1988-03-13,2026-04-08,Abuja,CMP-004,CH-005,2026-04-18
FNP-U09518,Male,1980-08-12,2026-02-17,Lagos,CMP-002,CH-002,2026-02-26
FNP-U09519,Female,1980-11-08,2026-04-11,Abuja,CMP-006,CH-002,2026-04-22
FNP-U09520,Male,2003-03-06,2026-01-26,Ogun,CMP-006,CH-002,2026-02-03
FNP-U09521,Male,1994-10-19,2026-02-25,Abuja,CMP-004,CH-005,2026-03-03
FNP-U09522,Male,1988-01-21,2026-04-01,Abuja,CMP-003,CH-004,2026-04-06
FNP-U09523,Female,2001-11-23,2026-04-11,Abuja,CMP-004,CH-005,2026-04-23
FNP-U09524,Female,2004-07-23,2026-02-18,Abuja,CMP-002,CH-002,2026-03-12
FNP-U09525,Male,2002-09-12,2026-02-10,Ogun,CMP-005,CH-003,2026-04-04
FNP-U09526,Female,1991-08-20,2026-03-24,Lagos,CMP-006,CH-002,2026-04-07
FNP-U09527,Male,1989-06-20,2026-04-15,Abuja,CMP-004,CH-005,2026-04-18
FNP-U09528,Female,2006-07-02,2026-02-06,Ogun,CMP-001,CH-001,2026-04-02
FNP-U09529,Male,2001-09-20,2026-04-19,Lagos,CMP-006,CH-002,2026-04-22
FNP-U09530,Male,1975-01-26,2026-02-13,Ogun,CMP-006,CH-002,2026-04-07
FNP-U09531,Male,1977-04-06,2026-03-30,Ogun,CMP-002,CH-002,2026-03-30
FNP-U09532,Male,1998-01-23,2026-04-25,Ogun,CMP-003,CH-004,2026-04-25
FNP-U09533,Female,1995-08-20,2026-03-03,Ogun,CMP-004,CH-005,2026-03-29
FNP-U09534,Female,2007-10-21,2026-03-14,Lagos,CMP-001,CH-001,2026-04-19
FNP-U09535,Male,2001-09-05,2026-03-18,Lagos,CMP-001,CH-001,2026-03-26
FNP-U09536,Male,2001-01-04,2026-03-09,Abuja,CMP-005,CH-003,2026-04-15
FNP-U09537,Female,1977-02-07,2026-01-28,Abuja,CMP-006,CH-002,2026-02-09
FNP-U09538,Female,2005-01-09,2026-02-01,Lagos,CMP-004,CH-005,2026-02-15
FNP-U09539,Female,2002-08-07,2026-02-25,Lagos,CMP-005,CH-003,2026-03-13
FNP-U09540,Male,1994-11-04,2026-04-18,Lagos,CMP-002,CH-002,2026-04-24
FNP-U09541,Female,2004-04-26,2026-02-20,Abuja,CMP-006,CH-002,2026-03-10
FNP-U09542,Male,1993-08-12,2026-04-17,Abuja,CMP-005,CH-003,2026-04-25
FNP-U09543,Female,1987-03-06,2026-02-13,Lagos,CMP-002,CH-002,2026-02-16
FNP-U09544,Male,1991-03-27,2026-04-05,Abuja,CMP-001,CH-001,2026-04-22
FNP-U09545,Female,1990-08-26,2026-02-27,Lagos,CMP-004,CH-005,2026-03-18
FNP-U09546,Female,2008-03-24,2026-03-07,Lagos,CMP-001,CH-001,2026-04-11
FNP-U09547,Male,1995-07-20,2026-03-19,Lagos,CMP-001,CH-001,2026-04-07
FNP-U09548,Female,1976-04-07,2026-04-12,Lagos,CMP-006,CH-002,2026-04-20
FNP-U09549,Female,2004-01-13,2026-03-02,Ogun,CMP-005,CH-003,2026-03-07
FNP-U09550,Female,1974-02-24,2026-04-12,Abuja,CMP-002,CH-002,2026-04-15
FNP-U09551,Male,1994-01-20,2026-02-01,Lagos,CMP-005,CH-003,2026-04-24
FNP-U09552,Male,1988-01-28,2026-03-12,Ogun,CMP-001,CH-001,2026-03-13
FNP-U09553,Male,1989-01-19,2026-03-09,Lagos,CMP-003,CH-004,2026-03-29
FNP-U09554,Female,2004-09-21,2026-01-27,Ogun,CMP-001,CH-001,2026-03-28
FNP-U09555,Female,2006-01-23,2026-03-11,Ogun,CMP-006,CH-002,2026-03-27
FNP-U09556,Female,2002-07-28,2026-02-18,Lagos,CMP-003,CH-004,2026-04-14
FNP-U09557,Male,1983-07-21,2026-02-17,Lagos,CMP-002,CH-002,2026-03-15
FNP-U09558,Female,2006-10-28,2026-03-08,Abuja,CMP-006,CH-002,2026-03-14
FNP-U09559,Female,1987-08-12,2026-04-17,Abuja,CMP-003,CH-004,2026-04-21
FNP-U09560,Female,1992-06-23,2026-03-02,Ogun,CMP-005,CH-003,2026-03-18
FNP-U09561,Female,2000-08-19,2026-02-24,Abuja,CMP-001,CH-001,2026-04-18
FNP-U09562,Male,1989-10-04,2026-03-18,Lagos,CMP-002,CH-002,2026-04-24
FNP-U09563,Male,1992-05-17,2026-04-25,Abuja,CMP-001,CH-001,2026-04-25
FNP-U09564,Female,2008-06-15,2026-02-28,Ogun,CMP-004,CH-005,2026-04-22
FNP-U09565,Male,1992-02-16,2026-02-07,Abuja,CMP-002,CH-002,2026-03-29
FNP-U09566,Female,1995-05-22,2026-04-07,Lagos,CMP-005,CH-003,2026-04-07
FNP-U09567,Male,2006-06-16,2026-02-26,Ogun,CMP-006,CH-002,2026-04-16
FNP-U09568,Male,1986-10-22,2026-01-28,Lagos,CMP-001,CH-001,2026-01-28
FNP-U09569,Male,2008-10-07,2026-02-17,Lagos,CMP-005,CH-003,2026-03-31
FNP-U09570,Male,1994-12-10,2026-02-04,Ogun,CMP-003,CH-004,2026-02-08
FNP-U09571,Female,2008-01-05,2026-02-13,Ogun,CMP-006,CH-002,2026-04-15
FNP-U09572,Male,1993-01-13,2026-04-10,Abuja,CMP-003,CH-004,2026-04-23
FNP-U09573,Male,1994-07-23,2026-04-14,Ogun,CMP-005,CH-003,2026-04-24
FNP-U09574,Female,2001-11-01,2026-02-02,Lagos,CMP-004,CH-005,2026-02-09
FNP-U09575,Female,1998-03-02,2026-04-21,Ogun,CMP-003,CH-004,2026-04-25
FNP-U09576,Female,1988-08-21,2026-04-09,Abuja,CMP-006,CH-002,2026-04-24
FNP-U09577,Male,1994-08-07,2026-04-02,Lagos,CMP-005,CH-003,2026-04-11
FNP-U09578,Female,1994-06-16,2026-02-05,Lagos,CMP-002,CH-002,2026-03-12
FNP-U09579,Female,1999-05-08,2026-02-13,Abuja,CMP-001,CH-001,2026-04-10
FNP-U09580,Male,2000-07-22,2026-02-03,Lagos,CMP-004,CH-005,2026-04-12
FNP-U09581,Female,2007-07-19,2026-04-22,Abuja,CMP-005,CH-003,2026-04-23
FNP-U09582,Female,2008-01-16,2026-04-18,Ogun,CMP-006,CH-002,2026-04-23
FNP-U09583,Female,1995-03-04,2026-01-31,Ogun,CMP-005,CH-003,2026-03-29
FNP-U09584,Female,1993-08-23,2026-02-22,Abuja,CMP-004,CH-005,2026-03-16
FNP-U09585,Male,2004-10-26,2026-03-13,Ogun,CMP-005,CH-003,2026-04-25
FNP-U09586,Male,1990-05-09,2026-02-04,Ogun,CMP-002,CH-002,2026-02-26
FNP-U09587,Male,2003-09-28,2026-04-06,Lagos,CMP-004,CH-005,2026-04-08
FNP-U09588,Female,1985-02-07,2026-04-21,Abuja,CMP-003,CH-004,2026-04-23
FNP-U09589,Female,1994-01-16,2026-03-29,Abuja,CMP-002,CH-002,2026-04-13
FNP-U09590,Male,1993-11-13,2026-02-25,Ogun,CMP-004,CH-005,2026-03-24
FNP-U09591,Female,1990-10-04,2026-03-17,Lagos,CMP-004,CH-005,2026-04-21
FNP-U09592,Male,2003-05-21,2026-03-30,Abuja,CMP-001,CH-001,2026-04-08
FNP-U09593,Female,1999-01-04,2026-04-25,Abuja,CMP-002,CH-002,2026-04-25
FNP-U09594,Male,1985-08-09,2026-02-06,Lagos,CMP-006,CH-002,2026-03-07
FNP-U09595,Female,1973-08-08,2026-03-06,Abuja,CMP-003,CH-004,2026-04-09
FNP-U09596,Female,1999-04-22,2026-01-31,Lagos,CMP-005,CH-003,2026-04-07
FNP-U09597,Female,2005-07-03,2026-04-11,Abuja,CMP-005,CH-003,2026-04-25
FNP-U09598,Female,1991-01-10,2026-02-21,Abuja,CMP-004,CH-005,2026-04-24
FNP-U09599,Male,2007-01-06,2026-02-16,Lagos,CMP-001,CH-001,2026-02-17
FNP-U09600,Female,1996-07-09,2026-03-29,Lagos,CMP-005,CH-003,2026-04-09
FNP-U09601,Female,1990-08-04,2026-04-24,Ogun,CMP-006,CH-002,2026-04-24
FNP-U09602,Female,1983-11-08,2026-03-28,Lagos,CMP-001,CH-001,2026-04-25
FNP-U09603,Female,1987-05-08,2026-02-18,Ogun,CMP-002,CH-002,2026-02-20
FNP-U09604,Female,1998-03-07,2026-03-17,Lagos,CMP-003,CH-004,2026-03-31
FNP-U09605,Male,1984-02-09,2026-03-13,Ogun,CMP-006,CH-002,2026-04-09
FNP-U09606,Male,1996-01-02,2026-04-16,Ogun,CMP-005,CH-003,2026-04-24
FNP-U09607,Female,1991-07-22,2026-03-14,Lagos,CMP-005,CH-003,2026-04-19
FNP-U09608,Male,2005-10-12,2026-02-18,Lagos,CMP-006,CH-002,2026-04-03
FNP-U09609,Female,2003-07-28,2026-02-17,Lagos,CMP-005,CH-003,2026-02-27
FNP-U09610,Male,2008-10-20,2026-04-25,Ogun,CMP-006,CH-002,2026-04-25
FNP-U09611,Female,2004-10-18,2026-03-29,Ogun,CMP-005,CH-003,2026-04-20
FNP-U09612,Female,1993-07-14,2026-02-13,Ogun,CMP-005,CH-003,2026-03-03
FNP-U09613,Female,1998-01-07,2026-04-01,Abuja,CMP-001,CH-001,2026-04-21
FNP-U09614,Male,2003-07-26,2026-02-28,Abuja,CMP-005,CH-003,2026-03-26
FNP-U09615,Male,1974-08-25,2026-03-18,Abuja,CMP-003,CH-004,2026-03-22
FNP-U09616,Male,1991-08-11,2026-04-24,Ogun,CMP-005,CH-003,2026-04-24
FNP-U09617,Male,1994-12-23,2026-02-04,Abuja,CMP-004,CH-005,2026-02-12
FNP-U09618,Female,1986-09-25,2026-03-23,Ogun,CMP-004,CH-005,2026-03-27
FNP-U09619,Female,1997-11-09,2026-02-04,Ogun,CMP-005,CH-003,2026-03-31
FNP-U09620,Female,2000-10-16,2026-03-13,Ogun,CMP-002,CH-002,2026-04-03
FNP-U09621,Female,1978-06-09,2026-04-18,Lagos,CMP-006,CH-002,2026-04-24
FNP-U09622,Female,1986-04-01,2026-02-18,Ogun,CMP-003,CH-004,2026-03-30
FNP-U09623,Female,1991-09-14,2026-03-30,Ogun,CMP-004,CH-005,2026-04-18
FNP-U09624,Male,2006-09-23,2026-04-10,Abuja,CMP-005,CH-003,2026-04-20
FNP-U09625,Female,2002-03-12,2026-03-05,Abuja,CMP-001,CH-001,2026-03-16
FNP-U09626,Female,1992-02-17,2026-02-26,Ogun,CMP-003,CH-004,2026-04-13
FNP-U09627,Female,1990-01-19,2026-03-04,Abuja,CMP-001,CH-001,2026-03-23
FNP-U09628,Female,1989-08-17,2026-01-27,Lagos,CMP-001,CH-001,2026-03-04
FNP-U09629,Male,1995-03-24,2026-04-10,Ogun,CMP-004,CH-005,2026-04-11
FNP-U09630,Male,2006-03-22,2026-02-23,Ogun,CMP-002,CH-002,2026-03-28
FNP-U09631,Male,2000-10-08,2026-04-22,Lagos,CMP-003,CH-004,2026-04-25
FNP-U09632,Male,2001-04-26,2026-02-15,Ogun,CMP-003,CH-004,2026-03-20
FNP-U09633,Female,2002-01-18,2026-02-25,Ogun,CMP-005,CH-003,2026-03-26
FNP-U09634,Male,2004-08-23,2026-02-18,Abuja,CMP-002,CH-002,2026-03-10
FNP-U09635,Male,1981-10-03,2026-02-05,Lagos,CMP-002,CH-002,2026-04-08
FNP-U09636,Female,1985-01-24,2026-02-12,Lagos,CMP-002,CH-002,2026-02-23
FNP-U09637,Female,2001-08-25,2026-04-05,Lagos,CMP-004,CH-005,2026-04-13
FNP-U09638,Female,1995-06-01,2026-02-26,Abuja,CMP-002,CH-002,2026-04-20
FNP-U09639,Female,2007-01-12,2026-02-21,Ogun,CMP-004,CH-005,2026-02-23
FNP-U09640,Female,2005-02-17,2026-03-31,Ogun,CMP-005,CH-003,2026-04-04
FNP-U09641,Male,1992-08-23,2026-03-30,Ogun,CMP-003,CH-004,2026-04-18
FNP-U09642,Female,1995-08-06,2026-03-26,Ogun,CMP-004,CH-005,2026-04-21
FNP-U09643,Male,2001-03-14,2026-03-12,Abuja,CMP-002,CH-002,2026-04-25
FNP-U09644,Female,1982-05-13,2026-03-06,Abuja,CMP-001,CH-001,2026-03-07
FNP-U09645,Male,1992-03-05,2026-01-29,Lagos,CMP-001,CH-001,2026-03-12
FNP-U09646,Female,1972-04-02,2026-01-29,Abuja,CMP-006,CH-002,2026-03-12
FNP-U09647,Female,2006-10-10,2026-02-11,Ogun,CMP-006,CH-002,2026-04-06
FNP-U09648,Male,2008-10-16,2026-02-26,Lagos,CMP-004,CH-005,2026-04-17
FNP-U09649,Female,1989-05-13,2026-01-27,Lagos,CMP-001,CH-001,2026-02-14
FNP-U09650,Female,1998-12-10,2026-03-03,Ogun,CMP-005,CH-003,2026-04-13
FNP-U09651,Male,1997-12-11,2026-04-14,Abuja,CMP-006,CH-002,2026-04-25
FNP-U09652,Male,2006-01-15,2026-04-08,Ogun,CMP-006,CH-002,2026-04-17
FNP-U09653,Male,2006-05-08,2026-04-11,Ogun,CMP-005,CH-003,2026-04-22
FNP-U09654,Female,1984-03-22,2026-03-14,Ogun,CMP-001,CH-001,2026-03-14
FNP-U09655,Female,1986-07-18,2026-04-24,Ogun,CMP-002,CH-002,2026-04-24
FNP-U09656,Male,1978-04-01,2026-01-28,Ogun,CMP-006,CH-002,2026-03-25
FNP-U09657,Male,1994-10-26,2026-02-25,Abuja,CMP-005,CH-003,2026-04-23
FNP-U09658,Female,2003-07-10,2026-04-24,Ogun,CMP-001,CH-001,2026-04-25
FNP-U09659,Female,1994-02-13,2026-03-23,Ogun,CMP-006,CH-002,2026-04-16
FNP-U09660,Female,2007-07-26,2026-04-08,Abuja,CMP-001,CH-001,2026-04-12
FNP-U09661,Male,1982-11-11,2026-04-23,Abuja,CMP-003,CH-004,2026-04-23
FNP-U09662,Female,1988-05-01,2026-02-22,Lagos,CMP-001,CH-001,2026-03-31
FNP-U09663,Female,1987-11-06,2026-03-25,Abuja,CMP-001,CH-001,2026-03-25
FNP-U09664,Male,2001-06-12,2026-04-08,Abuja,CMP-005,CH-003,2026-04-25
FNP-U09665,Female,1999-10-05,2026-02-04,Ogun,CMP-004,CH-005,2026-03-02
FNP-U09666,Female,2001-07-08,2026-03-01,Lagos,CMP-005,CH-003,2026-03-09
FNP-U09667,Female,1999-09-12,2026-02-15,Lagos,CMP-001,CH-001,2026-04-21
FNP-U09668,Male,1972-01-15,2026-04-19,Ogun,CMP-006,CH-002,2026-04-25
FNP-U09669,Female,1998-05-13,2026-03-11,Ogun,CMP-005,CH-003,2026-04-15
FNP-U09670,Male,1982-05-27,2026-02-03,Ogun,CMP-002,CH-002,2026-02-21
FNP-U09671,Female,1998-12-21,2026-03-17,Ogun,CMP-006,CH-002,2026-03-28
FNP-U09672,Male,2003-11-11,2026-04-20,Lagos,CMP-006,CH-002,2026-04-20
FNP-U09673,Female,2001-02-02,2026-03-19,Lagos,CMP-001,CH-001,2026-04-09
FNP-U09674,Male,2002-08-24,2026-04-23,Lagos,CMP-004,CH-005,2026-04-25
FNP-U09675,Male,1985-03-13,2026-02-07,Abuja,CMP-003,CH-004,2026-02-13
FNP-U09676,Male,1989-08-12,2026-04-18,Lagos,CMP-001,CH-001,2026-04-20
FNP-U09677,Male,2003-03-02,2026-02-04,Ogun,CMP-005,CH-003,2026-03-03
FNP-U09678,Female,1998-12-10,2026-02-13,Ogun,CMP-004,CH-005,2026-02-22
FNP-U09679,Male,1995-12-25,2026-04-12,Ogun,CMP-003,CH-004,2026-04-23
FNP-U09680,Female,1992-07-14,2026-03-11,Ogun,CMP-005,CH-003,2026-03-24
FNP-U09681,Male,1990-02-27,2026-04-17,Abuja,CMP-003,CH-004,2026-04-20
FNP-U09682,Female,1998-01-23,2026-03-22,Abuja,CMP-004,CH-005,2026-04-19
FNP-U09683,Male,1987-06-18,2026-02-02,Abuja,CMP-001,CH-001,2026-02-18
FNP-U09684,Female,1993-02-02,2026-03-20,Lagos,CMP-005,CH-003,2026-04-08
FNP-U09685,Male,1993-11-27,2026-03-21,Lagos,CMP-005,CH-003,2026-03-27
FNP-U09686,Female,2003-04-07,2026-01-31,Lagos,CMP-003,CH-004,2026-04-19
FNP-U09687,Female,1995-01-28,2026-03-11,Ogun,CMP-002,CH-002,2026-04-19
FNP-U09688,Female,2004-06-01,2026-04-10,Lagos,CMP-004,CH-005,2026-04-16
FNP-U09689,Female,1984-10-17,2026-03-12,Ogun,CMP-001,CH-001,2026-04-06
FNP-U09690,Male,1989-08-10,2026-04-18,Ogun,CMP-004,CH-005,2026-04-18
FNP-U09691,Female,2006-05-02,2026-04-22,Ogun,CMP-004,CH-005,2026-04-23
FNP-U09692,Male,1992-07-21,2026-02-23,Ogun,CMP-001,CH-001,2026-03-25
FNP-U09693,Male,1992-05-11,2026-02-02,Abuja,CMP-005,CH-003,2026-02-27
FNP-U09694,Male,1993-03-25,2026-04-24,Ogun,CMP-003,CH-004,2026-04-24
FNP-U09695,Male,2001-12-06,2026-04-01,Abuja,CMP-003,CH-004,2026-04-05
FNP-U09696,Female,1991-04-24,2026-04-07,Abuja,CMP-002,CH-002,2026-04-15
FNP-U09697,Female,1978-09-21,2026-02-21,Abuja,CMP-006,CH-002,2026-03-25
FNP-U09698,Male,1985-03-19,2026-03-24,Ogun,CMP-002,CH-002,2026-03-31
FNP-U09699,Male,1987-07-15,2026-03-07,Lagos,CMP-003,CH-004,2026-04-04
FNP-U09700,Female,2004-11-26,2026-03-04,Lagos,CMP-004,CH-005,2026-04-20
FNP-U09701,Male,1971-09-09,2026-02-20,Abuja,CMP-003,CH-004,2026-04-10
FNP-U09702,Female,1983-03-05,2026-03-03,Abuja,CMP-003,CH-004,2026-03-25
FNP-U09703,Male,1998-02-11,2026-02-14,Lagos,CMP-006,CH-002,2026-04-13
FNP-U09704,Male,1972-04-22,2026-03-08,Lagos,CMP-003,CH-004,2026-04-23
FNP-U09705,Male,1989-12-22,2026-04-02,Abuja,CMP-004,CH-005,2026-04-18
FNP-U09706,Male,1980-12-23,2026-03-24,Abuja,CMP-002,CH-002,2026-04-20
FNP-U09707,Female,1999-06-22,2026-04-15,Lagos,CMP-005,CH-003,2026-04-22
FNP-U09708,Male,1991-04-26,2026-03-07,Abuja,CMP-001,CH-001,2026-04-23
FNP-U09709,Male,2000-07-02,2026-02-25,Ogun,CMP-003,CH-004,2026-03-13
FNP-U09710,Male,1997-04-08,2026-03-14,Abuja,CMP-005,CH-003,2026-04-18
FNP-U09711,Male,1986-11-02,2026-02-03,Lagos,CMP-004,CH-005,2026-03-30
FNP-U09712,Male,1998-11-24,2026-03-03,Abuja,CMP-006,CH-002,2026-03-18
FNP-U09713,Male,2006-10-19,2026-03-11,Abuja,CMP-002,CH-002,2026-04-08
FNP-U09714,Female,2008-12-08,2026-02-12,Lagos,CMP-005,CH-003,2026-03-04
FNP-U09715,Female,1992-11-18,2026-04-23,Abuja,CMP-006,CH-002,2026-04-24
FNP-U09716,Male,2006-12-19,2026-02-12,Ogun,CMP-005,CH-003,2026-03-22
FNP-U09717,Male,1980-03-21,2026-03-16,Ogun,CMP-002,CH-002,2026-03-27
FNP-U09718,Male,1991-11-10,2026-04-18,Abuja,CMP-006,CH-002,2026-04-24
FNP-U09719,Female,1998-12-10,2026-01-27,Abuja,CMP-005,CH-003,2026-03-04
FNP-U09720,Male,1990-07-27,2026-03-01,Abuja,CMP-001,CH-001,2026-03-16
FNP-U09721,Male,1999-08-23,2026-03-25,Ogun,CMP-001,CH-001,2026-04-12
FNP-U09722,Female,1985-03-17,2026-04-06,Lagos,CMP-006,CH-002,2026-04-13
FNP-U09723,Female,1994-01-19,2026-02-07,Lagos,CMP-005,CH-003,2026-03-14
FNP-U09724,Female,2000-06-10,2026-03-13,Ogun,CMP-004,CH-005,2026-03-25
FNP-U09725,Female,1976-01-24,2026-04-11,Lagos,CMP-003,CH-004,2026-04-19
FNP-U09726,Female,2003-05-27,2026-04-11,Lagos,CMP-006,CH-002,2026-04-18
FNP-U09727,Female,1986-08-14,2026-04-12,Abuja,CMP-004,CH-005,2026-04-13
FNP-U09728,Male,1973-02-19,2026-02-16,Lagos,CMP-003,CH-004,2026-03-01
FNP-U09729,Female,1994-02-23,2026-04-04,Lagos,CMP-004,CH-005,2026-04-19
FNP-U09730,Male,1971-04-10,2026-02-03,Abuja,CMP-003,CH-004,2026-02-19
FNP-U09731,Female,1995-07-27,2026-03-12,Ogun,CMP-003,CH-004,2026-03-31
FNP-U09732,Female,1972-12-28,2026-01-30,Abuja,CMP-006,CH-002,2026-03-07
FNP-U09733,Female,1997-08-07,2026-04-18,Lagos,CMP-004,CH-005,2026-04-21
FNP-U09734,Male,1998-07-03,2026-04-03,Lagos,CMP-003,CH-004,2026-04-20
FNP-U09735,Female,2006-08-25,2026-02-16,Abuja,CMP-005,CH-003,2026-04-06
FNP-U09736,Female,2001-10-11,2026-02-26,Ogun,CMP-001,CH-001,2026-03-07
FNP-U09737,Male,1999-09-20,2026-04-12,Ogun,CMP-005,CH-003,2026-04-15
FNP-U09738,Female,2004-12-19,2026-04-08,Ogun,CMP-004,CH-005,2026-04-08
FNP-U09739,Female,1995-08-27,2026-03-30,Lagos,CMP-003,CH-004,2026-04-04
FNP-U09740,Male,1983-04-18,2026-02-24,Lagos,CMP-003,CH-004,2026-03-19
FNP-U09741,Female,1989-10-23,2026-02-02,Ogun,CMP-001,CH-001,2026-02-17
FNP-U09742,Male,1995-01-01,2026-02-10,Ogun,CMP-002,CH-002,2026-04-08
FNP-U09743,Male,1998-06-02,2026-03-01,Lagos,CMP-002,CH-002,2026-03-24
FNP-U09744,Female,2008-02-02,2026-04-09,Abuja,CMP-005,CH-003,2026-04-22
FNP-U09745,Male,2008-08-26,2026-03-13,Ogun,CMP-004,CH-005,2026-03-14
FNP-U09746,Male,2008-07-07,2026-02-17,Ogun,CMP-006,CH-002,2026-03-25
FNP-U09747,Female,1985-06-25,2026-04-18,Abuja,CMP-001,CH-001,2026-04-19
FNP-U09748,Male,1996-06-23,2026-04-03,Abuja,CMP-004,CH-005,2026-04-03
FNP-U09749,Female,1976-05-16,2026-02-14,Ogun,CMP-003,CH-004,2026-04-08
FNP-U09750,Male,1981-07-21,2026-02-06,Ogun,CMP-003,CH-004,2026-04-02
FNP-U09751,Female,2008-07-27,2026-04-12,Ogun,CMP-002,CH-002,2026-04-17
FNP-U09752,Male,1995-02-05,2026-02-01,Lagos,CMP-006,CH-002,2026-03-05
FNP-U09753,Male,1983-09-03,2026-02-15,Ogun,CMP-006,CH-002,2026-03-05
FNP-U09754,Female,1987-05-20,2026-01-27,Ogun,CMP-001,CH-001,2026-03-04
FNP-U09755,Female,1987-03-23,2026-02-27,Lagos,CMP-006,CH-002,2026-03-31
FNP-U09756,Female,2001-06-25,2026-03-31,Abuja,CMP-004,CH-005,2026-04-12
FNP-U09757,Female,1989-07-25,2026-04-18,Abuja,CMP-004,CH-005,2026-04-20
FNP-U09758,Female,1973-11-03,2026-02-23,Ogun,CMP-003,CH-004,2026-03-26
FNP-U09759,Male,1987-12-04,2026-04-10,Ogun,CMP-006,CH-002,2026-04-15
FNP-U09760,Male,1995-10-08,2026-02-25,Abuja,CMP-003,CH-004,2026-03-04
FNP-U09761,Female,2006-07-21,2026-03-05,Abuja,CMP-001,CH-001,2026-03-29
FNP-U09762,Female,2000-09-22,2026-02-23,Abuja,CMP-006,CH-002,2026-03-07
FNP-U09763,Female,2007-12-04,2026-02-16,Ogun,CMP-006,CH-002,2026-02-26
FNP-U09764,Male,2008-04-04,2026-04-04,Ogun,CMP-005,CH-003,2026-04-12
FNP-U09765,Male,1994-03-03,2026-02-24,Abuja,CMP-002,CH-002,2026-04-25
FNP-U09766,Female,2006-09-18,2026-02-12,Ogun,CMP-005,CH-003,2026-03-28
FNP-U09767,Female,2003-03-27,2026-02-28,Abuja,CMP-004,CH-005,2026-03-30
FNP-U09768,Male,1979-02-09,2026-02-13,Ogun,CMP-006,CH-002,2026-03-08
FNP-U09769,Male,1980-05-18,2026-04-16,Abuja,CMP-003,CH-004,2026-04-17
FNP-U09770,Female,1981-08-19,2026-02-02,Lagos,CMP-002,CH-002,2026-04-13
FNP-U09771,Female,2002-04-06,2026-03-23,Abuja,CMP-006,CH-002,2026-04-11
FNP-U09772,Female,1993-02-19,2026-03-06,Lagos,CMP-001,CH-001,2026-04-22
FNP-U09773,Male,1981-05-17,2026-02-01,Ogun,CMP-006,CH-002,2026-03-08
FNP-U09774,Female,2003-05-19,2026-01-27,Abuja,CMP-005,CH-003,2026-03-06
FNP-U09775,Male,1984-12-22,2026-04-20,Lagos,CMP-002,CH-002,2026-04-25
FNP-U09776,Male,1975-07-01,2026-02-08,Lagos,CMP-006,CH-002,2026-03-25
FNP-U09777,Male,1986-08-04,2026-03-11,Lagos,CMP-006,CH-002,2026-03-31
FNP-U09778,Female,2007-08-24,2026-01-27,Lagos,CMP-006,CH-002,2026-04-16
FNP-U09779,Male,1991-02-08,2026-04-17,Ogun,CMP-006,CH-002,2026-04-20
FNP-U09780,Male,1975-12-21,2026-04-12,Lagos,CMP-003,CH-004,2026-04-20
FNP-U09781,Female,2001-03-04,2026-03-28,Abuja,CMP-002,CH-002,2026-04-24
FNP-U09782,Female,2004-01-14,2026-02-21,Ogun,CMP-004,CH-005,2026-02-28
FNP-U09783,Male,1976-08-05,2026-01-27,Lagos,CMP-006,CH-002,2026-02-10
FNP-U09784,Male,1985-05-07,2026-03-08,Abuja,CMP-003,CH-004,2026-03-30
FNP-U09785,Male,1997-09-25,2026-03-13,Abuja,CMP-002,CH-002,2026-03-28
FNP-U09786,Female,1993-12-02,2026-02-24,Abuja,CMP-005,CH-003,2026-03-11
FNP-U09787,Male,1995-10-06,2026-04-07,Ogun,CMP-004,CH-005,2026-04-17
FNP-U09788,Male,2002-10-23,2026-03-05,Ogun,CMP-006,CH-002,2026-04-05
FNP-U09789,Female,2005-07-21,2026-04-25,Ogun,CMP-006,CH-002,2026-04-25
FNP-U09790,Female,1997-06-01,2026-03-23,Ogun,CMP-005,CH-003,2026-04-06
FNP-U09791,Male,2005-10-11,2026-04-03,Abuja,CMP-005,CH-003,2026-04-10
FNP-U09792,Female,1991-01-27,2026-04-04,Ogun,CMP-004,CH-005,2026-04-20
FNP-U09793,Female,1991-06-18,2026-04-05,Abuja,CMP-005,CH-003,2026-04-23
FNP-U09794,Male,1971-08-07,2026-03-26,Abuja,CMP-006,CH-002,2026-04-21
FNP-U09795,Female,1984-12-09,2026-02-10,Ogun,CMP-001,CH-001,2026-03-03
FNP-U09796,Female,2004-05-15,2026-02-15,Ogun,CMP-004,CH-005,2026-03-14
FNP-U09797,Female,1972-01-13,2026-04-22,Lagos,CMP-002,CH-002,2026-04-22
FNP-U09798,Female,1994-03-11,2026-04-14,Lagos,CMP-001,CH-001,2026-04-23
FNP-U09799,Male,1989-07-06,2026-03-06,Abuja,CMP-001,CH-001,2026-04-08
FNP-U09800,Female,2005-06-19,2026-02-16,Ogun,CMP-004,CH-005,2026-03-05
FNP-U09801,Male,1985-01-18,2026-04-14,Ogun,CMP-001,CH-001,2026-04-18
FNP-U09802,Female,2000-11-09,2026-01-29,Ogun,CMP-001,CH-001,2026-03-23
FNP-U09803,Female,1983-11-23,2026-03-02,Lagos,CMP-003,CH-004,2026-03-24
FNP-U09804,Male,1987-11-10,2026-03-10,Ogun,CMP-004,CH-005,2026-03-10
FNP-U09805,Female,1993-06-19,2026-04-19,Ogun,CMP-005,CH-003,2026-04-19
FNP-U09806,Male,2001-07-16,2026-04-06,Ogun,CMP-005,CH-003,2026-04-22
FNP-U09807,Female,1990-09-09,2026-03-02,Lagos,CMP-001,CH-001,2026-04-22
FNP-U09808,Female,2007-01-10,2026-02-01,Abuja,CMP-005,CH-003,2026-02-25
FNP-U09809,Male,1998-11-05,2026-01-30,Abuja,CMP-004,CH-005,2026-03-09
FNP-U09810,Male,1986-12-13,2026-02-10,Lagos,CMP-006,CH-002,2026-04-09
FNP-U09811,Female,1987-01-14,2026-01-27,Ogun,CMP-003,CH-004,2026-03-22
FNP-U09812,Male,1998-08-09,2026-02-15,Ogun,CMP-001,CH-001,2026-03-25
FNP-U09813,Male,1990-12-15,2026-03-28,Abuja,CMP-003,CH-004,2026-04-22
FNP-U09814,Female,1997-04-05,2026-04-10,Ogun,CMP-004,CH-005,2026-04-11
FNP-U09815,Male,2001-10-06,2026-04-12,Ogun,CMP-003,CH-004,2026-04-14
FNP-U09816,Male,2004-06-22,2026-02-28,Lagos,CMP-006,CH-002,2026-03-22
FNP-U09817,Male,1992-11-21,2026-03-23,Ogun,CMP-002,CH-002,2026-04-02
FNP-U09818,Female,1990-06-05,2026-03-18,Lagos,CMP-003,CH-004,2026-04-18
FNP-U09819,Female,1978-12-26,2026-01-26,Abuja,CMP-006,CH-002,2026-01-28
FNP-U09820,Female,1997-06-22,2026-04-02,Lagos,CMP-003,CH-004,2026-04-03
FNP-U09821,Male,2000-03-04,2026-02-14,Ogun,CMP-005,CH-003,2026-04-14
FNP-U09822,Female,1992-12-05,2026-04-14,Abuja,CMP-004,CH-005,2026-04-14
FNP-U09823,Female,1973-11-14,2026-03-26,Ogun,CMP-002,CH-002,2026-04-11
FNP-U09824,Male,1974-03-19,2026-04-06,Lagos,CMP-002,CH-002,2026-04-11
FNP-U09825,Female,1994-12-15,2026-04-21,Lagos,CMP-004,CH-005,2026-04-25
FNP-U09826,Female,2005-03-08,2026-01-28,Lagos,CMP-005,CH-003,2026-04-04
FNP-U09827,Female,1987-05-04,2026-02-19,Lagos,CMP-002,CH-002,2026-04-07
FNP-U09828,Female,1989-07-04,2026-04-11,Ogun,CMP-001,CH-001,2026-04-17
FNP-U09829,Male,2003-03-28,2026-02-24,Ogun,CMP-002,CH-002,2026-02-28
FNP-U09830,Female,2001-03-24,2026-02-04,Ogun,CMP-005,CH-003,2026-04-11
FNP-U09831,Male,1982-03-07,2026-02-14,Abuja,CMP-001,CH-001,2026-03-03
FNP-U09832,Male,2008-05-09,2026-04-20,Ogun,CMP-005,CH-003,2026-04-22
FNP-U09833,Female,1991-04-11,2026-03-08,Ogun,CMP-002,CH-002,2026-03-22
FNP-U09834,Female,2006-07-15,2026-04-09,Abuja,CMP-005,CH-003,2026-04-24
FNP-U09835,Female,2000-05-07,2026-03-09,Ogun,CMP-005,CH-003,2026-04-12
FNP-U09836,Male,2005-11-12,2026-01-26,Abuja,CMP-002,CH-002,2026-02-16
FNP-U09837,Female,1983-03-05,2026-01-26,Lagos,CMP-001,CH-001,2026-03-09
FNP-U09838,Male,1994-11-20,2026-02-14,Lagos,CMP-004,CH-005,2026-03-13
FNP-U09839,Female,1988-11-14,2026-02-05,Lagos,CMP-001,CH-001,2026-03-17
FNP-U09840,Male,2005-01-01,2026-02-08,Ogun,CMP-001,CH-001,2026-03-14
FNP-U09841,Female,1996-07-25,2026-04-20,Lagos,CMP-002,CH-002,2026-04-25
FNP-U09842,Female,2001-08-27,2026-04-04,Ogun,CMP-005,CH-003,2026-04-21
FNP-U09843,Female,1984-09-14,2026-03-06,Lagos,CMP-006,CH-002,2026-03-13
FNP-U09844,Male,1990-11-02,2026-01-30,Ogun,CMP-001,CH-001,2026-02-26
FNP-U09845,Male,1982-01-25,2026-02-09,Ogun,CMP-002,CH-002,2026-03-02
FNP-U09846,Female,1972-08-11,2026-03-25,Lagos,CMP-006,CH-002,2026-04-20
FNP-U09847,Male,2008-09-25,2026-04-14,Lagos,CMP-005,CH-003,2026-04-25
FNP-U09848,Male,1987-06-16,2026-03-23,Lagos,CMP-004,CH-005,2026-03-27
FNP-U09849,Female,2002-03-18,2026-04-02,Ogun,CMP-001,CH-001,2026-04-22
FNP-U09850,Female,2005-05-23,2026-01-29,Ogun,CMP-004,CH-005,2026-02-23
FNP-U09851,Female,1978-10-06,2026-03-09,Lagos,CMP-002,CH-002,2026-03-19
FNP-U09852,Male,1995-06-19,2026-01-27,Lagos,CMP-002,CH-002,2026-03-17
FNP-U09853,Male,1978-02-19,2026-03-17,Ogun,CMP-002,CH-002,2026-03-31
FNP-U09854,Female,1992-04-16,2026-04-18,Ogun,CMP-001,CH-001,2026-04-25
FNP-U09855,Male,1994-03-14,2026-01-31,Ogun,CMP-002,CH-002,2026-03-10
FNP-U09856,Male,2007-09-07,2026-03-26,Ogun,CMP-001,CH-001,2026-04-08
FNP-U09857,Female,1972-12-25,2026-04-24,Ogun,CMP-003,CH-004,2026-04-25
FNP-U09858,Female,2008-02-26,2026-02-02,Abuja,CMP-004,CH-005,2026-02-17
FNP-U09859,Female,2005-05-28,2026-04-23,Abuja,CMP-001,CH-001,2026-04-24
FNP-U09860,Male,1997-01-05,2026-03-25,Abuja,CMP-005,CH-003,2026-03-26
FNP-U09861,Female,1989-08-10,2026-03-02,Abuja,CMP-004,CH-005,2026-03-05
FNP-U09862,Male,1997-07-27,2026-02-03,Abuja,CMP-001,CH-001,2026-03-20
FNP-U09863,Male,1996-12-02,2026-04-14,Abuja,CMP-004,CH-005,2026-04-17
FNP-U09864,Male,2004-06-18,2026-02-26,Abuja,CMP-005,CH-003,2026-04-24
FNP-U09865,Male,2003-05-19,2026-04-01,Lagos,CMP-005,CH-003,2026-04-11
FNP-U09866,Female,2001-05-23,2026-03-08,Ogun,CMP-005,CH-003,2026-03-29
FNP-U09867,Male,1994-09-05,2026-01-31,Ogun,CMP-004,CH-005,2026-03-08
FNP-U09868,Female,1992-02-15,2026-03-21,Lagos,CMP-004,CH-005,2026-04-03
FNP-U09869,Male,2007-08-09,2026-02-18,Abuja,CMP-004,CH-005,2026-03-16
FNP-U09870,Female,1991-01-04,2026-02-14,Ogun,CMP-004,CH-005,2026-02-16
FNP-U09871,Female,1989-05-01,2026-02-05,Lagos,CMP-003,CH-004,2026-03-12
FNP-U09872,Male,2006-08-01,2026-02-09,Lagos,CMP-005,CH-003,2026-04-22
FNP-U09873,Female,1995-06-03,2026-02-03,Ogun,CMP-005,CH-003,2026-03-11
FNP-U09874,Female,2008-02-04,2026-03-12,Abuja,CMP-001,CH-001,2026-03-13
FNP-U09875,Male,1995-02-09,2026-03-04,Abuja,CMP-005,CH-003,2026-04-06
FNP-U09876,Female,1997-06-27,2026-03-09,Ogun,CMP-003,CH-004,2026-04-22
FNP-U09877,Female,1994-10-10,2026-02-24,Abuja,CMP-001,CH-001,2026-04-20
FNP-U09878,Female,1986-09-24,2026-03-27,Abuja,CMP-001,CH-001,2026-04-04
FNP-U09879,Male,1997-12-26,2026-02-25,Lagos,CMP-004,CH-005,2026-03-25
FNP-U09880,Female,1973-03-14,2026-01-31,Abuja,CMP-002,CH-002,2026-02-13
FNP-U09881,Male,2008-05-09,2026-03-31,Ogun,CMP-001,CH-001,2026-04-14
FNP-U09882,Female,1973-09-15,2026-03-13,Lagos,CMP-006,CH-002,2026-04-19
FNP-U09883,Female,2004-01-25,2026-04-20,Abuja,CMP-001,CH-001,2026-04-25
FNP-U09884,Female,2003-12-18,2026-03-12,Abuja,CMP-002,CH-002,2026-03-23
FNP-U09885,Female,1997-09-08,2026-02-24,Abuja,CMP-005,CH-003,2026-04-10
FNP-U09886,Female,1995-04-03,2026-02-27,Abuja,CMP-001,CH-001,2026-04-01
FNP-U09887,Female,2000-01-06,2026-03-02,Ogun,CMP-003,CH-004,2026-03-03
FNP-U09888,Male,1996-08-12,2026-03-23,Lagos,CMP-005,CH-003,2026-03-30
FNP-U09889,Female,1992-04-23,2026-03-26,Ogun,CMP-006,CH-002,2026-03-27
FNP-U09890,Male,1985-04-24,2026-02-24,Ogun,CMP-006,CH-002,2026-04-13
FNP-U09891,Male,2002-10-21,2026-03-03,Ogun,CMP-006,CH-002,2026-04-17
FNP-U09892,Female,1986-03-14,2026-03-27,Abuja,CMP-006,CH-002,2026-04-06
FNP-U09893,Female,1984-07-05,2026-03-16,Abuja,CMP-001,CH-001,2026-04-24
FNP-U09894,Male,1995-07-25,2026-03-17,Ogun,CMP-005,CH-003,2026-03-17
FNP-U09895,Female,2002-10-13,2026-02-24,Abuja,CMP-004,CH-005,2026-04-06
FNP-U09896,Male,2008-12-20,2026-04-20,Ogun,CMP-005,CH-003,2026-04-21
FNP-U09897,Female,2000-01-24,2026-02-16,Lagos,CMP-006,CH-002,2026-04-04
FNP-U09898,Male,1994-11-07,2026-02-11,Abuja,CMP-001,CH-001,2026-03-29
FNP-U09899,Male,1973-04-05,2026-02-17,Abuja,CMP-003,CH-004,2026-03-05
FNP-U09900,Male,2004-01-15,2026-03-24,Abuja,CMP-003,CH-004,2026-04-04
FNP-U09901,Female,1993-03-02,2026-02-17,Ogun,CMP-005,CH-003,2026-02-22
FNP-U09902,Female,2003-03-17,2026-02-10,Abuja,CMP-006,CH-002,2026-02-26
FNP-U09903,Male,1980-02-18,2026-02-28,Abuja,CMP-006,CH-002,2026-03-07
FNP-U09904,Female,1993-06-07,2026-03-11,Ogun,CMP-006,CH-002,2026-04-08
FNP-U09905,Female,2003-11-26,2026-02-05,Lagos,CMP-003,CH-004,2026-02-20
FNP-U09906,Male,2004-02-19,2026-04-18,Abuja,CMP-006,CH-002,2026-04-24
FNP-U09907,Male,1985-09-18,2026-02-16,Lagos,CMP-002,CH-002,2026-04-07
FNP-U09908,Male,2002-03-25,2026-04-11,Lagos,CMP-006,CH-002,2026-04-16
FNP-U09909,Female,1989-07-01,2026-04-04,Ogun,CMP-002,CH-002,2026-04-08
FNP-U09910,Male,1996-04-17,2026-04-04,Ogun,CMP-003,CH-004,2026-04-04
FNP-U09911,Female,2005-02-07,2026-04-15,Abuja,CMP-004,CH-005,2026-04-16
FNP-U09912,Female,1998-03-05,2026-02-07,Ogun,CMP-004,CH-005,2026-03-03
FNP-U09913,Female,1995-01-02,2026-03-24,Abuja,CMP-001,CH-001,2026-04-15
FNP-U09914,Female,2004-11-09,2026-03-13,Abuja,CMP-005,CH-003,2026-04-04
FNP-U09915,Male,1991-02-25,2026-04-09,Lagos,CMP-001,CH-001,2026-04-25
FNP-U09916,Female,1993-04-16,2026-03-13,Abuja,CMP-003,CH-004,2026-04-08
FNP-U09917,Male,2006-04-24,2026-02-24,Lagos,CMP-004,CH-005,2026-04-24
FNP-U09918,Female,1991-12-24,2026-02-11,Ogun,CMP-004,CH-005,2026-04-10
FNP-U09919,Male,1983-08-10,2026-04-14,Lagos,CMP-006,CH-002,2026-04-18
FNP-U09920,Female,1989-05-07,2026-02-19,Abuja,CMP-001,CH-001,2026-04-19
FNP-U09921,Male,1989-11-03,2026-02-07,Ogun,CMP-006,CH-002,2026-03-09
FNP-U09922,Female,2002-09-01,2026-03-04,Abuja,CMP-003,CH-004,2026-03-24
FNP-U09923,Male,2000-07-28,2026-04-04,Lagos,CMP-003,CH-004,2026-04-20
FNP-U09924,Male,1992-11-08,2026-04-04,Abuja,CMP-006,CH-002,2026-04-07
FNP-U09925,Male,1975-11-16,2026-02-17,Lagos,CMP-006,CH-002,2026-02-24
FNP-U09926,Male,2000-08-17,2026-04-05,Abuja,CMP-001,CH-001,2026-04-09
FNP-U09927,Male,1992-02-03,2026-02-03,Ogun,CMP-004,CH-005,2026-03-01
FNP-U09928,Male,1996-10-06,2026-04-10,Ogun,CMP-004,CH-005,2026-04-14
FNP-U09929,Male,2008-11-01,2026-03-22,Ogun,CMP-004,CH-005,2026-04-01
FNP-U09930,Female,1999-01-19,2026-04-07,Ogun,CMP-002,CH-002,2026-04-21
FNP-U09931,Female,1975-09-12,2026-03-04,Ogun,CMP-006,CH-002,2026-04-25
FNP-U09932,Male,1997-06-21,2026-02-07,Ogun,CMP-004,CH-005,2026-04-16
FNP-U09933,Male,1997-02-11,2026-03-17,Lagos,CMP-001,CH-001,2026-03-20
FNP-U09934,Female,1995-07-16,2026-02-14,Lagos,CMP-004,CH-005,2026-02-25
FNP-U09935,Male,1990-07-17,2026-03-16,Lagos,CMP-006,CH-002,2026-04-10
FNP-U09936,Male,1998-03-02,2026-04-20,Lagos,CMP-005,CH-003,2026-04-20
FNP-U09937,Male,1995-08-03,2026-04-05,Abuja,CMP-005,CH-003,2026-04-10
FNP-U09938,Male,1983-06-03,2026-04-19,Abuja,CMP-001,CH-001,2026-04-22
FNP-U09939,Male,2006-09-13,2026-02-10,Ogun,CMP-006,CH-002,2026-03-19
FNP-U09940,Male,1986-11-13,2026-03-27,Ogun,CMP-002,CH-002,2026-04-06
FNP-U09941,Male,1996-02-27,2026-04-01,Ogun,CMP-004,CH-005,2026-04-23
FNP-U09942,Female,1976-01-09,2026-04-08,Lagos,CMP-002,CH-002,2026-04-20
FNP-U09943,Female,1982-04-23,2026-02-26,Lagos,CMP-001,CH-001,2026-04-03
FNP-U09944,Female,2001-10-11,2026-04-09,Abuja,CMP-005,CH-003,2026-04-10
FNP-U09945,Male,1999-07-13,2026-03-09,Lagos,CMP-005,CH-003,2026-04-24
FNP-U09946,Female,2001-05-05,2026-02-15,Ogun,CMP-005,CH-003,2026-02-23
FNP-U09947,Male,1989-10-14,2026-03-01,Ogun,CMP-003,CH-004,2026-04-11
FNP-U09948,Female,2000-10-07,2026-02-22,Abuja,CMP-004,CH-005,2026-04-22
FNP-U09949,Female,1996-04-28,2026-04-25,Ogun,CMP-004,CH-005,2026-04-25
FNP-U09950,Male,1993-07-08,2026-04-16,Abuja,CMP-006,CH-002,2026-04-16
FNP-U09951,Male,2005-01-26,2026-02-02,Lagos,CMP-006,CH-002,2026-02-04
FNP-U09952,Female,2007-01-28,2026-04-02,Lagos,CMP-004,CH-005,2026-04-11
FNP-U09953,Female,2006-09-23,2026-02-13,Abuja,CMP-001,CH-001,2026-03-24
FNP-U09954,Female,1985-02-02,2026-03-12,Abuja,CMP-001,CH-001,2026-04-12
FNP-U09955,Male,1985-09-10,2026-03-08,Ogun,CMP-001,CH-001,2026-04-04
FNP-U09956,Male,1996-03-01,2026-03-13,Ogun,CMP-001,CH-001,2026-03-29
FNP-U09957,Female,1984-09-17,2026-02-19,Abuja,CMP-001,CH-001,2026-03-25
FNP-U09958,Female,2007-05-08,2026-04-10,Lagos,CMP-005,CH-003,2026-04-25
FNP-U09959,Male,2006-05-16,2026-04-16,Ogun,CMP-002,CH-002,2026-04-20
FNP-U09960,Male,1987-06-24,2026-04-10,Abuja,CMP-003,CH-004,2026-04-19
FNP-U09961,Female,1996-05-01,2026-03-26,Lagos,CMP-003,CH-004,2026-04-05
FNP-U09962,Female,2000-06-18,2026-03-15,Lagos,CMP-004,CH-005,2026-03-26
FNP-U09963,Male,1997-12-24,2026-02-13,Ogun,CMP-005,CH-003,2026-03-26
FNP-U09964,Female,2002-03-05,2026-02-17,Ogun,CMP-001,CH-001,2026-03-09
FNP-U09965,Male,1999-01-12,2026-03-27,Ogun,CMP-002,CH-002,2026-04-15
FNP-U09966,Male,1988-02-07,2026-04-18,Abuja,CMP-004,CH-005,2026-04-20
FNP-U09967,Female,2001-05-28,2026-02-08,Ogun,CMP-006,CH-002,2026-02-26
FNP-U09968,Female,1990-03-15,2026-04-11,Abuja,CMP-004,CH-005,2026-04-12
FNP-U09969,Female,2000-11-03,2026-03-09,Ogun,CMP-003,CH-004,2026-03-19
FNP-U09970,Male,2000-05-17,2026-04-07,Ogun,CMP-003,CH-004,2026-04-22
FNP-U09971,Male,1998-05-02,2026-01-30,Lagos,CMP-004,CH-005,2026-02-23
FNP-U09972,Female,1995-06-05,2026-03-27,Lagos,CMP-005,CH-003,2026-04-12
FNP-U09973,Female,1983-05-28,2026-04-03,Abuja,CMP-006,CH-002,2026-04-24
FNP-U09974,Male,1999-03-11,2026-03-15,Abuja,CMP-001,CH-001,2026-03-18
FNP-U09975,Female,1991-04-06,2026-02-19,Ogun,CMP-004,CH-005,2026-03-05
FNP-U09976,Male,2005-04-15,2026-03-10,Lagos,CMP-004,CH-005,2026-03-25
FNP-U09977,Male,1993-02-22,2026-04-24,Ogun,CMP-003,CH-004,2026-04-25
FNP-U09978,Male,1986-06-10,2026-03-31,Lagos,CMP-001,CH-001,2026-04-11
FNP-U09979,Male,1982-04-15,2026-04-21,Ogun,CMP-001,CH-001,2026-04-21
FNP-U09980,Female,1984-11-17,2026-01-26,Ogun,CMP-006,CH-002,2026-04-07
FNP-U09981,Male,1990-07-05,2026-04-05,Abuja,CMP-006,CH-002,2026-04-23
FNP-U09982,Female,1998-12-19,2026-04-04,Abuja,CMP-004,CH-005,2026-04-16
FNP-U09983,Male,1979-12-23,2026-03-11,Ogun,CMP-006,CH-002,2026-04-16
FNP-U09984,Female,2008-09-13,2026-04-18,Lagos,CMP-005,CH-003,2026-04-25
FNP-U09985,Male,1983-08-16,2026-04-05,Abuja,CMP-003,CH-004,2026-04-10
FNP-U09986,Female,1995-02-19,2026-04-18,Lagos,CMP-005,CH-003,2026-04-22
FNP-U09987,Female,1996-12-20,2026-01-28,Abuja,CMP-001,CH-001,2026-02-01
FNP-U09988,Male,1998-02-05,2026-02-13,Abuja,CMP-001,CH-001,2026-03-01
FNP-U09989,Male,2002-10-16,2026-02-11,Lagos,CMP-004,CH-005,2026-03-01
FNP-U09990,Male,1974-03-01,2026-03-30,Abuja,CMP-002,CH-002,2026-04-11
FNP-U09991,Female,1984-09-20,2026-03-16,Lagos,CMP-001,CH-001,2026-04-01
FNP-U09992,Female,1996-04-27,2026-04-15,Abuja,CMP-005,CH-003,2026-04-23
FNP-U09993,Male,2002-09-06,2026-02-13,Abuja,CMP-002,CH-002,2026-03-19
FNP-U09994,Male,1986-11-08,2026-03-22,Abuja,CMP-006,CH-002,2026-04-21
FNP-U09995,Male,1995-09-28,2026-02-25,Lagos,CMP-001,CH-001,2026-03-02
FNP-U09996,Male,2007-01-28,2026-03-14,Abuja,CMP-006,CH-002,2026-03-22
FNP-U09997,Male,2006-01-04,2026-02-20,Lagos,CMP-004,CH-005,2026-03-13
FNP-U09998,Female,1978-06-04,2026-01-26,Abuja,CMP-006,CH-002,2026-03-14
FNP-U09999,Male,1973-09-07,2026-03-10,Ogun,CMP-006,CH-002,2026-03-26
FNP-U10000,Male,2001-11-07,2026-03-12,Lagos,CMP-002,CH-002,2026-04-23
