click_id,user_id,ad_id,campaign_id,click_time
CLK-002942,FNP-U05473,AD-001,CMP-001,2026-03-18 18:24:15
CLK-004667,FNP-U08479,AD-013,CMP-004,2026-03-04 10:06:01
CLK-001645,FNP-U01547,AD-017,CMP-005,2026-03-26 18:51:21
CLK-001628,FNP-U00240,AD-002,CMP-001,2026-01-05 06:08:29
CLK-003864,FNP-U00558,AD-006,CMP-002,2026-01-20 09:34:29
CLK-004244,FNP-U03036,AD-008,CMP-002,2026-03-23 13:36:40
CLK-002736,FNP-U03280,AD-005,CMP-002,2026-01-25 21:53:12
CLK-000938,FNP-U09169,AD-007,CMP-002,2026-01-17 09:56:13
CLK-005888,FNP-U03433,AD-009,CMP-003,2026-03-24 13:27:23
CLK-001305,FNP-U01334,AD-010,CMP-003,2026-01-20 06:21:28
CLK-002533,FNP-U06536,AD-009,CMP-003,2026-02-02 21:06:10
CLK-002395,FNP-U09135,AD-004,CMP-001,2026-02-10 18:20:31
CLK-005863,FNP-U05428,AD-002,CMP-001,2026-02-11 09:42:36
CLK-002405,FNP-U01021,AD-013,CMP-004,2026-01-08 13:34:42
CLK-003060,FNP-U08076,AD-001,CMP-001,2026-03-09 19:03:49
CLK-003815,FNP-U08446,AD-010,CMP-003,2026-03-28 13:09:30
CLK-001157,FNP-U06868,AD-002,CMP-001,2026-01-15 18:42:41
CLK-002217,FNP-U03544,AD-019,CMP-005,2026-02-20 13:36:29
CLK-001542,FNP-U00473,AD-014,CMP-004,2026-03-31 06:09:36
CLK-005060,FNP-U03638,AD-009,CMP-003,2026-03-27 13:47:20
CLK-005127,FNP-U01278,AD-017,CMP-005,2026-02-25 13:14:26
CLK-005991,FNP-U04657,AD-008,CMP-002,2026-03-05 10:10:09
CLK-004062,FNP-U09732,AD-014,CMP-004,2026-01-05 06:41:40
CLK-000892,FNP-U07185,AD-017,CMP-005,2026-01-21 21:35:20
CLK-001156,FNP-U08277,AD-009,CMP-003,2026-02-10 09:51:33
CLK-005854,FNP-U08312,AD-010,CMP-003,2026-03-05 13:29:28
CLK-002796,FNP-U01326,AD-004,CMP-001,2026-03-11 09:29:21
CLK-001375,FNP-U00698,AD-008,CMP-002,2026-03-08 13:21:50
CLK-004248,FNP-U04166,AD-024,CMP-006,2026-03-19 18:34:56
CLK-002073,FNP-U07076,AD-002,CMP-001,2026-03-30 13:20:20
CLK-005302,FNP-U08481,AD-001,CMP-001,2026-02-15 00:41:26
CLK-005073,FNP-U09399,AD-004,CMP-001,2026-03-05 14:08:00
CLK-003557,FNP-U06617,AD-017,CMP-005,2026-01-10 13:16:56
CLK-003090,FNP-U08853,AD-013,CMP-004,2026-03-22 21:08:03
CLK-003399,FNP-U08046,AD-021,CMP-006,2026-01-23 18:55:10
CLK-001970,FNP-U00412,AD-012,CMP-003,2026-02-25 00:23:28
CLK-001498,FNP-U05479,AD-018,CMP-005,2026-01-11 09:34:20
CLK-000389,FNP-U03730,AD-007,CMP-002,2026-03-11 21:49:36
CLK-001087,FNP-U07454,AD-021,CMP-006,2026-03-03 18:07:42
CLK-002035,FNP-U06115,AD-009,CMP-003,2026-02-05 13:33:03
CLK-000886,FNP-U04907,AD-002,CMP-001,2026-03-01 09:34:37
CLK-004415,FNP-U06305,AD-018,CMP-005,2026-03-17 21:57:01
CLK-005695,FNP-U03652,AD-021,CMP-006,2026-03-04 19:03:43
CLK-004995,FNP-U02375,AD-004,CMP-001,2026-03-07 09:42:34
CLK-005007,FNP-U07646,AD-004,CMP-001,2026-02-02 21:58:24
CLK-005279,FNP-U07194,AD-011,CMP-003,2026-03-08 21:49:17
CLK-002417,FNP-U01656,AD-016,CMP-004,2026-03-04 09:11:31
CLK-005070,FNP-U02389,AD-021,CMP-006,2026-01-23 09:57:58
CLK-005401,FNP-U01099,AD-010,CMP-003,2026-02-05 13:10:36
CLK-002030,FNP-U05515,AD-015,CMP-004,2026-03-12 09:11:06
CLK-004731,FNP-U00736,AD-001,CMP-001,2026-01-02 18:17:54
CLK-000987,FNP-U07109,AD-004,CMP-001,2026-02-10 13:22:53
CLK-003222,FNP-U03022,AD-012,CMP-003,2026-01-04 18:49:56
CLK-001051,FNP-U06774,AD-010,CMP-003,2026-03-05 21:25:38
CLK-000581,FNP-U07551,AD-022,CMP-006,2026-03-01 00:29:57
CLK-002902,FNP-U06538,AD-010,CMP-003,2026-01-06 13:43:54
CLK-002685,FNP-U08562,AD-017,CMP-005,2026-02-19 21:23:59
CLK-004577,FNP-U02016,AD-008,CMP-002,2026-01-04 13:15:58
CLK-003981,FNP-U03934,AD-014,CMP-004,2026-02-13 13:12:58
CLK-000436,FNP-U09590,AD-008,CMP-002,2026-01-21 13:46:41
CLK-003364,FNP-U08219,AD-008,CMP-002,2026-01-29 22:00:48
CLK-000225,FNP-U09001,AD-012,CMP-003,2026-03-14 13:36:45
CLK-004972,FNP-U08319,AD-014,CMP-004,2026-02-13 06:22:14
CLK-004583,FNP-U02613,AD-002,CMP-001,2026-02-28 09:54:37
CLK-000493,FNP-U09947,AD-013,CMP-004,2026-01-15 09:46:08
CLK-004917,FNP-U00029,AD-003,CMP-001,2026-03-09 00:22:28
CLK-004193,FNP-U09209,AD-004,CMP-001,2026-02-02 18:17:39
CLK-001146,FNP-U05914,AD-017,CMP-005,2026-01-05 13:24:43
CLK-005274,FNP-U07542,AD-018,CMP-005,2026-03-27 13:11:59
CLK-000997,FNP-U05111,AD-006,CMP-002,2026-02-16 09:20:16
CLK-001103,FNP-U02608,AD-006,CMP-002,2026-02-01 13:16:07
CLK-003985,FNP-U01235,AD-007,CMP-002,2026-03-27 13:58:30
CLK-003879,FNP-U07091,AD-021,CMP-006,2026-03-02 18:56:52
CLK-005525,FNP-U07520,AD-001,CMP-001,2026-02-05 13:49:00
CLK-001286,FNP-U09612,AD-021,CMP-006,2026-03-07 18:10:58
CLK-005306,FNP-U02232,AD-004,CMP-001,2026-03-15 18:33:20
CLK-002154,FNP-U03668,AD-004,CMP-001,2026-01-29 18:39:31
CLK-000375,FNP-U03072,AD-020,CMP-005,2026-01-10 22:01:58
CLK-000701,FNP-U06345,AD-008,CMP-002,2026-01-29 21:56:23
CLK-003749,FNP-U07584,AD-004,CMP-001,2026-02-13 21:25:29
CLK-001835,FNP-U04095,AD-001,CMP-001,2026-01-28 09:33:50
CLK-001163,FNP-U04704,AD-006,CMP-002,2026-03-09 06:49:14
CLK-004490,FNP-U08987,AD-007,CMP-002,2026-03-13 09:43:44
CLK-001110,FNP-U01721,AD-008,CMP-002,2026-01-13 18:34:13
CLK-001755,FNP-U00690,AD-021,CMP-006,2026-03-01 13:15:47
CLK-002232,FNP-U04493,AD-017,CMP-005,2026-03-03 18:35:53
CLK-001816,FNP-U04024,AD-008,CMP-002,2026-03-03 10:05:23
CLK-000068,FNP-U05732,AD-008,CMP-002,2026-03-14 13:24:09
CLK-005864,FNP-U06733,AD-018,CMP-005,2026-02-27 13:18:05
CLK-002718,FNP-U04416,AD-014,CMP-004,2026-02-05 00:50:17
CLK-003913,FNP-U09017,AD-008,CMP-002,2026-03-30 14:01:11
CLK-003403,FNP-U09076,AD-015,CMP-004,2026-01-14 13:32:24
CLK-001207,FNP-U03689,AD-008,CMP-002,2026-02-08 18:12:51
CLK-003603,FNP-U08428,AD-004,CMP-001,2026-01-22 14:02:15
CLK-005308,FNP-U09143,AD-008,CMP-002,2026-03-08 09:07:49
CLK-005404,FNP-U01311,AD-017,CMP-005,2026-03-11 18:37:50
CLK-001420,FNP-U07766,AD-021,CMP-006,2026-01-12 18:09:17
CLK-002992,FNP-U07774,AD-006,CMP-002,2026-03-09 13:10:35
CLK-000627,FNP-U02126,AD-009,CMP-003,2026-01-18 18:47:25
CLK-001483,FNP-U09785,AD-008,CMP-002,2026-03-17 09:22:21
CLK-000774,FNP-U09191,AD-004,CMP-001,2026-01-26 09:59:48
CLK-000895,FNP-U01936,AD-004,CMP-001,2026-02-19 14:01:59
CLK-003508,FNP-U08284,AD-012,CMP-003,2026-02-05 13:40:26
CLK-005965,FNP-U09762,AD-018,CMP-005,2026-01-27 09:13:31
CLK-000152,FNP-U06727,AD-013,CMP-004,2026-03-29 21:36:57
CLK-004015,FNP-U08352,AD-015,CMP-004,2026-01-30 14:03:52
CLK-003900,FNP-U04443,AD-004,CMP-001,2026-03-20 13:00:42
CLK-000103,FNP-U07405,AD-001,CMP-001,2026-02-08 14:02:30
CLK-000452,FNP-U02524,AD-008,CMP-002,2026-03-21 09:15:51
CLK-004400,FNP-U01277,AD-006,CMP-002,2026-02-18 09:34:44
CLK-000814,FNP-U01349,AD-001,CMP-001,2026-03-31 21:41:11
CLK-004507,FNP-U08176,AD-006,CMP-002,2026-02-13 21:48:58
CLK-002135,FNP-U00308,AD-017,CMP-005,2026-03-15 21:18:47
CLK-003183,FNP-U00427,AD-010,CMP-003,2026-03-29 13:23:42
CLK-001918,FNP-U00559,AD-017,CMP-005,2026-02-01 21:24:23
CLK-001942,FNP-U03283,AD-014,CMP-004,2026-01-08 00:08:43
CLK-005851,FNP-U01759,AD-004,CMP-001,2026-03-12 18:39:48
CLK-003025,FNP-U02580,AD-010,CMP-003,2026-02-28 06:28:30
CLK-000345,FNP-U06881,AD-002,CMP-001,2026-03-04 06:45:46
CLK-005267,FNP-U07665,AD-013,CMP-004,2026-02-10 09:31:44
CLK-005677,FNP-U06891,AD-010,CMP-003,2026-02-19 13:22:59
CLK-002282,FNP-U04058,AD-001,CMP-001,2026-03-23 13:22:04
CLK-001528,FNP-U03793,AD-008,CMP-002,2026-02-24 13:46:24
CLK-005513,FNP-U00310,AD-007,CMP-002,2026-03-21 09:58:21
CLK-003100,FNP-U00892,AD-008,CMP-002,2026-02-16 09:25:31
CLK-002327,FNP-U05158,AD-008,CMP-002,2026-01-09 06:34:27
CLK-003599,FNP-U05365,AD-014,CMP-004,2026-03-20 06:43:59
CLK-000377,FNP-U00398,AD-002,CMP-001,2026-01-31 18:17:18
CLK-002039,FNP-U00855,AD-013,CMP-004,2026-02-14 06:45:40
CLK-001957,FNP-U09695,AD-018,CMP-005,2026-03-08 09:11:24
CLK-005657,FNP-U07955,AD-002,CMP-001,2026-03-12 06:52:24
CLK-004346,FNP-U01400,AD-021,CMP-006,2026-02-08 09:43:17
CLK-000150,FNP-U05062,AD-023,CMP-006,2026-03-21 13:23:05
CLK-004011,FNP-U01845,AD-004,CMP-001,2026-01-13 09:21:30
CLK-001604,FNP-U08519,AD-010,CMP-003,2026-01-07 19:07:47
CLK-001086,FNP-U08842,AD-011,CMP-003,2026-02-05 21:31:51
CLK-005502,FNP-U05271,AD-015,CMP-004,2026-03-02 18:28:08
CLK-005094,FNP-U04604,AD-006,CMP-002,2026-01-01 13:30:54
CLK-001558,FNP-U03087,AD-013,CMP-004,2026-03-14 06:22:41
CLK-005507,FNP-U05823,AD-015,CMP-004,2026-03-14 18:29:50
CLK-001808,FNP-U03543,AD-002,CMP-001,2026-02-17 21:44:27
CLK-001863,FNP-U06322,AD-003,CMP-001,2026-01-06 18:14:13
CLK-003080,FNP-U00287,AD-017,CMP-005,2026-01-28 21:18:06
CLK-004510,FNP-U07449,AD-012,CMP-003,2026-01-08 09:58:05
CLK-004706,FNP-U02508,AD-002,CMP-001,2026-02-06 09:56:02
CLK-000309,FNP-U04283,AD-012,CMP-003,2026-02-15 09:26:46
CLK-003370,FNP-U02363,AD-002,CMP-001,2026-01-15 13:42:54
CLK-001798,FNP-U06008,AD-017,CMP-005,2026-02-21 13:19:06
CLK-003925,FNP-U02458,AD-013,CMP-004,2026-02-06 18:28:04
CLK-004570,FNP-U09331,AD-017,CMP-005,2026-03-26 07:00:10
CLK-001991,FNP-U01895,AD-019,CMP-005,2026-02-28 09:45:03
CLK-004617,FNP-U07603,AD-006,CMP-002,2026-01-15 09:17:40
CLK-002461,FNP-U02533,AD-004,CMP-001,2026-02-26 13:30:04
CLK-002456,FNP-U03935,AD-003,CMP-001,2026-02-17 13:45:08
CLK-000639,FNP-U08896,AD-012,CMP-003,2026-02-12 13:58:56
CLK-002273,FNP-U07529,AD-008,CMP-002,2026-02-20 21:47:35
CLK-004140,FNP-U04824,AD-017,CMP-005,2026-01-13 13:36:36
CLK-000583,FNP-U03400,AD-013,CMP-004,2026-03-15 21:29:16
CLK-002885,FNP-U05140,AD-001,CMP-001,2026-02-22 13:20:26
CLK-003552,FNP-U01328,AD-010,CMP-003,2026-03-02 21:52:25
CLK-003436,FNP-U02880,AD-010,CMP-003,2026-01-24 13:25:14
CLK-002213,FNP-U05382,AD-017,CMP-005,2026-02-16 13:42:25
CLK-005913,FNP-U09457,AD-001,CMP-001,2026-01-23 13:32:44
CLK-004317,FNP-U08327,AD-021,CMP-006,2026-03-11 06:34:55
CLK-002254,FNP-U05832,AD-005,CMP-002,2026-03-12 09:54:15
CLK-000207,FNP-U08484,AD-002,CMP-001,2026-03-04 18:55:54
CLK-000850,FNP-U08092,AD-011,CMP-003,2026-03-13 09:51:56
CLK-005575,FNP-U05947,AD-010,CMP-003,2026-01-09 13:49:37
CLK-000395,FNP-U05845,AD-008,CMP-002,2026-01-04 09:58:45
CLK-005321,FNP-U06438,AD-012,CMP-003,2026-03-03 13:04:30
CLK-001160,FNP-U07884,AD-002,CMP-001,2026-01-18 21:40:42
CLK-005944,FNP-U09232,AD-015,CMP-004,2026-03-21 10:04:27
CLK-002109,FNP-U09590,AD-008,CMP-002,2026-03-30 18:55:44
CLK-004343,FNP-U08002,AD-021,CMP-006,2026-02-21 22:06:46
CLK-002041,FNP-U05746,AD-012,CMP-003,2026-03-18 09:50:28
CLK-004601,FNP-U03953,AD-020,CMP-005,2026-01-27 09:27:35
CLK-001452,FNP-U06551,AD-001,CMP-001,2026-03-29 06:59:46
CLK-002182,FNP-U07492,AD-010,CMP-003,2026-03-17 21:31:46
CLK-003503,FNP-U00425,AD-004,CMP-001,2026-02-14 06:22:52
CLK-000083,FNP-U04517,AD-017,CMP-005,2026-01-06 09:28:59
CLK-000712,FNP-U08779,AD-006,CMP-002,2026-01-06 18:21:07
CLK-004477,FNP-U08385,AD-001,CMP-001,2026-01-10 22:09:19
CLK-000523,FNP-U00023,AD-008,CMP-002,2026-03-19 13:24:18
CLK-001678,FNP-U01737,AD-014,CMP-004,2026-03-28 13:49:29
CLK-003049,FNP-U06677,AD-019,CMP-005,2026-03-17 14:06:40
CLK-004704,FNP-U04600,AD-019,CMP-005,2026-02-23 18:29:53
CLK-001844,FNP-U06967,AD-002,CMP-001,2026-03-03 21:41:46
CLK-004188,FNP-U05962,AD-021,CMP-006,2026-02-07 09:18:58
CLK-005682,FNP-U08832,AD-022,CMP-006,2026-02-20 18:22:34
CLK-005740,FNP-U06301,AD-006,CMP-002,2026-01-31 09:09:45
CLK-000609,FNP-U02597,AD-006,CMP-002,2026-01-31 14:10:07
CLK-004879,FNP-U00638,AD-017,CMP-005,2026-03-16 13:31:20
CLK-001360,FNP-U00657,AD-001,CMP-001,2026-03-19 07:00:08
CLK-005426,FNP-U07648,AD-017,CMP-005,2026-03-14 09:24:42
CLK-005245,FNP-U09245,AD-001,CMP-001,2026-01-09 13:10:13
CLK-000601,FNP-U01328,AD-001,CMP-001,2026-03-18 00:28:01
CLK-003244,FNP-U05276,AD-017,CMP-005,2026-02-28 09:58:30
CLK-005754,FNP-U06789,AD-002,CMP-001,2026-01-07 22:05:28
CLK-003029,FNP-U02773,AD-002,CMP-001,2026-03-04 13:35:19
CLK-001227,FNP-U08170,AD-004,CMP-001,2026-02-08 21:04:56
CLK-001580,FNP-U04099,AD-008,CMP-002,2026-03-04 09:16:12
CLK-001162,FNP-U09688,AD-010,CMP-003,2026-03-15 09:47:19
CLK-003608,FNP-U07014,AD-014,CMP-004,2026-01-03 10:02:18
CLK-003331,FNP-U01203,AD-002,CMP-001,2026-02-16 09:45:36
CLK-002680,FNP-U05478,AD-002,CMP-001,2026-03-26 13:44:08
CLK-002229,FNP-U03504,AD-007,CMP-002,2026-03-14 18:21:48
CLK-004545,FNP-U07835,AD-018,CMP-005,2026-01-22 13:46:08
CLK-002811,FNP-U03345,AD-010,CMP-003,2026-01-26 09:18:42
CLK-005275,FNP-U02728,AD-008,CMP-002,2026-03-31 18:29:48
CLK-003858,FNP-U05898,AD-018,CMP-005,2026-02-19 14:07:51
CLK-002024,FNP-U05904,AD-006,CMP-002,2026-01-03 13:28:09
CLK-000104,FNP-U04068,AD-004,CMP-001,2026-03-24 18:15:44
CLK-003794,FNP-U01790,AD-015,CMP-004,2026-02-16 18:15:58
CLK-003485,FNP-U01510,AD-010,CMP-003,2026-03-01 09:50:45
CLK-005834,FNP-U02960,AD-003,CMP-001,2026-02-24 22:09:46
CLK-001791,FNP-U06381,AD-008,CMP-002,2026-02-05 09:26:00
CLK-000742,FNP-U03614,AD-006,CMP-002,2026-01-19 09:54:29
CLK-001335,FNP-U02927,AD-016,CMP-004,2026-01-12 21:28:16
CLK-004076,FNP-U04588,AD-006,CMP-002,2026-03-03 13:17:22
CLK-005997,FNP-U06378,AD-017,CMP-005,2026-01-03 19:06:08
CLK-005805,FNP-U01745,AD-005,CMP-002,2026-03-07 18:15:21
CLK-005484,FNP-U09581,AD-019,CMP-005,2026-03-20 21:58:33
CLK-000782,FNP-U01004,AD-013,CMP-004,2026-01-28 18:34:55
CLK-000558,FNP-U03774,AD-015,CMP-004,2026-03-02 06:52:55
CLK-002383,FNP-U05836,AD-004,CMP-001,2026-03-13 13:23:14
CLK-005857,FNP-U07948,AD-008,CMP-002,2026-03-14 21:31:53
CLK-000149,FNP-U07449,AD-015,CMP-004,2026-01-11 13:35:26
CLK-005734,FNP-U04746,AD-015,CMP-004,2026-02-03 22:07:40
CLK-004093,FNP-U03456,AD-006,CMP-002,2026-03-07 13:31:49
CLK-002750,FNP-U00909,AD-018,CMP-005,2026-01-13 18:50:04
CLK-003472,FNP-U09777,AD-003,CMP-001,2026-02-11 09:32:58
CLK-004524,FNP-U04943,AD-014,CMP-004,2026-01-11 06:08:12
CLK-005627,FNP-U06571,AD-008,CMP-002,2026-01-08 09:39:05
CLK-001350,FNP-U06060,AD-017,CMP-005,2026-02-05 18:39:18
CLK-000048,FNP-U03593,AD-004,CMP-001,2026-01-04 09:24:09
CLK-004221,FNP-U02718,AD-012,CMP-003,2026-03-26 09:29:59
CLK-001822,FNP-U06874,AD-012,CMP-003,2026-03-05 10:09:18
CLK-004740,FNP-U07382,AD-017,CMP-005,2026-02-09 18:37:26
CLK-004328,FNP-U03331,AD-011,CMP-003,2026-01-03 21:29:33
CLK-004124,FNP-U03723,AD-008,CMP-002,2026-03-20 18:45:54
CLK-003649,FNP-U09168,AD-007,CMP-002,2026-01-03 13:17:09
CLK-000268,FNP-U06108,AD-001,CMP-001,2026-01-07 06:38:35
CLK-002074,FNP-U00541,AD-021,CMP-006,2026-02-13 09:14:21
CLK-003348,FNP-U00921,AD-004,CMP-001,2026-02-20 21:12:28
CLK-003703,FNP-U02286,AD-024,CMP-006,2026-02-16 18:43:02
CLK-003665,FNP-U02821,AD-013,CMP-004,2026-02-04 09:14:30
CLK-004518,FNP-U07197,AD-005,CMP-002,2026-03-09 19:00:16
CLK-003786,FNP-U07261,AD-009,CMP-003,2026-03-02 09:14:46
CLK-000625,FNP-U00188,AD-002,CMP-001,2026-02-14 09:40:48
CLK-005017,FNP-U01372,AD-005,CMP-002,2026-02-09 09:33:41
CLK-005363,FNP-U09576,AD-008,CMP-002,2026-01-09 13:56:19
CLK-005372,FNP-U02925,AD-003,CMP-001,2026-02-18 00:50:44
CLK-000287,FNP-U01005,AD-020,CMP-005,2026-03-16 18:46:35
CLK-001013,FNP-U00143,AD-006,CMP-002,2026-02-10 13:41:25
CLK-003482,FNP-U07389,AD-021,CMP-006,2026-03-05 19:10:00
CLK-000820,FNP-U09206,AD-015,CMP-004,2026-01-31 13:40:25
CLK-005993,FNP-U03322,AD-002,CMP-001,2026-02-09 13:22:37
CLK-005509,FNP-U04792,AD-017,CMP-005,2026-02-09 06:42:16
CLK-003261,FNP-U00939,AD-024,CMP-006,2026-01-07 13:10:15
CLK-000327,FNP-U04004,AD-014,CMP-004,2026-01-26 09:15:15
CLK-002756,FNP-U08309,AD-015,CMP-004,2026-02-20 13:18:05
CLK-002491,FNP-U09470,AD-018,CMP-005,2026-02-15 00:32:13
CLK-003708,FNP-U09876,AD-010,CMP-003,2026-01-12 13:44:19
CLK-005413,FNP-U02954,AD-007,CMP-002,2026-03-10 00:15:19
CLK-004661,FNP-U05945,AD-018,CMP-005,2026-02-21 09:26:03
CLK-002739,FNP-U09135,AD-015,CMP-004,2026-01-02 13:30:49
CLK-002798,FNP-U06292,AD-010,CMP-003,2026-02-22 13:12:15
CLK-000240,FNP-U07815,AD-021,CMP-006,2026-01-08 00:08:08
CLK-003801,FNP-U01565,AD-021,CMP-006,2026-03-10 13:53:20
CLK-002670,FNP-U09932,AD-011,CMP-003,2026-01-20 18:50:44
CLK-002471,FNP-U01010,AD-016,CMP-004,2026-01-31 13:59:35
CLK-000689,FNP-U08212,AD-013,CMP-004,2026-03-31 06:13:27
CLK-001116,FNP-U06943,AD-013,CMP-004,2026-03-10 22:05:45
CLK-004623,FNP-U03680,AD-019,CMP-005,2026-02-10 13:43:56
CLK-005252,FNP-U02235,AD-017,CMP-005,2026-03-20 14:06:05
CLK-001380,FNP-U03218,AD-005,CMP-002,2026-03-29 13:29:34
CLK-005400,FNP-U07151,AD-015,CMP-004,2026-03-25 06:29:27
CLK-002915,FNP-U09090,AD-013,CMP-004,2026-03-19 13:19:19
CLK-004976,FNP-U08515,AD-002,CMP-001,2026-02-26 09:40:10
CLK-005640,FNP-U09844,AD-011,CMP-003,2026-03-06 18:56:26
CLK-003983,FNP-U04177,AD-006,CMP-002,2026-03-24 09:58:21
CLK-000587,FNP-U04710,AD-004,CMP-001,2026-01-27 13:40:13
CLK-004006,FNP-U03716,AD-022,CMP-006,2026-01-22 21:26:28
CLK-003574,FNP-U02803,AD-008,CMP-002,2026-02-14 18:30:08
CLK-001183,FNP-U07525,AD-004,CMP-001,2026-01-28 18:31:06
CLK-004168,FNP-U07706,AD-013,CMP-004,2026-01-17 21:30:56
CLK-001759,FNP-U04733,AD-008,CMP-002,2026-03-24 18:21:10
CLK-001830,FNP-U04975,AD-004,CMP-001,2026-01-25 06:42:06
CLK-004543,FNP-U09853,AD-001,CMP-001,2026-03-29 00:40:41
CLK-004361,FNP-U03341,AD-006,CMP-002,2026-01-02 14:04:55
CLK-001027,FNP-U07976,AD-004,CMP-001,2026-01-30 06:23:50
CLK-002080,FNP-U07462,AD-006,CMP-002,2026-01-19 13:28:14
CLK-001859,FNP-U01791,AD-011,CMP-003,2026-02-21 09:59:14
CLK-000361,FNP-U08539,AD-016,CMP-004,2026-03-16 09:59:51
CLK-004254,FNP-U05230,AD-016,CMP-004,2026-03-03 09:10:43
CLK-002279,FNP-U09687,AD-002,CMP-001,2026-02-16 06:58:55
CLK-005087,FNP-U09557,AD-019,CMP-005,2026-03-28 13:13:53
CLK-002115,FNP-U09574,AD-016,CMP-004,2026-01-09 07:01:49
CLK-003740,FNP-U08577,AD-017,CMP-005,2026-03-11 18:42:03
CLK-000881,FNP-U01963,AD-015,CMP-004,2026-01-24 21:30:31
CLK-005044,FNP-U07016,AD-010,CMP-003,2026-02-09 21:58:33
CLK-004811,FNP-U04049,AD-001,CMP-001,2026-01-29 06:15:40
CLK-002422,FNP-U00362,AD-008,CMP-002,2026-03-06 06:32:12
CLK-002043,FNP-U06794,AD-018,CMP-005,2026-02-22 06:20:51
CLK-002196,FNP-U09555,AD-004,CMP-001,2026-03-28 09:48:10
CLK-004384,FNP-U01248,AD-010,CMP-003,2026-03-28 13:39:42
CLK-000477,FNP-U07765,AD-009,CMP-003,2026-03-07 09:13:59
CLK-000641,FNP-U01823,AD-022,CMP-006,2026-01-02 09:48:37
CLK-003487,FNP-U01253,AD-018,CMP-005,2026-03-26 09:54:09
CLK-002181,FNP-U05266,AD-021,CMP-006,2026-01-24 13:13:05
CLK-001963,FNP-U06987,AD-011,CMP-003,2026-02-21 18:40:55
CLK-002696,FNP-U04516,AD-001,CMP-001,2026-02-09 13:58:26
CLK-000174,FNP-U03957,AD-010,CMP-003,2026-03-09 13:53:48
CLK-003646,FNP-U03625,AD-020,CMP-005,2026-01-21 13:55:05
CLK-005966,FNP-U04452,AD-003,CMP-001,2026-03-01 10:03:46
CLK-004026,FNP-U03785,AD-002,CMP-001,2026-03-29 09:12:34
CLK-001330,FNP-U06514,AD-006,CMP-002,2026-03-26 18:22:13
CLK-000213,FNP-U04319,AD-018,CMP-005,2026-01-07 06:16:18
CLK-004875,FNP-U07367,AD-010,CMP-003,2026-02-20 09:56:35
CLK-003355,FNP-U06816,AD-004,CMP-001,2026-01-15 18:11:34
CLK-000894,FNP-U05687,AD-009,CMP-003,2026-01-18 18:58:40
CLK-002480,FNP-U05771,AD-001,CMP-001,2026-01-12 18:45:00
CLK-005339,FNP-U00900,AD-002,CMP-001,2026-03-24 21:30:35
CLK-003071,FNP-U00300,AD-006,CMP-002,2026-01-23 13:33:55
CLK-001951,FNP-U04686,AD-015,CMP-004,2026-03-15 06:11:35
CLK-000023,FNP-U09960,AD-017,CMP-005,2026-01-01 14:03:09
CLK-003434,FNP-U00140,AD-020,CMP-005,2026-03-23 19:02:50
CLK-001253,FNP-U04433,AD-003,CMP-001,2026-01-11 18:50:37
CLK-004269,FNP-U08746,AD-008,CMP-002,2026-03-05 18:02:10
CLK-002053,FNP-U04411,AD-001,CMP-001,2026-03-02 18:13:26
CLK-005860,FNP-U09783,AD-021,CMP-006,2026-03-23 13:46:40
CLK-001652,FNP-U05084,AD-005,CMP-002,2026-01-07 00:18:29
CLK-000823,FNP-U06551,AD-002,CMP-001,2026-03-28 13:13:53
CLK-003536,FNP-U09856,AD-004,CMP-001,2026-02-26 13:44:16
CLK-004935,FNP-U07054,AD-004,CMP-001,2026-03-02 06:32:20
CLK-002465,FNP-U04897,AD-014,CMP-004,2026-03-28 09:08:17
CLK-005624,FNP-U06981,AD-022,CMP-006,2026-02-11 21:09:17
CLK-000830,FNP-U04168,AD-005,CMP-002,2026-01-02 13:18:24
CLK-001687,FNP-U07434,AD-014,CMP-004,2026-01-17 13:37:53
CLK-001492,FNP-U05220,AD-008,CMP-002,2026-01-21 13:30:20
CLK-001293,FNP-U09323,AD-004,CMP-001,2026-02-03 00:20:05
CLK-005002,FNP-U03665,AD-021,CMP-006,2026-03-11 18:14:51
CLK-003381,FNP-U00269,AD-008,CMP-002,2026-03-06 06:36:10
CLK-004536,FNP-U09062,AD-003,CMP-001,2026-03-15 13:43:21
CLK-002790,FNP-U01080,AD-019,CMP-005,2026-02-20 06:29:24
CLK-000585,FNP-U01787,AD-020,CMP-005,2026-02-22 21:11:35
CLK-005016,FNP-U03381,AD-005,CMP-002,2026-01-23 19:01:37
CLK-000404,FNP-U08917,AD-008,CMP-002,2026-03-26 06:49:20
CLK-001117,FNP-U03716,AD-006,CMP-002,2026-03-26 09:30:15
CLK-003685,FNP-U04576,AD-008,CMP-002,2026-03-10 09:23:17
CLK-002264,FNP-U03534,AD-022,CMP-006,2026-03-15 00:55:52
CLK-005001,FNP-U09222,AD-001,CMP-001,2026-01-11 06:12:03
CLK-004859,FNP-U06832,AD-013,CMP-004,2026-01-05 18:19:20
CLK-005074,FNP-U00680,AD-014,CMP-004,2026-01-04 13:47:27
CLK-002578,FNP-U06835,AD-019,CMP-005,2026-03-19 13:10:13
CLK-001347,FNP-U05442,AD-016,CMP-004,2026-01-02 09:34:13
CLK-001251,FNP-U02270,AD-003,CMP-001,2026-01-08 21:01:15
CLK-000659,FNP-U07662,AD-017,CMP-005,2026-01-22 18:12:09
CLK-004684,FNP-U04019,AD-013,CMP-004,2026-03-16 13:21:03
CLK-005792,FNP-U09914,AD-001,CMP-001,2026-01-10 09:38:09
CLK-002064,FNP-U07052,AD-015,CMP-004,2026-02-06 06:54:09
CLK-002845,FNP-U05060,AD-020,CMP-005,2026-01-16 09:07:12
CLK-000172,FNP-U09059,AD-014,CMP-004,2026-03-15 21:21:26
CLK-003836,FNP-U04081,AD-008,CMP-002,2026-03-22 18:53:05
CLK-000961,FNP-U07996,AD-004,CMP-001,2026-01-25 18:26:54
CLK-002530,FNP-U05658,AD-017,CMP-005,2026-01-27 13:28:18
CLK-001739,FNP-U00705,AD-001,CMP-001,2026-01-11 13:43:02
CLK-002360,FNP-U04511,AD-004,CMP-001,2026-03-06 13:17:20
CLK-002799,FNP-U03108,AD-004,CMP-001,2026-01-02 18:32:47
CLK-002822,FNP-U08943,AD-008,CMP-002,2026-03-31 18:51:16
CLK-002062,FNP-U07920,AD-006,CMP-002,2026-01-07 13:15:29
CLK-005848,FNP-U06771,AD-002,CMP-001,2026-02-16 09:15:55
CLK-003745,FNP-U03875,AD-001,CMP-001,2026-02-17 13:52:30
CLK-003214,FNP-U04478,AD-005,CMP-002,2026-01-01 21:37:52
CLK-003791,FNP-U03945,AD-004,CMP-001,2026-02-07 22:09:39
CLK-002304,FNP-U06968,AD-006,CMP-002,2026-03-21 18:05:03
CLK-003590,FNP-U03371,AD-006,CMP-002,2026-03-07 13:50:55
CLK-001763,FNP-U00660,AD-001,CMP-001,2026-02-22 06:53:26
CLK-005314,FNP-U01951,AD-015,CMP-004,2026-03-19 13:19:14
CLK-002999,FNP-U07633,AD-017,CMP-005,2026-02-16 21:09:26
CLK-004910,FNP-U05340,AD-010,CMP-003,2026-02-01 14:01:55
CLK-001198,FNP-U00676,AD-006,CMP-002,2026-03-04 13:16:49
CLK-003182,FNP-U05912,AD-014,CMP-004,2026-02-20 09:26:52
CLK-000893,FNP-U04335,AD-019,CMP-005,2026-03-25 21:56:23
CLK-000747,FNP-U01776,AD-017,CMP-005,2026-03-27 09:40:47
CLK-001839,FNP-U07240,AD-013,CMP-004,2026-02-10 19:01:23
CLK-002815,FNP-U02235,AD-004,CMP-001,2026-01-23 18:22:18
CLK-001679,FNP-U03246,AD-008,CMP-002,2026-03-26 09:51:32
CLK-004773,FNP-U03791,AD-017,CMP-005,2026-03-15 18:59:58
CLK-001595,FNP-U00779,AD-002,CMP-001,2026-01-06 09:11:40
CLK-005956,FNP-U09911,AD-004,CMP-001,2026-01-12 13:02:10
CLK-000497,FNP-U07758,AD-006,CMP-002,2026-01-28 07:00:49
CLK-000837,FNP-U06410,AD-001,CMP-001,2026-01-27 21:11:29
CLK-004552,FNP-U06205,AD-012,CMP-003,2026-03-18 21:18:52
CLK-001445,FNP-U03630,AD-014,CMP-004,2026-01-14 19:01:34
CLK-002005,FNP-U06559,AD-004,CMP-001,2026-02-27 14:02:41
CLK-002197,FNP-U08544,AD-017,CMP-005,2026-02-22 06:22:30
CLK-002925,FNP-U00880,AD-015,CMP-004,2026-02-03 21:57:34
CLK-005604,FNP-U09479,AD-009,CMP-003,2026-01-01 21:09:53
CLK-000128,FNP-U09980,AD-006,CMP-002,2026-02-25 06:47:02
CLK-003944,FNP-U02452,AD-013,CMP-004,2026-03-21 22:00:56
CLK-001010,FNP-U01656,AD-018,CMP-005,2026-02-13 13:47:53
CLK-005676,FNP-U07160,AD-007,CMP-002,2026-01-10 14:06:20
CLK-001479,FNP-U03376,AD-020,CMP-005,2026-02-19 10:00:25
CLK-003296,FNP-U03800,AD-005,CMP-002,2026-01-25 18:23:44
CLK-001660,FNP-U06045,AD-006,CMP-002,2026-01-10 09:14:51
CLK-002792,FNP-U06466,AD-010,CMP-003,2026-01-10 13:41:45
CLK-002050,FNP-U09091,AD-007,CMP-002,2026-01-25 09:13:32
CLK-004852,FNP-U05299,AD-015,CMP-004,2026-03-22 21:54:04
CLK-005448,FNP-U04558,AD-017,CMP-005,2026-02-25 21:18:28
CLK-004654,FNP-U04172,AD-021,CMP-006,2026-03-01 18:49:41
CLK-001150,FNP-U09854,AD-008,CMP-002,2026-02-01 18:58:38
CLK-003505,FNP-U03581,AD-013,CMP-004,2026-02-21 13:19:53
CLK-000699,FNP-U00004,AD-002,CMP-001,2026-01-09 09:17:19
CLK-005315,FNP-U08003,AD-014,CMP-004,2026-03-12 09:22:38
CLK-000316,FNP-U07222,AD-002,CMP-001,2026-02-07 13:56:41
CLK-004551,FNP-U03145,AD-021,CMP-006,2026-02-25 13:27:41
CLK-004391,FNP-U02907,AD-017,CMP-005,2026-02-25 21:46:11
CLK-003116,FNP-U07312,AD-009,CMP-003,2026-02-18 10:06:54
CLK-001385,FNP-U07647,AD-001,CMP-001,2026-01-20 18:47:52
CLK-003021,FNP-U05523,AD-001,CMP-001,2026-02-18 21:44:49
CLK-002169,FNP-U03779,AD-014,CMP-004,2026-03-18 09:15:50
CLK-000201,FNP-U07733,AD-001,CMP-001,2026-01-20 13:20:22
CLK-002538,FNP-U00887,AD-021,CMP-006,2026-02-01 18:22:47
CLK-002922,FNP-U05452,AD-013,CMP-004,2026-01-25 18:45:10
CLK-005669,FNP-U06340,AD-007,CMP-002,2026-02-20 21:44:36
CLK-003716,FNP-U00738,AD-001,CMP-001,2026-02-02 06:17:16
CLK-004936,FNP-U05704,AD-006,CMP-002,2026-03-09 18:21:22
CLK-000626,FNP-U06780,AD-010,CMP-003,2026-01-21 09:28:54
CLK-004969,FNP-U09126,AD-023,CMP-006,2026-02-16 09:36:55
CLK-004786,FNP-U05834,AD-022,CMP-006,2026-03-02 10:07:32
CLK-001325,FNP-U02549,AD-016,CMP-004,2026-02-15 13:09:09
CLK-000224,FNP-U01789,AD-005,CMP-002,2026-01-19 22:03:12
CLK-005096,FNP-U01022,AD-001,CMP-001,2026-01-30 13:27:58
CLK-004224,FNP-U06624,AD-013,CMP-004,2026-01-05 06:14:12
CLK-004584,FNP-U08808,AD-004,CMP-001,2026-01-01 09:40:17
CLK-005241,FNP-U00796,AD-013,CMP-004,2026-01-24 01:06:53
CLK-004652,FNP-U04274,AD-015,CMP-004,2026-02-15 21:49:19
CLK-005951,FNP-U09715,AD-022,CMP-006,2026-02-20 00:33:52
CLK-002940,FNP-U06518,AD-002,CMP-001,2026-03-23 13:44:54
CLK-004425,FNP-U02963,AD-007,CMP-002,2026-03-01 21:08:50
CLK-005310,FNP-U02539,AD-021,CMP-006,2026-02-19 18:24:11
CLK-001758,FNP-U06172,AD-019,CMP-005,2026-03-04 00:56:31
CLK-003313,FNP-U03553,AD-023,CMP-006,2026-03-11 13:32:06
CLK-005875,FNP-U03651,AD-003,CMP-001,2026-03-22 09:43:11
CLK-004098,FNP-U02244,AD-017,CMP-005,2026-03-27 13:28:32
CLK-005225,FNP-U07378,AD-011,CMP-003,2026-01-03 10:00:05
CLK-001547,FNP-U01517,AD-004,CMP-001,2026-03-01 01:06:38
CLK-004171,FNP-U05566,AD-007,CMP-002,2026-01-24 06:59:12
CLK-000745,FNP-U03665,AD-005,CMP-002,2026-01-23 18:21:17
CLK-003715,FNP-U06321,AD-012,CMP-003,2026-01-30 13:37:04
CLK-004589,FNP-U04045,AD-002,CMP-001,2026-02-02 21:48:17
CLK-003641,FNP-U04115,AD-008,CMP-002,2026-03-09 13:43:38
CLK-004429,FNP-U09863,AD-014,CMP-004,2026-01-30 06:30:05
CLK-001391,FNP-U02379,AD-008,CMP-002,2026-02-21 13:59:47
CLK-002647,FNP-U05588,AD-005,CMP-002,2026-03-15 09:36:45
CLK-003228,FNP-U04970,AD-012,CMP-003,2026-01-16 13:31:43
CLK-004723,FNP-U00072,AD-008,CMP-002,2026-03-28 18:17:58
CLK-002424,FNP-U07829,AD-009,CMP-003,2026-01-18 18:20:44
CLK-000247,FNP-U02030,AD-001,CMP-001,2026-02-25 13:32:14
CLK-000548,FNP-U06705,AD-015,CMP-004,2026-02-13 06:37:43
CLK-003491,FNP-U01282,AD-021,CMP-006,2026-02-18 09:16:25
CLK-001137,FNP-U07555,AD-012,CMP-003,2026-01-24 13:53:29
CLK-000236,FNP-U00991,AD-015,CMP-004,2026-02-07 13:23:50
CLK-000808,FNP-U06394,AD-009,CMP-003,2026-01-05 18:50:06
CLK-002594,FNP-U05877,AD-019,CMP-005,2026-02-20 18:26:08
CLK-004788,FNP-U07323,AD-019,CMP-005,2026-03-20 09:18:03
CLK-001729,FNP-U02885,AD-002,CMP-001,2026-03-23 13:18:19
CLK-004410,FNP-U05470,AD-002,CMP-001,2026-02-10 13:55:17
CLK-004966,FNP-U00106,AD-001,CMP-001,2026-01-29 18:09:48
CLK-004734,FNP-U01508,AD-008,CMP-002,2026-02-03 21:41:15
CLK-005178,FNP-U01169,AD-004,CMP-001,2026-03-19 13:46:21
CLK-003980,FNP-U02111,AD-005,CMP-002,2026-01-14 13:19:22
CLK-004907,FNP-U04757,AD-006,CMP-002,2026-03-03 09:57:41
CLK-000203,FNP-U05879,AD-018,CMP-005,2026-02-01 06:41:44
CLK-002239,FNP-U03923,AD-010,CMP-003,2026-01-17 06:45:24
CLK-000399,FNP-U03767,AD-010,CMP-003,2026-02-16 09:26:21
CLK-001394,FNP-U01388,AD-002,CMP-001,2026-03-27 18:24:49
CLK-000836,FNP-U05508,AD-017,CMP-005,2026-03-04 13:28:43
CLK-003857,FNP-U08667,AD-008,CMP-002,2026-01-02 09:29:19
CLK-000352,FNP-U01077,AD-006,CMP-002,2026-03-02 10:12:31
CLK-003890,FNP-U07268,AD-013,CMP-004,2026-02-19 18:49:12
CLK-005769,FNP-U01750,AD-019,CMP-005,2026-02-12 13:08:47
CLK-003798,FNP-U06895,AD-011,CMP-003,2026-02-20 06:31:08
CLK-000476,FNP-U07163,AD-010,CMP-003,2026-03-07 13:50:09
CLK-002055,FNP-U03579,AD-004,CMP-001,2026-02-23 19:04:35
CLK-005784,FNP-U06532,AD-011,CMP-003,2026-02-04 14:03:33
CLK-002354,FNP-U01816,AD-013,CMP-004,2026-01-07 09:21:52
CLK-003618,FNP-U07281,AD-004,CMP-001,2026-02-16 22:03:36
CLK-000475,FNP-U02521,AD-008,CMP-002,2026-01-11 22:05:47
CLK-004587,FNP-U03847,AD-013,CMP-004,2026-02-04 13:37:58
CLK-001748,FNP-U03758,AD-013,CMP-004,2026-02-25 21:29:22
CLK-003929,FNP-U00767,AD-012,CMP-003,2026-01-14 09:35:00
CLK-000450,FNP-U00033,AD-016,CMP-004,2026-02-02 14:08:23
CLK-005964,FNP-U02799,AD-008,CMP-002,2026-01-29 18:28:03
CLK-001416,FNP-U07579,AD-010,CMP-003,2026-03-10 21:31:56
CLK-000354,FNP-U08442,AD-017,CMP-005,2026-01-11 13:15:44
CLK-000483,FNP-U01939,AD-017,CMP-005,2026-02-24 13:26:22
CLK-003949,FNP-U05061,AD-002,CMP-001,2026-02-21 18:05:26
CLK-004747,FNP-U02190,AD-020,CMP-005,2026-02-04 13:09:24
CLK-005925,FNP-U04683,AD-016,CMP-004,2026-03-12 09:08:23
CLK-002098,FNP-U07510,AD-003,CMP-001,2026-03-20 09:33:11
CLK-004476,FNP-U03616,AD-004,CMP-001,2026-02-23 09:16:46
CLK-005355,FNP-U09078,AD-017,CMP-005,2026-02-17 21:08:38
CLK-005496,FNP-U06105,AD-017,CMP-005,2026-03-26 13:58:41
CLK-003795,FNP-U06822,AD-023,CMP-006,2026-01-07 22:03:03
CLK-003283,FNP-U09735,AD-018,CMP-005,2026-01-31 13:29:14
CLK-002576,FNP-U00863,AD-001,CMP-001,2026-02-17 09:53:27
CLK-001019,FNP-U08492,AD-019,CMP-005,2026-03-11 06:57:39
CLK-001943,FNP-U07752,AD-003,CMP-001,2026-01-27 06:36:37
CLK-004263,FNP-U00832,AD-004,CMP-001,2026-03-07 18:28:36
CLK-003175,FNP-U04824,AD-001,CMP-001,2026-01-15 13:52:44
CLK-001733,FNP-U02686,AD-018,CMP-005,2026-03-10 10:10:48
CLK-001941,FNP-U05437,AD-001,CMP-001,2026-01-01 06:39:27
CLK-002211,FNP-U01154,AD-010,CMP-003,2026-03-19 10:04:07
CLK-005759,FNP-U00894,AD-004,CMP-001,2026-03-18 13:15:55
CLK-002460,FNP-U01710,AD-003,CMP-001,2026-03-02 13:57:32
CLK-001175,FNP-U08283,AD-006,CMP-002,2026-03-02 18:43:11
CLK-005462,FNP-U07056,AD-017,CMP-005,2026-01-12 00:51:12
CLK-000553,FNP-U06511,AD-009,CMP-003,2026-02-25 13:56:21
CLK-003195,FNP-U08522,AD-002,CMP-001,2026-02-17 18:16:07
CLK-001728,FNP-U08506,AD-013,CMP-004,2026-02-23 06:31:28
CLK-001269,FNP-U02546,AD-015,CMP-004,2026-01-01 13:53:52
CLK-002949,FNP-U08341,AD-008,CMP-002,2026-02-10 18:19:38
CLK-004989,FNP-U09343,AD-017,CMP-005,2026-02-11 09:35:48
CLK-004365,FNP-U05754,AD-021,CMP-006,2026-01-25 21:07:34
CLK-004837,FNP-U00799,AD-017,CMP-005,2026-01-05 09:37:00
CLK-004411,FNP-U01586,AD-012,CMP-003,2026-01-14 13:45:47
CLK-004498,FNP-U01287,AD-008,CMP-002,2026-03-24 13:33:54
CLK-003623,FNP-U08694,AD-014,CMP-004,2026-01-15 14:00:12
CLK-000359,FNP-U03998,AD-022,CMP-006,2026-02-21 18:52:38
CLK-002345,FNP-U06378,AD-013,CMP-004,2026-02-03 18:24:52
CLK-001740,FNP-U02054,AD-009,CMP-003,2026-02-22 21:08:04
CLK-001776,FNP-U07845,AD-002,CMP-001,2026-02-12 18:35:52
CLK-001313,FNP-U04198,AD-022,CMP-006,2026-01-02 18:16:03
CLK-003391,FNP-U02618,AD-008,CMP-002,2026-02-09 09:56:36
CLK-005767,FNP-U03274,AD-013,CMP-004,2026-03-10 06:18:03
CLK-001937,FNP-U04406,AD-016,CMP-004,2026-01-15 10:00:04
CLK-004354,FNP-U07020,AD-021,CMP-006,2026-01-25 13:08:45
CLK-001832,FNP-U03701,AD-010,CMP-003,2026-02-12 21:11:50
CLK-004004,FNP-U09425,AD-006,CMP-002,2026-03-26 13:26:40
CLK-000955,FNP-U04444,AD-012,CMP-003,2026-01-21 13:13:08
CLK-004323,FNP-U09839,AD-018,CMP-005,2026-03-14 13:32:51
CLK-005393,FNP-U01662,AD-012,CMP-003,2026-01-30 13:18:28
CLK-005491,FNP-U04261,AD-008,CMP-002,2026-02-04 09:22:45
CLK-002488,FNP-U04282,AD-019,CMP-005,2026-03-30 18:21:10
CLK-000807,FNP-U08899,AD-010,CMP-003,2026-03-24 21:12:03
CLK-004643,FNP-U04661,AD-018,CMP-005,2026-01-14 13:47:19
CLK-002829,FNP-U00927,AD-005,CMP-002,2026-03-17 21:57:55
CLK-004273,FNP-U08208,AD-021,CMP-006,2026-01-07 00:21:03
CLK-003210,FNP-U02683,AD-013,CMP-004,2026-02-12 13:52:04
CLK-004846,FNP-U04479,AD-007,CMP-002,2026-02-07 06:33:25
CLK-003874,FNP-U01018,AD-014,CMP-004,2026-02-02 21:51:20
CLK-002100,FNP-U05900,AD-010,CMP-003,2026-01-01 18:20:38
CLK-001451,FNP-U03832,AD-014,CMP-004,2026-03-07 13:10:18
CLK-004924,FNP-U08673,AD-016,CMP-004,2026-01-04 13:11:06
CLK-004297,FNP-U04128,AD-012,CMP-003,2026-03-08 18:09:36
CLK-001696,FNP-U00255,AD-002,CMP-001,2026-01-06 13:39:34
CLK-004155,FNP-U08990,AD-016,CMP-004,2026-02-03 18:39:07
CLK-002929,FNP-U04205,AD-013,CMP-004,2026-01-01 18:36:56
CLK-000918,FNP-U00191,AD-003,CMP-001,2026-01-26 13:13:17
CLK-003808,FNP-U04245,AD-022,CMP-006,2026-02-21 21:35:50
CLK-000266,FNP-U04941,AD-004,CMP-001,2026-03-27 09:58:36
CLK-001708,FNP-U09797,AD-014,CMP-004,2026-03-07 18:25:45
CLK-005721,FNP-U06335,AD-008,CMP-002,2026-02-25 13:32:17
CLK-000376,FNP-U02402,AD-014,CMP-004,2026-01-13 13:13:03
CLK-000305,FNP-U09289,AD-018,CMP-005,2026-02-25 18:51:28
CLK-003684,FNP-U00355,AD-010,CMP-003,2026-03-16 00:21:32
CLK-001732,FNP-U07711,AD-014,CMP-004,2026-01-15 18:20:02
CLK-003254,FNP-U06495,AD-015,CMP-004,2026-02-06 21:40:09
CLK-001919,FNP-U02599,AD-006,CMP-002,2026-03-09 18:39:59
CLK-000261,FNP-U07341,AD-017,CMP-005,2026-03-19 00:10:00
CLK-002511,FNP-U08300,AD-021,CMP-006,2026-02-26 13:24:56
CLK-000613,FNP-U00599,AD-013,CMP-004,2026-03-04 09:47:46
CLK-001670,FNP-U00724,AD-002,CMP-001,2026-02-01 13:24:32
CLK-003780,FNP-U03453,AD-012,CMP-003,2026-01-17 13:26:46
CLK-004724,FNP-U06329,AD-004,CMP-001,2026-01-18 06:14:05
CLK-004215,FNP-U00699,AD-004,CMP-001,2026-01-03 18:30:31
CLK-005334,FNP-U07830,AD-006,CMP-002,2026-03-03 09:43:40
CLK-001737,FNP-U02162,AD-022,CMP-006,2026-03-08 13:22:59
CLK-002686,FNP-U09077,AD-010,CMP-003,2026-03-07 09:28:47
CLK-003488,FNP-U00540,AD-013,CMP-004,2026-03-30 09:03:53
CLK-003213,FNP-U01172,AD-004,CMP-001,2026-01-03 01:03:20
CLK-003234,FNP-U02342,AD-022,CMP-006,2026-01-08 13:45:48
CLK-000571,FNP-U06268,AD-013,CMP-004,2026-03-15 18:34:38
CLK-003934,FNP-U03794,AD-016,CMP-004,2026-01-10 06:31:55
CLK-003889,FNP-U04156,AD-013,CMP-004,2026-02-16 14:00:36
CLK-004725,FNP-U02892,AD-021,CMP-006,2026-03-25 00:32:58
CLK-002415,FNP-U08688,AD-014,CMP-004,2026-01-03 14:00:03
CLK-004077,FNP-U06774,AD-005,CMP-002,2026-03-15 09:53:15
CLK-004967,FNP-U08864,AD-017,CMP-005,2026-02-25 13:23:37
CLK-002278,FNP-U06215,AD-012,CMP-003,2026-02-05 09:36:11
CLK-005192,FNP-U01142,AD-019,CMP-005,2026-03-04 21:24:18
CLK-002387,FNP-U03733,AD-004,CMP-001,2026-01-03 13:20:15
CLK-004883,FNP-U04107,AD-004,CMP-001,2026-01-24 13:37:02
CLK-005350,FNP-U00712,AD-010,CMP-003,2026-02-14 13:42:39
CLK-005382,FNP-U07202,AD-009,CMP-003,2026-01-21 18:52:12
CLK-001626,FNP-U08921,AD-018,CMP-005,2026-02-17 09:32:06
CLK-001232,FNP-U06555,AD-001,CMP-001,2026-02-21 13:18:26
CLK-004856,FNP-U02941,AD-006,CMP-002,2026-02-28 09:30:55
CLK-005635,FNP-U00785,AD-001,CMP-001,2026-02-02 09:34:22
CLK-005580,FNP-U01304,AD-008,CMP-002,2026-02-05 13:47:34
CLK-005197,FNP-U03117,AD-013,CMP-004,2026-01-02 21:54:28
CLK-004071,FNP-U01043,AD-003,CMP-001,2026-02-21 18:17:26
CLK-002709,FNP-U01211,AD-019,CMP-005,2026-03-01 00:47:56
CLK-003450,FNP-U03080,AD-013,CMP-004,2026-01-14 21:42:24
CLK-005038,FNP-U07411,AD-012,CMP-003,2026-01-31 09:50:30
CLK-004018,FNP-U01942,AD-017,CMP-005,2026-01-22 18:02:08
CLK-000727,FNP-U05918,AD-002,CMP-001,2026-01-25 18:46:01
CLK-001310,FNP-U01414,AD-011,CMP-003,2026-03-22 13:30:13
CLK-003898,FNP-U09110,AD-008,CMP-002,2026-03-26 21:35:25
CLK-004179,FNP-U07936,AD-003,CMP-001,2026-02-03 06:44:18
CLK-005453,FNP-U03444,AD-004,CMP-001,2026-03-31 09:11:27
CLK-001777,FNP-U02774,AD-006,CMP-002,2026-01-30 22:00:42
CLK-001877,FNP-U07487,AD-001,CMP-001,2026-01-10 21:39:48
CLK-004158,FNP-U03211,AD-017,CMP-005,2026-02-24 13:43:10
CLK-000856,FNP-U09522,AD-003,CMP-001,2026-03-30 13:40:45
CLK-000329,FNP-U02220,AD-017,CMP-005,2026-03-25 18:34:51
CLK-003345,FNP-U02168,AD-005,CMP-002,2026-03-28 09:32:07
CLK-000294,FNP-U02950,AD-013,CMP-004,2026-03-18 09:43:13
CLK-001571,FNP-U06440,AD-001,CMP-001,2026-02-16 18:38:50
CLK-005030,FNP-U03354,AD-012,CMP-003,2026-03-03 06:23:46
CLK-001318,FNP-U05549,AD-008,CMP-002,2026-03-22 13:36:08
CLK-002559,FNP-U05381,AD-013,CMP-004,2026-01-30 13:35:47
CLK-005066,FNP-U08046,AD-013,CMP-004,2026-03-06 13:16:16
CLK-003748,FNP-U03307,AD-001,CMP-001,2026-01-02 21:14:59
CLK-004190,FNP-U05751,AD-001,CMP-001,2026-03-10 13:04:04
CLK-000171,FNP-U00544,AD-009,CMP-003,2026-01-22 13:50:03
CLK-001115,FNP-U08205,AD-008,CMP-002,2026-02-09 13:47:10
CLK-005344,FNP-U01927,AD-016,CMP-004,2026-02-09 22:08:04
CLK-001503,FNP-U07397,AD-001,CMP-001,2026-03-04 21:29:50
CLK-004272,FNP-U02171,AD-013,CMP-004,2026-02-02 06:23:48
CLK-000624,FNP-U00176,AD-008,CMP-002,2026-02-05 21:08:56
CLK-002740,FNP-U00164,AD-015,CMP-004,2026-01-01 09:50:37
CLK-005418,FNP-U05512,AD-002,CMP-001,2026-03-18 13:54:39
CLK-002626,FNP-U08170,AD-008,CMP-002,2026-01-07 18:50:01
CLK-005071,FNP-U05415,AD-019,CMP-005,2026-03-30 18:52:43
CLK-000075,FNP-U05781,AD-003,CMP-001,2026-01-24 09:49:51
CLK-005233,FNP-U01392,AD-004,CMP-001,2026-01-03 21:33:02
CLK-001140,FNP-U09274,AD-008,CMP-002,2026-02-16 21:05:19
CLK-001974,FNP-U08055,AD-004,CMP-001,2026-01-10 22:05:15
CLK-002051,FNP-U03929,AD-010,CMP-003,2026-03-29 19:10:55
CLK-002139,FNP-U05167,AD-013,CMP-004,2026-03-27 13:37:18
CLK-005440,FNP-U09352,AD-007,CMP-002,2026-01-21 21:14:28
CLK-001829,FNP-U06540,AD-020,CMP-005,2026-01-02 13:31:13
CLK-002346,FNP-U07100,AD-021,CMP-006,2026-03-11 06:34:07
CLK-002634,FNP-U04055,AD-007,CMP-002,2026-01-02 18:48:18
CLK-000759,FNP-U08278,AD-008,CMP-002,2026-02-03 09:19:19
CLK-005312,FNP-U08894,AD-017,CMP-005,2026-03-23 00:28:31
CLK-005269,FNP-U08844,AD-006,CMP-002,2026-03-28 19:03:40
CLK-002633,FNP-U00436,AD-021,CMP-006,2026-03-17 18:11:23
CLK-004008,FNP-U03870,AD-019,CMP-005,2026-03-18 21:28:20
CLK-002146,FNP-U09828,AD-007,CMP-002,2026-01-22 21:29:21
CLK-002237,FNP-U03415,AD-010,CMP-003,2026-03-08 13:31:40
CLK-004619,FNP-U00919,AD-015,CMP-004,2026-02-28 21:18:55
CLK-000611,FNP-U08502,AD-008,CMP-002,2026-03-21 06:19:58
CLK-003039,FNP-U08895,AD-007,CMP-002,2026-02-05 09:50:39
CLK-000293,FNP-U02405,AD-013,CMP-004,2026-02-28 06:09:01
CLK-001443,FNP-U05521,AD-021,CMP-006,2026-01-12 21:24:00
CLK-003286,FNP-U01071,AD-021,CMP-006,2026-03-26 13:23:47
CLK-000709,FNP-U02135,AD-011,CMP-003,2026-03-01 18:15:23
CLK-000711,FNP-U05052,AD-021,CMP-006,2026-01-31 18:12:22
CLK-005181,FNP-U09637,AD-009,CMP-003,2026-03-21 13:53:47
CLK-003994,FNP-U02582,AD-002,CMP-001,2026-01-30 21:35:01
CLK-005777,FNP-U07003,AD-014,CMP-004,2026-03-22 06:48:38
CLK-002661,FNP-U08966,AD-005,CMP-002,2026-02-23 13:50:30
CLK-003358,FNP-U00282,AD-008,CMP-002,2026-03-10 09:58:21
CLK-000336,FNP-U06797,AD-002,CMP-001,2026-01-07 13:27:35
CLK-001491,FNP-U08657,AD-001,CMP-001,2026-03-11 13:15:37
CLK-003125,FNP-U05869,AD-001,CMP-001,2026-03-27 21:43:05
CLK-003953,FNP-U08140,AD-018,CMP-005,2026-01-20 13:55:20
CLK-004993,FNP-U03766,AD-003,CMP-001,2026-02-27 09:36:19
CLK-001105,FNP-U08351,AD-016,CMP-004,2026-03-20 13:17:50
CLK-002421,FNP-U07479,AD-004,CMP-001,2026-03-12 09:16:38
CLK-001635,FNP-U06232,AD-013,CMP-004,2026-01-08 19:04:50
CLK-002964,FNP-U05281,AD-022,CMP-006,2026-02-05 21:28:17
CLK-005534,FNP-U03302,AD-008,CMP-002,2026-02-27 18:26:11
CLK-003326,FNP-U09696,AD-003,CMP-001,2026-01-08 13:43:50
CLK-005508,FNP-U05399,AD-008,CMP-002,2026-03-03 09:58:06
CLK-003633,FNP-U04688,AD-012,CMP-003,2026-03-12 13:43:29
CLK-004042,FNP-U02515,AD-015,CMP-004,2026-02-10 13:20:21
CLK-004123,FNP-U00196,AD-004,CMP-001,2026-01-02 06:16:08
CLK-002455,FNP-U09189,AD-005,CMP-002,2026-01-22 13:22:23
CLK-002295,FNP-U01810,AD-003,CMP-001,2026-02-01 13:32:04
CLK-002328,FNP-U01919,AD-014,CMP-004,2026-01-04 13:30:39
CLK-005395,FNP-U01512,AD-007,CMP-002,2026-03-28 19:03:02
CLK-000429,FNP-U02490,AD-006,CMP-002,2026-03-28 13:52:56
CLK-004370,FNP-U00558,AD-014,CMP-004,2026-02-04 19:06:26
CLK-002948,FNP-U05908,AD-003,CMP-001,2026-02-23 06:52:54
CLK-000462,FNP-U02536,AD-013,CMP-004,2026-01-04 21:43:51
CLK-002095,FNP-U07011,AD-019,CMP-005,2026-01-31 18:46:36
CLK-003728,FNP-U00181,AD-004,CMP-001,2026-03-26 13:51:07
CLK-004890,FNP-U00427,AD-011,CMP-003,2026-03-08 09:33:37
CLK-001505,FNP-U07607,AD-006,CMP-002,2026-01-20 21:07:04
CLK-001340,FNP-U09750,AD-017,CMP-005,2026-02-14 13:36:54
CLK-004809,FNP-U02913,AD-019,CMP-005,2026-01-20 13:44:10
CLK-004069,FNP-U02283,AD-013,CMP-004,2026-01-23 13:15:19
CLK-000414,FNP-U08952,AD-019,CMP-005,2026-01-09 09:25:38
CLK-001409,FNP-U03016,AD-019,CMP-005,2026-02-26 09:14:09
CLK-003089,FNP-U00284,AD-006,CMP-002,2026-03-16 09:53:26
CLK-002673,FNP-U04566,AD-007,CMP-002,2026-03-01 18:43:20
CLK-001665,FNP-U04744,AD-021,CMP-006,2026-01-15 19:11:32
CLK-004458,FNP-U08132,AD-016,CMP-004,2026-02-20 06:30:18
CLK-005518,FNP-U08309,AD-011,CMP-003,2026-03-31 21:15:22
CLK-001057,FNP-U09153,AD-008,CMP-002,2026-01-17 18:48:25
CLK-004186,FNP-U00498,AD-021,CMP-006,2026-03-11 06:30:30
CLK-004645,FNP-U00021,AD-010,CMP-003,2026-01-09 06:49:41
CLK-004409,FNP-U08793,AD-015,CMP-004,2026-03-06 14:07:02
CLK-000631,FNP-U09926,AD-002,CMP-001,2026-01-01 09:54:37
CLK-005822,FNP-U02472,AD-018,CMP-005,2026-01-10 18:42:02
CLK-005789,FNP-U04973,AD-017,CMP-005,2026-01-15 13:29:26
CLK-001192,FNP-U07731,AD-012,CMP-003,2026-01-23 09:09:44
CLK-001367,FNP-U08462,AD-012,CMP-003,2026-02-18 09:09:35
CLK-003423,FNP-U03833,AD-002,CMP-001,2026-03-31 18:35:09
CLK-000409,FNP-U02482,AD-006,CMP-002,2026-01-26 18:54:19
CLK-005184,FNP-U03682,AD-019,CMP-005,2026-03-29 14:04:22
CLK-005168,FNP-U00309,AD-005,CMP-002,2026-03-09 21:33:35
CLK-004594,FNP-U05620,AD-015,CMP-004,2026-01-26 13:13:38
CLK-005538,FNP-U01563,AD-012,CMP-003,2026-03-12 18:18:10
CLK-004763,FNP-U08004,AD-002,CMP-001,2026-02-13 13:48:45
CLK-003494,FNP-U05113,AD-009,CMP-003,2026-03-26 10:02:15
CLK-001075,FNP-U03322,AD-011,CMP-003,2026-01-09 13:56:53
CLK-000849,FNP-U07305,AD-018,CMP-005,2026-01-29 09:29:05
CLK-005541,FNP-U00008,AD-001,CMP-001,2026-01-11 18:40:58
CLK-002462,FNP-U01658,AD-004,CMP-001,2026-03-17 09:27:28
CLK-001684,FNP-U07477,AD-017,CMP-005,2026-01-11 21:16:09
CLK-001795,FNP-U08475,AD-004,CMP-001,2026-02-11 21:48:00
CLK-002352,FNP-U04306,AD-010,CMP-003,2026-02-12 14:01:30
CLK-001952,FNP-U00262,AD-017,CMP-005,2026-01-26 09:39:16
CLK-003698,FNP-U07632,AD-016,CMP-004,2026-01-24 06:17:34
CLK-002597,FNP-U03548,AD-008,CMP-002,2026-02-21 09:33:46
CLK-000096,FNP-U08599,AD-011,CMP-003,2026-01-13 09:12:41
CLK-002106,FNP-U06767,AD-013,CMP-004,2026-02-06 14:05:14
CLK-001667,FNP-U07585,AD-017,CMP-005,2026-01-22 13:13:40
CLK-000813,FNP-U02487,AD-003,CMP-001,2026-01-19 18:28:42
CLK-000800,FNP-U01518,AD-003,CMP-001,2026-02-09 21:14:08
CLK-005867,FNP-U01500,AD-007,CMP-002,2026-02-28 06:52:04
CLK-001596,FNP-U01563,AD-007,CMP-002,2026-01-27 21:15:00
CLK-000057,FNP-U09784,AD-007,CMP-002,2026-01-11 18:24:11
CLK-005414,FNP-U09463,AD-005,CMP-002,2026-02-27 13:52:25
CLK-000682,FNP-U06532,AD-004,CMP-001,2026-03-25 09:47:21
CLK-000355,FNP-U05902,AD-013,CMP-004,2026-01-23 06:41:00
CLK-000342,FNP-U01720,AD-008,CMP-002,2026-03-09 09:54:55
CLK-000657,FNP-U09414,AD-014,CMP-004,2026-01-02 09:39:20
CLK-005760,FNP-U01882,AD-001,CMP-001,2026-01-12 13:24:25
CLK-005729,FNP-U03528,AD-001,CMP-001,2026-01-05 09:55:52
CLK-002032,FNP-U06750,AD-018,CMP-005,2026-02-20 09:25:44
CLK-001437,FNP-U06496,AD-001,CMP-001,2026-02-03 13:41:13
CLK-003666,FNP-U00552,AD-001,CMP-001,2026-01-14 13:05:37
CLK-000188,FNP-U00947,AD-012,CMP-003,2026-03-22 13:12:39
CLK-002623,FNP-U00604,AD-004,CMP-001,2026-02-07 13:03:31
CLK-004851,FNP-U05894,AD-003,CMP-001,2026-02-25 13:15:34
CLK-005520,FNP-U01811,AD-021,CMP-006,2026-02-08 13:41:22
CLK-002789,FNP-U09793,AD-008,CMP-002,2026-03-24 13:05:55
CLK-000161,FNP-U02197,AD-008,CMP-002,2026-03-27 13:16:52
CLK-004284,FNP-U01951,AD-013,CMP-004,2026-03-29 13:40:37
CLK-002748,FNP-U05017,AD-010,CMP-003,2026-02-11 13:51:07
CLK-003048,FNP-U02413,AD-001,CMP-001,2026-01-29 21:58:48
CLK-000166,FNP-U09550,AD-008,CMP-002,2026-01-06 13:17:19
CLK-004898,FNP-U08205,AD-018,CMP-005,2026-01-02 06:03:14
CLK-004634,FNP-U00601,AD-002,CMP-001,2026-02-17 21:23:26
CLK-004612,FNP-U00356,AD-010,CMP-003,2026-02-11 18:49:30
CLK-001899,FNP-U02603,AD-018,CMP-005,2026-03-30 21:26:20
CLK-003673,FNP-U06522,AD-006,CMP-002,2026-02-01 13:23:18
CLK-003541,FNP-U00851,AD-005,CMP-002,2026-02-23 10:10:42
CLK-005146,FNP-U02585,AD-006,CMP-002,2026-01-14 18:35:42
CLK-004065,FNP-U06417,AD-006,CMP-002,2026-01-16 18:13:29
CLK-001805,FNP-U08814,AD-017,CMP-005,2026-01-02 18:12:34
CLK-002544,FNP-U00933,AD-024,CMP-006,2026-02-25 21:48:59
CLK-000990,FNP-U01883,AD-010,CMP-003,2026-01-29 09:50:42
CLK-001694,FNP-U08375,AD-011,CMP-003,2026-01-18 13:51:07
CLK-001179,FNP-U08006,AD-018,CMP-005,2026-03-16 18:47:57
CLK-000608,FNP-U01253,AD-010,CMP-003,2026-03-14 21:55:50
CLK-004877,FNP-U04466,AD-021,CMP-006,2026-03-29 06:52:42
CLK-003506,FNP-U08089,AD-001,CMP-001,2026-02-14 09:25:12
CLK-000312,FNP-U05841,AD-010,CMP-003,2026-01-12 21:45:14
CLK-005436,FNP-U08597,AD-002,CMP-001,2026-01-18 18:59:50
CLK-004755,FNP-U05938,AD-012,CMP-003,2026-02-04 09:37:18
CLK-004927,FNP-U04333,AD-021,CMP-006,2026-01-20 13:38:43
CLK-005316,FNP-U02482,AD-010,CMP-003,2026-02-20 09:36:24
CLK-002743,FNP-U08312,AD-010,CMP-003,2026-01-21 13:33:56
CLK-003073,FNP-U04466,AD-007,CMP-002,2026-03-15 13:51:33
CLK-001852,FNP-U06404,AD-002,CMP-001,2026-01-30 13:26:13
CLK-004940,FNP-U01171,AD-008,CMP-002,2026-03-08 18:42:14
CLK-004418,FNP-U08838,AD-003,CMP-001,2026-03-20 13:55:46
CLK-001225,FNP-U05145,AD-007,CMP-002,2026-02-24 13:56:35
CLK-003148,FNP-U06860,AD-008,CMP-002,2026-02-26 00:35:44
CLK-001428,FNP-U06812,AD-021,CMP-006,2026-02-05 21:35:24
CLK-002522,FNP-U01195,AD-005,CMP-002,2026-03-26 09:05:57
CLK-001008,FNP-U01476,AD-008,CMP-002,2026-01-29 06:18:01
CLK-000410,FNP-U09491,AD-013,CMP-004,2026-01-02 21:28:22
CLK-005232,FNP-U09456,AD-002,CMP-001,2026-02-21 13:35:27
CLK-004785,FNP-U07012,AD-006,CMP-002,2026-02-18 13:30:10
CLK-001374,FNP-U00028,AD-016,CMP-004,2026-01-12 18:56:11
CLK-002660,FNP-U08137,AD-019,CMP-005,2026-01-28 06:06:56
CLK-001767,FNP-U00280,AD-008,CMP-002,2026-03-16 13:10:57
CLK-004339,FNP-U01263,AD-019,CMP-005,2026-03-29 21:57:09
CLK-000900,FNP-U01098,AD-002,CMP-001,2026-02-23 06:37:48
CLK-004380,FNP-U08845,AD-013,CMP-004,2026-03-28 09:34:24
CLK-005633,FNP-U05212,AD-017,CMP-005,2026-03-20 09:14:54
CLK-001800,FNP-U03731,AD-005,CMP-002,2026-03-14 13:59:38
CLK-004572,FNP-U06617,AD-012,CMP-003,2026-03-14 09:42:19
CLK-001838,FNP-U06630,AD-006,CMP-002,2026-02-27 09:10:08
CLK-002316,FNP-U06541,AD-009,CMP-003,2026-01-27 21:23:27
CLK-003799,FNP-U01078,AD-019,CMP-005,2026-01-29 18:11:39
CLK-000566,FNP-U02407,AD-006,CMP-002,2026-02-24 09:29:07
CLK-001296,FNP-U06495,AD-013,CMP-004,2026-01-10 06:16:01
CLK-001781,FNP-U04449,AD-018,CMP-005,2026-02-13 06:13:04
CLK-003236,FNP-U08380,AD-015,CMP-004,2026-02-26 18:22:52
CLK-005797,FNP-U03322,AD-017,CMP-005,2026-02-08 13:48:22
CLK-004573,FNP-U04169,AD-013,CMP-004,2026-01-01 18:53:20
CLK-003691,FNP-U03096,AD-011,CMP-003,2026-01-26 18:20:18
CLK-000660,FNP-U05549,AD-001,CMP-001,2026-03-18 06:01:00
CLK-004156,FNP-U07045,AD-008,CMP-002,2026-01-21 09:42:49
CLK-000505,FNP-U08111,AD-006,CMP-002,2026-03-01 21:50:57
CLK-001663,FNP-U01150,AD-011,CMP-003,2026-03-31 18:32:32
CLK-000012,FNP-U00398,AD-011,CMP-003,2026-01-29 13:27:29
CLK-005231,FNP-U04026,AD-006,CMP-002,2026-03-09 18:49:20
CLK-000567,FNP-U00452,AD-002,CMP-001,2026-02-26 14:09:55
CLK-003497,FNP-U05837,AD-005,CMP-002,2026-03-07 09:58:53
CLK-004256,FNP-U07651,AD-021,CMP-006,2026-03-10 21:38:56
CLK-005551,FNP-U01948,AD-006,CMP-002,2026-02-13 07:00:12
CLK-002265,FNP-U05282,AD-003,CMP-001,2026-03-09 13:24:57
CLK-001077,FNP-U01560,AD-002,CMP-001,2026-03-29 10:01:48
CLK-002998,FNP-U00593,AD-021,CMP-006,2026-02-25 06:24:00
CLK-000950,FNP-U01509,AD-013,CMP-004,2026-02-21 06:50:59
CLK-002290,FNP-U01305,AD-011,CMP-003,2026-03-14 13:46:48
CLK-004090,FNP-U06111,AD-002,CMP-001,2026-02-11 21:33:50
CLK-002271,FNP-U07761,AD-017,CMP-005,2026-01-27 09:07:42
CLK-001084,FNP-U01692,AD-015,CMP-004,2026-01-30 13:12:48
CLK-001184,FNP-U04371,AD-017,CMP-005,2026-03-28 06:45:07
CLK-001490,FNP-U08818,AD-005,CMP-002,2026-02-17 14:01:19
CLK-003266,FNP-U06893,AD-012,CMP-003,2026-02-14 06:39:39
CLK-001273,FNP-U09497,AD-013,CMP-004,2026-03-15 13:31:50
CLK-004229,FNP-U02114,AD-008,CMP-002,2026-02-23 13:13:53
CLK-004548,FNP-U09652,AD-007,CMP-002,2026-01-09 09:25:29
CLK-001095,FNP-U09971,AD-020,CMP-005,2026-01-05 21:47:43
CLK-003565,FNP-U07953,AD-008,CMP-002,2026-01-07 13:41:37
CLK-005856,FNP-U04344,AD-021,CMP-006,2026-02-28 21:37:53
CLK-000145,FNP-U08744,AD-008,CMP-002,2026-02-23 21:33:28
CLK-001315,FNP-U02365,AD-019,CMP-005,2026-01-25 06:55:37
CLK-004178,FNP-U06959,AD-013,CMP-004,2026-02-07 21:40:14
CLK-002656,FNP-U09364,AD-018,CMP-005,2026-01-23 09:50:01
CLK-000411,FNP-U05569,AD-005,CMP-002,2026-03-03 13:56:37
CLK-001473,FNP-U05937,AD-017,CMP-005,2026-03-16 07:08:52
CLK-005183,FNP-U02670,AD-018,CMP-005,2026-01-23 18:07:14
CLK-002248,FNP-U04501,AD-023,CMP-006,2026-03-30 06:20:10
CLK-004764,FNP-U09583,AD-008,CMP-002,2026-01-09 18:18:47
CLK-004737,FNP-U05339,AD-021,CMP-006,2026-03-14 09:44:28
CLK-002777,FNP-U04660,AD-010,CMP-003,2026-02-23 00:35:05
CLK-001656,FNP-U07352,AD-004,CMP-001,2026-02-15 00:50:04
CLK-003570,FNP-U07778,AD-008,CMP-002,2026-02-17 07:09:11
CLK-000908,FNP-U01398,AD-015,CMP-004,2026-03-02 07:01:47
CLK-002191,FNP-U03100,AD-001,CMP-001,2026-01-26 10:07:51
CLK-005135,FNP-U05960,AD-017,CMP-005,2026-01-02 09:17:18
CLK-005108,FNP-U00161,AD-006,CMP-002,2026-03-26 21:31:07
CLK-002090,FNP-U09885,AD-014,CMP-004,2026-03-14 10:04:26
CLK-003005,FNP-U07723,AD-008,CMP-002,2026-01-13 06:31:47
CLK-002317,FNP-U07908,AD-014,CMP-004,2026-03-23 09:22:00
CLK-001285,FNP-U09966,AD-009,CMP-003,2026-03-22 13:43:48
CLK-001218,FNP-U02803,AD-004,CMP-001,2026-02-20 19:12:02
CLK-002403,FNP-U06338,AD-016,CMP-004,2026-03-04 09:19:48
CLK-005610,FNP-U09581,AD-005,CMP-002,2026-02-11 13:34:49
CLK-002373,FNP-U00023,AD-018,CMP-005,2026-03-23 13:34:44
CLK-004407,FNP-U08269,AD-001,CMP-001,2026-01-15 13:49:32
CLK-005368,FNP-U04580,AD-009,CMP-003,2026-02-16 13:33:44
CLK-004047,FNP-U08929,AD-002,CMP-001,2026-02-01 06:55:11
CLK-004708,FNP-U00526,AD-013,CMP-004,2026-01-10 13:53:35
CLK-004109,FNP-U08170,AD-010,CMP-003,2026-02-04 21:49:42
CLK-001005,FNP-U07281,AD-012,CMP-003,2026-02-07 00:21:15
CLK-005365,FNP-U09785,AD-008,CMP-002,2026-02-13 13:29:38
CLK-004117,FNP-U07881,AD-005,CMP-002,2026-02-06 13:11:13
CLK-002676,FNP-U02810,AD-015,CMP-004,2026-03-12 00:26:04
CLK-004845,FNP-U02669,AD-016,CMP-004,2026-01-04 13:53:28
CLK-001579,FNP-U04409,AD-018,CMP-005,2026-03-15 06:06:58
CLK-001510,FNP-U09526,AD-015,CMP-004,2026-03-22 13:23:31
CLK-003638,FNP-U09937,AD-013,CMP-004,2026-01-01 06:57:12
CLK-003113,FNP-U02657,AD-018,CMP-005,2026-03-01 09:18:57
CLK-004012,FNP-U03589,AD-006,CMP-002,2026-03-08 18:57:15
CLK-001214,FNP-U09804,AD-021,CMP-006,2026-01-07 09:48:15
CLK-003909,FNP-U04961,AD-006,CMP-002,2026-03-05 09:14:16
CLK-002033,FNP-U06246,AD-005,CMP-002,2026-01-03 21:21:15
CLK-001143,FNP-U02330,AD-019,CMP-005,2026-03-29 13:36:07
CLK-002481,FNP-U01439,AD-008,CMP-002,2026-02-10 13:57:39
CLK-001519,FNP-U05272,AD-010,CMP-003,2026-03-20 21:29:46
CLK-000852,FNP-U06372,AD-017,CMP-005,2026-01-29 18:25:38
CLK-000214,FNP-U07141,AD-012,CMP-003,2026-01-13 18:45:15
CLK-000597,FNP-U06174,AD-006,CMP-002,2026-01-18 18:53:29
CLK-001081,FNP-U08593,AD-006,CMP-002,2026-02-10 13:24:51
CLK-003923,FNP-U05287,AD-018,CMP-005,2026-01-01 09:27:38
CLK-002927,FNP-U09444,AD-017,CMP-005,2026-01-31 09:24:14
CLK-001169,FNP-U02773,AD-003,CMP-001,2026-03-10 06:33:50
CLK-004692,FNP-U06152,AD-021,CMP-006,2026-01-18 09:50:20
CLK-005058,FNP-U08917,AD-013,CMP-004,2026-03-06 06:21:30
CLK-000258,FNP-U07001,AD-011,CMP-003,2026-01-01 21:46:58
CLK-004806,FNP-U04779,AD-005,CMP-002,2026-01-29 13:48:23
CLK-001616,FNP-U03681,AD-002,CMP-001,2026-03-04 06:57:00
CLK-001568,FNP-U04885,AD-006,CMP-002,2026-01-28 13:55:29
CLK-000507,FNP-U01501,AD-009,CMP-003,2026-03-15 18:23:06
CLK-005810,FNP-U02103,AD-019,CMP-005,2026-02-15 22:04:53
CLK-001827,FNP-U00322,AD-019,CMP-005,2026-02-18 13:29:55
CLK-000732,FNP-U03899,AD-003,CMP-001,2026-02-01 13:17:40
CLK-000861,FNP-U08617,AD-002,CMP-001,2026-02-18 21:06:11
CLK-003108,FNP-U05008,AD-019,CMP-005,2026-03-08 13:42:27
CLK-004750,FNP-U04729,AD-015,CMP-004,2026-01-10 13:21:33
CLK-005319,FNP-U09177,AD-006,CMP-002,2026-01-17 18:04:57
CLK-000044,FNP-U08773,AD-002,CMP-001,2026-01-10 10:02:52
CLK-005114,FNP-U08704,AD-019,CMP-005,2026-02-17 13:35:30
CLK-001202,FNP-U03182,AD-013,CMP-004,2026-03-31 18:52:15
CLK-000433,FNP-U06122,AD-015,CMP-004,2026-03-09 06:26:22
CLK-000919,FNP-U08869,AD-021,CMP-006,2026-01-15 13:27:35
CLK-001482,FNP-U04818,AD-021,CMP-006,2026-03-23 09:38:53
CLK-005785,FNP-U04257,AD-008,CMP-002,2026-02-27 13:50:05
CLK-000040,FNP-U03582,AD-014,CMP-004,2026-02-01 07:09:51
CLK-001907,FNP-U06523,AD-017,CMP-005,2026-01-04 09:39:38
CLK-003413,FNP-U00861,AD-024,CMP-006,2026-01-14 09:32:48
CLK-000094,FNP-U08507,AD-001,CMP-001,2026-01-08 21:23:08
CLK-002101,FNP-U03902,AD-006,CMP-002,2026-03-23 13:34:38
CLK-005660,FNP-U09685,AD-007,CMP-002,2026-02-03 00:41:21
CLK-000190,FNP-U08134,AD-005,CMP-002,2026-03-25 18:23:17
CLK-001521,FNP-U02071,AD-017,CMP-005,2026-01-06 13:58:27
CLK-004897,FNP-U04716,AD-021,CMP-006,2026-01-22 00:12:58
CLK-001155,FNP-U02958,AD-013,CMP-004,2026-03-04 13:45:28
CLK-000250,FNP-U01814,AD-012,CMP-003,2026-03-08 21:24:20
CLK-001867,FNP-U06967,AD-001,CMP-001,2026-01-20 13:28:18
CLK-004257,FNP-U06399,AD-017,CMP-005,2026-01-24 21:33:41
CLK-005185,FNP-U09585,AD-001,CMP-001,2026-01-02 21:31:32
CLK-000702,FNP-U08232,AD-003,CMP-001,2026-03-18 06:43:05
CLK-003129,FNP-U06678,AD-014,CMP-004,2026-01-23 13:09:46
CLK-002122,FNP-U08544,AD-010,CMP-003,2026-03-26 18:06:17
CLK-005056,FNP-U04122,AD-018,CMP-005,2026-01-13 13:27:09
CLK-005468,FNP-U05964,AD-012,CMP-003,2026-01-29 22:00:53
CLK-001514,FNP-U03077,AD-016,CMP-004,2026-01-20 13:09:04
CLK-000319,FNP-U02608,AD-018,CMP-005,2026-01-31 19:02:24
CLK-004650,FNP-U09239,AD-013,CMP-004,2026-03-15 06:49:17
CLK-002714,FNP-U04777,AD-014,CMP-004,2026-02-25 13:42:58
CLK-003838,FNP-U03255,AD-021,CMP-006,2026-01-05 21:15:48
CLK-005133,FNP-U06571,AD-006,CMP-002,2026-03-27 14:07:33
CLK-003812,FNP-U05900,AD-018,CMP-005,2026-02-04 21:10:26
CLK-001059,FNP-U05559,AD-023,CMP-006,2026-03-22 21:48:59
CLK-004293,FNP-U02320,AD-019,CMP-005,2026-02-08 13:09:12
CLK-001590,FNP-U07565,AD-013,CMP-004,2026-02-26 09:43:19
CLK-002757,FNP-U05354,AD-007,CMP-002,2026-02-06 06:19:59
CLK-003203,FNP-U04148,AD-010,CMP-003,2026-01-31 13:12:12
CLK-001393,FNP-U08482,AD-013,CMP-004,2026-03-08 00:53:54
CLK-005424,FNP-U06687,AD-010,CMP-003,2026-03-14 13:54:01
CLK-004953,FNP-U06891,AD-015,CMP-004,2026-01-29 21:22:00
CLK-001294,FNP-U08233,AD-010,CMP-003,2026-03-23 09:22:15
CLK-005311,FNP-U06449,AD-022,CMP-006,2026-02-06 13:03:15
CLK-004588,FNP-U05337,AD-004,CMP-001,2026-02-02 13:54:30
CLK-004082,FNP-U08179,AD-002,CMP-001,2026-03-13 21:32:13
CLK-005758,FNP-U09604,AD-009,CMP-003,2026-01-30 13:57:00
CLK-001182,FNP-U07506,AD-009,CMP-003,2026-03-11 14:04:17
CLK-004481,FNP-U08893,AD-008,CMP-002,2026-02-08 13:20:57
CLK-004941,FNP-U09383,AD-009,CMP-003,2026-03-14 13:10:00
CLK-003806,FNP-U01989,AD-013,CMP-004,2026-03-31 21:52:38
CLK-004491,FNP-U01114,AD-019,CMP-005,2026-02-03 09:40:53
CLK-005511,FNP-U04482,AD-022,CMP-006,2026-01-24 09:59:19
CLK-001860,FNP-U07781,AD-019,CMP-005,2026-03-12 06:20:21
CLK-001588,FNP-U02998,AD-011,CMP-003,2026-01-16 21:21:51
CLK-002170,FNP-U03855,AD-004,CMP-001,2026-01-23 22:00:43
CLK-004632,FNP-U08865,AD-004,CMP-001,2026-02-07 09:51:25
CLK-002428,FNP-U02058,AD-012,CMP-003,2026-01-27 13:12:04
CLK-002223,FNP-U01790,AD-006,CMP-002,2026-01-27 13:23:49
CLK-002537,FNP-U00876,AD-005,CMP-002,2026-02-27 21:29:27
CLK-005031,FNP-U01124,AD-018,CMP-005,2026-01-29 09:32:37
CLK-005909,FNP-U08616,AD-018,CMP-005,2026-01-03 19:05:02
CLK-002337,FNP-U09964,AD-020,CMP-005,2026-01-27 07:00:51
CLK-002124,FNP-U05818,AD-006,CMP-002,2026-03-01 21:37:54
CLK-004828,FNP-U07944,AD-002,CMP-001,2026-03-04 14:06:32
CLK-002142,FNP-U08871,AD-008,CMP-002,2026-02-28 18:43:57
CLK-005645,FNP-U09064,AD-013,CMP-004,2026-03-05 14:11:24
CLK-000785,FNP-U07783,AD-002,CMP-001,2026-02-22 09:21:37
CLK-004398,FNP-U02924,AD-013,CMP-004,2026-03-23 21:36:11
CLK-000025,FNP-U00918,AD-019,CMP-005,2026-01-28 09:52:37
CLK-000602,FNP-U00343,AD-022,CMP-006,2026-03-02 13:44:54
CLK-001364,FNP-U05101,AD-010,CMP-003,2026-03-03 13:47:34
CLK-005671,FNP-U02054,AD-006,CMP-002,2026-02-08 13:33:47
CLK-003730,FNP-U09206,AD-013,CMP-004,2026-02-24 18:44:41
CLK-005691,FNP-U01648,AD-017,CMP-005,2026-01-14 18:50:26
CLK-004803,FNP-U09739,AD-012,CMP-003,2026-02-27 21:21:01
CLK-002056,FNP-U00270,AD-001,CMP-001,2026-03-16 18:36:59
CLK-001744,FNP-U04652,AD-014,CMP-004,2026-03-23 13:53:45
CLK-003833,FNP-U02154,AD-015,CMP-004,2026-02-14 21:59:18
CLK-002230,FNP-U00178,AD-016,CMP-004,2026-02-26 09:22:14
CLK-000134,FNP-U05060,AD-015,CMP-004,2026-02-21 13:27:11
CLK-005111,FNP-U05625,AD-008,CMP-002,2026-03-25 13:23:57
CLK-001341,FNP-U01317,AD-015,CMP-004,2026-03-04 21:30:25
CLK-000418,FNP-U09236,AD-004,CMP-001,2026-01-22 13:16:46
CLK-004739,FNP-U01895,AD-017,CMP-005,2026-01-07 14:07:45
CLK-003719,FNP-U05916,AD-006,CMP-002,2026-01-25 09:10:31
CLK-005088,FNP-U04123,AD-013,CMP-004,2026-03-04 13:38:19
CLK-005521,FNP-U04255,AD-019,CMP-005,2026-01-28 13:43:17
CLK-005710,FNP-U02418,AD-008,CMP-002,2026-03-19 00:30:51
CLK-001888,FNP-U08650,AD-021,CMP-006,2026-03-31 19:08:27
CLK-000254,FNP-U08215,AD-005,CMP-002,2026-03-17 14:10:50
CLK-000277,FNP-U00961,AD-011,CMP-003,2026-02-14 13:50:24
CLK-004036,FNP-U06779,AD-017,CMP-005,2026-01-21 00:08:01
CLK-001850,FNP-U05581,AD-007,CMP-002,2026-02-14 13:40:22
CLK-001299,FNP-U05805,AD-002,CMP-001,2026-01-01 21:56:49
CLK-004749,FNP-U00581,AD-006,CMP-002,2026-03-28 22:05:17
CLK-000787,FNP-U03551,AD-008,CMP-002,2026-02-07 06:59:46
CLK-004487,FNP-U01300,AD-018,CMP-005,2026-02-03 18:57:43
CLK-000226,FNP-U00896,AD-015,CMP-004,2026-01-11 14:06:05
CLK-004420,FNP-U03404,AD-004,CMP-001,2026-02-13 13:36:38
CLK-000133,FNP-U06311,AD-004,CMP-001,2026-02-20 13:12:02
CLK-002646,FNP-U02432,AD-022,CMP-006,2026-02-22 13:54:12
CLK-002419,FNP-U00874,AD-002,CMP-001,2026-01-11 09:40:24
CLK-000046,FNP-U04424,AD-004,CMP-001,2026-01-29 21:26:02
CLK-004134,FNP-U02487,AD-001,CMP-001,2026-02-19 09:31:44
CLK-001746,FNP-U02251,AD-009,CMP-003,2026-03-16 18:55:22
CLK-004942,FNP-U09615,AD-012,CMP-003,2026-01-10 00:38:37
CLK-002516,FNP-U00606,AD-021,CMP-006,2026-01-20 13:22:50
CLK-004175,FNP-U08695,AD-001,CMP-001,2026-03-20 22:01:03
CLK-005076,FNP-U02664,AD-005,CMP-002,2026-03-15 21:18:43
CLK-005122,FNP-U04711,AD-017,CMP-005,2026-01-03 07:05:39
CLK-002040,FNP-U05747,AD-017,CMP-005,2026-02-23 13:01:27
CLK-001124,FNP-U02205,AD-006,CMP-002,2026-02-23 21:16:13
CLK-000125,FNP-U01330,AD-010,CMP-003,2026-01-26 18:50:33
CLK-005943,FNP-U09937,AD-004,CMP-001,2026-02-26 06:41:40
CLK-003522,FNP-U00474,AD-022,CMP-006,2026-01-03 13:53:08
CLK-003564,FNP-U04615,AD-004,CMP-001,2026-02-21 13:56:06
CLK-000621,FNP-U04818,AD-008,CMP-002,2026-03-21 21:25:13
CLK-000877,FNP-U07088,AD-005,CMP-002,2026-01-31 09:29:01
CLK-005646,FNP-U03197,AD-006,CMP-002,2026-01-29 18:58:38
CLK-000432,FNP-U04531,AD-003,CMP-001,2026-02-14 09:51:21
CLK-005234,FNP-U08278,AD-013,CMP-004,2026-01-19 00:10:02
CLK-003811,FNP-U05123,AD-004,CMP-001,2026-01-20 21:25:37
CLK-000596,FNP-U09149,AD-004,CMP-001,2026-01-17 09:52:44
CLK-001069,FNP-U01693,AD-006,CMP-002,2026-01-21 13:45:44
CLK-002837,FNP-U03811,AD-021,CMP-006,2026-01-21 10:03:09
CLK-002297,FNP-U00653,AD-014,CMP-004,2026-01-01 06:30:32
CLK-004080,FNP-U04142,AD-018,CMP-005,2026-02-09 18:54:49
CLK-002855,FNP-U09196,AD-008,CMP-002,2026-02-15 06:58:37
CLK-000812,FNP-U04175,AD-004,CMP-001,2026-02-26 13:36:23
CLK-005522,FNP-U03613,AD-007,CMP-002,2026-03-07 07:00:28
CLK-002872,FNP-U00565,AD-003,CMP-001,2026-01-11 00:59:46
CLK-003622,FNP-U06189,AD-018,CMP-005,2026-01-15 09:16:22
CLK-005384,FNP-U03259,AD-019,CMP-005,2026-03-31 09:08:38
CLK-002808,FNP-U04728,AD-002,CMP-001,2026-02-06 18:32:26
CLK-001612,FNP-U06124,AD-018,CMP-005,2026-02-06 06:44:16
CLK-000339,FNP-U04166,AD-015,CMP-004,2026-02-07 21:24:32
CLK-005434,FNP-U00207,AD-002,CMP-001,2026-01-24 00:44:04
CLK-001052,FNP-U07095,AD-022,CMP-006,2026-02-10 14:02:55
CLK-005812,FNP-U02693,AD-013,CMP-004,2026-03-25 21:50:12
CLK-005129,FNP-U02980,AD-021,CMP-006,2026-03-17 13:33:42
CLK-002393,FNP-U08689,AD-005,CMP-002,2026-02-08 13:09:49
CLK-001704,FNP-U03521,AD-008,CMP-002,2026-01-12 21:19:12
CLK-003101,FNP-U07825,AD-021,CMP-006,2026-01-10 18:55:04
CLK-003428,FNP-U04016,AD-010,CMP-003,2026-02-26 13:25:35
CLK-005057,FNP-U02897,AD-019,CMP-005,2026-02-07 00:12:12
CLK-002498,FNP-U04718,AD-004,CMP-001,2026-03-10 09:29:52
CLK-003221,FNP-U02125,AD-003,CMP-001,2026-01-04 06:41:09
CLK-005796,FNP-U03428,AD-017,CMP-005,2026-01-04 13:17:22
CLK-005471,FNP-U01363,AD-011,CMP-003,2026-03-24 06:41:41
CLK-002990,FNP-U07032,AD-017,CMP-005,2026-03-16 00:37:39
CLK-001462,FNP-U07364,AD-015,CMP-004,2026-03-17 13:04:48
CLK-003320,FNP-U01664,AD-017,CMP-005,2026-01-24 09:13:21
CLK-002123,FNP-U00025,AD-004,CMP-001,2026-02-28 21:45:04
CLK-004662,FNP-U00320,AD-011,CMP-003,2026-01-31 06:34:00
CLK-002918,FNP-U02535,AD-004,CMP-001,2026-02-16 00:54:22
CLK-000019,FNP-U04039,AD-001,CMP-001,2026-03-22 09:43:29
CLK-002367,FNP-U07448,AD-017,CMP-005,2026-02-14 09:49:27
CLK-000896,FNP-U04154,AD-018,CMP-005,2026-03-22 00:55:08
CLK-003225,FNP-U06049,AD-012,CMP-003,2026-02-13 18:57:16
CLK-004872,FNP-U08755,AD-004,CMP-001,2026-03-18 21:42:01
CLK-004472,FNP-U08451,AD-004,CMP-001,2026-01-10 09:20:39
CLK-005136,FNP-U06116,AD-018,CMP-005,2026-03-04 09:08:30
CLK-001247,FNP-U08010,AD-010,CMP-003,2026-01-18 00:22:58
CLK-004735,FNP-U01764,AD-010,CMP-003,2026-01-13 01:03:12
CLK-001208,FNP-U05687,AD-006,CMP-002,2026-01-02 00:18:25
CLK-003390,FNP-U05804,AD-001,CMP-001,2026-03-14 18:22:23
CLK-000241,FNP-U01642,AD-010,CMP-003,2026-01-13 13:21:48
CLK-004658,FNP-U05536,AD-021,CMP-006,2026-02-02 10:00:10
CLK-000568,FNP-U02853,AD-021,CMP-006,2026-02-19 13:49:40
CLK-001944,FNP-U06819,AD-003,CMP-001,2026-01-26 18:24:50
CLK-005747,FNP-U01015,AD-010,CMP-003,2026-03-15 13:16:26
CLK-003972,FNP-U04624,AD-001,CMP-001,2026-01-15 13:33:58
CLK-005544,FNP-U05249,AD-021,CMP-006,2026-02-07 22:04:18
CLK-003192,FNP-U08931,AD-014,CMP-004,2026-03-29 13:13:23
CLK-003443,FNP-U02954,AD-002,CMP-001,2026-01-07 13:35:27
CLK-004313,FNP-U07903,AD-001,CMP-001,2026-01-22 09:14:14
CLK-004592,FNP-U07153,AD-023,CMP-006,2026-01-11 09:22:16
CLK-002091,FNP-U06600,AD-004,CMP-001,2026-03-01 18:12:42
CLK-005705,FNP-U03674,AD-023,CMP-006,2026-02-16 13:46:28
CLK-005554,FNP-U03497,AD-008,CMP-002,2026-01-21 13:19:29
CLK-002272,FNP-U08445,AD-019,CMP-005,2026-03-04 21:54:21
CLK-000757,FNP-U06984,AD-007,CMP-002,2026-01-02 21:34:44
CLK-003466,FNP-U05754,AD-017,CMP-005,2026-02-04 09:30:38
CLK-002219,FNP-U03683,AD-007,CMP-002,2026-03-18 13:22:08
CLK-000489,FNP-U09481,AD-003,CMP-001,2026-03-11 21:09:59
CLK-005307,FNP-U06920,AD-004,CMP-001,2026-02-22 01:07:43
CLK-003212,FNP-U07003,AD-014,CMP-004,2026-01-05 21:49:47
CLK-005006,FNP-U02708,AD-006,CMP-002,2026-03-13 18:46:21
CLK-001098,FNP-U07232,AD-004,CMP-001,2026-02-23 14:02:03
CLK-002054,FNP-U09404,AD-021,CMP-006,2026-02-26 21:19:49
CLK-003435,FNP-U07031,AD-023,CMP-006,2026-01-29 00:51:43
CLK-001415,FNP-U01141,AD-020,CMP-005,2026-02-07 14:06:25
CLK-002505,FNP-U03839,AD-001,CMP-001,2026-01-12 09:40:44
CLK-005927,FNP-U08249,AD-008,CMP-002,2026-02-16 22:00:36
CLK-005685,FNP-U07181,AD-009,CMP-003,2026-03-04 18:48:09
CLK-004067,FNP-U02579,AD-017,CMP-005,2026-03-10 21:46:30
CLK-002957,FNP-U05837,AD-005,CMP-002,2026-03-18 10:08:51
CLK-000135,FNP-U03435,AD-008,CMP-002,2026-03-03 13:13:10
CLK-005034,FNP-U08010,AD-013,CMP-004,2026-01-07 13:06:51
CLK-004556,FNP-U01009,AD-007,CMP-002,2026-01-05 13:04:54
CLK-004460,FNP-U09864,AD-006,CMP-002,2026-01-05 21:09:09
CLK-001711,FNP-U03099,AD-008,CMP-002,2026-03-26 00:32:00
CLK-004833,FNP-U04839,AD-007,CMP-002,2026-02-28 09:22:10
CLK-002950,FNP-U07044,AD-004,CMP-001,2026-01-23 07:04:04
CLK-005576,FNP-U00256,AD-018,CMP-005,2026-02-02 18:53:41
CLK-000922,FNP-U06074,AD-006,CMP-002,2026-03-02 19:00:41
CLK-001535,FNP-U01209,AD-008,CMP-002,2026-03-24 06:42:00
CLK-004791,FNP-U00934,AD-010,CMP-003,2026-02-10 09:50:54
CLK-001898,FNP-U02587,AD-001,CMP-001,2026-02-04 06:48:14
CLK-004377,FNP-U03254,AD-013,CMP-004,2026-03-29 18:36:48
CLK-005679,FNP-U07433,AD-003,CMP-001,2026-02-20 18:20:06
CLK-001723,FNP-U04072,AD-010,CMP-003,2026-03-12 21:30:28
CLK-005292,FNP-U08800,AD-005,CMP-002,2026-02-26 09:21:47
CLK-005894,FNP-U08383,AD-004,CMP-001,2026-01-16 21:53:38
CLK-004779,FNP-U02431,AD-017,CMP-005,2026-03-21 21:50:52
CLK-000671,FNP-U03264,AD-011,CMP-003,2026-01-16 06:50:52
CLK-003245,FNP-U08737,AD-008,CMP-002,2026-02-16 22:03:48
CLK-003342,FNP-U08111,AD-005,CMP-002,2026-01-22 18:41:57
CLK-002910,FNP-U06548,AD-012,CMP-003,2026-03-01 09:45:18
CLK-000841,FNP-U06650,AD-008,CMP-002,2026-03-09 21:13:22
CLK-002962,FNP-U06549,AD-021,CMP-006,2026-01-14 09:40:28
CLK-002941,FNP-U08326,AD-003,CMP-001,2026-02-08 10:03:16
CLK-002506,FNP-U09629,AD-001,CMP-001,2026-03-25 13:22:18
CLK-004960,FNP-U07555,AD-007,CMP-002,2026-02-16 09:24:28
CLK-002985,FNP-U02001,AD-017,CMP-005,2026-03-03 13:49:42
CLK-004909,FNP-U05769,AD-002,CMP-001,2026-01-13 21:28:24
CLK-000026,FNP-U03453,AD-002,CMP-001,2026-03-09 18:19:44
CLK-001751,FNP-U03203,AD-006,CMP-002,2026-03-30 13:21:50
CLK-002568,FNP-U04067,AD-006,CMP-002,2026-01-12 09:57:59
CLK-001085,FNP-U08929,AD-004,CMP-001,2026-02-09 09:38:20
CLK-000286,FNP-U04485,AD-015,CMP-004,2026-02-14 13:30:47
CLK-003511,FNP-U03080,AD-014,CMP-004,2026-02-16 09:53:50
CLK-002448,FNP-U00537,AD-007,CMP-002,2026-01-25 13:38:56
CLK-001870,FNP-U05785,AD-010,CMP-003,2026-03-04 18:47:42
CLK-001167,FNP-U03624,AD-005,CMP-002,2026-02-20 09:39:07
CLK-004916,FNP-U04165,AD-007,CMP-002,2026-02-19 10:00:44
CLK-003152,FNP-U07578,AD-003,CMP-001,2026-03-14 21:12:25
CLK-001014,FNP-U07732,AD-014,CMP-004,2026-03-19 18:31:23
CLK-003965,FNP-U06336,AD-018,CMP-005,2026-01-28 13:35:11
CLK-005912,FNP-U00970,AD-012,CMP-003,2026-02-14 21:06:47
CLK-002285,FNP-U02307,AD-003,CMP-001,2026-01-02 07:02:55
CLK-003064,FNP-U02944,AD-016,CMP-004,2026-02-10 09:28:23
CLK-001149,FNP-U00297,AD-013,CMP-004,2026-01-31 18:30:56
CLK-004253,FNP-U03802,AD-006,CMP-002,2026-03-14 13:45:46
CLK-001916,FNP-U09701,AD-003,CMP-001,2026-02-16 06:59:21
CLK-003892,FNP-U01143,AD-017,CMP-005,2026-02-09 13:41:51
CLK-000707,FNP-U08642,AD-017,CMP-005,2026-01-12 09:51:12
CLK-001255,FNP-U01702,AD-008,CMP-002,2026-02-09 06:08:52
CLK-001617,FNP-U02734,AD-021,CMP-006,2026-02-05 13:24:58
CLK-000400,FNP-U01987,AD-010,CMP-003,2026-03-11 10:12:48
CLK-001003,FNP-U05929,AD-008,CMP-002,2026-01-18 13:24:29
CLK-002643,FNP-U06684,AD-006,CMP-002,2026-01-31 21:59:25
CLK-005268,FNP-U09279,AD-004,CMP-001,2026-03-04 18:20:17
CLK-004864,FNP-U07515,AD-009,CMP-003,2026-01-10 14:14:12
CLK-004120,FNP-U02460,AD-022,CMP-006,2026-03-09 13:42:24
CLK-004784,FNP-U08386,AD-006,CMP-002,2026-02-26 06:45:30
CLK-001041,FNP-U04120,AD-005,CMP-002,2026-01-23 13:39:53
CLK-003279,FNP-U06031,AD-015,CMP-004,2026-01-10 18:37:24
CLK-000060,FNP-U08530,AD-004,CMP-001,2026-01-17 06:04:21
CLK-004511,FNP-U07021,AD-017,CMP-005,2026-01-05 06:36:48
CLK-003239,FNP-U06492,AD-014,CMP-004,2026-01-18 09:54:17
CLK-002615,FNP-U06841,AD-015,CMP-004,2026-02-07 09:34:44
CLK-002930,FNP-U04342,AD-004,CMP-001,2026-02-20 21:40:11
CLK-003607,FNP-U09056,AD-008,CMP-002,2026-02-26 21:13:33
CLK-001161,FNP-U06259,AD-011,CMP-003,2026-02-05 22:08:52
CLK-004789,FNP-U01540,AD-002,CMP-001,2026-02-20 06:21:13
CLK-000996,FNP-U01306,AD-022,CMP-006,2026-01-08 18:28:17
CLK-004629,FNP-U00028,AD-006,CMP-002,2026-01-30 10:05:17
CLK-002853,FNP-U02768,AD-008,CMP-002,2026-03-04 06:58:49
CLK-004826,FNP-U07133,AD-001,CMP-001,2026-02-03 21:12:58
CLK-005840,FNP-U00406,AD-011,CMP-003,2026-01-15 18:30:05
CLK-005768,FNP-U07931,AD-017,CMP-005,2026-02-27 13:44:35
CLK-005861,FNP-U07762,AD-020,CMP-005,2026-02-27 09:28:15
CLK-005968,FNP-U01472,AD-015,CMP-004,2026-02-21 21:15:00
CLK-005408,FNP-U00175,AD-001,CMP-001,2026-03-28 18:39:38
CLK-002602,FNP-U05005,AD-022,CMP-006,2026-01-23 06:08:10
CLK-005504,FNP-U03327,AD-002,CMP-001,2026-02-28 06:55:50
CLK-004679,FNP-U07246,AD-019,CMP-005,2026-03-31 06:20:39
CLK-003741,FNP-U06002,AD-020,CMP-005,2026-02-08 18:46:15
CLK-003696,FNP-U04144,AD-007,CMP-002,2026-03-11 19:05:23
CLK-000941,FNP-U03119,AD-008,CMP-002,2026-01-14 09:52:55
CLK-004041,FNP-U02424,AD-018,CMP-005,2026-01-18 13:48:06
CLK-004424,FNP-U04147,AD-002,CMP-001,2026-03-20 09:36:09
CLK-000715,FNP-U06592,AD-010,CMP-003,2026-01-06 13:26:55
CLK-000088,FNP-U02415,AD-016,CMP-004,2026-03-08 06:20:52
CLK-005452,FNP-U04357,AD-001,CMP-001,2026-02-25 13:31:47
CLK-001812,FNP-U09906,AD-008,CMP-002,2026-02-18 13:10:10
CLK-001099,FNP-U05125,AD-004,CMP-001,2026-03-19 09:18:21
CLK-005444,FNP-U07429,AD-001,CMP-001,2026-03-22 13:18:59
CLK-000106,FNP-U05628,AD-014,CMP-004,2026-01-29 21:22:49
CLK-000006,FNP-U02490,AD-019,CMP-005,2026-02-22 21:06:02
CLK-004462,FNP-U05478,AD-005,CMP-002,2026-03-21 13:27:08
CLK-002800,FNP-U03315,AD-017,CMP-005,2026-03-31 13:55:53
CLK-000001,FNP-U05158,AD-009,CMP-003,2026-03-12 21:43:04
CLK-003273,FNP-U03007,AD-017,CMP-005,2026-03-14 13:10:55
CLK-000028,FNP-U08587,AD-001,CMP-001,2026-03-04 09:31:46
CLK-000278,FNP-U02624,AD-006,CMP-002,2026-01-10 13:48:52
CLK-000592,FNP-U07294,AD-004,CMP-001,2026-03-20 21:53:29
CLK-000232,FNP-U06022,AD-018,CMP-005,2026-01-09 09:54:33
CLK-000034,FNP-U05935,AD-004,CMP-001,2026-01-13 22:00:40
CLK-005899,FNP-U09362,AD-011,CMP-003,2026-03-10 21:56:12
CLK-005949,FNP-U02661,AD-002,CMP-001,2026-02-22 14:04:06
CLK-000943,FNP-U09073,AD-017,CMP-005,2026-02-11 21:09:47
CLK-005189,FNP-U07261,AD-010,CMP-003,2026-02-27 21:54:30
CLK-001197,FNP-U06925,AD-018,CMP-005,2026-02-17 18:38:16
CLK-001203,FNP-U09305,AD-013,CMP-004,2026-02-09 09:54:11
CLK-000871,FNP-U09065,AD-015,CMP-004,2026-01-07 13:12:15
CLK-005874,FNP-U04007,AD-011,CMP-003,2026-02-21 09:31:23
CLK-004512,FNP-U07510,AD-011,CMP-003,2026-03-04 09:35:01
CLK-005144,FNP-U06956,AD-004,CMP-001,2026-02-14 06:56:15
CLK-002413,FNP-U08531,AD-008,CMP-002,2026-02-16 13:21:42
CLK-003766,FNP-U00597,AD-002,CMP-001,2026-03-18 09:37:41
CLK-003549,FNP-U04900,AD-023,CMP-006,2026-02-28 09:53:39
CLK-001893,FNP-U04168,AD-016,CMP-004,2026-02-01 18:15:30
CLK-000883,FNP-U01991,AD-008,CMP-002,2026-02-27 09:30:43
CLK-004416,FNP-U00742,AD-011,CMP-003,2026-01-01 13:50:14
CLK-003975,FNP-U08938,AD-002,CMP-001,2026-01-04 21:26:09
CLK-002418,FNP-U09534,AD-006,CMP-002,2026-02-06 22:10:49
CLK-003595,FNP-U07305,AD-013,CMP-004,2026-02-01 13:35:18
CLK-001122,FNP-U01344,AD-016,CMP-004,2026-03-11 14:06:41
CLK-001470,FNP-U00069,AD-004,CMP-001,2026-02-09 18:56:48
CLK-001649,FNP-U04149,AD-014,CMP-004,2026-01-27 13:29:53
CLK-003338,FNP-U09788,AD-010,CMP-003,2026-01-06 18:52:35
CLK-005630,FNP-U07286,AD-005,CMP-002,2026-01-22 07:12:41
CLK-004765,FNP-U01407,AD-001,CMP-001,2026-02-10 14:10:39
CLK-002655,FNP-U07991,AD-004,CMP-001,2026-03-31 18:46:20
CLK-004242,FNP-U04937,AD-004,CMP-001,2026-03-17 06:28:22
CLK-003832,FNP-U04489,AD-008,CMP-002,2026-03-16 13:09:16
CLK-000424,FNP-U03712,AD-022,CMP-006,2026-02-27 09:50:27
CLK-000108,FNP-U05847,AD-012,CMP-003,2026-02-16 06:50:20
CLK-000315,FNP-U00043,AD-014,CMP-004,2026-01-15 09:14:43
CLK-000385,FNP-U01691,AD-010,CMP-003,2026-01-22 18:03:47
CLK-004522,FNP-U03660,AD-001,CMP-001,2026-02-01 18:51:10
CLK-002286,FNP-U08298,AD-022,CMP-006,2026-02-17 09:30:34
CLK-003610,FNP-U08729,AD-001,CMP-001,2026-01-02 21:23:35
CLK-004180,FNP-U00526,AD-004,CMP-001,2026-01-17 00:50:37
CLK-001093,FNP-U09772,AD-014,CMP-004,2026-03-02 13:57:02
CLK-005923,FNP-U07000,AD-012,CMP-003,2026-02-01 18:09:47
CLK-000929,FNP-U07414,AD-019,CMP-005,2026-01-16 06:10:01
CLK-001388,FNP-U03546,AD-014,CMP-004,2026-03-21 21:41:09
CLK-004946,FNP-U05633,AD-014,CMP-004,2026-02-21 13:40:49
CLK-000393,FNP-U03293,AD-009,CMP-003,2026-01-08 18:38:50
CLK-004332,FNP-U08988,AD-013,CMP-004,2026-03-31 13:45:54
CLK-001947,FNP-U00800,AD-018,CMP-005,2026-03-03 18:17:24
CLK-005711,FNP-U06168,AD-005,CMP-002,2026-02-28 06:43:46
CLK-005265,FNP-U03181,AD-019,CMP-005,2026-03-10 13:32:14
CLK-003280,FNP-U08727,AD-017,CMP-005,2026-02-15 18:13:36
CLK-001426,FNP-U01852,AD-006,CMP-002,2026-03-31 21:31:44
CLK-002863,FNP-U06823,AD-017,CMP-005,2026-02-04 09:28:37
CLK-000138,FNP-U04031,AD-019,CMP-005,2026-01-02 21:45:08
CLK-000480,FNP-U00510,AD-019,CMP-005,2026-03-17 09:43:08
CLK-000332,FNP-U04730,AD-002,CMP-001,2026-01-03 09:49:41
CLK-004480,FNP-U06414,AD-021,CMP-006,2026-01-17 18:07:51
CLK-000842,FNP-U02546,AD-001,CMP-001,2026-02-01 18:31:23
CLK-004676,FNP-U09438,AD-008,CMP-002,2026-01-05 13:46:57
CLK-003690,FNP-U08029,AD-019,CMP-005,2026-02-01 13:43:48
CLK-003002,FNP-U03400,AD-010,CMP-003,2026-01-18 09:19:20
CLK-004142,FNP-U09891,AD-012,CMP-003,2026-03-22 13:21:15
CLK-001071,FNP-U09639,AD-019,CMP-005,2026-01-08 13:40:32
CLK-001810,FNP-U00097,AD-010,CMP-003,2026-01-04 09:15:31
CLK-004095,FNP-U04996,AD-008,CMP-002,2026-01-10 06:14:38
CLK-004863,FNP-U01900,AD-001,CMP-001,2026-03-04 18:54:58
CLK-002742,FNP-U07304,AD-015,CMP-004,2026-02-12 18:23:47
CLK-000967,FNP-U05983,AD-015,CMP-004,2026-03-09 21:58:07
CLK-004207,FNP-U07982,AD-008,CMP-002,2026-03-17 13:55:14
CLK-001153,FNP-U06395,AD-021,CMP-006,2026-02-23 18:56:59
CLK-001603,FNP-U02595,AD-008,CMP-002,2026-03-16 13:23:50
CLK-000903,FNP-U04959,AD-001,CMP-001,2026-03-14 09:37:16
CLK-002884,FNP-U02518,AD-011,CMP-003,2026-02-26 21:13:11
CLK-004980,FNP-U02183,AD-021,CMP-006,2026-02-17 06:23:44
CLK-005907,FNP-U06519,AD-008,CMP-002,2026-03-12 21:21:24
CLK-003162,FNP-U07783,AD-008,CMP-002,2026-02-18 18:44:02
CLK-003652,FNP-U02445,AD-009,CMP-003,2026-03-02 10:10:09
CLK-004838,FNP-U05480,AD-008,CMP-002,2026-01-19 09:22:42
CLK-001613,FNP-U03544,AD-017,CMP-005,2026-01-27 18:29:29
CLK-000666,FNP-U01511,AD-001,CMP-001,2026-02-26 22:08:12
CLK-002832,FNP-U07749,AD-001,CMP-001,2026-01-16 13:42:33
CLK-002470,FNP-U04617,AD-019,CMP-005,2026-01-22 14:02:46
CLK-003535,FNP-U05389,AD-011,CMP-003,2026-01-18 13:49:15
CLK-004376,FNP-U07720,AD-017,CMP-005,2026-01-22 21:40:29
CLK-003235,FNP-U00887,AD-004,CMP-001,2026-02-14 18:37:42
CLK-003110,FNP-U07942,AD-004,CMP-001,2026-03-08 06:48:44
CLK-002688,FNP-U01336,AD-006,CMP-002,2026-01-20 18:28:47
CLK-003407,FNP-U07100,AD-002,CMP-001,2026-02-27 13:53:43
CLK-003200,FNP-U01787,AD-019,CMP-005,2026-01-06 18:04:22
CLK-001891,FNP-U06140,AD-004,CMP-001,2026-02-14 13:56:43
CLK-005886,FNP-U07660,AD-011,CMP-003,2026-01-19 13:18:46
CLK-001599,FNP-U01425,AD-020,CMP-005,2026-03-07 13:02:11
CLK-002816,FNP-U03007,AD-009,CMP-003,2026-01-14 09:04:08
CLK-002952,FNP-U06323,AD-003,CMP-001,2026-03-08 18:30:41
CLK-002649,FNP-U03764,AD-001,CMP-001,2026-01-23 21:35:43
CLK-003922,FNP-U03636,AD-008,CMP-002,2026-03-09 09:57:58
CLK-002163,FNP-U01332,AD-014,CMP-004,2026-02-04 09:31:45
CLK-001904,FNP-U05187,AD-018,CMP-005,2026-03-18 09:48:41
CLK-005619,FNP-U00713,AD-004,CMP-001,2026-03-29 13:19:34
CLK-003163,FNP-U01938,AD-009,CMP-003,2026-02-14 13:18:25
CLK-001762,FNP-U01372,AD-003,CMP-001,2026-01-17 18:32:41
CLK-004998,FNP-U00826,AD-011,CMP-003,2026-01-18 00:42:09
CLK-002107,FNP-U07029,AD-010,CMP-003,2026-03-25 18:07:52
CLK-003027,FNP-U09825,AD-019,CMP-005,2026-03-31 09:55:29
CLK-001044,FNP-U06477,AD-024,CMP-006,2026-03-29 18:24:18
CLK-001894,FNP-U05028,AD-021,CMP-006,2026-03-13 09:31:17
CLK-005099,FNP-U09123,AD-002,CMP-001,2026-01-21 13:59:28
CLK-001994,FNP-U02068,AD-012,CMP-003,2026-01-27 09:59:41
CLK-002475,FNP-U03867,AD-012,CMP-003,2026-01-24 21:30:19
CLK-005450,FNP-U08265,AD-008,CMP-002,2026-02-18 09:17:42
CLK-004858,FNP-U07529,AD-009,CMP-003,2026-02-04 21:39:49
CLK-005230,FNP-U04569,AD-021,CMP-006,2026-01-18 13:57:28
CLK-002255,FNP-U05202,AD-017,CMP-005,2026-02-10 21:51:58
CLK-002547,FNP-U01247,AD-010,CMP-003,2026-01-09 14:08:12
CLK-003547,FNP-U03715,AD-012,CMP-003,2026-01-26 13:47:11
CLK-001524,FNP-U07835,AD-004,CMP-001,2026-02-18 13:10:10
CLK-002156,FNP-U01495,AD-010,CMP-003,2026-02-11 09:33:23
CLK-003626,FNP-U04169,AD-010,CMP-003,2026-02-18 01:02:49
CLK-001281,FNP-U06156,AD-021,CMP-006,2026-01-28 09:09:16
CLK-003921,FNP-U00633,AD-022,CMP-006,2026-03-04 14:01:12
CLK-005420,FNP-U09095,AD-021,CMP-006,2026-03-20 14:02:54
CLK-005716,FNP-U01727,AD-013,CMP-004,2026-03-22 18:15:31
CLK-001736,FNP-U08456,AD-002,CMP-001,2026-03-15 09:10:20
CLK-005573,FNP-U07569,AD-021,CMP-006,2026-02-24 09:50:19
CLK-002671,FNP-U07299,AD-004,CMP-001,2026-01-04 18:48:24
CLK-000185,FNP-U02943,AD-005,CMP-002,2026-02-25 21:42:16
CLK-004705,FNP-U04644,AD-009,CMP-003,2026-02-20 09:35:19
CLK-005480,FNP-U06188,AD-001,CMP-001,2026-02-11 10:01:40
CLK-004683,FNP-U04212,AD-001,CMP-001,2026-03-11 09:40:44
CLK-001506,FNP-U07244,AD-013,CMP-004,2026-02-21 06:56:12
CLK-005663,FNP-U09901,AD-003,CMP-001,2026-02-03 18:35:03
CLK-005989,FNP-U04551,AD-013,CMP-004,2026-02-27 09:42:54
CLK-000768,FNP-U01138,AD-004,CMP-001,2026-01-09 10:08:58
CLK-000146,FNP-U04191,AD-015,CMP-004,2026-03-06 13:18:00
CLK-005937,FNP-U00199,AD-010,CMP-003,2026-03-03 13:30:42
CLK-003416,FNP-U02664,AD-010,CMP-003,2026-02-17 13:37:58
CLK-000719,FNP-U07385,AD-007,CMP-002,2026-03-20 13:57:14
CLK-004019,FNP-U06729,AD-006,CMP-002,2026-03-05 21:46:49
CLK-005568,FNP-U04555,AD-006,CMP-002,2026-03-15 18:32:54
CLK-003970,FNP-U09985,AD-017,CMP-005,2026-01-28 14:10:19
CLK-004703,FNP-U05465,AD-012,CMP-003,2026-02-14 21:18:50
CLK-000446,FNP-U05206,AD-001,CMP-001,2026-03-07 13:34:21
CLK-002834,FNP-U07205,AD-013,CMP-004,2026-03-23 06:21:32
CLK-003777,FNP-U07498,AD-009,CMP-003,2026-02-19 09:16:25
CLK-001934,FNP-U06203,AD-001,CMP-001,2026-03-30 21:20:42
CLK-002662,FNP-U02784,AD-010,CMP-003,2026-01-19 19:03:16
CLK-004772,FNP-U03135,AD-016,CMP-004,2026-02-10 13:22:34
CLK-005338,FNP-U09843,AD-008,CMP-002,2026-03-21 13:12:15
CLK-004542,FNP-U09194,AD-005,CMP-002,2026-02-17 09:10:32
CLK-004131,FNP-U05094,AD-003,CMP-001,2026-01-13 13:51:28
CLK-004778,FNP-U04471,AD-021,CMP-006,2026-02-17 09:10:06
CLK-002657,FNP-U05487,AD-004,CMP-001,2026-01-28 14:11:02
CLK-003908,FNP-U08999,AD-006,CMP-002,2026-02-11 18:50:19
CLK-002057,FNP-U03132,AD-015,CMP-004,2026-03-30 18:56:05
CLK-002914,FNP-U01830,AD-007,CMP-002,2026-02-20 06:13:11
CLK-001796,FNP-U08599,AD-003,CMP-001,2026-03-10 21:50:25
CLK-004997,FNP-U07199,AD-017,CMP-005,2026-03-13 14:03:29
CLK-001381,FNP-U03776,AD-006,CMP-002,2026-01-07 13:09:18
CLK-000606,FNP-U06868,AD-007,CMP-002,2026-02-16 13:50:38
CLK-004538,FNP-U06538,AD-010,CMP-003,2026-01-01 06:39:37
CLK-003018,FNP-U03665,AD-011,CMP-003,2026-01-08 06:16:20
CLK-000934,FNP-U06307,AD-002,CMP-001,2026-03-07 09:35:26
CLK-003193,FNP-U09656,AD-002,CMP-001,2026-01-05 09:09:34
CLK-000648,FNP-U02158,AD-011,CMP-003,2026-01-21 06:17:53
CLK-005626,FNP-U08807,AD-006,CMP-002,2026-01-08 00:44:53
CLK-000288,FNP-U08174,AD-005,CMP-002,2026-03-23 09:55:28
CLK-001090,FNP-U00885,AD-005,CMP-002,2026-01-18 21:09:39
CLK-002020,FNP-U07812,AD-021,CMP-006,2026-01-13 09:20:15
CLK-002521,FNP-U02929,AD-004,CMP-001,2026-03-05 18:06:26
CLK-001753,FNP-U01107,AD-010,CMP-003,2026-02-07 09:18:38
CLK-004701,FNP-U04543,AD-001,CMP-001,2026-03-01 14:01:57
CLK-002947,FNP-U07726,AD-004,CMP-001,2026-02-06 09:11:42
CLK-003317,FNP-U09513,AD-019,CMP-005,2026-02-13 06:12:11
CLK-003880,FNP-U01355,AD-012,CMP-003,2026-02-16 18:27:26
CLK-005782,FNP-U04332,AD-002,CMP-001,2026-03-08 14:06:53
CLK-001106,FNP-U09316,AD-021,CMP-006,2026-02-18 18:33:57
CLK-000989,FNP-U07854,AD-021,CMP-006,2026-03-03 00:49:31
CLK-003051,FNP-U03994,AD-006,CMP-002,2026-01-17 18:10:43
CLK-002692,FNP-U05011,AD-010,CMP-003,2026-02-27 09:58:52
CLK-002306,FNP-U06230,AD-017,CMP-005,2026-03-17 21:07:34
CLK-005753,FNP-U04759,AD-001,CMP-001,2026-03-17 21:56:05
CLK-002717,FNP-U07791,AD-004,CMP-001,2026-01-15 09:28:30
CLK-003112,FNP-U09950,AD-004,CMP-001,2026-02-17 00:51:22
CLK-002397,FNP-U09148,AD-013,CMP-004,2026-03-18 19:08:42
CLK-003973,FNP-U02374,AD-008,CMP-002,2026-03-09 13:54:20
CLK-002735,FNP-U01870,AD-016,CMP-004,2026-03-28 09:29:17
CLK-002778,FNP-U00111,AD-019,CMP-005,2026-02-26 22:00:43
CLK-005150,FNP-U06529,AD-015,CMP-004,2026-03-26 06:45:29
CLK-002988,FNP-U08472,AD-011,CMP-003,2026-02-07 13:51:35
CLK-000651,FNP-U01543,AD-009,CMP-003,2026-02-24 18:08:30
CLK-003682,FNP-U03210,AD-004,CMP-001,2026-02-18 21:12:51
CLK-004058,FNP-U01408,AD-010,CMP-003,2026-01-16 13:22:10
CLK-000182,FNP-U02710,AD-021,CMP-006,2026-02-15 09:45:33
CLK-004302,FNP-U07074,AD-007,CMP-002,2026-02-13 14:01:42
CLK-005346,FNP-U05313,AD-010,CMP-003,2026-01-11 13:26:27
CLK-001876,FNP-U01195,AD-024,CMP-006,2026-01-07 09:21:37
CLK-004144,FNP-U02671,AD-019,CMP-005,2026-02-11 09:51:45
CLK-001404,FNP-U01515,AD-004,CMP-001,2026-03-19 18:52:30
CLK-000153,FNP-U01289,AD-006,CMP-002,2026-01-01 13:19:49
CLK-005093,FNP-U01896,AD-001,CMP-001,2026-03-15 14:01:04
CLK-004002,FNP-U07037,AD-021,CMP-006,2026-02-20 21:09:57
CLK-003606,FNP-U00698,AD-008,CMP-002,2026-02-15 14:01:01
CLK-005014,FNP-U04474,AD-008,CMP-002,2026-02-04 18:15:24
CLK-005242,FNP-U07641,AD-016,CMP-004,2026-03-09 06:09:52
CLK-000897,FNP-U02127,AD-017,CMP-005,2026-02-20 09:35:30
CLK-004003,FNP-U07750,AD-002,CMP-001,2026-03-02 09:18:30
CLK-003583,FNP-U03123,AD-021,CMP-006,2026-01-16 00:07:49
CLK-005844,FNP-U08969,AD-008,CMP-002,2026-01-21 14:07:41
CLK-000473,FNP-U03738,AD-010,CMP-003,2026-03-15 18:56:57
CLK-001605,FNP-U05262,AD-005,CMP-002,2026-03-17 21:58:23
CLK-002573,FNP-U01540,AD-003,CMP-001,2026-02-12 06:55:39
CLK-002912,FNP-U00572,AD-018,CMP-005,2026-01-28 18:42:31
CLK-005988,FNP-U00472,AD-019,CMP-005,2026-03-16 00:51:59
CLK-004454,FNP-U04408,AD-017,CMP-005,2026-02-03 21:41:41
CLK-005011,FNP-U09467,AD-009,CMP-003,2026-02-24 18:37:45
CLK-002963,FNP-U01106,AD-017,CMP-005,2026-02-26 18:45:55
CLK-003007,FNP-U07350,AD-022,CMP-006,2026-03-20 09:47:01
CLK-001254,FNP-U09355,AD-008,CMP-002,2026-03-20 13:56:10
CLK-001906,FNP-U05240,AD-004,CMP-001,2026-02-26 18:22:55
CLK-004001,FNP-U05825,AD-005,CMP-002,2026-03-25 09:57:11
CLK-000415,FNP-U04125,AD-010,CMP-003,2026-02-28 13:24:10
CLK-001316,FNP-U01272,AD-002,CMP-001,2026-01-29 18:20:36
CLK-003312,FNP-U05430,AD-010,CMP-003,2026-03-01 06:17:10
CLK-000848,FNP-U06809,AD-010,CMP-003,2026-02-26 18:17:36
CLK-000750,FNP-U03759,AD-017,CMP-005,2026-03-21 18:39:55
CLK-001250,FNP-U03316,AD-004,CMP-001,2026-01-24 13:51:21
CLK-003220,FNP-U02099,AD-018,CMP-005,2026-03-18 13:17:30
CLK-004137,FNP-U01744,AD-004,CMP-001,2026-01-22 18:59:26
CLK-005195,FNP-U03319,AD-017,CMP-005,2026-02-16 09:10:44
CLK-004949,FNP-U00223,AD-008,CMP-002,2026-02-23 13:54:42
CLK-001949,FNP-U01681,AD-014,CMP-004,2026-01-24 21:29:39
CLK-002639,FNP-U04941,AD-021,CMP-006,2026-01-14 13:24:39
CLK-003637,FNP-U00558,AD-008,CMP-002,2026-03-16 21:23:33
CLK-002097,FNP-U00042,AD-015,CMP-004,2026-01-31 18:38:21
CLK-005806,FNP-U01410,AD-017,CMP-005,2026-02-26 13:40:04
CLK-003104,FNP-U02057,AD-007,CMP-002,2026-02-03 09:21:52
CLK-000690,FNP-U03183,AD-007,CMP-002,2026-03-16 13:05:40
CLK-004321,FNP-U09115,AD-020,CMP-005,2026-02-19 13:47:27
CLK-003822,FNP-U08652,AD-012,CMP-003,2026-02-24 18:53:56
CLK-003176,FNP-U05707,AD-005,CMP-002,2026-01-17 10:03:06
CLK-002722,FNP-U04071,AD-002,CMP-001,2026-02-19 13:14:21
CLK-003087,FNP-U08933,AD-015,CMP-004,2026-02-21 09:20:39
CLK-004539,FNP-U03750,AD-008,CMP-002,2026-02-18 21:04:40
CLK-002214,FNP-U06729,AD-003,CMP-001,2026-02-11 18:31:15
CLK-005884,FNP-U08967,AD-001,CMP-001,2026-01-21 13:17:32
CLK-005286,FNP-U06822,AD-017,CMP-005,2026-01-08 09:29:00
CLK-005652,FNP-U03757,AD-009,CMP-003,2026-01-08 18:53:48
CLK-005566,FNP-U05550,AD-017,CMP-005,2026-01-19 21:54:40
CLK-001319,FNP-U06279,AD-006,CMP-002,2026-01-31 18:11:58
CLK-005165,FNP-U02509,AD-017,CMP-005,2026-03-27 09:16:39
CLK-005392,FNP-U04518,AD-013,CMP-004,2026-01-18 18:14:01
CLK-001484,FNP-U05904,AD-017,CMP-005,2026-02-25 09:29:31
CLK-001263,FNP-U02540,AD-006,CMP-002,2026-02-14 09:10:07
CLK-002830,FNP-U01352,AD-013,CMP-004,2026-03-18 13:26:20
CLK-001634,FNP-U09326,AD-018,CMP-005,2026-01-03 21:40:55
CLK-003866,FNP-U01904,AD-016,CMP-004,2026-03-15 10:03:50
CLK-003047,FNP-U03516,AD-004,CMP-001,2026-03-11 21:51:28
CLK-005895,FNP-U02715,AD-001,CMP-001,2026-02-01 13:38:30
CLK-003756,FNP-U03596,AD-004,CMP-001,2026-02-25 00:29:24
CLK-003081,FNP-U03541,AD-006,CMP-002,2026-01-14 13:30:21
CLK-004049,FNP-U03432,AD-021,CMP-006,2026-03-15 13:41:49
CLK-005821,FNP-U07896,AD-015,CMP-004,2026-01-08 00:58:47
CLK-005169,FNP-U06028,AD-020,CMP-005,2026-01-04 18:34:28
CLK-000879,FNP-U03496,AD-012,CMP-003,2026-03-21 13:22:42
CLK-001998,FNP-U08910,AD-016,CMP-004,2026-03-29 09:37:53
CLK-004853,FNP-U06617,AD-018,CMP-005,2026-03-31 21:24:42
CLK-002978,FNP-U02297,AD-012,CMP-003,2026-03-19 18:24:38
CLK-001469,FNP-U06951,AD-010,CMP-003,2026-01-29 13:28:25
CLK-004086,FNP-U08155,AD-022,CMP-006,2026-03-16 13:35:39
CLK-002678,FNP-U02928,AD-010,CMP-003,2026-02-03 22:07:07
CLK-000349,FNP-U06288,AD-002,CMP-001,2026-02-06 06:47:58
CLK-004554,FNP-U08742,AD-017,CMP-005,2026-01-13 18:30:23
CLK-003419,FNP-U06518,AD-017,CMP-005,2026-02-18 13:16:44
CLK-001324,FNP-U03089,AD-008,CMP-002,2026-01-30 19:07:47
CLK-005373,FNP-U08961,AD-010,CMP-003,2026-03-26 21:41:08
CLK-002298,FNP-U03820,AD-001,CMP-001,2026-01-08 09:16:44
CLK-004820,FNP-U05107,AD-017,CMP-005,2026-03-31 10:01:54
CLK-001119,FNP-U09821,AD-013,CMP-004,2026-02-22 13:34:52
CLK-004121,FNP-U09188,AD-004,CMP-001,2026-02-11 21:16:42
CLK-002519,FNP-U00091,AD-005,CMP-002,2026-02-25 09:40:34
CLK-000833,FNP-U01436,AD-005,CMP-002,2026-01-23 00:09:32
CLK-003078,FNP-U09680,AD-010,CMP-003,2026-01-16 13:19:49
CLK-002396,FNP-U08636,AD-012,CMP-003,2026-01-10 10:04:42
CLK-001972,FNP-U09533,AD-016,CMP-004,2026-03-01 06:21:24
CLK-000343,FNP-U00143,AD-009,CMP-003,2026-03-13 09:42:04
CLK-001730,FNP-U02126,AD-002,CMP-001,2026-03-07 21:16:37
CLK-000272,FNP-U06134,AD-003,CMP-001,2026-01-18 09:31:14
CLK-003181,FNP-U01471,AD-021,CMP-006,2026-01-08 13:35:10
CLK-004177,FNP-U05848,AD-016,CMP-004,2026-01-30 21:19:31
CLK-005829,FNP-U01051,AD-024,CMP-006,2026-01-17 13:57:12
CLK-004320,FNP-U00589,AD-002,CMP-001,2026-02-07 09:33:13
CLK-003134,FNP-U05659,AD-019,CMP-005,2026-02-27 06:32:46
CLK-001674,FNP-U01234,AD-010,CMP-003,2026-03-24 09:32:54
CLK-002270,FNP-U07251,AD-018,CMP-005,2026-02-02 09:49:33
CLK-003945,FNP-U03950,AD-010,CMP-003,2026-03-19 09:44:06
CLK-004891,FNP-U02189,AD-016,CMP-004,2026-02-21 18:17:22
CLK-000402,FNP-U03972,AD-002,CMP-001,2026-01-25 13:31:43
CLK-004727,FNP-U09222,AD-003,CMP-001,2026-02-15 19:01:13
CLK-001527,FNP-U04380,AD-002,CMP-001,2026-02-07 18:33:41
CLK-003142,FNP-U07292,AD-010,CMP-003,2026-02-28 21:57:38
CLK-000101,FNP-U03974,AD-001,CMP-001,2026-02-23 18:13:32
CLK-005481,FNP-U00726,AD-010,CMP-003,2026-01-04 09:15:48
CLK-003911,FNP-U00591,AD-005,CMP-002,2026-02-24 18:27:39
CLK-005107,FNP-U02160,AD-013,CMP-004,2026-02-28 13:16:33
CLK-001982,FNP-U07619,AD-002,CMP-001,2026-03-23 13:06:34
CLK-004033,FNP-U08796,AD-016,CMP-004,2026-01-30 18:37:35
CLK-003207,FNP-U06463,AD-003,CMP-001,2026-01-13 14:05:42
CLK-001345,FNP-U02666,AD-011,CMP-003,2026-01-17 07:05:19
CLK-004951,FNP-U01088,AD-019,CMP-005,2026-03-26 09:22:57
CLK-005928,FNP-U06983,AD-024,CMP-006,2026-02-19 09:45:06
CLK-003865,FNP-U01262,AD-002,CMP-001,2026-02-19 06:04:50
CLK-005043,FNP-U05779,AD-007,CMP-002,2026-02-13 09:59:27
CLK-003752,FNP-U03653,AD-008,CMP-002,2026-03-26 22:02:37
CLK-001789,FNP-U04167,AD-001,CMP-001,2026-02-20 21:56:19
CLK-002932,FNP-U07692,AD-005,CMP-002,2026-03-29 18:41:35
CLK-001448,FNP-U07420,AD-003,CMP-001,2026-03-24 10:04:40
CLK-005283,FNP-U07942,AD-015,CMP-004,2026-03-30 13:21:14
CLK-001920,FNP-U09255,AD-015,CMP-004,2026-01-16 13:41:22
CLK-005735,FNP-U06214,AD-007,CMP-002,2026-02-06 06:32:04
CLK-005061,FNP-U09437,AD-008,CMP-002,2026-02-04 18:23:50
CLK-001883,FNP-U08767,AD-008,CMP-002,2026-01-19 13:34:35
CLK-001846,FNP-U05897,AD-020,CMP-005,2026-03-22 13:56:11
CLK-005137,FNP-U08007,AD-004,CMP-001,2026-02-14 06:39:23
CLK-003168,FNP-U02266,AD-001,CMP-001,2026-03-03 10:08:20
CLK-000431,FNP-U06471,AD-004,CMP-001,2026-01-05 09:33:51
CLK-001142,FNP-U04524,AD-013,CMP-004,2026-03-18 13:31:52
CLK-004560,FNP-U07371,AD-011,CMP-003,2026-02-27 06:54:35
CLK-001320,FNP-U02625,AD-007,CMP-002,2026-02-21 09:40:44
CLK-005678,FNP-U09444,AD-010,CMP-003,2026-02-13 09:53:36
CLK-000819,FNP-U08057,AD-005,CMP-002,2026-02-27 21:16:32
CLK-002231,FNP-U05745,AD-018,CMP-005,2026-02-14 06:41:32
CLK-004741,FNP-U09997,AD-003,CMP-001,2026-01-22 13:28:33
CLK-004235,FNP-U08980,AD-021,CMP-006,2026-02-21 13:13:04
CLK-004928,FNP-U03560,AD-013,CMP-004,2026-01-17 18:24:07
CLK-002682,FNP-U05113,AD-010,CMP-003,2026-02-03 13:11:46
CLK-002351,FNP-U07237,AD-004,CMP-001,2026-01-18 21:56:12
CLK-003449,FNP-U09279,AD-013,CMP-004,2026-03-06 01:04:39
CLK-000273,FNP-U07032,AD-002,CMP-001,2026-02-09 10:03:55
CLK-003617,FNP-U01990,AD-001,CMP-001,2026-02-14 14:09:04
CLK-004358,FNP-U08559,AD-015,CMP-004,2026-03-24 06:40:33
CLK-003400,FNP-U07580,AD-004,CMP-001,2026-01-01 13:29:21
CLK-002288,FNP-U07276,AD-008,CMP-002,2026-02-18 13:48:03
CLK-003672,FNP-U03666,AD-020,CMP-005,2026-01-15 06:57:12
CLK-001801,FNP-U06088,AD-002,CMP-001,2026-03-22 19:05:28
CLK-003984,FNP-U06538,AD-004,CMP-001,2026-01-02 13:58:33
CLK-002204,FNP-U06158,AD-017,CMP-005,2026-03-17 13:31:02
CLK-000427,FNP-U04712,AD-017,CMP-005,2026-03-27 13:14:56
CLK-003174,FNP-U02519,AD-021,CMP-006,2026-01-27 22:02:37
CLK-002551,FNP-U04020,AD-004,CMP-001,2026-03-07 18:38:44
CLK-005948,FNP-U03487,AD-010,CMP-003,2026-02-14 13:40:14
CLK-004298,FNP-U01247,AD-017,CMP-005,2026-01-12 09:49:13
CLK-004813,FNP-U02537,AD-006,CMP-002,2026-01-22 18:58:24
CLK-002903,FNP-U09939,AD-017,CMP-005,2026-02-11 06:39:31
CLK-001402,FNP-U05927,AD-018,CMP-005,2026-02-26 13:56:50
CLK-005238,FNP-U04868,AD-019,CMP-005,2026-01-23 13:27:06
CLK-003976,FNP-U08729,AD-017,CMP-005,2026-01-25 13:07:43
CLK-003308,FNP-U00051,AD-021,CMP-006,2026-03-05 13:36:35
CLK-003458,FNP-U00811,AD-020,CMP-005,2026-01-02 13:52:15
CLK-005963,FNP-U05211,AD-010,CMP-003,2026-03-28 18:55:34
CLK-003036,FNP-U00006,AD-001,CMP-001,2026-01-19 19:04:53
CLK-001062,FNP-U01854,AD-013,CMP-004,2026-02-11 09:12:10
CLK-002070,FNP-U02504,AD-021,CMP-006,2026-02-16 09:05:37
CLK-001456,FNP-U05846,AD-011,CMP-003,2026-01-12 18:54:06
CLK-002886,FNP-U00986,AD-006,CMP-002,2026-02-10 13:35:28
CLK-004202,FNP-U01980,AD-003,CMP-001,2026-02-13 09:56:18
CLK-001406,FNP-U07522,AD-017,CMP-005,2026-01-26 13:25:33
CLK-000084,FNP-U01917,AD-005,CMP-002,2026-03-03 13:36:11
CLK-004800,FNP-U01855,AD-010,CMP-003,2026-03-29 13:31:21
CLK-004013,FNP-U09689,AD-006,CMP-002,2026-01-05 09:54:38
CLK-002490,FNP-U04137,AD-006,CMP-002,2026-02-24 06:25:20
CLK-005628,FNP-U05145,AD-014,CMP-004,2026-01-06 09:26:37
CLK-004092,FNP-U06248,AD-004,CMP-001,2026-01-16 21:21:39
CLK-001088,FNP-U06293,AD-016,CMP-004,2026-01-10 13:19:53
CLK-004260,FNP-U06754,AD-021,CMP-006,2026-03-29 09:07:47
CLK-001820,FNP-U08136,AD-008,CMP-002,2026-01-02 18:50:21
CLK-003504,FNP-U09980,AD-010,CMP-003,2026-03-29 09:19:54
CLK-005065,FNP-U06379,AD-012,CMP-003,2026-01-13 21:46:55
CLK-003987,FNP-U09127,AD-022,CMP-006,2026-01-01 06:05:33
CLK-003323,FNP-U09363,AD-016,CMP-004,2026-02-08 13:13:33
CLK-002305,FNP-U03734,AD-010,CMP-003,2026-03-09 13:24:50
CLK-003850,FNP-U00808,AD-020,CMP-005,2026-01-05 18:56:34
CLK-001371,FNP-U06782,AD-017,CMP-005,2026-03-24 18:52:48
CLK-003753,FNP-U00222,AD-019,CMP-005,2026-03-26 06:26:55
CLK-004136,FNP-U08310,AD-002,CMP-001,2026-03-26 19:06:43
CLK-000545,FNP-U06580,AD-017,CMP-005,2026-02-07 18:43:09
CLK-003394,FNP-U06022,AD-005,CMP-002,2026-02-14 09:13:14
CLK-000283,FNP-U02936,AD-009,CMP-003,2026-02-02 13:39:03
CLK-002989,FNP-U02781,AD-010,CMP-003,2026-03-22 13:26:06
CLK-000039,FNP-U01905,AD-003,CMP-001,2026-03-01 21:41:00
CLK-002690,FNP-U01643,AD-008,CMP-002,2026-01-06 13:45:11
CLK-002907,FNP-U06532,AD-006,CMP-002,2026-02-08 19:01:15
CLK-003260,FNP-U04827,AD-008,CMP-002,2026-03-02 09:19:55
CLK-004668,FNP-U06904,AD-013,CMP-004,2026-03-15 13:10:34
CLK-001288,FNP-U08062,AD-002,CMP-001,2026-03-26 13:27:22
CLK-001168,FNP-U06753,AD-003,CMP-001,2026-01-06 18:37:18
CLK-003531,FNP-U01670,AD-020,CMP-005,2026-01-08 21:59:21
CLK-003882,FNP-U01297,AD-012,CMP-003,2026-02-11 01:03:30
CLK-000053,FNP-U04437,AD-021,CMP-006,2026-02-20 18:45:57
CLK-004541,FNP-U01700,AD-001,CMP-001,2026-01-05 18:09:50
CLK-003903,FNP-U06021,AD-014,CMP-004,2026-03-09 13:39:57
CLK-001134,FNP-U00757,AD-002,CMP-001,2026-02-15 06:29:29
CLK-004932,FNP-U05252,AD-013,CMP-004,2026-01-20 00:45:00
CLK-002677,FNP-U03376,AD-013,CMP-004,2026-01-03 21:06:40
CLK-003598,FNP-U01899,AD-016,CMP-004,2026-03-03 10:07:19
CLK-004081,FNP-U04359,AD-006,CMP-002,2026-02-14 09:25:54
CLK-005296,FNP-U01607,AD-005,CMP-002,2026-03-04 19:11:18
CLK-005291,FNP-U05143,AD-008,CMP-002,2026-01-08 21:37:30
CLK-005637,FNP-U08278,AD-017,CMP-005,2026-01-30 18:05:58
CLK-000020,FNP-U07576,AD-002,CMP-001,2026-01-27 00:29:53
CLK-001842,FNP-U04205,AD-012,CMP-003,2026-03-28 14:07:01
CLK-004204,FNP-U00469,AD-013,CMP-004,2026-02-17 09:48:17
CLK-004305,FNP-U05860,AD-007,CMP-002,2026-01-22 13:28:26
CLK-001726,FNP-U01990,AD-015,CMP-004,2026-01-22 18:20:11
CLK-005340,FNP-U00274,AD-010,CMP-003,2026-01-20 06:20:16
CLK-000430,FNP-U09654,AD-002,CMP-001,2026-03-16 09:08:01
CLK-003856,FNP-U04398,AD-009,CMP-003,2026-02-17 09:57:19
CLK-003166,FNP-U09036,AD-001,CMP-001,2026-02-03 21:41:35
CLK-005320,FNP-U02672,AD-018,CMP-005,2026-01-28 13:28:25
CLK-003249,FNP-U05699,AD-008,CMP-002,2026-02-15 18:33:23
CLK-004097,FNP-U02029,AD-010,CMP-003,2026-01-27 18:57:07
CLK-003620,FNP-U03194,AD-012,CMP-003,2026-01-20 18:44:44
CLK-003825,FNP-U02164,AD-018,CMP-005,2026-01-06 00:11:46
CLK-002011,FNP-U01495,AD-010,CMP-003,2026-01-16 06:20:41
CLK-002376,FNP-U07660,AD-018,CMP-005,2026-03-22 22:00:14
CLK-005973,FNP-U09474,AD-022,CMP-006,2026-03-11 00:27:58
CLK-003544,FNP-U06346,AD-017,CMP-005,2026-01-21 06:38:20
CLK-003316,FNP-U06338,AD-010,CMP-003,2026-01-05 21:44:34
CLK-000499,FNP-U03731,AD-001,CMP-001,2026-03-31 21:34:47
CLK-002894,FNP-U00556,AD-021,CMP-006,2026-01-02 18:25:42
CLK-002681,FNP-U07091,AD-012,CMP-003,2026-01-19 13:30:15
CLK-000866,FNP-U05533,AD-008,CMP-002,2026-02-17 18:22:02
CLK-002836,FNP-U08450,AD-010,CMP-003,2026-02-04 13:54:11
CLK-002344,FNP-U07480,AD-016,CMP-004,2026-02-14 21:49:40
CLK-002076,FNP-U08082,AD-005,CMP-002,2026-02-04 13:48:54
CLK-001264,FNP-U06950,AD-002,CMP-001,2026-03-03 13:32:54
CLK-005293,FNP-U06941,AD-008,CMP-002,2026-03-10 09:37:14
CLK-004408,FNP-U08805,AD-013,CMP-004,2026-01-10 13:56:31
CLK-000043,FNP-U00508,AD-012,CMP-003,2026-01-07 09:18:55
CLK-004209,FNP-U01672,AD-004,CMP-001,2026-01-26 10:08:29
CLK-004677,FNP-U06102,AD-014,CMP-004,2026-03-20 13:18:24
CLK-001382,FNP-U03726,AD-008,CMP-002,2026-03-23 22:09:25
CLK-000512,FNP-U03427,AD-009,CMP-003,2026-01-15 21:34:39
CLK-003322,FNP-U04794,AD-015,CMP-004,2026-02-15 09:23:47
CLK-002937,FNP-U02240,AD-014,CMP-004,2026-03-28 09:41:23
CLK-000119,FNP-U08205,AD-012,CMP-003,2026-03-24 13:57:52
CLK-000406,FNP-U02543,AD-015,CMP-004,2026-01-20 13:57:04
CLK-002820,FNP-U06169,AD-008,CMP-002,2026-03-25 18:38:17
CLK-001570,FNP-U02336,AD-002,CMP-001,2026-02-24 19:08:16
CLK-004568,FNP-U01805,AD-001,CMP-001,2026-02-14 13:22:37
CLK-000845,FNP-U07869,AD-017,CMP-005,2026-03-21 06:49:32
CLK-003119,FNP-U01500,AD-004,CMP-001,2026-02-07 13:13:47
CLK-004467,FNP-U07524,AD-012,CMP-003,2026-01-30 06:28:04
CLK-003379,FNP-U09832,AD-021,CMP-006,2026-03-30 18:31:24
CLK-003905,FNP-U04827,AD-009,CMP-003,2026-01-05 09:13:41
CLK-000778,FNP-U09127,AD-001,CMP-001,2026-03-11 00:42:00
CLK-005378,FNP-U06572,AD-008,CMP-002,2026-02-07 14:04:16
CLK-005803,FNP-U06535,AD-018,CMP-005,2026-03-01 06:49:19
CLK-001557,FNP-U09287,AD-005,CMP-002,2026-01-22 09:19:00
CLK-004218,FNP-U05020,AD-018,CMP-005,2026-03-09 09:22:41
CLK-004442,FNP-U06786,AD-002,CMP-001,2026-03-18 14:05:34
CLK-003057,FNP-U01427,AD-012,CMP-003,2026-01-30 21:45:19
CLK-005919,FNP-U03931,AD-001,CMP-001,2026-01-16 18:25:36
CLK-000016,FNP-U09474,AD-012,CMP-003,2026-03-04 13:17:39
CLK-004950,FNP-U05113,AD-014,CMP-004,2026-03-10 21:48:10
CLK-004718,FNP-U09390,AD-004,CMP-001,2026-01-25 14:10:02
CLK-003417,FNP-U02476,AD-012,CMP-003,2026-02-18 13:16:36
CLK-005389,FNP-U09703,AD-017,CMP-005,2026-02-06 13:48:41
CLK-002557,FNP-U02372,AD-002,CMP-001,2026-01-04 09:15:17
CLK-002479,FNP-U03448,AD-017,CMP-005,2026-01-22 13:39:06
CLK-000077,FNP-U08432,AD-004,CMP-001,2026-03-17 19:09:44
CLK-003001,FNP-U06107,AD-021,CMP-006,2026-03-08 21:31:03
CLK-004603,FNP-U04272,AD-003,CMP-001,2026-03-09 09:34:00
CLK-003270,FNP-U01358,AD-007,CMP-002,2026-03-09 09:24:03
CLK-005217,FNP-U04307,AD-015,CMP-004,2026-03-17 18:58:50
CLK-005018,FNP-U06336,AD-006,CMP-002,2026-02-24 13:11:09
CLK-003153,FNP-U05701,AD-004,CMP-001,2026-01-20 13:36:18
CLK-005166,FNP-U08984,AD-007,CMP-002,2026-02-05 21:58:34
CLK-001317,FNP-U06272,AD-001,CMP-001,2026-02-11 10:01:34
CLK-002017,FNP-U07764,AD-021,CMP-006,2026-01-25 21:38:24
CLK-005618,FNP-U04679,AD-013,CMP-004,2026-01-14 09:57:14
CLK-003396,FNP-U03863,AD-004,CMP-001,2026-02-03 21:31:35
CLK-003761,FNP-U00612,AD-004,CMP-001,2026-03-02 10:06:34
CLK-004185,FNP-U02526,AD-012,CMP-003,2026-01-09 22:04:39
CLK-003516,FNP-U08966,AD-017,CMP-005,2026-03-02 18:28:52
CLK-004716,FNP-U02105,AD-022,CMP-006,2026-02-21 13:10:22
CLK-004163,FNP-U02377,AD-001,CMP-001,2026-02-01 13:09:01
CLK-001311,FNP-U04759,AD-010,CMP-003,2026-03-26 21:08:12
CLK-003421,FNP-U08666,AD-006,CMP-002,2026-01-07 18:47:33
CLK-001750,FNP-U00336,AD-021,CMP-006,2026-03-30 18:11:49
CLK-004713,FNP-U08625,AD-008,CMP-002,2026-01-22 13:05:27
CLK-003939,FNP-U04654,AD-009,CMP-003,2026-03-03 06:10:55
CLK-001745,FNP-U03328,AD-004,CMP-001,2026-02-14 13:43:18
CLK-002336,FNP-U04520,AD-010,CMP-003,2026-02-03 09:52:23
CLK-005119,FNP-U08998,AD-004,CMP-001,2026-02-18 09:31:59
CLK-001828,FNP-U07478,AD-003,CMP-001,2026-03-11 09:10:57
CLK-000126,FNP-U00362,AD-019,CMP-005,2026-02-13 10:02:34
CLK-004686,FNP-U01857,AD-010,CMP-003,2026-03-19 06:48:45
CLK-003190,FNP-U07181,AD-013,CMP-004,2026-02-25 06:48:13
CLK-000360,FNP-U00813,AD-018,CMP-005,2026-02-11 09:18:30
CLK-003456,FNP-U09172,AD-012,CMP-003,2026-03-04 13:31:08
CLK-004021,FNP-U04457,AD-002,CMP-001,2026-01-23 13:59:36
CLK-002446,FNP-U07988,AD-008,CMP-002,2026-02-25 18:28:06
CLK-002321,FNP-U08459,AD-021,CMP-006,2026-03-23 06:50:53
CLK-005083,FNP-U09011,AD-013,CMP-004,2026-01-25 13:50:45
CLK-002946,FNP-U06950,AD-011,CMP-003,2026-02-07 13:28:01
CLK-002648,FNP-U05486,AD-015,CMP-004,2026-03-27 09:58:10
CLK-005301,FNP-U00783,AD-018,CMP-005,2026-02-04 18:12:43
CLK-004028,FNP-U02674,AD-005,CMP-002,2026-03-10 13:15:05
CLK-001853,FNP-U06265,AD-001,CMP-001,2026-01-30 21:36:38
CLK-005719,FNP-U01892,AD-001,CMP-001,2026-03-17 21:28:37
CLK-000772,FNP-U03562,AD-014,CMP-004,2026-03-08 07:04:07
CLK-004310,FNP-U06548,AD-004,CMP-001,2026-02-24 09:11:07
CLK-002220,FNP-U02165,AD-005,CMP-002,2026-03-01 00:31:13
CLK-000575,FNP-U09380,AD-018,CMP-005,2026-03-31 06:21:47
CLK-003151,FNP-U09525,AD-017,CMP-005,2026-02-24 21:55:21
CLK-002900,FNP-U02109,AD-010,CMP-003,2026-02-20 09:49:08
CLK-004444,FNP-U04514,AD-013,CMP-004,2026-03-16 19:08:26
CLK-005332,FNP-U08594,AD-006,CMP-002,2026-01-09 09:39:11
CLK-002497,FNP-U03825,AD-005,CMP-002,2026-01-14 14:03:00
CLK-001275,FNP-U00571,AD-008,CMP-002,2026-03-14 19:07:15
CLK-001280,FNP-U02021,AD-017,CMP-005,2026-01-21 21:20:58
CLK-001548,FNP-U01603,AD-020,CMP-005,2026-03-07 18:29:39
CLK-005961,FNP-U02646,AD-001,CMP-001,2026-01-28 18:47:42
CLK-002545,FNP-U05372,AD-012,CMP-003,2026-02-19 21:13:29
CLK-002105,FNP-U05444,AD-021,CMP-006,2026-03-10 21:23:53
CLK-005994,FNP-U00097,AD-018,CMP-005,2026-01-16 09:48:08
CLK-000176,FNP-U01201,AD-009,CMP-003,2026-03-01 19:05:58
CLK-005077,FNP-U01055,AD-013,CMP-004,2026-02-03 18:49:07
CLK-000680,FNP-U06334,AD-014,CMP-004,2026-02-05 06:40:13
CLK-005498,FNP-U06102,AD-005,CMP-002,2026-02-12 06:29:08
CLK-002009,FNP-U05762,AD-004,CMP-001,2026-03-10 18:39:30
CLK-004288,FNP-U07913,AD-004,CMP-001,2026-02-19 13:09:20
CLK-005808,FNP-U02211,AD-008,CMP-002,2026-03-12 18:19:28
CLK-004217,FNP-U06469,AD-004,CMP-001,2026-02-14 06:14:45
CLK-002311,FNP-U02350,AD-020,CMP-005,2026-02-14 09:45:54
CLK-003509,FNP-U05931,AD-001,CMP-001,2026-03-21 10:07:03
CLK-001259,FNP-U01393,AD-017,CMP-005,2026-01-21 13:33:08
CLK-002067,FNP-U05497,AD-019,CMP-005,2026-03-27 21:26:21
CLK-002245,FNP-U07590,AD-015,CMP-004,2026-02-03 10:00:47
CLK-002086,FNP-U03224,AD-001,CMP-001,2026-01-24 13:09:40
CLK-003718,FNP-U00593,AD-021,CMP-006,2026-01-21 21:07:32
CLK-000137,FNP-U01716,AD-003,CMP-001,2026-01-27 06:15:51
CLK-005092,FNP-U04759,AD-015,CMP-004,2026-01-27 09:23:16
CLK-002593,FNP-U00687,AD-022,CMP-006,2026-01-08 18:37:07
CLK-001782,FNP-U05353,AD-019,CMP-005,2026-01-10 22:08:23
CLK-004648,FNP-U05587,AD-021,CMP-006,2026-03-13 09:41:41
CLK-005179,FNP-U00590,AD-013,CMP-004,2026-02-13 13:23:55
CLK-003368,FNP-U00207,AD-003,CMP-001,2026-03-30 18:15:41
CLK-002426,FNP-U02459,AD-008,CMP-002,2026-03-07 21:41:52
CLK-001056,FNP-U01405,AD-013,CMP-004,2026-02-09 14:10:28
CLK-002642,FNP-U01569,AD-017,CMP-005,2026-03-12 13:46:20
CLK-000874,FNP-U02324,AD-013,CMP-004,2026-01-21 13:51:40
CLK-004867,FNP-U02778,AD-002,CMP-001,2026-02-03 13:11:43
CLK-002507,FNP-U05918,AD-004,CMP-001,2026-03-29 18:45:04
CLK-002704,FNP-U04714,AD-003,CMP-001,2026-03-25 09:52:55
CLK-001053,FNP-U07608,AD-010,CMP-003,2026-03-06 06:09:07
CLK-000141,FNP-U05623,AD-009,CMP-003,2026-02-13 21:51:29
CLK-005147,FNP-U04598,AD-017,CMP-005,2026-02-06 18:53:56
CLK-000721,FNP-U04220,AD-002,CMP-001,2026-02-11 09:31:47
CLK-004714,FNP-U02259,AD-001,CMP-001,2026-03-11 09:10:39
CLK-000652,FNP-U00789,AD-006,CMP-002,2026-03-10 18:28:29
CLK-001072,FNP-U01255,AD-016,CMP-004,2026-01-18 13:37:26
CLK-000540,FNP-U06297,AD-002,CMP-001,2026-03-25 13:31:14
CLK-001194,FNP-U05915,AD-006,CMP-002,2026-03-28 13:05:38
CLK-001049,FNP-U09086,AD-007,CMP-002,2026-01-14 18:27:39
CLK-000508,FNP-U07461,AD-004,CMP-001,2026-03-26 13:35:53
CLK-001322,FNP-U05183,AD-015,CMP-004,2026-01-25 13:43:27
CLK-002991,FNP-U05881,AD-013,CMP-004,2026-02-01 09:25:16
CLK-001983,FNP-U06513,AD-004,CMP-001,2026-03-20 09:30:16
CLK-004141,FNP-U04660,AD-001,CMP-001,2026-02-12 13:53:40
CLK-003802,FNP-U04709,AD-020,CMP-005,2026-02-16 09:36:12
CLK-004357,FNP-U02234,AD-013,CMP-004,2026-01-30 13:43:17
CLK-005478,FNP-U01057,AD-002,CMP-001,2026-03-20 13:24:57
CLK-003290,FNP-U01481,AD-003,CMP-001,2026-03-31 09:38:32
CLK-000425,FNP-U07719,AD-014,CMP-004,2026-02-03 06:11:21
CLK-000472,FNP-U05585,AD-006,CMP-002,2026-01-06 21:26:47
CLK-003230,FNP-U05385,AD-019,CMP-005,2026-01-13 09:10:27
CLK-005244,FNP-U02379,AD-015,CMP-004,2026-02-01 19:03:04
CLK-004456,FNP-U02557,AD-013,CMP-004,2026-01-09 13:53:42
CLK-000907,FNP-U02160,AD-008,CMP-002,2026-03-23 09:52:02
CLK-004914,FNP-U02405,AD-012,CMP-003,2026-01-25 13:12:55
CLK-002590,FNP-U06946,AD-002,CMP-001,2026-01-23 13:27:22
CLK-003422,FNP-U03625,AD-018,CMP-005,2026-03-08 18:34:12
CLK-000510,FNP-U04653,AD-011,CMP-003,2026-02-12 13:31:27
CLK-005555,FNP-U09591,AD-001,CMP-001,2026-03-19 13:58:05
CLK-001267,FNP-U03556,AD-017,CMP-005,2026-03-13 13:54:15
CLK-005423,FNP-U06020,AD-014,CMP-004,2026-02-22 21:29:37
CLK-004743,FNP-U02469,AD-003,CMP-001,2026-01-04 13:41:23
CLK-001511,FNP-U07930,AD-004,CMP-001,2026-03-02 18:57:46
CLK-005786,FNP-U04911,AD-010,CMP-003,2026-01-04 13:19:33
CLK-001356,FNP-U03998,AD-021,CMP-006,2026-02-23 09:59:03
CLK-003796,FNP-U02410,AD-002,CMP-001,2026-02-10 13:25:57
CLK-005164,FNP-U04393,AD-008,CMP-002,2026-02-26 13:37:07
CLK-004405,FNP-U09346,AD-017,CMP-005,2026-01-10 13:29:10
CLK-004637,FNP-U08115,AD-013,CMP-004,2026-03-20 13:52:55
CLK-005662,FNP-U05658,AD-017,CMP-005,2026-01-23 21:53:50
CLK-005266,FNP-U00860,AD-010,CMP-003,2026-03-19 21:38:37
CLK-005632,FNP-U04911,AD-018,CMP-005,2026-01-30 18:51:37
CLK-002161,FNP-U06577,AD-011,CMP-003,2026-01-17 18:42:58
CLK-000215,FNP-U03743,AD-018,CMP-005,2026-01-08 22:00:22
CLK-002259,FNP-U01760,AD-006,CMP-002,2026-02-01 21:28:24
CLK-002486,FNP-U07869,AD-008,CMP-002,2026-03-02 18:51:52
CLK-002136,FNP-U01074,AD-020,CMP-005,2026-01-06 21:38:03
CLK-004871,FNP-U05939,AD-020,CMP-005,2026-02-15 19:04:41
CLK-002314,FNP-U09241,AD-013,CMP-004,2026-03-05 13:24:30
CLK-005324,FNP-U05093,AD-005,CMP-002,2026-01-25 21:46:23
CLK-001962,FNP-U07294,AD-018,CMP-005,2026-01-30 13:47:30
CLK-003680,FNP-U09751,AD-010,CMP-003,2026-02-15 14:01:38
CLK-001399,FNP-U03362,AD-015,CMP-004,2026-01-01 09:53:40
CLK-005495,FNP-U00482,AD-015,CMP-004,2026-02-22 00:35:43
CLK-001865,FNP-U08984,AD-001,CMP-001,2026-01-09 10:02:25
CLK-003298,FNP-U01150,AD-004,CMP-001,2026-03-19 10:06:27
CLK-004920,FNP-U08369,AD-013,CMP-004,2026-02-05 18:20:23
CLK-004902,FNP-U07261,AD-004,CMP-001,2026-01-10 18:50:40
CLK-001274,FNP-U02059,AD-001,CMP-001,2026-03-01 18:14:15
CLK-000828,FNP-U08964,AD-008,CMP-002,2026-03-05 06:49:41
CLK-002168,FNP-U08123,AD-004,CMP-001,2026-03-12 22:03:45
CLK-005581,FNP-U08319,AD-006,CMP-002,2026-02-26 09:43:25
CLK-005837,FNP-U02043,AD-012,CMP-003,2026-03-12 18:50:57
CLK-003180,FNP-U05861,AD-017,CMP-005,2026-01-06 00:45:34
CLK-005455,FNP-U08902,AD-001,CMP-001,2026-01-11 22:03:06
CLK-000603,FNP-U09546,AD-012,CMP-003,2026-02-27 00:17:24
CLK-003344,FNP-U07036,AD-003,CMP-001,2026-03-31 13:19:44
CLK-000143,FNP-U01072,AD-017,CMP-005,2026-02-22 21:35:15
CLK-005977,FNP-U06611,AD-015,CMP-004,2026-01-10 09:27:01
CLK-000790,FNP-U09052,AD-012,CMP-003,2026-01-03 22:05:22
CLK-002189,FNP-U06976,AD-008,CMP-002,2026-03-23 19:00:30
CLK-002385,FNP-U09662,AD-014,CMP-004,2026-03-30 18:46:52
CLK-001171,FNP-U00890,AD-023,CMP-006,2026-01-02 18:14:06
CLK-000235,FNP-U07541,AD-022,CMP-006,2026-02-02 09:46:43
CLK-000783,FNP-U04504,AD-004,CMP-001,2026-03-30 13:03:40
CLK-003782,FNP-U00503,AD-009,CMP-003,2026-01-01 09:46:45
CLK-000825,FNP-U08212,AD-008,CMP-002,2026-03-02 07:07:44
CLK-005542,FNP-U05874,AD-001,CMP-001,2026-02-02 21:46:38
CLK-005737,FNP-U03585,AD-012,CMP-003,2026-02-24 19:00:45
CLK-001757,FNP-U01237,AD-024,CMP-006,2026-03-08 13:27:08
CLK-004375,FNP-U03873,AD-007,CMP-002,2026-01-13 09:30:55
CLK-000292,FNP-U03037,AD-002,CMP-001,2026-03-21 21:31:42
CLK-004394,FNP-U02070,AD-021,CMP-006,2026-03-01 19:08:00
CLK-004133,FNP-U04611,AD-006,CMP-002,2026-03-23 13:11:38
CLK-004087,FNP-U06380,AD-004,CMP-001,2026-02-09 13:34:16
CLK-001779,FNP-U07442,AD-006,CMP-002,2026-03-10 18:52:03
CLK-001840,FNP-U04030,AD-015,CMP-004,2026-03-05 13:54:24
CLK-004104,FNP-U02832,AD-019,CMP-005,2026-01-12 07:02:00
CLK-000270,FNP-U07630,AD-001,CMP-001,2026-03-03 06:19:46
CLK-005811,FNP-U03406,AD-006,CMP-002,2026-02-23 13:34:58
CLK-000318,FNP-U07575,AD-010,CMP-003,2026-02-18 18:34:50
CLK-002802,FNP-U09812,AD-015,CMP-004,2026-01-27 10:00:51
CLK-004199,FNP-U01227,AD-011,CMP-003,2026-03-25 09:33:43
CLK-000859,FNP-U09228,AD-008,CMP-002,2026-03-10 09:07:15
CLK-005213,FNP-U00792,AD-009,CMP-003,2026-03-18 14:03:05
CLK-005892,FNP-U09815,AD-002,CMP-001,2026-01-01 21:49:22
CLK-001091,FNP-U06795,AD-017,CMP-005,2026-01-14 13:23:09
CLK-004045,FNP-U00385,AD-002,CMP-001,2026-03-05 09:10:54
CLK-000670,FNP-U00450,AD-010,CMP-003,2026-03-29 13:53:57
CLK-000921,FNP-U08216,AD-013,CMP-004,2026-02-17 13:11:13
CLK-004383,FNP-U03583,AD-006,CMP-002,2026-02-19 21:17:19
CLK-001619,FNP-U09154,AD-012,CMP-003,2026-02-08 06:13:26
CLK-000527,FNP-U06311,AD-016,CMP-004,2026-02-28 18:28:13
CLK-005388,FNP-U02108,AD-001,CMP-001,2026-02-26 09:59:22
CLK-003492,FNP-U05254,AD-002,CMP-001,2026-03-18 10:06:52
CLK-005558,FNP-U08251,AD-012,CMP-003,2026-02-05 21:39:18
CLK-003232,FNP-U08062,AD-021,CMP-006,2026-02-20 09:13:17
CLK-001487,FNP-U08366,AD-018,CMP-005,2026-03-13 13:58:32
CLK-002256,FNP-U04237,AD-007,CMP-002,2026-02-07 13:48:34
CLK-005510,FNP-U05818,AD-002,CMP-001,2026-02-19 13:51:47
CLK-000065,FNP-U02002,AD-020,CMP-005,2026-01-14 09:24:51
CLK-004855,FNP-U09940,AD-015,CMP-004,2026-03-02 18:50:11
CLK-005526,FNP-U03285,AD-015,CMP-004,2026-02-16 18:28:34
CLK-002515,FNP-U04816,AD-014,CMP-004,2026-02-19 18:56:54
CLK-004495,FNP-U06731,AD-011,CMP-003,2026-02-24 13:09:32
CLK-000957,FNP-U08216,AD-010,CMP-003,2026-03-28 13:37:07
CLK-001471,FNP-U00118,AD-021,CMP-006,2026-03-06 13:40:47
CLK-004023,FNP-U03420,AD-004,CMP-001,2026-02-20 18:32:07
CLK-002031,FNP-U00733,AD-009,CMP-003,2026-01-30 13:52:34
CLK-000002,FNP-U01148,AD-018,CMP-005,2026-03-01 07:00:24
CLK-002322,FNP-U04849,AD-017,CMP-005,2026-01-22 13:17:58
CLK-004742,FNP-U02097,AD-012,CMP-003,2026-03-16 14:06:03
CLK-002879,FNP-U03148,AD-013,CMP-004,2026-02-24 13:35:54
CLK-000421,FNP-U08042,AD-011,CMP-003,2026-02-06 13:40:38
CLK-002954,FNP-U00409,AD-015,CMP-004,2026-01-07 09:21:28
CLK-004436,FNP-U00266,AD-019,CMP-005,2026-02-11 21:08:36
CLK-002710,FNP-U04808,AD-004,CMP-001,2026-01-23 19:00:31
CLK-004866,FNP-U06601,AD-001,CMP-001,2026-03-16 18:33:56
CLK-005221,FNP-U09481,AD-016,CMP-004,2026-02-13 09:23:02
CLK-003231,FNP-U03329,AD-001,CMP-001,2026-01-20 21:27:42
CLK-005105,FNP-U08993,AD-015,CMP-004,2026-01-04 01:10:32
CLK-000113,FNP-U04484,AD-004,CMP-001,2026-03-17 13:31:48
CLK-004051,FNP-U00076,AD-014,CMP-004,2026-01-27 14:01:58
CLK-002854,FNP-U01001,AD-017,CMP-005,2026-03-19 13:40:06
CLK-004611,FNP-U05590,AD-010,CMP-003,2026-03-02 00:10:23
CLK-002203,FNP-U05045,AD-017,CMP-005,2026-01-06 13:43:25
CLK-001640,FNP-U05875,AD-002,CMP-001,2026-01-04 09:57:02
CLK-002817,FNP-U00946,AD-017,CMP-005,2026-02-22 21:47:28
CLK-005897,FNP-U09905,AD-018,CMP-005,2026-02-03 09:42:49
CLK-002577,FNP-U03784,AD-017,CMP-005,2026-03-06 13:31:59
CLK-002508,FNP-U04822,AD-009,CMP-003,2026-03-26 01:03:58
CLK-005054,FNP-U06283,AD-001,CMP-001,2026-01-27 09:31:31
CLK-001621,FNP-U04369,AD-007,CMP-002,2026-03-12 09:19:07
CLK-003264,FNP-U06300,AD-012,CMP-003,2026-03-29 18:21:42
CLK-002938,FNP-U01765,AD-020,CMP-005,2026-02-19 09:23:52
CLK-005157,FNP-U05163,AD-007,CMP-002,2026-01-11 09:36:01
CLK-004834,FNP-U04473,AD-001,CMP-001,2026-03-05 13:35:17
CLK-003579,FNP-U05250,AD-021,CMP-006,2026-02-09 13:37:38
CLK-002611,FNP-U06266,AD-004,CMP-001,2026-03-31 13:01:32
CLK-003957,FNP-U07613,AD-022,CMP-006,2026-02-05 13:10:29
CLK-001287,FNP-U07450,AD-002,CMP-001,2026-01-02 21:06:23
CLK-005142,FNP-U06699,AD-010,CMP-003,2026-02-04 09:26:06
CLK-003930,FNP-U09158,AD-001,CMP-001,2026-01-15 13:23:29
CLK-000362,FNP-U02311,AD-005,CMP-002,2026-02-23 09:30:51
CLK-003872,FNP-U07337,AD-014,CMP-004,2026-03-26 18:25:00
CLK-004882,FNP-U04558,AD-002,CMP-001,2026-03-09 06:46:53
CLK-004610,FNP-U08551,AD-012,CMP-003,2026-02-26 06:36:36
CLK-003996,FNP-U08295,AD-013,CMP-004,2026-03-21 10:08:33
CLK-003567,FNP-U06928,AD-016,CMP-004,2026-01-16 13:07:47
CLK-002574,FNP-U05907,AD-021,CMP-006,2026-02-03 09:40:41
CLK-000187,FNP-U04728,AD-008,CMP-002,2026-03-01 09:56:43
CLK-003098,FNP-U09896,AD-010,CMP-003,2026-03-12 09:56:09
CLK-004908,FNP-U06011,AD-012,CMP-003,2026-01-07 13:49:03
CLK-005515,FNP-U02446,AD-019,CMP-005,2026-01-10 07:12:32
CLK-001709,FNP-U00100,AD-012,CMP-003,2026-03-19 13:35:36
CLK-000252,FNP-U09102,AD-004,CMP-001,2026-03-11 09:14:19
CLK-005830,FNP-U00949,AD-017,CMP-005,2026-01-11 21:05:50
CLK-000865,FNP-U07737,AD-012,CMP-003,2026-02-14 09:37:20
CLK-001223,FNP-U01584,AD-015,CMP-004,2026-03-06 06:30:36
CLK-002025,FNP-U00422,AD-010,CMP-003,2026-01-09 18:25:41
CLK-004690,FNP-U00471,AD-001,CMP-001,2026-03-12 09:44:02
CLK-001985,FNP-U01103,AD-014,CMP-004,2026-01-25 13:14:16
CLK-000546,FNP-U01463,AD-006,CMP-002,2026-03-08 18:34:46
CLK-002749,FNP-U00781,AD-006,CMP-002,2026-03-09 13:19:24
CLK-004450,FNP-U00910,AD-013,CMP-004,2026-01-23 13:24:16
CLK-005529,FNP-U03989,AD-001,CMP-001,2026-03-25 21:49:20
CLK-004364,FNP-U02761,AD-004,CMP-001,2026-02-17 09:33:05
CLK-003079,FNP-U06892,AD-010,CMP-003,2026-02-02 06:39:09
CLK-003281,FNP-U08009,AD-002,CMP-001,2026-02-24 13:33:36
CLK-002487,FNP-U01083,AD-010,CMP-003,2026-02-15 13:16:04
CLK-004641,FNP-U07909,AD-018,CMP-005,2026-02-19 13:33:46
CLK-000531,FNP-U06501,AD-008,CMP-002,2026-03-25 18:46:47
CLK-001450,FNP-U04097,AD-008,CMP-002,2026-03-01 21:32:44
CLK-004053,FNP-U09918,AD-006,CMP-002,2026-03-08 21:25:40
CLK-002857,FNP-U03971,AD-020,CMP-005,2026-02-16 18:50:00
CLK-004751,FNP-U06578,AD-010,CMP-003,2026-03-18 18:45:08
CLK-005004,FNP-U03342,AD-008,CMP-002,2026-01-20 00:37:08
CLK-001775,FNP-U08606,AD-021,CMP-006,2026-01-27 13:42:53
CLK-004268,FNP-U09439,AD-008,CMP-002,2026-03-21 21:10:28
CLK-002526,FNP-U09841,AD-010,CMP-003,2026-01-01 13:28:52
CLK-003993,FNP-U07609,AD-002,CMP-001,2026-03-09 13:26:22
CLK-000964,FNP-U04801,AD-008,CMP-002,2026-02-26 09:01:47
CLK-002705,FNP-U05302,AD-002,CMP-001,2026-02-17 19:07:26
CLK-005442,FNP-U08937,AD-019,CMP-005,2026-03-21 21:43:58
CLK-004962,FNP-U05532,AD-010,CMP-003,2026-01-05 18:35:34
CLK-000854,FNP-U03157,AD-014,CMP-004,2026-03-09 18:38:25
CLK-002029,FNP-U06717,AD-008,CMP-002,2026-02-17 13:42:40
CLK-003387,FNP-U01004,AD-006,CMP-002,2026-03-06 09:13:22
CLK-000524,FNP-U00845,AD-020,CMP-005,2026-02-09 13:27:39
CLK-003764,FNP-U00467,AD-001,CMP-001,2026-01-22 06:58:34
CLK-005885,FNP-U00319,AD-006,CMP-002,2026-01-19 18:09:56
CLK-002157,FNP-U05267,AD-003,CMP-001,2026-03-24 09:24:53
CLK-002375,FNP-U05290,AD-003,CMP-001,2026-02-18 06:03:06
CLK-001046,FNP-U08796,AD-002,CMP-001,2026-02-06 07:00:31
CLK-004189,FNP-U03770,AD-010,CMP-003,2026-02-18 18:14:28
CLK-005206,FNP-U00535,AD-016,CMP-004,2026-03-29 09:47:09
CLK-005631,FNP-U05579,AD-013,CMP-004,2026-02-03 14:00:19
CLK-002075,FNP-U03231,AD-010,CMP-003,2026-02-04 09:45:44
CLK-001756,FNP-U04197,AD-008,CMP-002,2026-02-25 13:15:03
CLK-002698,FNP-U01173,AD-021,CMP-006,2026-01-14 06:23:15
CLK-002613,FNP-U04360,AD-001,CMP-001,2026-02-14 07:07:10
CLK-003136,FNP-U03884,AD-015,CMP-004,2026-03-28 13:56:40
CLK-004691,FNP-U05508,AD-007,CMP-002,2026-03-06 13:06:30
CLK-002453,FNP-U00233,AD-012,CMP-003,2026-01-24 13:43:54
CLK-004819,FNP-U00025,AD-002,CMP-001,2026-03-26 09:40:36
CLK-005629,FNP-U06206,AD-015,CMP-004,2026-03-31 13:33:37
CLK-001032,FNP-U02801,AD-015,CMP-004,2026-03-14 18:43:28
CLK-003446,FNP-U03415,AD-001,CMP-001,2026-01-04 10:02:07
CLK-005486,FNP-U08831,AD-010,CMP-003,2026-03-14 09:29:54
CLK-003306,FNP-U03918,AD-017,CMP-005,2026-03-19 13:08:09
CLK-004981,FNP-U03189,AD-004,CMP-001,2026-03-28 18:06:56
CLK-001543,FNP-U02851,AD-002,CMP-001,2026-01-30 14:07:44
CLK-000231,FNP-U00762,AD-021,CMP-006,2026-03-21 06:26:21
CLK-001566,FNP-U03911,AD-017,CMP-005,2026-02-14 06:30:23
CLK-001804,FNP-U03257,AD-018,CMP-005,2026-01-10 07:00:51
CLK-003292,FNP-U01346,AD-017,CMP-005,2026-02-16 18:32:01
CLK-005986,FNP-U06117,AD-018,CMP-005,2026-03-18 09:52:10
CLK-003208,FNP-U08437,AD-016,CMP-004,2026-01-29 21:25:52
CLK-003897,FNP-U06592,AD-002,CMP-001,2026-02-15 18:39:00
CLK-000728,FNP-U05218,AD-001,CMP-001,2026-02-09 09:10:12
CLK-002438,FNP-U02962,AD-010,CMP-003,2026-01-19 21:36:22
CLK-002810,FNP-U00027,AD-001,CMP-001,2026-03-10 21:09:38
CLK-000890,FNP-U07667,AD-018,CMP-005,2026-01-27 13:48:34
CLK-003433,FNP-U09932,AD-020,CMP-005,2026-01-17 13:39:11
CLK-001815,FNP-U02432,AD-007,CMP-002,2026-01-13 14:00:28
CLK-001807,FNP-U00091,AD-009,CMP-003,2026-03-28 18:47:06
CLK-002140,FNP-U04331,AD-013,CMP-004,2026-02-06 09:43:49
CLK-000753,FNP-U05870,AD-006,CMP-002,2026-02-14 21:28:43
CLK-002350,FNP-U06148,AD-008,CMP-002,2026-01-03 21:58:41
CLK-004494,FNP-U02266,AD-009,CMP-003,2026-01-01 18:13:44
CLK-004656,FNP-U01338,AD-005,CMP-002,2026-03-24 09:15:49
CLK-003072,FNP-U04319,AD-004,CMP-001,2026-01-30 06:21:11
CLK-003645,FNP-U05043,AD-008,CMP-002,2026-03-28 21:13:44
CLK-002510,FNP-U04402,AD-002,CMP-001,2026-02-18 13:32:15
CLK-000758,FNP-U04117,AD-020,CMP-005,2026-01-16 13:12:28
CLK-002650,FNP-U08926,AD-008,CMP-002,2026-03-17 19:03:06
CLK-004389,FNP-U00038,AD-017,CMP-005,2026-01-25 21:36:49
CLK-000037,FNP-U08272,AD-013,CMP-004,2026-03-22 10:02:17
CLK-005348,FNP-U09595,AD-006,CMP-002,2026-02-23 13:12:29
CLK-005049,FNP-U06673,AD-006,CMP-002,2026-02-02 18:10:23
CLK-005579,FNP-U00204,AD-020,CMP-005,2026-01-09 18:21:21
CLK-003076,FNP-U09863,AD-004,CMP-001,2026-03-18 18:19:11
CLK-003500,FNP-U02955,AD-017,CMP-005,2026-02-22 21:35:38
CLK-004319,FNP-U02326,AD-018,CMP-005,2026-02-16 13:57:31
CLK-000562,FNP-U01649,AD-018,CMP-005,2026-03-27 10:03:43
CLK-000408,FNP-U01100,AD-008,CMP-002,2026-01-21 21:13:07
CLK-005020,FNP-U00230,AD-005,CMP-002,2026-01-16 13:23:48
CLK-005788,FNP-U04498,AD-008,CMP-002,2026-01-16 13:32:17
CLK-004794,FNP-U04788,AD-006,CMP-002,2026-02-23 13:51:08
CLK-003032,FNP-U01885,AD-015,CMP-004,2026-03-16 18:51:04
CLK-004443,FNP-U09723,AD-001,CMP-001,2026-03-12 21:46:23
CLK-003938,FNP-U04187,AD-007,CMP-002,2026-03-06 21:31:44
CLK-000263,FNP-U02834,AD-002,CMP-001,2026-01-16 06:33:59
CLK-000280,FNP-U00940,AD-021,CMP-006,2026-03-14 18:18:12
CLK-000564,FNP-U00408,AD-010,CMP-003,2026-02-01 09:45:44
CLK-002308,FNP-U07487,AD-001,CMP-001,2026-01-28 18:22:18
CLK-002825,FNP-U00014,AD-007,CMP-002,2026-02-16 14:01:31
CLK-004306,FNP-U08015,AD-017,CMP-005,2026-03-01 09:33:27
CLK-005696,FNP-U09649,AD-009,CMP-003,2026-03-17 14:01:32
CLK-003157,FNP-U07116,AD-003,CMP-001,2026-02-22 19:06:31
CLK-003501,FNP-U00906,AD-005,CMP-002,2026-01-08 13:26:25
CLK-005540,FNP-U03475,AD-012,CMP-003,2026-03-27 09:37:09
CLK-003571,FNP-U03788,AD-008,CMP-002,2026-03-22 13:17:26
CLK-005941,FNP-U08249,AD-009,CMP-003,2026-03-01 09:18:59
CLK-000770,FNP-U06136,AD-004,CMP-001,2026-03-28 13:18:32
CLK-002599,FNP-U00234,AD-013,CMP-004,2026-02-19 18:07:53
CLK-003999,FNP-U03576,AD-001,CMP-001,2026-02-22 13:16:34
CLK-003467,FNP-U00103,AD-004,CMP-001,2026-03-22 00:20:15
CLK-003138,FNP-U04193,AD-006,CMP-002,2026-01-23 18:57:51
CLK-003744,FNP-U09537,AD-001,CMP-001,2026-01-15 13:20:28
CLK-004842,FNP-U01578,AD-011,CMP-003,2026-02-09 13:59:15
CLK-004841,FNP-U04100,AD-008,CMP-002,2026-01-25 10:12:02
CLK-003216,FNP-U03200,AD-016,CMP-004,2026-03-08 13:18:56
CLK-002331,FNP-U01964,AD-019,CMP-005,2026-01-03 13:43:43
CLK-005590,FNP-U09838,AD-001,CMP-001,2026-01-31 09:19:07
CLK-005732,FNP-U09353,AD-023,CMP-006,2026-03-23 21:17:36
CLK-003671,FNP-U00047,AD-010,CMP-003,2026-03-15 13:31:21
CLK-003592,FNP-U07805,AD-008,CMP-002,2026-03-05 06:35:14
CLK-004825,FNP-U00596,AD-005,CMP-002,2026-01-13 13:43:21
CLK-003410,FNP-U04340,AD-010,CMP-003,2026-02-28 13:26:25
CLK-005487,FNP-U00822,AD-006,CMP-002,2026-03-01 22:02:21
CLK-002651,FNP-U05079,AD-023,CMP-006,2026-01-19 18:55:07
CLK-003215,FNP-U02270,AD-001,CMP-001,2026-01-12 13:32:29
CLK-005762,FNP-U04700,AD-015,CMP-004,2026-03-01 18:16:43
CLK-004726,FNP-U00127,AD-006,CMP-002,2026-01-25 18:50:28
CLK-003034,FNP-U08126,AD-001,CMP-001,2026-02-04 09:26:59
CLK-004665,FNP-U00529,AD-003,CMP-001,2026-03-31 13:27:13
CLK-002006,FNP-U07487,AD-013,CMP-004,2026-01-06 06:22:24
CLK-003058,FNP-U07334,AD-008,CMP-002,2026-01-29 09:15:11
CLK-005086,FNP-U07449,AD-001,CMP-001,2026-02-19 21:45:57
CLK-005131,FNP-U01539,AD-021,CMP-006,2026-02-21 18:42:15
CLK-004132,FNP-U08680,AD-015,CMP-004,2026-01-30 09:46:27
CLK-003386,FNP-U01528,AD-004,CMP-001,2026-03-26 09:20:11
CLK-004732,FNP-U02826,AD-006,CMP-002,2026-03-30 18:24:24
CLK-005972,FNP-U03929,AD-021,CMP-006,2026-01-02 21:42:38
CLK-002251,FNP-U06488,AD-003,CMP-001,2026-03-14 21:59:38
CLK-002518,FNP-U01309,AD-021,CMP-006,2026-03-20 10:06:40
CLK-001886,FNP-U04277,AD-021,CMP-006,2026-01-19 13:08:12
CLK-002049,FNP-U01033,AD-001,CMP-001,2026-01-12 06:28:44
CLK-005743,FNP-U04994,AD-002,CMP-001,2026-03-09 00:41:09
CLK-005591,FNP-U09148,AD-001,CMP-001,2026-03-27 10:00:51
CLK-003324,FNP-U07621,AD-014,CMP-004,2026-01-11 06:13:38
CLK-000547,FNP-U04804,AD-016,CMP-004,2026-03-31 21:06:38
CLK-003038,FNP-U05943,AD-011,CMP-003,2026-01-18 13:21:45
CLK-003746,FNP-U00486,AD-007,CMP-002,2026-01-19 13:52:29
CLK-000600,FNP-U03517,AD-013,CMP-004,2026-01-29 06:57:33
CLK-003558,FNP-U03974,AD-022,CMP-006,2026-03-09 18:23:12
CLK-000494,FNP-U03138,AD-015,CMP-004,2026-01-27 00:34:05
CLK-001559,FNP-U08786,AD-004,CMP-001,2026-03-06 13:18:30
CLK-004509,FNP-U00522,AD-004,CMP-001,2026-01-07 13:16:00
CLK-005396,FNP-U05978,AD-002,CMP-001,2026-02-24 13:27:58
CLK-004869,FNP-U09248,AD-004,CMP-001,2026-02-26 18:11:59
CLK-002552,FNP-U03333,AD-006,CMP-002,2026-01-20 18:57:56
CLK-005317,FNP-U07089,AD-020,CMP-005,2026-03-31 09:06:29
CLK-000718,FNP-U07951,AD-005,CMP-002,2026-03-26 00:16:08
CLK-005731,FNP-U01675,AD-006,CMP-002,2026-03-15 09:30:16
CLK-003109,FNP-U05277,AD-015,CMP-004,2026-03-10 13:15:45
CLK-002482,FNP-U01007,AD-008,CMP-002,2026-01-30 06:19:02
CLK-004804,FNP-U07674,AD-004,CMP-001,2026-03-07 21:45:19
CLK-001191,FNP-U03663,AD-021,CMP-006,2026-01-20 13:05:41
CLK-003453,FNP-U04951,AD-002,CMP-001,2026-03-08 01:03:50
CLK-003397,FNP-U07351,AD-013,CMP-004,2026-03-11 21:10:44
CLK-002701,FNP-U04252,AD-004,CMP-001,2026-02-13 14:00:21
CLK-002878,FNP-U03500,AD-014,CMP-004,2026-01-15 22:02:54
CLK-004231,FNP-U09554,AD-021,CMP-006,2026-02-28 13:15:52
CLK-003859,FNP-U09976,AD-016,CMP-004,2026-01-09 13:26:43
CLK-000337,FNP-U01656,AD-001,CMP-001,2026-01-19 00:41:53
CLK-001039,FNP-U02822,AD-001,CMP-001,2026-02-28 18:25:50
CLK-005642,FNP-U09297,AD-002,CMP-001,2026-01-12 19:01:24
CLK-002755,FNP-U05673,AD-012,CMP-003,2026-02-24 18:12:41
CLK-004955,FNP-U05454,AD-018,CMP-005,2026-03-29 13:18:21
CLK-005715,FNP-U00360,AD-003,CMP-001,2026-03-06 07:08:38
CLK-001639,FNP-U01261,AD-014,CMP-004,2026-03-08 18:27:46
CLK-001958,FNP-U01173,AD-013,CMP-004,2026-01-28 18:18:07
CLK-003542,FNP-U01060,AD-003,CMP-001,2026-02-08 18:58:02
CLK-003347,FNP-U05057,AD-006,CMP-002,2026-03-02 13:07:53
CLK-001217,FNP-U05424,AD-014,CMP-004,2026-02-16 09:10:56
CLK-003304,FNP-U06244,AD-011,CMP-003,2026-01-05 13:32:00
CLK-000539,FNP-U08531,AD-015,CMP-004,2026-02-15 18:12:46
CLK-005258,FNP-U07716,AD-021,CMP-006,2026-02-20 06:54:35
CLK-004385,FNP-U01820,AD-012,CMP-003,2026-02-23 18:26:17
CLK-004808,FNP-U05981,AD-001,CMP-001,2026-01-26 18:41:55
CLK-001627,FNP-U06660,AD-019,CMP-005,2026-03-11 21:38:50
CLK-005846,FNP-U07333,AD-008,CMP-002,2026-01-20 06:58:28
CLK-004968,FNP-U07402,AD-014,CMP-004,2026-02-27 06:30:00
CLK-002514,FNP-U02340,AD-012,CMP-003,2026-03-21 13:21:21
CLK-003262,FNP-U05049,AD-012,CMP-003,2026-02-03 09:34:25
CLK-005347,FNP-U02307,AD-015,CMP-004,2026-01-23 01:13:12
CLK-001130,FNP-U04656,AD-012,CMP-003,2026-01-27 00:22:44
CLK-003670,FNP-U04189,AD-014,CMP-004,2026-02-13 22:06:47
CLK-005688,FNP-U03599,AD-021,CMP-006,2026-03-24 07:01:56
CLK-005790,FNP-U06604,AD-013,CMP-004,2026-03-28 14:08:21
CLK-005052,FNP-U05688,AD-014,CMP-004,2026-03-26 18:14:31
CLK-001915,FNP-U01554,AD-004,CMP-001,2026-02-18 01:03:05
CLK-005261,FNP-U08956,AD-013,CMP-004,2026-03-15 18:18:53
CLK-003171,FNP-U04676,AD-019,CMP-005,2026-01-15 18:11:57
CLK-005931,FNP-U01941,AD-022,CMP-006,2026-02-05 22:02:44
CLK-004471,FNP-U04281,AD-021,CMP-006,2026-01-23 06:16:40
CLK-003476,FNP-U02764,AD-018,CMP-005,2026-02-01 06:07:29
CLK-001298,FNP-U08546,AD-018,CMP-005,2026-02-10 09:26:59
CLK-001720,FNP-U02940,AD-013,CMP-004,2026-02-07 21:32:17
CLK-002381,FNP-U06155,AD-004,CMP-001,2026-02-24 13:35:07
CLK-000516,FNP-U08767,AD-012,CMP-003,2026-01-22 22:01:15
CLK-002250,FNP-U02999,AD-012,CMP-003,2026-01-29 09:53:14
CLK-000839,FNP-U00442,AD-004,CMP-001,2026-03-09 06:59:55
CLK-001068,FNP-U06112,AD-012,CMP-003,2026-02-05 21:58:48
CLK-005216,FNP-U06582,AD-014,CMP-004,2026-01-05 18:23:05
CLK-001397,FNP-U08212,AD-017,CMP-005,2026-03-08 13:48:46
CLK-005793,FNP-U05150,AD-021,CMP-006,2026-03-06 10:02:30
CLK-002402,FNP-U09789,AD-008,CMP-002,2026-01-13 21:28:16
CLK-003154,FNP-U05984,AD-003,CMP-001,2026-02-03 09:40:20
CLK-000679,FNP-U09139,AD-021,CMP-006,2026-03-06 00:43:45
CLK-002725,FNP-U01991,AD-006,CMP-002,2026-02-12 18:29:43
CLK-001591,FNP-U05355,AD-009,CMP-003,2026-01-06 21:15:30
CLK-003327,FNP-U02674,AD-018,CMP-005,2026-01-18 13:47:38
CLK-002563,FNP-U09827,AD-015,CMP-004,2026-01-21 00:57:58
CLK-005552,FNP-U02007,AD-010,CMP-003,2026-02-26 09:32:25
CLK-005174,FNP-U09532,AD-003,CMP-001,2026-01-17 21:16:47
CLK-001786,FNP-U08374,AD-010,CMP-003,2026-02-19 21:51:28
CLK-004154,FNP-U07944,AD-011,CMP-003,2026-01-04 13:54:48
CLK-002059,FNP-U05988,AD-002,CMP-001,2026-02-19 21:42:51
CLK-003211,FNP-U00078,AD-010,CMP-003,2026-01-25 13:18:18
CLK-004964,FNP-U05744,AD-020,CMP-005,2026-03-10 13:14:05
CLK-001614,FNP-U03063,AD-013,CMP-004,2026-01-27 21:30:09
CLK-002774,FNP-U03707,AD-021,CMP-006,2026-01-23 07:03:47
CLK-003377,FNP-U08400,AD-021,CMP-006,2026-01-11 18:48:13
CLK-001327,FNP-U09345,AD-006,CMP-002,2026-01-28 21:13:25
CLK-005305,FNP-U06357,AD-011,CMP-003,2026-03-29 09:57:50
CLK-004905,FNP-U07943,AD-008,CMP-002,2026-03-26 09:52:17
CLK-005193,FNP-U02977,AD-002,CMP-001,2026-01-10 09:56:59
CLK-001610,FNP-U03303,AD-012,CMP-003,2026-03-31 07:04:13
CLK-000303,FNP-U01893,AD-021,CMP-006,2026-03-12 14:10:36
CLK-004228,FNP-U01911,AD-022,CMP-006,2026-01-14 00:15:57
CLK-005410,FNP-U07692,AD-010,CMP-003,2026-03-10 21:47:55
CLK-005623,FNP-U06011,AD-009,CMP-003,2026-01-05 19:05:42
CLK-005013,FNP-U08979,AD-016,CMP-004,2026-02-12 13:33:11
CLK-005749,FNP-U07564,AD-013,CMP-004,2026-01-22 21:19:26
CLK-002274,FNP-U01031,AD-008,CMP-002,2026-03-04 21:32:10
CLK-002659,FNP-U00283,AD-020,CMP-005,2026-01-05 13:46:50
CLK-003827,FNP-U07683,AD-017,CMP-005,2026-02-08 13:33:58
CLK-002225,FNP-U07901,AD-005,CMP-002,2026-03-01 18:48:14
CLK-001809,FNP-U06242,AD-003,CMP-001,2026-02-12 18:25:28
CLK-001040,FNP-U08085,AD-010,CMP-003,2026-03-21 00:31:47
CLK-002968,FNP-U09091,AD-017,CMP-005,2026-01-27 13:11:27
CLK-002728,FNP-U08924,AD-009,CMP-003,2026-02-26 06:29:38
CLK-000169,FNP-U00091,AD-001,CMP-001,2026-03-19 13:52:48
CLK-002018,FNP-U08554,AD-017,CMP-005,2026-01-09 09:24:54
CLK-005120,FNP-U04984,AD-009,CMP-003,2026-01-30 09:35:50
CLK-002953,FNP-U09447,AD-001,CMP-001,2026-03-26 13:26:48
CLK-004722,FNP-U08188,AD-008,CMP-002,2026-02-21 13:21:05
CLK-004159,FNP-U01716,AD-008,CMP-002,2026-03-07 09:15:21
CLK-003006,FNP-U06826,AD-007,CMP-002,2026-03-01 13:14:03
CLK-005247,FNP-U07820,AD-009,CMP-003,2026-03-15 18:46:03
CLK-004010,FNP-U06972,AD-004,CMP-001,2026-02-25 09:47:01
CLK-000177,FNP-U04790,AD-009,CMP-003,2026-02-11 21:37:33
CLK-000913,FNP-U07183,AD-014,CMP-004,2026-03-01 07:08:28
CLK-000947,FNP-U04748,AD-017,CMP-005,2026-02-28 18:34:24
CLK-000370,FNP-U05775,AD-004,CMP-001,2026-01-05 18:26:29
CLK-005870,FNP-U03524,AD-014,CMP-004,2026-03-26 18:15:44
CLK-005780,FNP-U01096,AD-015,CMP-004,2026-01-16 22:03:05
CLK-004419,FNP-U05270,AD-019,CMP-005,2026-01-10 09:42:07
CLK-001988,FNP-U01665,AD-008,CMP-002,2026-03-08 18:36:56
CLK-000953,FNP-U02560,AD-019,CMP-005,2026-03-27 13:02:48
CLK-005654,FNP-U09530,AD-021,CMP-006,2026-03-15 18:55:17
CLK-000455,FNP-U09034,AD-013,CMP-004,2026-03-13 13:40:07
CLK-004303,FNP-U02711,AD-012,CMP-003,2026-02-03 13:21:02
CLK-002463,FNP-U03912,AD-009,CMP-003,2026-03-17 13:22:52
CLK-004700,FNP-U05964,AD-007,CMP-002,2026-01-23 00:29:06
CLK-003689,FNP-U01177,AD-021,CMP-006,2026-01-27 06:20:49
CLK-002826,FNP-U02301,AD-008,CMP-002,2026-03-18 21:35:54
CLK-004925,FNP-U07400,AD-013,CMP-004,2026-03-08 10:06:05
CLK-000310,FNP-U09473,AD-017,CMP-005,2026-02-18 13:13:14
CLK-001422,FNP-U00433,AD-006,CMP-002,2026-01-24 21:45:14
CLK-002083,FNP-U00048,AD-008,CMP-002,2026-02-22 13:59:47
CLK-000914,FNP-U01291,AD-007,CMP-002,2026-03-06 06:47:56
CLK-004236,FNP-U09343,AD-001,CMP-001,2026-03-12 09:28:57
CLK-003056,FNP-U03176,AD-006,CMP-002,2026-03-20 21:51:16
CLK-002240,FNP-U00571,AD-004,CMP-001,2026-03-26 00:51:38
CLK-005428,FNP-U08040,AD-008,CMP-002,2026-01-16 06:36:15
CLK-002780,FNP-U04620,AD-001,CMP-001,2026-03-07 13:06:30
CLK-005208,FNP-U02887,AD-012,CMP-003,2026-03-30 21:05:25
CLK-005218,FNP-U01265,AD-008,CMP-002,2026-02-16 09:18:16
CLK-001633,FNP-U01590,AD-017,CMP-005,2026-03-17 13:25:19
CLK-004289,FNP-U00569,AD-007,CMP-002,2026-03-28 13:04:10
CLK-002411,FNP-U01493,AD-006,CMP-002,2026-02-07 00:28:56
CLK-005367,FNP-U02946,AD-016,CMP-004,2026-03-30 13:18:29
CLK-004970,FNP-U09934,AD-022,CMP-006,2026-01-09 06:54:52
CLK-001189,FNP-U03723,AD-003,CMP-001,2026-03-19 13:15:37
CLK-001593,FNP-U06267,AD-015,CMP-004,2026-01-19 13:57:03
CLK-003785,FNP-U08792,AD-024,CMP-006,2026-03-28 13:16:01
CLK-001681,FNP-U04397,AD-016,CMP-004,2026-03-30 18:13:32
CLK-003287,FNP-U09361,AD-009,CMP-003,2026-03-19 21:13:28
CLK-002536,FNP-U07908,AD-012,CMP-003,2026-03-15 13:25:35
CLK-001308,FNP-U03216,AD-005,CMP-002,2026-03-04 06:37:53
CLK-003946,FNP-U08774,AD-022,CMP-006,2026-03-07 13:15:23
CLK-000321,FNP-U09447,AD-005,CMP-002,2026-03-24 13:10:52
CLK-005180,FNP-U05821,AD-021,CMP-006,2026-01-03 21:07:38
CLK-001434,FNP-U09986,AD-014,CMP-004,2026-01-24 13:44:31
CLK-001145,FNP-U01660,AD-004,CMP-001,2026-01-08 07:05:28
CLK-003915,FNP-U01204,AD-007,CMP-002,2026-03-16 22:01:45
CLK-001803,FNP-U01715,AD-004,CMP-001,2026-03-09 13:05:17
CLK-002812,FNP-U04634,AD-006,CMP-002,2026-01-30 18:22:31
CLK-005300,FNP-U07245,AD-001,CMP-001,2026-02-15 13:43:47
CLK-003883,FNP-U00036,AD-005,CMP-002,2026-03-28 13:47:18
CLK-002379,FNP-U00409,AD-008,CMP-002,2026-02-14 21:56:29
CLK-002842,FNP-U09869,AD-017,CMP-005,2026-02-09 13:31:45
CLK-005607,FNP-U00469,AD-019,CMP-005,2026-02-01 06:36:34
CLK-004245,FNP-U00991,AD-017,CMP-005,2026-02-15 06:01:17
CLK-000537,FNP-U01309,AD-003,CMP-001,2026-03-10 13:42:20
CLK-000407,FNP-U00872,AD-011,CMP-003,2026-02-17 06:53:28
CLK-002338,FNP-U05113,AD-017,CMP-005,2026-01-20 13:12:37
CLK-000880,FNP-U05102,AD-018,CMP-005,2026-03-20 18:05:14
CLK-005062,FNP-U06074,AD-010,CMP-003,2026-02-12 06:14:43
CLK-004620,FNP-U00875,AD-008,CMP-002,2026-01-14 14:04:17
CLK-003843,FNP-U03758,AD-017,CMP-005,2026-03-16 21:33:06
CLK-000228,FNP-U03421,AD-008,CMP-002,2026-02-24 06:57:59
CLK-002707,FNP-U05209,AD-017,CMP-005,2026-02-10 01:03:57
CLK-002457,FNP-U06574,AD-012,CMP-003,2026-03-07 00:13:00
CLK-000688,FNP-U05710,AD-021,CMP-006,2026-02-10 14:05:26
CLK-000015,FNP-U02591,AD-012,CMP-003,2026-01-01 21:53:23
CLK-003783,FNP-U02916,AD-002,CMP-001,2026-02-24 13:06:38
CLK-004965,FNP-U04229,AD-008,CMP-002,2026-02-25 09:24:59
CLK-005563,FNP-U01951,AD-010,CMP-003,2026-02-26 18:14:48
CLK-005123,FNP-U05997,AD-009,CMP-003,2026-01-27 06:12:42
CLK-002840,FNP-U08271,AD-013,CMP-004,2026-02-08 21:38:12
CLK-002171,FNP-U05017,AD-001,CMP-001,2026-02-02 18:55:36
CLK-001042,FNP-U04414,AD-004,CMP-001,2026-03-29 21:29:56
CLK-000267,FNP-U03934,AD-005,CMP-002,2026-01-11 09:51:27
CLK-005572,FNP-U01952,AD-009,CMP-003,2026-01-17 19:13:23
CLK-005091,FNP-U04408,AD-009,CMP-003,2026-02-16 09:14:34
CLK-004540,FNP-U02756,AD-021,CMP-006,2026-03-02 09:51:13
CLK-002021,FNP-U01019,AD-017,CMP-005,2026-03-24 18:16:06
CLK-004280,FNP-U00667,AD-019,CMP-005,2026-02-20 00:42:57
CLK-002629,FNP-U07885,AD-001,CMP-001,2026-02-21 18:30:49
CLK-005736,FNP-U06912,AD-004,CMP-001,2026-03-28 13:17:03
CLK-002797,FNP-U00757,AD-006,CMP-002,2026-01-29 00:22:05
CLK-000653,FNP-U00994,AD-009,CMP-003,2026-03-03 18:16:31
CLK-005776,FNP-U03330,AD-002,CMP-001,2026-02-28 21:37:43
CLK-005205,FNP-U05866,AD-010,CMP-003,2026-01-24 18:43:57
CLK-003530,FNP-U08651,AD-016,CMP-004,2026-01-14 21:18:30
CLK-003346,FNP-U09578,AD-021,CMP-006,2026-01-14 00:30:18
CLK-003294,FNP-U08825,AD-008,CMP-002,2026-02-13 18:50:08
CLK-000962,FNP-U04030,AD-022,CMP-006,2026-03-18 13:48:53
CLK-001572,FNP-U04636,AD-015,CMP-004,2026-03-12 00:55:06
CLK-005643,FNP-U04942,AD-017,CMP-005,2026-03-04 09:50:29
CLK-004239,FNP-U01610,AD-022,CMP-006,2026-01-29 18:08:44
CLK-000191,FNP-U02344,AD-015,CMP-004,2026-02-03 10:11:45
CLK-002504,FNP-U07067,AD-004,CMP-001,2026-02-21 13:09:01
CLK-005309,FNP-U04626,AD-013,CMP-004,2026-02-13 09:28:09
CLK-005103,FNP-U04043,AD-001,CMP-001,2026-02-12 13:53:25
CLK-000212,FNP-U01672,AD-017,CMP-005,2026-03-08 13:37:41
CLK-004270,FNP-U05328,AD-020,CMP-005,2026-01-24 09:17:59
CLK-002765,FNP-U09056,AD-017,CMP-005,2026-02-22 13:10:11
CLK-003572,FNP-U08786,AD-001,CMP-001,2026-03-16 21:17:08
CLK-004719,FNP-U01410,AD-002,CMP-001,2026-03-11 18:54:15
CLK-004688,FNP-U04408,AD-003,CMP-001,2026-03-09 13:11:06
CLK-001622,FNP-U00238,AD-008,CMP-002,2026-02-01 13:14:35
CLK-005419,FNP-U06330,AD-003,CMP-001,2026-01-08 13:30:37
CLK-000910,FNP-U07921,AD-024,CMP-006,2026-01-21 18:48:58
CLK-000130,FNP-U06246,AD-024,CMP-006,2026-02-19 18:47:14
CLK-003343,FNP-U00098,AD-008,CMP-002,2026-03-01 09:25:24
CLK-004035,FNP-U01274,AD-006,CMP-002,2026-03-08 00:55:21
CLK-004119,FNP-U03445,AD-010,CMP-003,2026-03-19 09:41:15
CLK-001495,FNP-U05648,AD-003,CMP-001,2026-01-01 18:19:33
CLK-000275,FNP-U07600,AD-010,CMP-003,2026-03-09 21:06:41
CLK-001058,FNP-U05348,AD-001,CMP-001,2026-01-02 18:14:49
CLK-003238,FNP-U09912,AD-005,CMP-002,2026-02-20 09:50:34
CLK-000630,FNP-U02369,AD-018,CMP-005,2026-03-25 14:00:11
CLK-003807,FNP-U06761,AD-010,CMP-003,2026-03-10 09:42:41
CLK-004402,FNP-U02404,AD-017,CMP-005,2026-02-02 18:43:48
CLK-001277,FNP-U07528,AD-008,CMP-002,2026-02-02 13:55:34
CLK-004795,FNP-U03455,AD-004,CMP-001,2026-01-18 21:18:19
CLK-000754,FNP-U09815,AD-002,CMP-001,2026-01-12 18:27:36
CLK-003639,FNP-U02970,AD-014,CMP-004,2026-01-07 13:44:47
CLK-002309,FNP-U06207,AD-019,CMP-005,2026-01-06 13:20:30
CLK-001240,FNP-U01015,AD-010,CMP-003,2026-02-14 07:02:24
CLK-001516,FNP-U02637,AD-006,CMP-002,2026-02-22 00:32:35
CLK-004230,FNP-U05851,AD-017,CMP-005,2026-01-31 18:11:45
CLK-003307,FNP-U08006,AD-014,CMP-004,2026-01-07 13:42:34
CLK-005842,FNP-U08292,AD-009,CMP-003,2026-03-24 06:18:57
CLK-004342,FNP-U09383,AD-004,CMP-001,2026-03-02 18:35:56
CLK-000599,FNP-U08596,AD-014,CMP-004,2026-01-17 21:48:41
CLK-003750,FNP-U09704,AD-021,CMP-006,2026-02-19 09:33:40
CLK-002087,FNP-U09164,AD-017,CMP-005,2026-02-23 13:12:20
CLK-001607,FNP-U01251,AD-009,CMP-003,2026-03-18 18:35:57
CLK-000300,FNP-U08226,AD-021,CMP-006,2026-01-16 06:54:07
CLK-003352,FNP-U06778,AD-019,CMP-005,2026-03-02 21:51:07
CLK-004922,FNP-U06595,AD-017,CMP-005,2026-01-27 09:15:52
CLK-002983,FNP-U06160,AD-012,CMP-003,2026-02-09 09:07:25
CLK-003886,FNP-U07337,AD-006,CMP-002,2026-01-31 21:35:17
CLK-002224,FNP-U09389,AD-013,CMP-004,2026-01-17 18:33:17
CLK-005771,FNP-U03085,AD-002,CMP-001,2026-03-07 18:31:16
CLK-001964,FNP-U09596,AD-015,CMP-004,2026-02-06 21:05:21
CLK-005219,FNP-U04002,AD-014,CMP-004,2026-03-27 21:19:54
CLK-000245,FNP-U05760,AD-004,CMP-001,2026-01-31 21:24:59
CLK-003613,FNP-U06733,AD-004,CMP-001,2026-03-22 13:12:02
CLK-003926,FNP-U03325,AD-006,CMP-002,2026-03-19 21:18:25
CLK-002112,FNP-U08029,AD-003,CMP-001,2026-03-27 13:14:38
CLK-001174,FNP-U00808,AD-018,CMP-005,2026-03-20 18:23:46
CLK-000884,FNP-U09645,AD-013,CMP-004,2026-01-08 10:00:37
CLK-002713,FNP-U00684,AD-014,CMP-004,2026-02-26 06:12:28
CLK-003873,FNP-U04806,AD-005,CMP-002,2026-01-22 18:18:27
CLK-003681,FNP-U00232,AD-016,CMP-004,2026-03-17 18:42:39
CLK-001802,FNP-U03079,AD-002,CMP-001,2026-02-25 13:13:25
CLK-004521,FNP-U07182,AD-008,CMP-002,2026-01-08 13:28:15
CLK-002564,FNP-U03076,AD-015,CMP-004,2026-03-03 21:03:06
CLK-005933,FNP-U04756,AD-013,CMP-004,2026-03-02 18:51:16
CLK-003771,FNP-U07360,AD-015,CMP-004,2026-03-03 00:14:47
CLK-004831,FNP-U08650,AD-001,CMP-001,2026-03-13 06:30:00
CLK-000669,FNP-U02811,AD-002,CMP-001,2026-03-29 09:58:13
CLK-005288,FNP-U09802,AD-008,CMP-002,2026-02-19 06:36:04
CLK-002653,FNP-U01865,AD-004,CMP-001,2026-03-03 09:20:04
CLK-001715,FNP-U09323,AD-004,CMP-001,2026-02-15 09:40:16
CLK-003256,FNP-U04594,AD-002,CMP-001,2026-01-24 07:05:30
CLK-004868,FNP-U07463,AD-010,CMP-003,2026-03-21 00:58:17
CLK-005712,FNP-U04343,AD-004,CMP-001,2026-03-02 13:41:53
CLK-003070,FNP-U04826,AD-013,CMP-004,2026-03-06 13:13:13
CLK-001646,FNP-U02941,AD-010,CMP-003,2026-03-03 14:02:17
CLK-002716,FNP-U08232,AD-001,CMP-001,2026-01-09 18:51:10
CLK-003028,FNP-U06064,AD-008,CMP-002,2026-03-10 09:22:01
CLK-000129,FNP-U06936,AD-009,CMP-003,2026-03-28 13:52:16
CLK-004128,FNP-U08689,AD-012,CMP-003,2026-03-23 13:22:11
CLK-002280,FNP-U03849,AD-003,CMP-001,2026-03-14 13:41:20
CLK-004249,FNP-U09360,AD-010,CMP-003,2026-03-14 13:15:48
CLK-002580,FNP-U04836,AD-017,CMP-005,2026-03-11 13:57:55
CLK-005791,FNP-U03818,AD-017,CMP-005,2026-03-03 18:51:42
CLK-004331,FNP-U05840,AD-012,CMP-003,2026-02-18 21:27:12
CLK-000062,FNP-U07520,AD-021,CMP-006,2026-03-28 06:30:52
CLK-005533,FNP-U01428,AD-021,CMP-006,2026-01-03 21:41:26
CLK-002404,FNP-U00450,AD-005,CMP-002,2026-03-22 18:26:42
CLK-004276,FNP-U05332,AD-008,CMP-002,2026-01-27 18:09:51
CLK-003132,FNP-U00667,AD-005,CMP-002,2026-01-06 09:41:27
CLK-003311,FNP-U08233,AD-021,CMP-006,2026-01-21 18:53:26
CLK-003074,FNP-U02503,AD-010,CMP-003,2026-01-03 06:52:20
CLK-001270,FNP-U07131,AD-018,CMP-005,2026-02-01 06:34:59
CLK-004334,FNP-U06982,AD-002,CMP-001,2026-03-26 21:10:20
CLK-002353,FNP-U09323,AD-006,CMP-002,2026-01-29 06:56:39
CLK-003803,FNP-U06762,AD-008,CMP-002,2026-02-21 13:41:36
CLK-000518,FNP-U00364,AD-011,CMP-003,2026-02-18 18:20:51
CLK-001412,FNP-U01645,AD-002,CMP-001,2026-03-18 13:51:11
CLK-004911,FNP-U09612,AD-015,CMP-004,2026-01-14 09:57:40
CLK-001987,FNP-U08739,AD-011,CMP-003,2026-03-30 00:24:13
CLK-005778,FNP-U01808,AD-003,CMP-001,2026-02-18 13:36:43
CLK-003451,FNP-U05495,AD-006,CMP-002,2026-01-14 21:34:54
CLK-002358,FNP-U02441,AD-018,CMP-005,2026-02-15 10:12:10
CLK-002984,FNP-U01312,AD-015,CMP-004,2026-02-16 09:39:28
CLK-002401,FNP-U07035,AD-007,CMP-002,2026-01-08 13:12:17
CLK-001066,FNP-U06602,AD-010,CMP-003,2026-03-12 13:52:41
CLK-003135,FNP-U03325,AD-006,CMP-002,2026-03-18 21:23:07
CLK-001433,FNP-U08532,AD-003,CMP-001,2026-01-05 06:21:44
CLK-002958,FNP-U03747,AD-008,CMP-002,2026-01-23 18:44:47
CLK-003695,FNP-U03464,AD-013,CMP-004,2026-03-13 10:11:33
CLK-001496,FNP-U02221,AD-012,CMP-003,2026-01-26 13:51:07
CLK-001231,FNP-U06607,AD-001,CMP-001,2026-01-21 18:38:02
CLK-004083,FNP-U02192,AD-012,CMP-003,2026-03-01 09:18:03
CLK-002621,FNP-U02641,AD-009,CMP-003,2026-02-23 13:09:39
CLK-003629,FNP-U05290,AD-019,CMP-005,2026-03-30 13:15:02
CLK-001705,FNP-U03345,AD-001,CMP-001,2026-01-25 18:58:55
CLK-003330,FNP-U02967,AD-003,CMP-001,2026-01-04 13:12:45
CLK-005517,FNP-U08554,AD-006,CMP-002,2026-02-04 22:04:40
CLK-004195,FNP-U01273,AD-017,CMP-005,2026-02-24 09:42:35
CLK-005850,FNP-U05398,AD-014,CMP-004,2026-03-19 21:10:09
CLK-001372,FNP-U07398,AD-021,CMP-006,2026-01-06 13:16:30
CLK-003205,FNP-U07478,AD-012,CMP-003,2026-03-08 13:36:40
CLK-003792,FNP-U08308,AD-018,CMP-005,2026-02-13 00:48:19
CLK-005046,FNP-U06274,AD-010,CMP-003,2026-03-17 21:18:03
CLK-005615,FNP-U01785,AD-021,CMP-006,2026-03-05 18:31:06
CLK-005595,FNP-U09123,AD-008,CMP-002,2026-01-21 18:41:19
CLK-004793,FNP-U07806,AD-023,CMP-006,2026-02-27 21:40:11
CLK-003199,FNP-U06006,AD-021,CMP-006,2026-03-01 09:45:14
CLK-005104,FNP-U02680,AD-012,CMP-003,2026-01-01 09:58:03
CLK-001328,FNP-U07980,AD-001,CMP-001,2026-03-25 19:02:19
CLK-004198,FNP-U01655,AD-002,CMP-001,2026-03-07 21:37:03
CLK-002137,FNP-U03635,AD-023,CMP-006,2026-01-17 09:18:56
CLK-001562,FNP-U05175,AD-004,CMP-001,2026-02-15 09:59:01
CLK-001060,FNP-U04593,AD-005,CMP-002,2026-03-10 10:00:52
CLK-002534,FNP-U00988,AD-013,CMP-004,2026-01-28 13:42:33
CLK-002781,FNP-U09958,AD-009,CMP-003,2026-01-18 09:44:38
CLK-004206,FNP-U03239,AD-003,CMP-001,2026-01-16 06:27:31
CLK-002260,FNP-U01535,AD-013,CMP-004,2026-01-11 09:48:24
CLK-005959,FNP-U03013,AD-017,CMP-005,2026-03-29 09:04:05
CLK-002632,FNP-U02447,AD-004,CMP-001,2026-03-14 13:50:12
CLK-002729,FNP-U00716,AD-008,CMP-002,2026-03-20 09:24:55
CLK-003277,FNP-U03782,AD-021,CMP-006,2026-02-14 18:20:31
CLK-000208,FNP-U00472,AD-009,CMP-003,2026-03-22 14:06:23
CLK-001173,FNP-U00282,AD-017,CMP-005,2026-03-07 09:27:37
CLK-001193,FNP-U07718,AD-016,CMP-004,2026-02-05 21:05:02
CLK-000855,FNP-U06147,AD-006,CMP-002,2026-01-31 13:37:40
CLK-001211,FNP-U05094,AD-005,CMP-002,2026-02-27 18:46:49
CLK-002871,FNP-U06841,AD-010,CMP-003,2026-03-18 09:45:20
CLK-004234,FNP-U07165,AD-015,CMP-004,2026-03-02 10:04:51
CLK-000980,FNP-U01536,AD-003,CMP-001,2026-02-23 00:18:50
CLK-005228,FNP-U08131,AD-014,CMP-004,2026-03-06 18:29:25
CLK-004558,FNP-U03544,AD-008,CMP-002,2026-01-13 18:27:26
CLK-001971,FNP-U01367,AD-012,CMP-003,2026-01-30 21:43:32
CLK-003258,FNP-U04888,AD-004,CMP-001,2026-01-01 18:16:09
CLK-001047,FNP-U04282,AD-010,CMP-003,2026-01-19 09:33:49
CLK-004073,FNP-U08337,AD-008,CMP-002,2026-02-04 18:20:38
CLK-004499,FNP-U01344,AD-008,CMP-002,2026-01-26 18:13:16
CLK-001661,FNP-U04502,AD-009,CMP-003,2026-01-31 09:56:37
CLK-002979,FNP-U01699,AD-021,CMP-006,2026-01-31 09:16:44
CLK-001101,FNP-U04308,AD-016,CMP-004,2026-03-25 09:12:24
CLK-001587,FNP-U06936,AD-002,CMP-001,2026-01-12 19:04:13
CLK-003411,FNP-U06048,AD-014,CMP-004,2026-02-24 19:09:57
CLK-005327,FNP-U07527,AD-015,CMP-004,2026-01-19 06:54:26
CLK-001742,FNP-U06977,AD-009,CMP-003,2026-02-09 18:43:26
CLK-001120,FNP-U07057,AD-013,CMP-004,2026-03-15 19:10:05
CLK-001932,FNP-U03161,AD-017,CMP-005,2026-01-19 13:54:20
CLK-005037,FNP-U06199,AD-003,CMP-001,2026-02-02 13:13:04
CLK-003489,FNP-U06612,AD-015,CMP-004,2026-01-02 09:34:49
CLK-002891,FNP-U09423,AD-008,CMP-002,2026-01-10 00:33:39
CLK-001668,FNP-U00435,AD-017,CMP-005,2026-03-23 13:48:12
CLK-005571,FNP-U07314,AD-004,CMP-001,2026-02-10 09:14:48
CLK-001555,FNP-U03264,AD-008,CMP-002,2026-03-01 13:29:01
CLK-005353,FNP-U06532,AD-021,CMP-006,2026-02-27 09:27:09
CLK-004557,FNP-U02603,AD-011,CMP-003,2026-02-11 06:57:54
CLK-000388,FNP-U02762,AD-018,CMP-005,2026-02-12 06:54:28
CLK-004766,FNP-U06250,AD-016,CMP-004,2026-01-05 13:27:16
CLK-003927,FNP-U08675,AD-006,CMP-002,2026-02-19 09:55:57
CLK-001747,FNP-U07577,AD-007,CMP-002,2026-03-13 13:18:03
CLK-000636,FNP-U05205,AD-016,CMP-004,2026-03-10 10:06:40
CLK-001396,FNP-U09479,AD-011,CMP-003,2026-01-24 21:55:17
CLK-004057,FNP-U07571,AD-015,CMP-004,2026-02-14 01:05:00
CLK-001518,FNP-U05184,AD-014,CMP-004,2026-02-19 09:15:47
CLK-003127,FNP-U00268,AD-012,CMP-003,2026-02-12 13:42:52
CLK-000569,FNP-U05854,AD-006,CMP-002,2026-03-23 00:49:27
CLK-000178,FNP-U04957,AD-016,CMP-004,2026-01-26 06:16:35
CLK-005431,FNP-U08548,AD-010,CMP-003,2026-01-01 06:37:40
CLK-001967,FNP-U03133,AD-018,CMP-005,2026-01-14 18:44:12
CLK-004746,FNP-U09452,AD-017,CMP-005,2026-01-17 13:19:52
CLK-002875,FNP-U09531,AD-001,CMP-001,2026-03-01 07:06:08
CLK-001392,FNP-U09234,AD-017,CMP-005,2026-03-23 13:26:03
CLK-004485,FNP-U03729,AD-015,CMP-004,2026-01-06 06:10:46
CLK-004106,FNP-U01645,AD-005,CMP-002,2026-01-01 09:11:32
CLK-005483,FNP-U04051,AD-013,CMP-004,2026-01-03 14:01:31
CLK-000363,FNP-U05077,AD-010,CMP-003,2026-02-11 21:56:51
CLK-003420,FNP-U08483,AD-021,CMP-006,2026-02-27 00:50:57
CLK-002865,FNP-U03222,AD-003,CMP-001,2026-01-10 13:41:46
CLK-002152,FNP-U02613,AD-006,CMP-002,2026-01-16 09:33:43
CLK-002335,FNP-U06353,AD-013,CMP-004,2026-01-02 19:04:53
CLK-004414,FNP-U01950,AD-016,CMP-004,2026-03-02 13:59:58
CLK-003143,FNP-U05776,AD-014,CMP-004,2026-01-21 18:19:53
CLK-003150,FNP-U01884,AD-009,CMP-003,2026-03-09 09:59:37
CLK-002785,FNP-U00201,AD-008,CMP-002,2026-01-11 18:29:03
CLK-002077,FNP-U06111,AD-019,CMP-005,2026-02-14 09:51:51
CLK-000802,FNP-U08102,AD-010,CMP-003,2026-01-06 13:54:03
CLK-002972,FNP-U01169,AD-002,CMP-001,2026-03-13 09:56:46
CLK-002880,FNP-U01785,AD-004,CMP-001,2026-02-10 13:20:02
CLK-000500,FNP-U01515,AD-012,CMP-003,2026-01-26 06:44:51
CLK-002222,FNP-U03325,AD-013,CMP-004,2026-02-21 06:20:04
CLK-002539,FNP-U03233,AD-004,CMP-001,2026-01-03 21:54:41
CLK-000428,FNP-U09327,AD-004,CMP-001,2026-03-02 18:57:35
CLK-000924,FNP-U07687,AD-010,CMP-003,2026-03-04 18:17:08
CLK-000513,FNP-U02881,AD-004,CMP-001,2026-03-01 21:14:54
CLK-004850,FNP-U07021,AD-013,CMP-004,2026-03-29 21:10:05
CLK-004388,FNP-U07484,AD-018,CMP-005,2026-01-15 09:15:58
CLK-001185,FNP-U06874,AD-018,CMP-005,2026-03-28 13:23:53
CLK-004715,FNP-U03497,AD-014,CMP-004,2026-03-03 18:42:45
CLK-003357,FNP-U03987,AD-008,CMP-002,2026-03-02 18:14:20
CLK-004439,FNP-U01298,AD-003,CMP-001,2026-01-12 14:09:14
CLK-004958,FNP-U09410,AD-010,CMP-003,2026-03-04 10:00:34
CLK-001995,FNP-U02506,AD-014,CMP-004,2026-02-07 22:02:12
CLK-004225,FNP-U07531,AD-006,CMP-002,2026-02-09 13:21:09
CLK-005975,FNP-U04967,AD-008,CMP-002,2026-02-18 00:44:27
CLK-001814,FNP-U05366,AD-001,CMP-001,2026-01-24 09:31:52
CLK-001654,FNP-U05285,AD-021,CMP-006,2026-01-18 18:25:32
CLK-005530,FNP-U00689,AD-002,CMP-001,2026-03-20 13:57:11
CLK-003196,FNP-U01852,AD-018,CMP-005,2026-02-06 13:20:55
CLK-003654,FNP-U04474,AD-002,CMP-001,2026-03-19 06:56:37
CLK-000810,FNP-U03742,AD-006,CMP-002,2026-01-23 13:25:49
CLK-004434,FNP-U05279,AD-014,CMP-004,2026-01-19 09:59:22
CLK-001794,FNP-U06279,AD-008,CMP-002,2026-03-30 18:01:36
CLK-002758,FNP-U05164,AD-014,CMP-004,2026-01-17 13:54:41
CLK-002849,FNP-U03400,AD-021,CMP-006,2026-02-03 13:15:17
CLK-001823,FNP-U02424,AD-003,CMP-001,2026-01-20 09:58:08
CLK-003969,FNP-U09143,AD-019,CMP-005,2026-03-20 09:31:10
CLK-003846,FNP-U09558,AD-020,CMP-005,2026-01-24 13:27:11
CLK-004581,FNP-U03098,AD-003,CMP-001,2026-02-13 21:55:30
CLK-000229,FNP-U08096,AD-019,CMP-005,2026-01-07 14:00:54
CLK-001537,FNP-U09990,AD-010,CMP-003,2026-03-18 13:18:13
CLK-003188,FNP-U03534,AD-017,CMP-005,2026-03-05 18:41:30
CLK-004878,FNP-U07269,AD-013,CMP-004,2026-02-16 13:11:30
CLK-003733,FNP-U09988,AD-002,CMP-001,2026-01-11 18:12:48
CLK-005531,FNP-U01577,AD-021,CMP-006,2026-03-07 18:22:21
CLK-004759,FNP-U02524,AD-014,CMP-004,2026-01-21 18:49:36
CLK-004220,FNP-U01164,AD-011,CMP-003,2026-03-17 18:27:14
CLK-000049,FNP-U09294,AD-016,CMP-004,2026-01-27 21:49:26
CLK-002071,FNP-U07351,AD-001,CMP-001,2026-02-07 10:03:04
CLK-001529,FNP-U05310,AD-003,CMP-001,2026-03-26 06:05:18
CLK-003438,FNP-U02553,AD-013,CMP-004,2026-02-07 06:53:26
CLK-002553,FNP-U06289,AD-005,CMP-002,2026-02-25 00:33:22
CLK-001990,FNP-U08764,AD-017,CMP-005,2026-02-25 18:59:08
CLK-004881,FNP-U05284,AD-005,CMP-002,2026-02-04 21:33:35
CLK-001425,FNP-U06589,AD-021,CMP-006,2026-02-01 13:48:04
CLK-001455,FNP-U04730,AD-004,CMP-001,2026-03-22 00:11:07
CLK-000460,FNP-U02709,AD-007,CMP-002,2026-02-23 18:04:54
CLK-003063,FNP-U01919,AD-012,CMP-003,2026-03-27 21:54:13
CLK-002803,FNP-U03647,AD-001,CMP-001,2026-01-14 09:21:31
CLK-002620,FNP-U03407,AD-012,CMP-003,2026-02-01 09:43:04
CLK-003227,FNP-U08305,AD-017,CMP-005,2026-01-20 09:14:02
CLK-003066,FNP-U08196,AD-008,CMP-002,2026-03-28 13:28:11
CLK-003659,FNP-U09091,AD-013,CMP-004,2026-02-02 09:46:29
CLK-002145,FNP-U02908,AD-013,CMP-004,2026-02-15 19:04:18
CLK-004880,FNP-U06247,AD-023,CMP-006,2026-02-27 09:02:28
CLK-005981,FNP-U09045,AD-022,CMP-006,2026-01-04 19:06:45
CLK-005990,FNP-U03191,AD-022,CMP-006,2026-03-08 13:11:50
CLK-003008,FNP-U08770,AD-008,CMP-002,2026-03-17 18:22:01
CLK-000198,FNP-U04210,AD-013,CMP-004,2026-02-24 06:18:20
CLK-000391,FNP-U03832,AD-020,CMP-005,2026-01-29 21:50:03
CLK-002202,FNP-U05695,AD-006,CMP-002,2026-03-19 21:50:31
CLK-002026,FNP-U01755,AD-002,CMP-001,2026-02-25 07:07:47
CLK-003389,FNP-U01167,AD-014,CMP-004,2026-03-05 00:31:15
CLK-001020,FNP-U01797,AD-003,CMP-001,2026-01-03 09:54:58
CLK-004094,FNP-U08935,AD-017,CMP-005,2026-01-24 21:18:45
CLK-002766,FNP-U00128,AD-007,CMP-002,2026-03-20 18:11:07
CLK-005751,FNP-U07200,AD-018,CMP-005,2026-01-31 06:17:47
CLK-004089,FNP-U02285,AD-006,CMP-002,2026-02-21 13:27:34
CLK-001135,FNP-U00961,AD-005,CMP-002,2026-03-20 09:22:54
CLK-005403,FNP-U03025,AD-001,CMP-001,2026-03-14 21:15:59
CLK-002343,FNP-U01181,AD-005,CMP-002,2026-03-15 09:19:56
CLK-000765,FNP-U06374,AD-004,CMP-001,2026-03-12 13:05:42
CLK-005905,FNP-U03546,AD-004,CMP-001,2026-03-27 09:58:47
CLK-001472,FNP-U08386,AD-008,CMP-002,2026-03-05 13:38:54
CLK-005982,FNP-U06299,AD-002,CMP-001,2026-02-15 13:26:36
CLK-000170,FNP-U00894,AD-005,CMP-002,2026-01-28 21:41:04
CLK-005112,FNP-U04610,AD-013,CMP-004,2026-01-12 06:51:28
CLK-004426,FNP-U04256,AD-022,CMP-006,2026-01-02 10:07:31
CLK-000157,FNP-U02713,AD-003,CMP-001,2026-02-02 18:22:07
CLK-003885,FNP-U00522,AD-002,CMP-001,2026-01-15 09:44:29
CLK-002244,FNP-U00822,AD-012,CMP-003,2026-01-10 09:55:38
CLK-002936,FNP-U07390,AD-013,CMP-004,2026-01-17 09:37:32
CLK-001127,FNP-U00590,AD-017,CMP-005,2026-03-06 21:14:04
CLK-002753,FNP-U03304,AD-014,CMP-004,2026-01-24 09:41:00
CLK-003263,FNP-U06059,AD-005,CMP-002,2026-02-14 18:37:54
CLK-001620,FNP-U03272,AD-001,CMP-001,2026-01-19 18:14:24
CLK-005584,FNP-U00527,AD-001,CMP-001,2026-01-11 18:17:58
CLK-001006,FNP-U06925,AD-001,CMP-001,2026-01-25 18:44:13
CLK-001241,FNP-U00142,AD-001,CMP-001,2026-02-11 21:22:59
CLK-001598,FNP-U09656,AD-001,CMP-001,2026-02-16 13:50:37
CLK-005084,FNP-U00011,AD-011,CMP-003,2026-03-08 21:31:03
CLK-003657,FNP-U09827,AD-017,CMP-005,2026-01-24 13:57:11
CLK-004760,FNP-U08276,AD-015,CMP-004,2026-02-28 21:45:27
CLK-002892,FNP-U02499,AD-007,CMP-002,2026-01-05 18:47:02
CLK-002581,FNP-U05792,AD-011,CMP-003,2026-01-23 00:48:30
CLK-003475,FNP-U09618,AD-005,CMP-002,2026-01-05 19:09:05
CLK-004535,FNP-U06272,AD-023,CMP-006,2026-01-14 18:49:38
CLK-000932,FNP-U02893,AD-020,CMP-005,2026-03-27 21:46:25
CLK-004226,FNP-U05967,AD-015,CMP-004,2026-02-04 13:43:40
CLK-001788,FNP-U08348,AD-003,CMP-001,2026-02-16 10:06:55
CLK-005194,FNP-U00117,AD-003,CMP-001,2026-01-13 13:50:25
CLK-000920,FNP-U00092,AD-013,CMP-004,2026-01-15 13:22:04
CLK-003813,FNP-U06152,AD-003,CMP-001,2026-01-21 06:31:25
CLK-004337,FNP-U04300,AD-006,CMP-002,2026-03-30 13:57:42
CLK-005227,FNP-U02934,AD-010,CMP-003,2026-01-20 00:53:30
CLK-004153,FNP-U08347,AD-022,CMP-006,2026-03-27 18:41:34
CLK-005647,FNP-U05352,AD-021,CMP-006,2026-02-20 13:15:48
CLK-005313,FNP-U05731,AD-015,CMP-004,2026-03-16 09:09:12
CLK-000085,FNP-U06642,AD-005,CMP-002,2026-03-02 13:11:24
CLK-004561,FNP-U02898,AD-002,CMP-001,2026-02-10 13:54:02
CLK-002848,FNP-U04623,AD-002,CMP-001,2026-02-21 13:12:53
CLK-002234,FNP-U00982,AD-014,CMP-004,2026-03-13 00:29:24
CLK-005655,FNP-U06055,AD-015,CMP-004,2026-01-16 09:37:33
CLK-000589,FNP-U01463,AD-004,CMP-001,2026-01-28 18:50:20
CLK-001928,FNP-U07816,AD-022,CMP-006,2026-02-09 18:54:14
CLK-000578,FNP-U01240,AD-004,CMP-001,2026-01-07 09:53:14
CLK-001594,FNP-U04312,AD-017,CMP-005,2026-03-17 21:18:14
CLK-005815,FNP-U05192,AD-013,CMP-004,2026-01-18 13:35:37
CLK-001981,FNP-U01541,AD-005,CMP-002,2026-01-05 18:35:27
CLK-004798,FNP-U08165,AD-013,CMP-004,2026-01-06 07:01:58
CLK-000242,FNP-U08529,AD-010,CMP-003,2026-01-04 19:04:53
CLK-000632,FNP-U01941,AD-003,CMP-001,2026-01-28 13:52:57
CLK-005297,FNP-U02690,AD-015,CMP-004,2026-01-22 21:10:10
CLK-002501,FNP-U01769,AD-006,CMP-002,2026-03-24 06:58:46
CLK-004465,FNP-U07994,AD-020,CMP-005,2026-02-21 21:39:10
CLK-004457,FNP-U03514,AD-004,CMP-001,2026-02-04 09:32:09
CLK-005564,FNP-U08964,AD-005,CMP-002,2026-02-16 18:36:31
CLK-000975,FNP-U07747,AD-019,CMP-005,2026-01-08 13:16:54
CLK-003022,FNP-U01217,AD-014,CMP-004,2026-02-23 14:00:39
CLK-004016,FNP-U05779,AD-014,CMP-004,2026-01-17 18:13:05
CLK-001911,FNP-U04908,AD-009,CMP-003,2026-01-16 18:51:29
CLK-003551,FNP-U05069,AD-002,CMP-001,2026-01-05 21:26:12
CLK-005675,FNP-U03448,AD-001,CMP-001,2026-03-21 13:39:16
CLK-005535,FNP-U08727,AD-006,CMP-002,2026-01-01 19:04:48
CLK-005262,FNP-U05569,AD-017,CMP-005,2026-02-11 00:54:49
CLK-001147,FNP-U05726,AD-006,CMP-002,2026-01-06 13:19:25
CLK-005204,FNP-U09752,AD-017,CMP-005,2026-01-19 13:50:39
CLK-005361,FNP-U04152,AD-001,CMP-001,2026-02-01 06:27:59
CLK-000059,FNP-U00429,AD-004,CMP-001,2026-02-19 13:16:40
CLK-002108,FNP-U01816,AD-015,CMP-004,2026-03-13 13:29:01
CLK-003185,FNP-U07772,AD-009,CMP-003,2026-01-17 13:06:08
CLK-003172,FNP-U01977,AD-015,CMP-004,2026-03-22 21:49:06
CLK-003140,FNP-U01092,AD-018,CMP-005,2026-02-23 13:24:04
CLK-003218,FNP-U05487,AD-001,CMP-001,2026-01-28 18:20:56
CLK-004956,FNP-U05145,AD-017,CMP-005,2026-03-18 09:33:04
CLK-003578,FNP-U08973,AD-016,CMP-004,2026-03-21 13:35:18
CLK-005918,FNP-U07659,AD-019,CMP-005,2026-02-12 13:59:02
CLK-005853,FNP-U09982,AD-006,CMP-002,2026-01-27 09:14:43
CLK-004000,FNP-U05741,AD-021,CMP-006,2026-02-09 13:12:18
CLK-005621,FNP-U04507,AD-003,CMP-001,2026-02-02 06:26:40
CLK-000846,FNP-U00149,AD-008,CMP-002,2026-01-01 21:02:46
CLK-005794,FNP-U01022,AD-015,CMP-004,2026-03-09 09:13:00
CLK-003251,FNP-U07123,AD-001,CMP-001,2026-02-25 09:34:49
CLK-002110,FNP-U02043,AD-009,CMP-003,2026-02-21 13:09:21
CLK-004294,FNP-U05571,AD-018,CMP-005,2026-02-07 09:14:05
CLK-003609,FNP-U05423,AD-005,CMP-002,2026-01-26 09:15:28
CLK-005249,FNP-U08676,AD-017,CMP-005,2026-02-26 19:07:32
CLK-005746,FNP-U00627,AD-004,CMP-001,2026-03-13 22:03:22
CLK-004115,FNP-U09426,AD-005,CMP-002,2026-03-15 18:27:04
CLK-003736,FNP-U09730,AD-020,CMP-005,2026-03-29 10:01:51
CLK-004571,FNP-U05528,AD-001,CMP-001,2026-01-05 09:57:37
CLK-003515,FNP-U05456,AD-010,CMP-003,2026-03-20 13:35:55
CLK-003569,FNP-U03156,AD-009,CMP-003,2026-03-22 13:09:15
CLK-001976,FNP-U09292,AD-010,CMP-003,2026-02-24 09:26:35
CLK-002754,FNP-U08889,AD-004,CMP-001,2026-03-27 21:29:26
CLK-002116,FNP-U02952,AD-009,CMP-003,2026-03-13 00:47:55
CLK-002275,FNP-U06453,AD-021,CMP-006,2026-02-06 09:43:03
CLK-001601,FNP-U06625,AD-008,CMP-002,2026-02-18 13:29:32
CLK-002257,FNP-U09846,AD-005,CMP-002,2026-01-14 13:19:03
CLK-001772,FNP-U08773,AD-003,CMP-001,2026-03-08 18:20:12
CLK-001664,FNP-U04675,AD-006,CMP-002,2026-03-11 22:00:16
CLK-000818,FNP-U02049,AD-010,CMP-003,2026-02-08 21:39:14
CLK-005352,FNP-U09990,AD-008,CMP-002,2026-01-09 09:24:59
CLK-001817,FNP-U05504,AD-001,CMP-001,2026-02-20 19:07:28
CLK-000199,FNP-U08974,AD-001,CMP-001,2026-02-14 13:44:20
CLK-005187,FNP-U03725,AD-006,CMP-002,2026-02-06 00:43:09
CLK-000488,FNP-U04180,AD-019,CMP-005,2026-01-25 21:10:19
CLK-005170,FNP-U08000,AD-012,CMP-003,2026-03-07 21:21:12
CLK-001749,FNP-U09053,AD-017,CMP-005,2026-01-25 18:39:33
CLK-002368,FNP-U02810,AD-001,CMP-001,2026-01-27 18:18:31
CLK-000081,FNP-U05835,AD-012,CMP-003,2026-03-14 09:05:58
CLK-002133,FNP-U02509,AD-008,CMP-002,2026-03-28 09:38:58
CLK-005984,FNP-U09724,AD-008,CMP-002,2026-01-10 06:36:01
CLK-002882,FNP-U05863,AD-008,CMP-002,2026-03-03 06:15:59
CLK-003173,FNP-U05007,AD-004,CMP-001,2026-01-02 14:04:50
CLK-004919,FNP-U06725,AD-017,CMP-005,2026-03-22 18:37:33
CLK-005613,FNP-U07048,AD-014,CMP-004,2026-02-02 14:00:00
CLK-005548,FNP-U04843,AD-001,CMP-001,2026-02-20 09:42:49
CLK-001342,FNP-U03077,AD-017,CMP-005,2026-01-02 09:31:29
CLK-000607,FNP-U02584,AD-013,CMP-004,2026-01-27 09:58:54
CLK-005386,FNP-U06795,AD-010,CMP-003,2026-01-29 21:32:23
CLK-001553,FNP-U08533,AD-004,CMP-001,2026-03-05 06:58:07
CLK-003288,FNP-U05802,AD-008,CMP-002,2026-01-10 09:42:37
CLK-003820,FNP-U01327,AD-005,CMP-002,2026-02-20 13:37:00
CLK-005862,FNP-U07164,AD-006,CMP-002,2026-03-29 13:55:54
CLK-003427,FNP-U01979,AD-017,CMP-005,2026-02-25 13:33:19
CLK-002883,FNP-U07108,AD-013,CMP-004,2026-03-25 21:46:59
CLK-003881,FNP-U02026,AD-005,CMP-002,2026-02-02 09:41:23
CLK-002261,FNP-U09305,AD-015,CMP-004,2026-03-13 13:12:32
CLK-001111,FNP-U05354,AD-017,CMP-005,2026-03-16 22:12:12
CLK-002531,FNP-U06263,AD-013,CMP-004,2026-02-02 21:59:24
CLK-003102,FNP-U08875,AD-009,CMP-003,2026-03-24 21:52:21
CLK-005008,FNP-U05353,AD-022,CMP-006,2026-02-15 00:51:37
CLK-005188,FNP-U03929,AD-017,CMP-005,2026-02-22 13:39:59
CLK-002099,FNP-U06449,AD-008,CMP-002,2026-01-14 13:39:45
CLK-003584,FNP-U09144,AD-013,CMP-004,2026-01-24 06:30:34
CLK-001384,FNP-U08775,AD-022,CMP-006,2026-02-10 13:27:51
CLK-002921,FNP-U04302,AD-001,CMP-001,2026-01-31 13:19:39
CLK-003521,FNP-U09610,AD-005,CMP-002,2026-03-05 21:56:07
CLK-002126,FNP-U00915,AD-009,CMP-003,2026-01-04 13:19:20
CLK-003198,FNP-U02579,AD-009,CMP-003,2026-01-23 13:57:53
CLK-005090,FNP-U07773,AD-006,CMP-002,2026-01-06 18:31:02
CLK-000729,FNP-U07163,AD-019,CMP-005,2026-03-18 06:33:00
CLK-002560,FNP-U05829,AD-008,CMP-002,2026-01-12 06:48:39
CLK-005042,FNP-U04830,AD-011,CMP-003,2026-02-15 13:17:02
CLK-004489,FNP-U01046,AD-021,CMP-006,2026-02-20 18:15:23
CLK-002579,FNP-U07467,AD-019,CMP-005,2026-02-01 09:33:57
CLK-005833,FNP-U04161,AD-018,CMP-005,2026-01-02 22:06:05
CLK-000386,FNP-U04040,AD-007,CMP-002,2026-03-31 14:06:04
CLK-002679,FNP-U03128,AD-009,CMP-003,2026-03-10 21:24:04
CLK-001474,FNP-U03331,AD-001,CMP-001,2026-01-04 06:25:18
CLK-003003,FNP-U05622,AD-016,CMP-004,2026-01-20 09:49:22
CLK-002503,FNP-U09137,AD-003,CMP-001,2026-01-29 13:48:28
CLK-001689,FNP-U04604,AD-017,CMP-005,2026-02-21 10:10:05
CLK-001159,FNP-U07659,AD-009,CMP-003,2026-02-06 09:49:18
CLK-005935,FNP-U09114,AD-014,CMP-004,2026-01-12 21:45:50
CLK-004496,FNP-U04314,AD-014,CMP-004,2026-02-07 13:54:50
CLK-003201,FNP-U06339,AD-022,CMP-006,2026-02-07 00:46:05
CLK-002374,FNP-U04025,AD-008,CMP-002,2026-02-06 21:50:32
CLK-004314,FNP-U08774,AD-018,CMP-005,2026-03-07 09:47:44
CLK-001778,FNP-U04680,AD-008,CMP-002,2026-03-22 09:24:16
CLK-003122,FNP-U04766,AD-002,CMP-001,2026-01-15 06:24:50
CLK-003642,FNP-U02092,AD-008,CMP-002,2026-02-17 18:24:46
CLK-002901,FNP-U09357,AD-006,CMP-002,2026-02-21 18:50:16
CLK-005176,FNP-U05117,AD-005,CMP-002,2026-03-27 18:24:18
CLK-000186,FNP-U01763,AD-006,CMP-002,2026-03-06 13:39:50
CLK-002513,FNP-U04121,AD-017,CMP-005,2026-01-02 09:24:15
CLK-000952,FNP-U04720,AD-023,CMP-006,2026-03-02 13:30:23
CLK-005936,FNP-U07676,AD-015,CMP-004,2026-03-01 21:54:52
CLK-000904,FNP-U02204,AD-011,CMP-003,2026-02-04 13:18:23
CLK-002296,FNP-U06748,AD-013,CMP-004,2026-01-07 09:39:22
CLK-005485,FNP-U07897,AD-013,CMP-004,2026-02-13 13:58:30
CLK-000180,FNP-U01848,AD-002,CMP-001,2026-02-11 13:03:37
CLK-005625,FNP-U01543,AD-008,CMP-002,2026-02-28 07:12:20
CLK-003024,FNP-U06885,AD-007,CMP-002,2026-02-09 21:48:25
CLK-000760,FNP-U00297,AD-008,CMP-002,2026-01-20 09:54:30
CLK-003061,FNP-U08703,AD-001,CMP-001,2026-01-04 00:47:22
CLK-001307,FNP-U07620,AD-004,CMP-001,2026-01-27 06:44:57
CLK-000520,FNP-U07920,AD-021,CMP-006,2026-01-27 00:23:54
CLK-000067,FNP-U02828,AD-010,CMP-003,2026-01-17 18:46:19
CLK-000033,FNP-U02881,AD-017,CMP-005,2026-01-04 06:19:29
CLK-003770,FNP-U05685,AD-001,CMP-001,2026-01-15 09:36:36
CLK-003920,FNP-U03436,AD-005,CMP-002,2026-01-14 21:43:53
CLK-005578,FNP-U01617,AD-011,CMP-003,2026-03-06 13:53:20
CLK-005264,FNP-U01748,AD-021,CMP-006,2026-01-30 21:41:26
CLK-004913,FNP-U01933,AD-006,CMP-002,2026-02-05 18:23:22
CLK-002052,FNP-U01218,AD-006,CMP-002,2026-02-09 13:33:52
CLK-001712,FNP-U07701,AD-010,CMP-003,2026-01-20 13:05:15
CLK-000528,FNP-U01413,AD-021,CMP-006,2026-02-22 09:18:17
CLK-000051,FNP-U08906,AD-021,CMP-006,2026-02-28 18:50:31
CLK-002450,FNP-U02869,AD-005,CMP-002,2026-02-01 13:26:03
CLK-005725,FNP-U04512,AD-019,CMP-005,2026-01-30 18:30:27
CLK-004636,FNP-U01220,AD-015,CMP-004,2026-03-14 06:36:25
CLK-002795,FNP-U09643,AD-013,CMP-004,2026-03-12 06:43:52
CLK-000347,FNP-U03300,AD-015,CMP-004,2026-03-14 13:27:41
CLK-003271,FNP-U01143,AD-013,CMP-004,2026-02-02 18:06:28
CLK-001213,FNP-U06566,AD-005,CMP-002,2026-03-05 13:52:42
CLK-004111,FNP-U01214,AD-011,CMP-003,2026-01-29 09:30:37
CLK-005597,FNP-U00813,AD-006,CMP-002,2026-03-29 14:09:58
CLK-002550,FNP-U06458,AD-018,CMP-005,2026-03-29 13:28:22
CLK-003479,FNP-U02341,AD-007,CMP-002,2026-02-17 21:59:08
CLK-002862,FNP-U04370,AD-013,CMP-004,2026-01-18 18:11:03
CLK-000461,FNP-U07913,AD-015,CMP-004,2026-01-30 00:20:08
CLK-000530,FNP-U07146,AD-004,CMP-001,2026-01-09 13:09:24
CLK-004430,FNP-U03221,AD-012,CMP-003,2026-01-11 09:31:23
CLK-005441,FNP-U05875,AD-013,CMP-004,2026-01-08 10:10:36
CLK-000534,FNP-U06195,AD-010,CMP-003,2026-01-19 09:43:23
CLK-002977,FNP-U03863,AD-019,CMP-005,2026-01-01 21:41:55
CLK-005998,FNP-U07949,AD-010,CMP-003,2026-01-24 10:04:07
CLK-002365,FNP-U08224,AD-013,CMP-004,2026-01-31 18:40:18
CLK-004671,FNP-U04195,AD-017,CMP-005,2026-03-23 00:40:50
CLK-005072,FNP-U07696,AD-004,CMP-001,2026-01-05 13:44:02
CLK-000633,FNP-U00281,AD-005,CMP-002,2026-01-10 09:34:05
CLK-005171,FNP-U08952,AD-015,CMP-004,2026-01-28 14:03:48
CLK-002689,FNP-U06739,AD-017,CMP-005,2026-03-28 18:39:09
CLK-001141,FNP-U07786,AD-019,CMP-005,2026-01-09 09:44:37
CLK-000556,FNP-U09901,AD-001,CMP-001,2026-02-27 13:54:41
CLK-003823,FNP-U07665,AD-002,CMP-001,2026-01-06 09:56:19
CLK-000656,FNP-U02728,AD-005,CMP-002,2026-01-19 13:48:56
CLK-000756,FNP-U09670,AD-014,CMP-004,2026-02-16 19:05:20
CLK-000696,FNP-U09834,AD-008,CMP-002,2026-02-13 13:20:19
CLK-000453,FNP-U05769,AD-007,CMP-002,2026-01-26 09:34:06
CLK-003933,FNP-U01325,AD-011,CMP-003,2026-03-08 00:27:19
CLK-002023,FNP-U06397,AD-004,CMP-001,2026-02-25 06:51:38
CLK-003031,FNP-U09985,AD-009,CMP-003,2026-03-03 21:12:46
CLK-003664,FNP-U04112,AD-013,CMP-004,2026-01-17 10:01:35
CLK-004815,FNP-U02433,AD-013,CMP-004,2026-01-30 13:33:04
CLK-003712,FNP-U01602,AD-004,CMP-001,2026-02-03 13:41:30
CLK-000998,FNP-U08452,AD-003,CMP-001,2026-01-09 21:57:37
CLK-001522,FNP-U02264,AD-001,CMP-001,2026-02-17 06:38:31
CLK-002763,FNP-U04706,AD-001,CMP-001,2026-03-30 06:15:13
CLK-002150,FNP-U08089,AD-020,CMP-005,2026-02-11 22:04:40
CLK-000902,FNP-U04242,AD-006,CMP-002,2026-02-02 06:13:04
CLK-001034,FNP-U06273,AD-010,CMP-003,2026-02-27 10:08:34
CLK-003632,FNP-U07660,AD-009,CMP-003,2026-03-26 09:44:55
CLK-004020,FNP-U00646,AD-006,CMP-002,2026-02-27 09:36:48
CLK-001331,FNP-U05321,AD-021,CMP-006,2026-01-12 06:26:42
CLK-003877,FNP-U01108,AD-021,CMP-006,2026-01-23 09:52:13
CLK-004061,FNP-U08014,AD-007,CMP-002,2026-02-16 13:14:51
CLK-004774,FNP-U07345,AD-012,CMP-003,2026-01-29 09:48:27
CLK-003624,FNP-U09994,AD-017,CMP-005,2026-03-23 00:31:25
CLK-003137,FNP-U09885,AD-012,CMP-003,2026-03-17 06:53:30
CLK-002134,FNP-U07184,AD-009,CMP-003,2026-01-31 21:59:20
CLK-000969,FNP-U04567,AD-006,CMP-002,2026-03-13 06:30:46
CLK-001407,FNP-U03260,AD-018,CMP-005,2026-01-03 09:51:35
CLK-003943,FNP-U00313,AD-018,CMP-005,2026-03-25 07:02:06
CLK-005703,FNP-U08665,AD-009,CMP-003,2026-01-11 09:29:12
CLK-000324,FNP-U02339,AD-017,CMP-005,2026-02-04 09:13:17
CLK-002310,FNP-U04565,AD-014,CMP-004,2026-03-22 09:12:43
CLK-005539,FNP-U04497,AD-001,CMP-001,2026-03-15 13:24:09
CLK-003441,FNP-U02937,AD-012,CMP-003,2026-02-14 14:05:45
CLK-001856,FNP-U09596,AD-010,CMP-003,2026-02-21 18:04:27
CLK-002627,FNP-U05260,AD-018,CMP-005,2026-02-06 18:01:41
CLK-005089,FNP-U03643,AD-018,CMP-005,2026-02-26 13:11:16
CLK-000398,FNP-U03532,AD-004,CMP-001,2026-03-05 00:52:53
CLK-001961,FNP-U05237,AD-002,CMP-001,2026-01-18 06:46:54
CLK-003179,FNP-U09177,AD-002,CMP-001,2026-02-28 18:46:58
CLK-002010,FNP-U02734,AD-022,CMP-006,2026-01-02 13:47:33
CLK-003765,FNP-U08126,AD-005,CMP-002,2026-03-15 13:46:16
CLK-001205,FNP-U05711,AD-018,CMP-005,2026-01-05 13:55:07
CLK-002843,FNP-U02299,AD-011,CMP-003,2026-01-04 06:48:08
CLK-000806,FNP-U06536,AD-004,CMP-001,2026-03-20 00:20:21
CLK-002013,FNP-U06529,AD-008,CMP-002,2026-01-07 09:49:56
CLK-002319,FNP-U00028,AD-012,CMP-003,2026-03-07 13:23:31
CLK-000615,FNP-U00020,AD-001,CMP-001,2026-02-17 07:13:20
CLK-002931,FNP-U04010,AD-017,CMP-005,2026-02-20 21:09:37
CLK-000289,FNP-U06505,AD-021,CMP-006,2026-03-24 18:54:40
CLK-005755,FNP-U08641,AD-002,CMP-001,2026-03-19 21:17:45
CLK-005022,FNP-U02392,AD-004,CMP-001,2026-02-12 13:28:29
CLK-003351,FNP-U01199,AD-006,CMP-002,2026-01-04 13:10:47
CLK-001824,FNP-U01064,AD-008,CMP-002,2026-01-19 18:18:23
CLK-005336,FNP-U05519,AD-006,CMP-002,2026-02-03 13:14:18
CLK-000522,FNP-U03986,AD-010,CMP-003,2026-02-19 06:16:00
CLK-000535,FNP-U00905,AD-021,CMP-006,2026-01-13 14:04:23
CLK-003556,FNP-U03223,AD-008,CMP-002,2026-01-21 18:09:11
CLK-001352,FNP-U05903,AD-018,CMP-005,2026-01-15 19:00:49
CLK-003660,FNP-U09461,AD-005,CMP-002,2026-01-02 13:41:49
CLK-003543,FNP-U00422,AD-007,CMP-002,2026-03-23 09:59:52
CLK-003871,FNP-U00211,AD-021,CMP-006,2026-01-26 13:47:15
CLK-003834,FNP-U05486,AD-010,CMP-003,2026-02-23 18:46:01
CLK-002572,FNP-U08713,AD-014,CMP-004,2026-01-16 09:32:02
CLK-001004,FNP-U04437,AD-013,CMP-004,2026-01-14 09:52:31
CLK-005047,FNP-U07466,AD-004,CMP-001,2026-01-26 13:30:06
CLK-002276,FNP-U02955,AD-007,CMP-002,2026-03-04 13:10:43
CLK-003303,FNP-U08958,AD-006,CMP-002,2026-02-25 13:18:18
CLK-002770,FNP-U01977,AD-010,CMP-003,2026-01-10 21:29:34
CLK-005901,FNP-U07709,AD-005,CMP-002,2026-01-19 13:46:39
CLK-004401,FNP-U03135,AD-018,CMP-005,2026-03-02 10:00:16
CLK-002069,FNP-U05721,AD-001,CMP-001,2026-02-01 00:39:58
CLK-003523,FNP-U00208,AD-014,CMP-004,2026-02-26 19:09:54
CLK-003187,FNP-U01949,AD-003,CMP-001,2026-02-06 18:52:28
CLK-003959,FNP-U03913,AD-022,CMP-006,2026-03-05 00:40:34
CLK-004550,FNP-U08977,AD-010,CMP-003,2026-03-27 13:41:55
CLK-005067,FNP-U07446,AD-012,CMP-003,2026-03-31 13:35:39
CLK-002654,FNP-U04739,AD-012,CMP-003,2026-02-22 21:25:59
CLK-003141,FNP-U09076,AD-013,CMP-004,2026-02-18 22:11:18
CLK-001080,FNP-U09503,AD-015,CMP-004,2026-02-10 06:35:17
CLK-001586,FNP-U09325,AD-015,CMP-004,2026-01-14 06:17:23
CLK-002167,FNP-U09927,AD-004,CMP-001,2026-01-23 09:14:34
CLK-004070,FNP-U08100,AD-017,CMP-005,2026-03-09 09:31:23
CLK-005409,FNP-U02971,AD-002,CMP-001,2026-01-12 13:23:36
CLK-001123,FNP-U05884,AD-004,CMP-001,2026-02-02 13:51:45
CLK-002631,FNP-U04511,AD-021,CMP-006,2026-03-28 13:58:49
CLK-005380,FNP-U08856,AD-009,CMP-003,2026-01-09 10:09:31
CLK-004381,FNP-U04913,AD-023,CMP-006,2026-01-21 13:17:35
CLK-002183,FNP-U06619,AD-006,CMP-002,2026-02-21 18:18:19
CLK-005779,FNP-U06480,AD-008,CMP-002,2026-03-22 06:30:26
CLK-000078,FNP-U04348,AD-012,CMP-003,2026-01-02 06:57:12
CLK-000763,FNP-U02612,AD-013,CMP-004,2026-02-07 21:58:51
CLK-003526,FNP-U01924,AD-006,CMP-002,2026-03-26 09:28:31
CLK-002575,FNP-U03800,AD-006,CMP-002,2026-01-26 13:11:09
CLK-001488,FNP-U09231,AD-007,CMP-002,2026-01-27 18:56:52
CLK-002917,FNP-U04503,AD-021,CMP-006,2026-03-18 09:56:59
CLK-003701,FNP-U06273,AD-010,CMP-003,2026-01-13 13:17:41
CLK-000120,FNP-U07206,AD-014,CMP-004,2026-02-09 21:53:55
CLK-001698,FNP-U03159,AD-002,CMP-001,2026-03-27 13:06:51
CLK-001960,FNP-U02604,AD-009,CMP-003,2026-02-25 13:35:28
CLK-001713,FNP-U03559,AD-015,CMP-004,2026-03-07 13:21:19
CLK-004783,FNP-U02140,AD-015,CMP-004,2026-03-03 09:30:14
CLK-002970,FNP-U04675,AD-017,CMP-005,2026-01-26 13:25:34
CLK-004901,FNP-U01516,AD-012,CMP-003,2026-02-13 09:47:22
CLK-002034,FNP-U00923,AD-008,CMP-002,2026-03-18 21:58:52
CLK-000024,FNP-U03078,AD-009,CMP-003,2026-02-07 13:58:52
CLK-005814,FNP-U04359,AD-010,CMP-003,2026-02-14 13:27:04
CLK-000469,FNP-U02189,AD-013,CMP-004,2026-01-10 18:56:33
CLK-000579,FNP-U05339,AD-004,CMP-001,2026-03-10 09:46:03
CLK-003694,FNP-U00189,AD-012,CMP-003,2026-03-26 14:01:57
CLK-002776,FNP-U00318,AD-003,CMP-001,2026-02-27 00:42:43
CLK-005224,FNP-U09059,AD-012,CMP-003,2026-02-22 13:59:49
CLK-002824,FNP-U03764,AD-012,CMP-003,2026-03-11 13:11:08
CLK-002772,FNP-U04527,AD-010,CMP-003,2026-03-12 21:53:21
CLK-004493,FNP-U08410,AD-021,CMP-006,2026-03-24 18:56:03
CLK-003901,FNP-U03537,AD-005,CMP-002,2026-03-07 13:13:21
CLK-004210,FNP-U04276,AD-003,CMP-001,2026-01-11 21:47:23
CLK-000490,FNP-U06480,AD-001,CMP-001,2026-02-25 13:51:14
CLK-001691,FNP-U06395,AD-012,CMP-003,2026-03-13 14:01:45
CLK-003706,FNP-U07305,AD-005,CMP-002,2026-02-22 21:42:57
CLK-004529,FNP-U03415,AD-008,CMP-002,2026-01-09 13:49:37
CLK-005490,FNP-U01922,AD-020,CMP-005,2026-01-09 21:34:06
CLK-000353,FNP-U09208,AD-019,CMP-005,2026-02-02 09:38:40
CLK-003717,FNP-U02895,AD-002,CMP-001,2026-02-19 06:35:11
CLK-001148,FNP-U03279,AD-006,CMP-002,2026-01-27 10:09:53
CLK-004150,FNP-U02944,AD-013,CMP-004,2026-01-18 09:04:22
CLK-004486,FNP-U07205,AD-001,CMP-001,2026-03-23 06:37:30
CLK-005156,FNP-U04461,AD-013,CMP-004,2026-02-07 21:18:02
CLK-003495,FNP-U07253,AD-008,CMP-002,2026-01-04 13:16:34
CLK-002289,FNP-U09669,AD-005,CMP-002,2026-01-02 14:02:57
CLK-003947,FNP-U07308,AD-009,CMP-003,2026-01-05 21:53:49
CLK-002046,FNP-U05387,AD-001,CMP-001,2026-01-31 18:13:21
CLK-005684,FNP-U04119,AD-014,CMP-004,2026-02-17 09:31:50
CLK-003962,FNP-U09360,AD-008,CMP-002,2026-03-05 09:38:28
CLK-001092,FNP-U00062,AD-021,CMP-006,2026-03-26 22:05:45
CLK-004250,FNP-U08271,AD-020,CMP-005,2026-03-21 13:39:20
CLK-003440,FNP-U01999,AD-021,CMP-006,2026-02-20 13:08:54
CLK-002733,FNP-U00361,AD-001,CMP-001,2026-03-29 10:09:59
CLK-005708,FNP-U07868,AD-006,CMP-002,2026-02-14 06:20:58
CLK-005523,FNP-U06517,AD-018,CMP-005,2026-01-13 19:00:39
CLK-001980,FNP-U07688,AD-002,CMP-001,2026-01-22 18:41:54
CLK-000687,FNP-U03508,AD-013,CMP-004,2026-03-27 18:07:27
CLK-005277,FNP-U05249,AD-021,CMP-006,2026-01-11 09:09:48
CLK-005045,FNP-U08206,AD-013,CMP-004,2026-01-10 13:13:48
CLK-003550,FNP-U00825,AD-002,CMP-001,2026-01-08 13:57:55
CLK-005445,FNP-U00488,AD-005,CMP-002,2026-02-06 14:12:18
CLK-003209,FNP-U06075,AD-005,CMP-002,2026-01-16 13:53:35
CLK-003050,FNP-U00897,AD-019,CMP-005,2026-01-14 09:26:49
CLK-004885,FNP-U07336,AD-004,CMP-001,2026-01-30 14:00:42
CLK-004350,FNP-U02401,AD-005,CMP-002,2026-02-05 14:11:55
CLK-001501,FNP-U07073,AD-014,CMP-004,2026-03-01 19:01:59
CLK-004063,FNP-U03525,AD-001,CMP-001,2026-02-08 09:13:39
CLK-004353,FNP-U02016,AD-001,CMP-001,2026-03-26 18:52:29
CLK-004983,FNP-U04412,AD-003,CMP-001,2026-03-12 18:53:16
CLK-002981,FNP-U04695,AD-001,CMP-001,2026-03-23 14:02:52
CLK-004261,FNP-U00335,AD-003,CMP-001,2026-03-09 13:57:38
CLK-000954,FNP-U02391,AD-001,CMP-001,2026-01-11 07:00:07
CLK-000654,FNP-U03192,AD-021,CMP-006,2026-03-31 13:32:13
CLK-004630,FNP-U07329,AD-010,CMP-003,2026-03-11 09:28:39
CLK-001359,FNP-U02753,AD-014,CMP-004,2026-02-15 21:25:57
CLK-000401,FNP-U03122,AD-016,CMP-004,2026-03-31 13:43:23
CLK-004528,FNP-U06939,AD-021,CMP-006,2026-02-11 21:47:45
CLK-004054,FNP-U06293,AD-008,CMP-002,2026-03-26 13:10:39
CLK-000056,FNP-U08050,AD-011,CMP-003,2026-03-24 18:48:28
CLK-001966,FNP-U07568,AD-005,CMP-002,2026-01-19 06:16:55
CLK-004578,FNP-U05504,AD-003,CMP-001,2026-02-06 18:32:41
CLK-003085,FNP-U02656,AD-018,CMP-005,2026-03-07 13:58:30
CLK-001383,FNP-U00111,AD-024,CMP-006,2026-01-31 13:55:15
CLK-002699,FNP-U09443,AD-017,CMP-005,2026-01-12 18:14:52
CLK-001368,FNP-U00901,AD-013,CMP-004,2026-02-15 13:54:39
CLK-003763,FNP-U06490,AD-010,CMP-003,2026-02-09 09:40:32
CLK-005706,FNP-U01063,AD-008,CMP-002,2026-02-06 13:10:06
CLK-000550,FNP-U02182,AD-002,CMP-001,2026-01-20 09:27:52
CLK-003919,FNP-U02560,AD-010,CMP-003,2026-01-16 21:50:55
CLK-005756,FNP-U01615,AD-013,CMP-004,2026-01-27 19:03:11
CLK-001204,FNP-U01293,AD-007,CMP-002,2026-01-13 13:26:12
CLK-000086,FNP-U03124,AD-001,CMP-001,2026-01-15 13:01:29
CLK-003722,FNP-U00637,AD-018,CMP-005,2026-01-13 21:20:52
CLK-004501,FNP-U09537,AD-005,CMP-002,2026-01-27 13:35:58
CLK-002466,FNP-U08546,AD-018,CMP-005,2026-01-12 18:37:58
CLK-001973,FNP-U04629,AD-011,CMP-003,2026-01-27 18:51:25
CLK-005644,FNP-U07552,AD-019,CMP-005,2026-01-27 09:25:36
CLK-001237,FNP-U05608,AD-023,CMP-006,2026-03-24 09:19:06
CLK-002159,FNP-U05403,AD-010,CMP-003,2026-02-12 13:16:28
CLK-001417,FNP-U09841,AD-013,CMP-004,2026-03-17 09:19:11
CLK-003561,FNP-U06630,AD-008,CMP-002,2026-02-19 18:04:09
CLK-002873,FNP-U08012,AD-008,CMP-002,2026-01-02 21:50:54
CLK-000502,FNP-U08036,AD-014,CMP-004,2026-02-19 13:32:27
CLK-001688,FNP-U06307,AD-011,CMP-003,2026-02-02 10:08:24
CLK-000786,FNP-U05614,AD-010,CMP-003,2026-03-12 06:43:39
CLK-001582,FNP-U00409,AD-017,CMP-005,2026-01-28 18:44:35
CLK-002771,FNP-U07103,AD-005,CMP-002,2026-02-19 09:58:22
CLK-004861,FNP-U04396,AD-013,CMP-004,2026-01-24 19:08:21
CLK-003204,FNP-U09657,AD-004,CMP-001,2026-03-21 18:44:24
CLK-003380,FNP-U01060,AD-002,CMP-001,2026-01-23 09:25:19
CLK-004214,FNP-U08426,AD-021,CMP-006,2026-01-18 06:07:30
CLK-005411,FNP-U09967,AD-015,CMP-004,2026-03-28 13:58:47
CLK-001078,FNP-U07070,AD-017,CMP-005,2026-03-17 19:00:53
CLK-003779,FNP-U01796,AD-002,CMP-001,2026-01-13 09:03:54
CLK-005641,FNP-U01645,AD-017,CMP-005,2026-03-18 13:52:51
CLK-000282,FNP-U02990,AD-010,CMP-003,2026-01-31 13:39:12
CLK-001037,FNP-U06561,AD-016,CMP-004,2026-01-04 21:52:19
CLK-005375,FNP-U06139,AD-018,CMP-005,2026-02-17 21:54:14
CLK-003658,FNP-U06130,AD-004,CMP-001,2026-03-29 09:25:41
CLK-003068,FNP-U00180,AD-004,CMP-001,2026-03-21 09:44:09
CLK-002695,FNP-U05085,AD-023,CMP-006,2026-02-11 18:08:50
CLK-002674,FNP-U05219,AD-004,CMP-001,2026-02-10 18:41:55
CLK-005304,FNP-U05667,AD-017,CMP-005,2026-03-29 21:17:25
CLK-003194,FNP-U01589,AD-001,CMP-001,2026-03-16 09:27:14
CLK-004451,FNP-U04201,AD-021,CMP-006,2026-03-08 13:39:14
CLK-003575,FNP-U07670,AD-005,CMP-002,2026-01-18 21:39:31
CLK-000036,FNP-U04899,AD-022,CMP-006,2026-03-11 00:40:29
CLK-001680,FNP-U01088,AD-010,CMP-003,2026-02-25 21:31:38
CLK-003356,FNP-U08302,AD-018,CMP-005,2026-02-25 13:31:01
CLK-005427,FNP-U01606,AD-008,CMP-002,2026-01-19 09:44:40
CLK-001365,FNP-U04290,AD-010,CMP-003,2026-02-20 14:03:32
CLK-002192,FNP-U07030,AD-001,CMP-001,2026-01-17 22:13:13
CLK-000598,FNP-U05070,AD-012,CMP-003,2026-01-19 13:48:47
CLK-004887,FNP-U06823,AD-013,CMP-004,2026-03-05 09:57:31
CLK-001348,FNP-U08001,AD-003,CMP-001,2026-03-08 21:29:59
CLK-004639,FNP-U09307,AD-004,CMP-001,2026-03-02 14:09:55
CLK-004674,FNP-U07673,AD-004,CMP-001,2026-03-23 21:38:07
CLK-000515,FNP-U08891,AD-019,CMP-005,2026-03-31 09:15:03
CLK-003094,FNP-U06784,AD-017,CMP-005,2026-02-09 06:52:25
CLK-003841,FNP-U01738,AD-013,CMP-004,2026-03-15 13:42:09
CLK-002432,FNP-U01422,AD-003,CMP-001,2026-01-12 09:25:47
CLK-001221,FNP-U01386,AD-004,CMP-001,2026-03-07 07:02:43
CLK-003177,FNP-U01460,AD-004,CMP-001,2026-03-30 09:48:59
CLK-000165,FNP-U08527,AD-015,CMP-004,2026-02-01 13:39:37
CLK-004797,FNP-U02416,AD-008,CMP-002,2026-01-10 06:21:52
CLK-003302,FNP-U01537,AD-003,CMP-001,2026-03-20 18:40:42
CLK-005516,FNP-U05929,AD-005,CMP-002,2026-03-01 09:15:20
CLK-004126,FNP-U06186,AD-016,CMP-004,2026-01-23 09:16:46
CLK-001979,FNP-U03415,AD-008,CMP-002,2026-03-04 09:35:27
CLK-005128,FNP-U05780,AD-019,CMP-005,2026-02-01 22:11:23
CLK-004860,FNP-U01477,AD-008,CMP-002,2026-03-08 09:18:09
CLK-001312,FNP-U08805,AD-003,CMP-001,2026-01-23 00:48:12
CLK-002787,FNP-U04794,AD-013,CMP-004,2026-02-26 18:52:48
CLK-005887,FNP-U09978,AD-006,CMP-002,2026-02-03 00:20:06
CLK-001530,FNP-U00717,AD-005,CMP-002,2026-02-28 07:03:48
CLK-004745,FNP-U04708,AD-017,CMP-005,2026-01-22 13:58:52
CLK-000346,FNP-U08929,AD-001,CMP-001,2026-03-18 18:37:04
CLK-000338,FNP-U07929,AD-011,CMP-003,2026-03-15 00:14:16
CLK-002500,FNP-U05791,AD-003,CMP-001,2026-03-18 13:53:37
CLK-003202,FNP-U01364,AD-002,CMP-001,2026-02-19 09:06:27
CLK-005333,FNP-U01604,AD-021,CMP-006,2026-02-09 09:47:54
CLK-003083,FNP-U02623,AD-004,CMP-001,2026-01-26 00:23:52
CLK-000256,FNP-U04890,AD-010,CMP-003,2026-01-14 06:45:34
CLK-003470,FNP-U07942,AD-001,CMP-001,2026-01-03 18:36:40
CLK-003635,FNP-U05540,AD-012,CMP-003,2026-01-04 06:10:22
CLK-000582,FNP-U01735,AD-006,CMP-002,2026-02-12 09:55:47
CLK-004992,FNP-U09480,AD-013,CMP-004,2026-02-25 10:07:15
CLK-005827,FNP-U08046,AD-017,CMP-005,2026-01-21 21:06:12
CLK-004990,FNP-U02599,AD-013,CMP-004,2026-01-26 21:22:07
CLK-000387,FNP-U02012,AD-013,CMP-004,2026-01-01 18:29:27
CLK-002542,FNP-U08127,AD-017,CMP-005,2026-01-21 22:09:10
CLK-001453,FNP-U08148,AD-002,CMP-001,2026-02-05 13:09:26
CLK-002943,FNP-U03352,AD-013,CMP-004,2026-03-13 09:49:22
CLK-005345,FNP-U03626,AD-001,CMP-001,2026-02-10 13:21:17
CLK-003023,FNP-U00331,AD-006,CMP-002,2026-02-15 13:11:37
CLK-004197,FNP-U01832,AD-001,CMP-001,2026-01-26 18:20:47
CLK-004830,FNP-U00129,AD-006,CMP-002,2026-03-12 13:40:29
CLK-003861,FNP-U08198,AD-004,CMP-001,2026-01-01 21:07:35
CLK-001636,FNP-U05473,AD-014,CMP-004,2026-03-02 00:21:33
CLK-003459,FNP-U08458,AD-013,CMP-004,2026-01-03 09:39:16
CLK-002293,FNP-U04874,AD-021,CMP-006,2026-01-03 09:18:15
CLK-002341,FNP-U07494,AD-014,CMP-004,2026-02-18 13:52:05
CLK-000734,FNP-U05390,AD-011,CMP-003,2026-02-05 09:25:18
CLK-000620,FNP-U04496,AD-006,CMP-002,2026-03-12 09:49:06
CLK-003679,FNP-U04505,AD-008,CMP-002,2026-02-19 21:19:13
CLK-000204,FNP-U08490,AD-015,CMP-004,2026-03-30 18:22:38
CLK-005163,FNP-U09197,AD-018,CMP-005,2026-03-24 19:10:39
CLK-001410,FNP-U02304,AD-019,CMP-005,2026-02-20 09:54:38
CLK-000517,FNP-U01823,AD-010,CMP-003,2026-03-30 09:30:56
CLK-002569,FNP-U06742,AD-019,CMP-005,2026-02-16 13:11:53
CLK-001351,FNP-U00393,AD-008,CMP-002,2026-02-16 18:39:43
CLK-002441,FNP-U08060,AD-018,CMP-005,2026-01-07 18:20:51
CLK-005744,FNP-U02120,AD-020,CMP-005,2026-02-14 06:59:27
CLK-002801,FNP-U03589,AD-010,CMP-003,2026-01-19 13:34:05
CLK-000905,FNP-U01074,AD-001,CMP-001,2026-03-12 13:58:42
CLK-001939,FNP-U00082,AD-021,CMP-006,2026-01-16 18:56:49
CLK-003778,FNP-U04566,AD-017,CMP-005,2026-03-07 14:07:00
CLK-002044,FNP-U09660,AD-010,CMP-003,2026-01-13 18:18:35
CLK-001868,FNP-U02810,AD-014,CMP-004,2026-01-18 19:00:33
CLK-004300,FNP-U03735,AD-004,CMP-001,2026-01-04 13:58:54
CLK-005479,FNP-U02202,AD-014,CMP-004,2026-03-16 06:47:08
CLK-001650,FNP-U09149,AD-006,CMP-002,2026-01-21 13:43:19
CLK-002548,FNP-U07056,AD-008,CMP-002,2026-02-23 13:30:27
CLK-002664,FNP-U06881,AD-012,CMP-003,2026-01-18 09:47:53
CLK-002806,FNP-U03320,AD-004,CMP-001,2026-02-09 09:53:18
CLK-001346,FNP-U00944,AD-009,CMP-003,2026-02-25 09:30:28
CLK-005620,FNP-U02007,AD-007,CMP-002,2026-03-18 21:47:20
CLK-004915,FNP-U09560,AD-004,CMP-001,2026-01-01 22:01:46
CLK-004563,FNP-U03342,AD-018,CMP-005,2026-01-06 13:48:45
CLK-005329,FNP-U05525,AD-021,CMP-006,2026-01-27 18:59:44
CLK-002037,FNP-U08495,AD-002,CMP-001,2026-01-06 21:14:48
CLK-002131,FNP-U01536,AD-017,CMP-005,2026-02-25 09:15:50
CLK-002117,FNP-U08814,AD-011,CMP-003,2026-01-07 09:26:35
CLK-005158,FNP-U00659,AD-001,CMP-001,2026-03-24 06:55:56
CLK-000822,FNP-U07649,AD-021,CMP-006,2026-03-20 13:28:20
CLK-004367,FNP-U03401,AD-008,CMP-002,2026-02-19 18:45:46
CLK-001154,FNP-U07350,AD-008,CMP-002,2026-02-01 06:57:22
CLK-003107,FNP-U03650,AD-008,CMP-002,2026-01-16 13:09:21
CLK-003017,FNP-U00078,AD-008,CMP-002,2026-02-12 18:09:21
CLK-001929,FNP-U01462,AD-017,CMP-005,2026-02-07 21:25:10
CLK-004547,FNP-U02725,AD-017,CMP-005,2026-03-20 09:16:51
CLK-000769,FNP-U03705,AD-001,CMP-001,2026-02-24 13:18:25
CLK-002868,FNP-U09956,AD-018,CMP-005,2026-03-06 13:49:42
CLK-005983,FNP-U09467,AD-018,CMP-005,2026-02-14 18:17:28
CLK-004157,FNP-U08280,AD-006,CMP-002,2026-02-17 13:17:40
CLK-002610,FNP-U01813,AD-018,CMP-005,2026-03-16 09:58:39
CLK-004277,FNP-U07890,AD-014,CMP-004,2026-02-15 13:28:06
CLK-001953,FNP-U00607,AD-009,CMP-003,2026-01-21 22:03:16
CLK-002566,FNP-U05246,AD-012,CMP-003,2026-01-24 10:03:52
CLK-000210,FNP-U09613,AD-005,CMP-002,2026-02-18 18:16:54
CLK-005236,FNP-U04074,AD-012,CMP-003,2026-02-14 18:53:57
CLK-001265,FNP-U03376,AD-016,CMP-004,2026-03-31 21:24:04
CLK-002294,FNP-U09638,AD-015,CMP-004,2026-01-05 06:15:10
CLK-001771,FNP-U00293,AD-003,CMP-001,2026-02-17 13:17:54
CLK-003186,FNP-U03072,AD-015,CMP-004,2026-03-16 13:59:26
CLK-001245,FNP-U09705,AD-001,CMP-001,2026-03-04 06:46:20
CLK-003120,FNP-U04828,AD-019,CMP-005,2026-02-11 09:29:47
CLK-002565,FNP-U05426,AD-014,CMP-004,2026-03-10 13:24:57
CLK-001441,FNP-U00737,AD-017,CMP-005,2026-01-14 06:11:24
CLK-005537,FNP-U04558,AD-021,CMP-006,2026-02-23 13:34:08
CLK-004029,FNP-U07313,AD-014,CMP-004,2026-01-01 13:25:48
CLK-005588,FNP-U09527,AD-005,CMP-002,2026-02-17 18:32:32
CLK-002605,FNP-U05923,AD-010,CMP-003,2026-02-14 13:53:12
CLK-001151,FNP-U02214,AD-009,CMP-003,2026-03-23 09:57:28
CLK-002945,FNP-U09138,AD-013,CMP-004,2026-02-07 09:44:34
CLK-000045,FNP-U03959,AD-012,CMP-003,2026-03-03 18:13:11
CLK-003594,FNP-U05677,AD-006,CMP-002,2026-02-12 13:59:13
CLK-005226,FNP-U03428,AD-008,CMP-002,2026-03-08 21:23:42
CLK-004286,FNP-U09064,AD-009,CMP-003,2026-03-09 21:58:40
CLK-005391,FNP-U09177,AD-008,CMP-002,2026-02-11 10:02:33
CLK-005543,FNP-U02426,AD-007,CMP-002,2026-01-22 22:03:29
CLK-003805,FNP-U03682,AD-005,CMP-002,2026-02-17 21:06:22
CLK-004246,FNP-U09470,AD-010,CMP-003,2026-02-17 13:27:34
CLK-000397,FNP-U08689,AD-018,CMP-005,2026-03-03 18:42:58
CLK-001468,FNP-U03012,AD-015,CMP-004,2026-03-09 18:17:52
CLK-002399,FNP-U09238,AD-005,CMP-002,2026-03-07 09:12:41
CLK-000691,FNP-U09717,AD-021,CMP-006,2026-03-09 13:35:06
CLK-002663,FNP-U03214,AD-011,CMP-003,2026-01-18 14:07:29
CLK-003464,FNP-U01590,AD-021,CMP-006,2026-01-29 18:46:28
CLK-001945,FNP-U00900,AD-022,CMP-006,2026-02-04 13:34:09
CLK-004829,FNP-U05516,AD-022,CMP-006,2026-01-14 21:19:28
CLK-003895,FNP-U07807,AD-011,CMP-003,2026-02-28 21:29:56
CLK-004474,FNP-U08113,AD-005,CMP-002,2026-02-27 13:17:25
CLK-004181,FNP-U00392,AD-014,CMP-004,2026-03-17 22:08:00
CLK-004324,FNP-U06033,AD-017,CMP-005,2026-03-10 09:47:29
CLK-003067,FNP-U08279,AD-001,CMP-001,2026-03-03 13:23:49
CLK-003616,FNP-U01632,AD-017,CMP-005,2026-02-12 13:22:35
CLK-003907,FNP-U08341,AD-021,CMP-006,2026-01-15 13:48:24
CLK-001743,FNP-U07659,AD-002,CMP-001,2026-01-24 09:13:00
CLK-005493,FNP-U00453,AD-017,CMP-005,2026-02-13 21:59:29
CLK-001854,FNP-U01021,AD-004,CMP-001,2026-03-12 09:28:44
CLK-003867,FNP-U04591,AD-008,CMP-002,2026-03-07 22:02:40
CLK-000725,FNP-U07330,AD-002,CMP-001,2026-02-13 13:20:13
CLK-004888,FNP-U02566,AD-014,CMP-004,2026-01-07 09:41:11
CLK-000973,FNP-U04377,AD-002,CMP-001,2026-01-06 18:16:47
CLK-005577,FNP-U09471,AD-017,CMP-005,2026-01-31 18:54:19
CLK-004390,FNP-U05525,AD-010,CMP-003,2026-02-08 13:59:22
CLK-000344,FNP-U01506,AD-017,CMP-005,2026-02-28 09:16:13
CLK-000218,FNP-U03494,AD-017,CMP-005,2026-01-02 06:24:06
CLK-002212,FNP-U04235,AD-015,CMP-004,2026-02-13 09:45:31
CLK-004530,FNP-U06394,AD-004,CMP-001,2026-03-04 18:24:35
CLK-000251,FNP-U01401,AD-008,CMP-002,2026-01-14 13:21:55
CLK-004440,FNP-U05441,AD-017,CMP-005,2026-03-09 18:58:31
CLK-000674,FNP-U07608,AD-009,CMP-003,2026-02-18 21:43:28
CLK-004360,FNP-U01811,AD-006,CMP-002,2026-03-24 09:19:47
CLK-002546,FNP-U00060,AD-015,CMP-004,2026-01-24 13:34:24
CLK-000860,FNP-U07317,AD-008,CMP-002,2026-01-21 06:04:45
CLK-002177,FNP-U06141,AD-002,CMP-001,2026-02-23 09:09:03
CLK-004182,FNP-U04766,AD-005,CMP-002,2026-02-19 13:42:57
CLK-000794,FNP-U09432,AD-004,CMP-001,2026-02-16 18:41:46
CLK-003333,FNP-U03065,AD-008,CMP-002,2026-01-28 09:53:17
CLK-004744,FNP-U05793,AD-013,CMP-004,2026-01-20 21:48:55
CLK-003257,FNP-U05562,AD-012,CMP-003,2026-01-08 13:15:49
CLK-000314,FNP-U05330,AD-001,CMP-001,2026-01-18 19:04:27
CLK-003772,FNP-U09008,AD-005,CMP-002,2026-02-09 09:56:03
CLK-004406,FNP-U09676,AD-012,CMP-003,2026-02-08 13:21:53
CLK-004024,FNP-U00205,AD-017,CMP-005,2026-01-20 00:11:49
CLK-003630,FNP-U06407,AD-006,CMP-002,2026-03-03 09:30:16
CLK-001539,FNP-U00804,AD-005,CMP-002,2026-03-15 21:54:25
CLK-003904,FNP-U04669,AD-018,CMP-005,2026-01-08 19:08:51
CLK-003019,FNP-U04831,AD-007,CMP-002,2026-01-10 18:48:01
CLK-002215,FNP-U00932,AD-009,CMP-003,2026-02-28 09:29:12
CLK-003968,FNP-U05337,AD-004,CMP-001,2026-01-11 19:04:29
CLK-002976,FNP-U06404,AD-018,CMP-005,2026-02-12 13:33:29
CLK-004441,FNP-U03434,AD-016,CMP-004,2026-02-22 18:19:45
CLK-000968,FNP-U07170,AD-020,CMP-005,2026-03-19 13:35:21
CLK-003054,FNP-U03722,AD-001,CMP-001,2026-02-13 18:56:42
CLK-005761,FNP-U08805,AD-017,CMP-005,2026-01-30 13:13:38
CLK-005911,FNP-U00576,AD-013,CMP-004,2026-01-19 09:14:37
CLK-005125,FNP-U05120,AD-009,CMP-003,2026-03-13 10:02:36
CLK-005987,FNP-U01475,AD-007,CMP-002,2026-03-09 18:36:33
CLK-000358,FNP-U02759,AD-004,CMP-001,2026-01-19 18:24:19
CLK-004807,FNP-U03316,AD-008,CMP-002,2026-02-14 13:19:20
CLK-002805,FNP-U05567,AD-010,CMP-003,2026-03-03 09:41:50
CLK-003477,FNP-U06744,AD-019,CMP-005,2026-01-26 13:31:37
CLK-005362,FNP-U09534,AD-006,CMP-002,2026-03-06 13:47:18
CLK-000647,FNP-U09969,AD-013,CMP-004,2026-02-13 13:44:33
CLK-000736,FNP-U02214,AD-017,CMP-005,2026-01-08 18:37:48
CLK-003589,FNP-U07079,AD-012,CMP-003,2026-03-10 13:17:38
CLK-003361,FNP-U06258,AD-009,CMP-003,2026-02-26 00:22:33
CLK-003875,FNP-U07355,AD-021,CMP-006,2026-01-15 06:46:53
CLK-005015,FNP-U09350,AD-013,CMP-004,2026-03-15 18:21:57
CLK-000792,FNP-U00924,AD-018,CMP-005,2026-03-28 09:57:23
CLK-000038,FNP-U06717,AD-001,CMP-001,2026-01-10 13:42:17
CLK-000623,FNP-U00343,AD-014,CMP-004,2026-01-27 06:16:05
CLK-001212,FNP-U04671,AD-017,CMP-005,2026-03-30 18:24:40
CLK-004991,FNP-U04490,AD-010,CMP-003,2026-01-22 13:29:53
CLK-002372,FNP-U06879,AD-016,CMP-004,2026-02-26 06:55:16
CLK-004923,FNP-U06646,AD-008,CMP-002,2026-01-26 09:14:31
CLK-004680,FNP-U00668,AD-003,CMP-001,2026-02-23 09:20:26
CLK-001196,FNP-U09074,AD-013,CMP-004,2026-01-20 14:02:23
CLK-000420,FNP-U00780,AD-008,CMP-002,2026-03-18 18:57:22
CLK-005458,FNP-U04860,AD-018,CMP-005,2026-03-28 13:11:16
CLK-003762,FNP-U05339,AD-006,CMP-002,2026-02-21 06:09:42
CLK-005053,FNP-U09298,AD-006,CMP-002,2026-03-05 22:05:59
CLK-000486,FNP-U04016,AD-008,CMP-002,2026-03-12 18:35:43
CLK-001933,FNP-U09562,AD-005,CMP-002,2026-01-06 19:03:34
CLK-001531,FNP-U09118,AD-021,CMP-006,2026-01-21 13:30:19
CLK-002786,FNP-U03581,AD-010,CMP-003,2026-01-03 14:03:46
CLK-002715,FNP-U05907,AD-006,CMP-002,2026-02-06 09:39:01
CLK-005878,FNP-U03697,AD-006,CMP-002,2026-01-28 09:51:34
CLK-005145,FNP-U00631,AD-008,CMP-002,2026-02-19 18:40:50
CLK-005082,FNP-U01491,AD-008,CMP-002,2026-02-25 09:30:59
CLK-002635,FNP-U06387,AD-008,CMP-002,2026-02-14 18:48:14
CLK-005639,FNP-U04061,AD-016,CMP-004,2026-03-20 09:46:13
CLK-000722,FNP-U04364,AD-017,CMP-005,2026-02-24 06:59:21
CLK-001114,FNP-U09760,AD-010,CMP-003,2026-01-29 13:31:05
CLK-004327,FNP-U01888,AD-010,CMP-003,2026-01-30 18:27:11
CLK-004963,FNP-U04296,AD-002,CMP-001,2026-01-09 22:03:23
CLK-004452,FNP-U09883,AD-009,CMP-003,2026-01-01 18:40:07
CLK-001785,FNP-U07223,AD-014,CMP-004,2026-03-18 09:29:37
CLK-001526,FNP-U03250,AD-008,CMP-002,2026-01-26 21:49:12
CLK-001257,FNP-U00311,AD-002,CMP-001,2026-01-05 09:53:19
CLK-003088,FNP-U01137,AD-010,CMP-003,2026-02-26 00:57:15
CLK-003793,FNP-U05532,AD-002,CMP-001,2026-01-08 18:42:13
CLK-001686,FNP-U01023,AD-014,CMP-004,2026-02-09 06:39:50
CLK-002478,FNP-U06520,AD-002,CMP-001,2026-03-21 09:54:36
CLK-000325,FNP-U00554,AD-004,CMP-001,2026-03-01 06:09:02
CLK-001806,FNP-U00897,AD-001,CMP-001,2026-02-26 18:16:17
CLK-003896,FNP-U06650,AD-019,CMP-005,2026-03-19 18:46:55
CLK-001260,FNP-U04443,AD-008,CMP-002,2026-03-31 06:29:28
CLK-005939,FNP-U05253,AD-015,CMP-004,2026-03-13 00:26:05
CLK-002292,FNP-U05339,AD-003,CMP-001,2026-01-08 14:08:04
CLK-003844,FNP-U02446,AD-007,CMP-002,2026-01-13 18:49:09
CLK-002144,FNP-U05688,AD-013,CMP-004,2026-01-19 21:27:50
CLK-003732,FNP-U01100,AD-005,CMP-002,2026-03-09 21:41:54
CLK-000412,FNP-U07329,AD-002,CMP-001,2026-03-03 18:49:28
CLK-004205,FNP-U00560,AD-014,CMP-004,2026-02-28 18:46:22
CLK-000618,FNP-U08964,AD-017,CMP-005,2026-03-30 07:04:41
CLK-003349,FNP-U03763,AD-001,CMP-001,2026-01-20 21:57:07
CLK-002525,FNP-U09848,AD-021,CMP-006,2026-02-24 18:59:06
CLK-004176,FNP-U07717,AD-022,CMP-006,2026-01-26 13:49:29
CLK-005343,FNP-U03790,AD-003,CMP-001,2026-01-28 10:05:59
CLK-002846,FNP-U05144,AD-007,CMP-002,2026-03-16 06:24:33
CLK-004222,FNP-U09463,AD-014,CMP-004,2026-01-16 18:51:12
CLK-004017,FNP-U05651,AD-022,CMP-006,2026-01-14 09:38:34
CLK-001024,FNP-U09813,AD-012,CMP-003,2026-03-01 00:26:04
CLK-001644,FNP-U02315,AD-021,CMP-006,2026-03-10 13:35:26
CLK-001036,FNP-U02546,AD-018,CMP-005,2026-03-07 13:15:12
CLK-000610,FNP-U01307,AD-014,CMP-004,2026-03-25 13:56:10
CLK-002226,FNP-U06143,AD-013,CMP-004,2026-03-03 09:39:08
CLK-000334,FNP-U00619,AD-007,CMP-002,2026-02-04 13:39:11
CLK-004432,FNP-U01961,AD-005,CMP-002,2026-02-27 06:21:44
CLK-005819,FNP-U05385,AD-001,CMP-001,2026-02-17 09:42:10
CLK-002591,FNP-U07676,AD-017,CMP-005,2026-03-02 09:34:29
CLK-004379,FNP-U08723,AD-002,CMP-001,2026-02-19 21:30:00
CLK-000299,FNP-U00693,AD-001,CMP-001,2026-03-25 14:07:45
CLK-002454,FNP-U00571,AD-017,CMP-005,2026-03-21 00:37:42
CLK-001297,FNP-U06509,AD-016,CMP-004,2026-03-09 09:58:27
CLK-001266,FNP-U09030,AD-021,CMP-006,2026-01-29 09:49:30
CLK-005026,FNP-U06437,AD-017,CMP-005,2026-03-08 18:57:10
CLK-004326,FNP-U09453,AD-015,CMP-004,2026-03-19 18:14:51
CLK-002924,FNP-U00499,AD-021,CMP-006,2026-02-02 00:13:47
CLK-005992,FNP-U08162,AD-006,CMP-002,2026-03-17 13:47:46
CLK-005914,FNP-U02582,AD-011,CMP-003,2026-01-11 09:38:26
CLK-005161,FNP-U06624,AD-018,CMP-005,2026-02-16 06:09:33
CLK-000749,FNP-U07442,AD-021,CMP-006,2026-01-14 10:07:01
CLK-002614,FNP-U01071,AD-001,CMP-001,2026-03-31 21:43:15
CLK-005528,FNP-U00633,AD-012,CMP-003,2026-02-06 14:03:02
CLK-005890,FNP-U04957,AD-005,CMP-002,2026-02-21 18:41:29
CLK-000979,FNP-U00166,AD-006,CMP-002,2026-02-06 18:05:48
CLK-001176,FNP-U08041,AD-003,CMP-001,2026-01-01 13:11:24
CLK-003591,FNP-U03394,AD-009,CMP-003,2026-03-20 09:36:37
CLK-005429,FNP-U04002,AD-002,CMP-001,2026-02-26 18:52:55
CLK-003367,FNP-U00523,AD-021,CMP-006,2026-02-10 18:28:28
CLK-003155,FNP-U03329,AD-022,CMP-006,2026-01-10 21:35:00
CLK-004105,FNP-U03200,AD-013,CMP-004,2026-03-11 21:40:38
CLK-001589,FNP-U02334,AD-014,CMP-004,2026-02-23 13:29:51
CLK-005280,FNP-U00398,AD-010,CMP-003,2026-03-05 13:07:50
CLK-005957,FNP-U01022,AD-008,CMP-002,2026-01-24 21:18:39
CLK-005023,FNP-U00539,AD-014,CMP-004,2026-01-10 00:42:53
CLK-003924,FNP-U06790,AD-018,CMP-005,2026-02-19 13:42:33
CLK-000612,FNP-U04511,AD-014,CMP-004,2026-01-18 21:57:35
CLK-001930,FNP-U05366,AD-009,CMP-003,2026-02-23 13:09:10
CLK-000009,FNP-U04484,AD-023,CMP-006,2026-01-08 21:13:15
CLK-001600,FNP-U08869,AD-017,CMP-005,2026-02-02 13:55:28
CLK-001226,FNP-U00376,AD-012,CMP-003,2026-03-04 13:24:57
CLK-002332,FNP-U03964,AD-010,CMP-003,2026-03-14 14:01:22
CLK-001178,FNP-U01515,AD-006,CMP-002,2026-01-08 22:02:34
CLK-005592,FNP-U05625,AD-004,CMP-001,2026-02-14 18:40:14
CLK-000738,FNP-U09584,AD-021,CMP-006,2026-03-26 18:14:27
CLK-004514,FNP-U03608,AD-008,CMP-002,2026-01-27 09:33:01
CLK-005666,FNP-U09318,AD-005,CMP-002,2026-02-09 06:24:47
CLK-000965,FNP-U05501,AD-004,CMP-001,2026-01-20 21:34:35
CLK-005916,FNP-U00740,AD-001,CMP-001,2026-03-06 22:05:40
CLK-000005,FNP-U01394,AD-004,CMP-001,2026-03-09 13:05:18
CLK-004604,FNP-U03040,AD-012,CMP-003,2026-02-23 13:24:28
CLK-001133,FNP-U04143,AD-017,CMP-005,2026-02-28 14:01:22
CLK-001873,FNP-U00914,AD-003,CMP-001,2026-02-12 13:16:55
CLK-003275,FNP-U08135,AD-011,CMP-003,2026-03-16 10:06:27
CLK-004835,FNP-U00845,AD-004,CMP-001,2026-03-28 09:48:14
CLK-003265,FNP-U07028,AD-010,CMP-003,2026-02-09 13:43:45
CLK-005349,FNP-U09642,AD-007,CMP-002,2026-02-02 13:47:19
CLK-001413,FNP-U03964,AD-010,CMP-003,2026-03-11 13:14:58
CLK-001790,FNP-U02608,AD-018,CMP-005,2026-03-04 10:02:44
CLK-005910,FNP-U09443,AD-001,CMP-001,2026-01-02 09:57:03
CLK-005586,FNP-U02751,AD-016,CMP-004,2026-03-21 18:32:40
CLK-005033,FNP-U07034,AD-001,CMP-001,2026-02-02 22:05:53
CLK-005557,FNP-U05646,AD-006,CMP-002,2026-01-10 10:01:40
CLK-002195,FNP-U02389,AD-001,CMP-001,2026-02-16 09:56:21
CLK-003995,FNP-U00489,AD-001,CMP-001,2026-01-07 06:53:49
CLK-003797,FNP-U05420,AD-019,CMP-005,2026-03-20 09:25:32
CLK-005202,FNP-U08441,AD-014,CMP-004,2026-03-19 19:05:27
CLK-002078,FNP-U01418,AD-017,CMP-005,2026-01-16 09:59:57
CLK-000447,FNP-U09317,AD-015,CMP-004,2026-02-05 18:11:20
CLK-001022,FNP-U08958,AD-010,CMP-003,2026-01-13 09:13:00
CLK-005818,FNP-U00173,AD-007,CMP-002,2026-01-31 13:21:55
CLK-000439,FNP-U09433,AD-004,CMP-001,2026-01-23 13:29:25
CLK-002665,FNP-U04880,AD-015,CMP-004,2026-03-05 10:00:12
CLK-000335,FNP-U00030,AD-013,CMP-004,2026-01-30 00:34:23
CLK-000692,FNP-U05906,AD-021,CMP-006,2026-01-26 19:10:47
CLK-001578,FNP-U08927,AD-008,CMP-002,2026-03-31 13:35:44
CLK-002768,FNP-U05892,AD-014,CMP-004,2026-02-27 13:20:54
CLK-002993,FNP-U09163,AD-021,CMP-006,2026-03-26 18:13:11
CLK-004151,FNP-U04631,AD-010,CMP-003,2026-01-10 13:58:55
CLK-000160,FNP-U04673,AD-006,CMP-002,2026-02-19 13:14:23
CLK-001592,FNP-U08450,AD-008,CMP-002,2026-01-17 21:43:43
CLK-000371,FNP-U04552,AD-014,CMP-004,2026-02-13 21:13:11
CLK-005159,FNP-U08087,AD-018,CMP-005,2026-01-26 13:34:33
CLK-000737,FNP-U02728,AD-013,CMP-004,2026-01-31 09:36:25
CLK-003004,FNP-U08517,AD-002,CMP-001,2026-02-10 13:27:32
CLK-000723,FNP-U05536,AD-008,CMP-002,2026-01-01 13:31:04
CLK-005406,FNP-U02978,AD-008,CMP-002,2026-03-10 13:50:36
CLK-001000,FNP-U01828,AD-006,CMP-002,2026-02-12 09:54:45
CLK-002529,FNP-U06998,AD-008,CMP-002,2026-02-27 13:30:12
CLK-003224,FNP-U02265,AD-017,CMP-005,2026-01-24 21:47:23
CLK-000629,FNP-U09538,AD-010,CMP-003,2026-03-31 06:12:25
CLK-003123,FNP-U05939,AD-001,CMP-001,2026-02-06 06:56:19
CLK-001624,FNP-U00123,AD-001,CMP-001,2026-03-12 13:15:38
CLK-002081,FNP-U03866,AD-010,CMP-003,2026-01-06 21:46:27
CLK-003369,FNP-U05704,AD-003,CMP-001,2026-03-06 21:40:51
CLK-003876,FNP-U08062,AD-001,CMP-001,2026-02-26 14:04:34
CLK-005672,FNP-U05727,AD-004,CMP-001,2026-01-23 00:52:42
CLK-000022,FNP-U07658,AD-016,CMP-004,2026-02-19 22:02:01
CLK-001025,FNP-U04322,AD-021,CMP-006,2026-02-04 14:05:58
CLK-004653,FNP-U01605,AD-014,CMP-004,2026-02-01 21:28:09
CLK-001065,FNP-U00865,AD-007,CMP-002,2026-01-20 18:10:21
CLK-000097,FNP-U06074,AD-014,CMP-004,2026-02-04 13:41:15
CLK-002608,FNP-U06924,AD-013,CMP-004,2026-03-25 06:18:24
CLK-002179,FNP-U05670,AD-007,CMP-002,2026-01-11 18:09:06
CLK-000014,FNP-U00093,AD-001,CMP-001,2026-02-17 09:24:09
CLK-004710,FNP-U08904,AD-004,CMP-001,2026-02-21 13:58:56
CLK-000963,FNP-U07682,AD-017,CMP-005,2026-03-19 09:52:54
CLK-004075,FNP-U06966,AD-006,CMP-002,2026-01-20 10:01:44
CLK-004827,FNP-U07655,AD-005,CMP-002,2026-03-31 18:24:23
CLK-005036,FNP-U09979,AD-013,CMP-004,2026-01-18 13:05:48
CLK-004060,FNP-U06842,AD-012,CMP-003,2026-03-26 13:31:29
CLK-003393,FNP-U04325,AD-016,CMP-004,2026-03-22 09:59:24
CLK-000156,FNP-U07210,AD-010,CMP-003,2026-01-24 21:09:54
CLK-001950,FNP-U05160,AD-004,CMP-001,2026-01-04 06:42:12
CLK-004118,FNP-U03016,AD-006,CMP-002,2026-02-28 14:06:42
CLK-002582,FNP-U01127,AD-014,CMP-004,2026-02-27 09:58:10
CLK-003675,FNP-U09638,AD-011,CMP-003,2026-01-12 13:58:42
CLK-003160,FNP-U03446,AD-015,CMP-004,2026-01-02 13:38:20
CLK-002844,FNP-U02586,AD-009,CMP-003,2026-01-31 13:22:09
CLK-000030,FNP-U04528,AD-018,CMP-005,2026-03-17 07:07:36
CLK-002711,FNP-U07673,AD-004,CMP-001,2026-02-16 21:23:34
CLK-004333,FNP-U08242,AD-008,CMP-002,2026-01-19 21:57:23
CLK-004447,FNP-U02073,AD-003,CMP-001,2026-03-30 18:34:19
CLK-000796,FNP-U05693,AD-008,CMP-002,2026-03-22 09:25:40
CLK-003840,FNP-U05507,AD-006,CMP-002,2026-03-23 18:10:16
CLK-003359,FNP-U06217,AD-006,CMP-002,2026-03-06 07:06:03
CLK-005879,FNP-U00712,AD-010,CMP-003,2026-02-12 13:35:42
CLK-000464,FNP-U09906,AD-001,CMP-001,2026-03-08 21:26:37
CLK-001125,FNP-U06462,AD-011,CMP-003,2026-01-10 10:08:24
CLK-002622,FNP-U08317,AD-010,CMP-003,2026-01-04 18:36:26
CLK-005955,FNP-U06629,AD-002,CMP-001,2026-03-22 13:25:19
CLK-000503,FNP-U01195,AD-022,CMP-006,2026-01-30 18:21:26
CLK-002967,FNP-U03850,AD-017,CMP-005,2026-03-22 06:48:19
CLK-003042,FNP-U09490,AD-010,CMP-003,2026-01-18 06:56:18
CLK-001187,FNP-U06325,AD-007,CMP-002,2026-03-08 13:05:18
CLK-000590,FNP-U06320,AD-018,CMP-005,2026-03-06 14:02:37
CLK-000434,FNP-U07890,AD-015,CMP-004,2026-01-19 09:34:14
CLK-005100,FNP-U03057,AD-010,CMP-003,2026-03-28 00:27:03
CLK-000457,FNP-U04769,AD-017,CMP-005,2026-02-12 13:48:37
CLK-002982,FNP-U02311,AD-019,CMP-005,2026-03-12 18:43:38
CLK-005398,FNP-U03544,AD-016,CMP-004,2026-02-05 13:47:30
CLK-003030,FNP-U06458,AD-012,CMP-003,2026-01-19 01:01:26
CLK-000458,FNP-U03418,AD-019,CMP-005,2026-01-17 21:28:06
CLK-001697,FNP-U07856,AD-017,CMP-005,2026-01-29 09:24:23
CLK-003121,FNP-U03009,AD-005,CMP-002,2026-03-07 21:29:58
CLK-002176,FNP-U05903,AD-017,CMP-005,2026-02-24 07:13:30
CLK-004478,FNP-U08694,AD-001,CMP-001,2026-02-27 13:23:20
CLK-002130,FNP-U01510,AD-012,CMP-003,2026-02-12 14:06:05
CLK-005356,FNP-U02492,AD-021,CMP-006,2026-02-06 18:10:34
CLK-000740,FNP-U04195,AD-010,CMP-003,2026-03-29 14:01:15
CLK-001760,FNP-U04835,AD-006,CMP-002,2026-03-29 13:28:45
CLK-003096,FNP-U03656,AD-002,CMP-001,2026-03-16 13:17:18
CLK-003713,FNP-U08847,AD-003,CMP-001,2026-02-05 19:05:36
CLK-000195,FNP-U04170,AD-013,CMP-004,2026-02-07 13:41:08
CLK-005039,FNP-U02974,AD-013,CMP-004,2026-02-09 10:04:39
CLK-004805,FNP-U05650,AD-017,CMP-005,2026-03-04 13:19:23
CLK-004682,FNP-U04628,AD-012,CMP-003,2026-03-08 21:19:24
CLK-002003,FNP-U01860,AD-008,CMP-002,2026-03-10 09:54:47
CLK-003496,FNP-U02723,AD-015,CMP-004,2026-02-11 09:18:55
CLK-002092,FNP-U06861,AD-006,CMP-002,2026-02-01 21:56:53
CLK-005019,FNP-U03307,AD-014,CMP-004,2026-02-09 13:33:04
CLK-000945,FNP-U02704,AD-013,CMP-004,2026-01-28 09:19:31
CLK-002178,FNP-U09288,AD-015,CMP-004,2026-02-11 19:03:31
CLK-004147,FNP-U08240,AD-012,CMP-003,2026-01-13 21:15:34
CLK-004127,FNP-U00995,AD-010,CMP-003,2026-01-18 13:35:37
CLK-001881,FNP-U01066,AD-003,CMP-001,2026-01-12 00:28:29
CLK-003463,FNP-U08774,AD-022,CMP-006,2026-01-20 13:38:05
CLK-005488,FNP-U02420,AD-001,CMP-001,2026-01-28 10:04:19
CLK-005196,FNP-U09104,AD-007,CMP-002,2026-01-09 18:27:16
CLK-003640,FNP-U03824,AD-009,CMP-003,2026-02-13 13:43:51
CLK-004585,FNP-U09563,AD-008,CMP-002,2026-01-15 09:48:14
CLK-002058,FNP-U09382,AD-004,CMP-001,2026-01-29 21:52:08
CLK-005938,FNP-U06797,AD-013,CMP-004,2026-02-28 06:41:10
CLK-005898,FNP-U08841,AD-010,CMP-003,2026-02-19 18:30:09
CLK-005807,FNP-U00301,AD-008,CMP-002,2026-01-03 13:54:41
CLK-000301,FNP-U01081,AD-019,CMP-005,2026-02-11 06:22:53
CLK-000381,FNP-U02152,AD-016,CMP-004,2026-01-05 09:23:21
CLK-001724,FNP-U07514,AD-007,CMP-002,2026-01-08 13:54:17
CLK-001609,FNP-U06832,AD-003,CMP-001,2026-02-10 13:56:09
CLK-003510,FNP-U09044,AD-017,CMP-005,2026-03-14 18:51:00
CLK-001050,FNP-U01881,AD-008,CMP-002,2026-01-15 13:45:55
CLK-001475,FNP-U01437,AD-002,CMP-001,2026-02-05 21:19:01
CLK-005207,FNP-U01287,AD-002,CMP-001,2026-02-03 09:10:08
CLK-003478,FNP-U03086,AD-008,CMP-002,2026-01-24 18:23:27
CLK-005385,FNP-U04877,AD-024,CMP-006,2026-02-07 13:42:25
CLK-003161,FNP-U03932,AD-013,CMP-004,2026-01-28 13:58:00
CLK-004330,FNP-U06121,AD-015,CMP-004,2026-03-07 06:57:47
CLK-002084,FNP-U09921,AD-019,CMP-005,2026-03-24 09:59:06
CLK-001585,FNP-U04996,AD-002,CMP-001,2026-02-25 13:48:28
CLK-005570,FNP-U04983,AD-010,CMP-003,2026-02-19 09:59:05
CLK-001574,FNP-U07596,AD-007,CMP-002,2026-02-06 09:58:42
CLK-005335,FNP-U06263,AD-017,CMP-005,2026-03-13 21:15:45
CLK-001073,FNP-U02092,AD-017,CMP-005,2026-01-11 13:51:02
CLK-005565,FNP-U09872,AD-017,CMP-005,2026-01-26 18:11:44
CLK-002697,FNP-U03837,AD-010,CMP-003,2026-01-08 06:19:42
CLK-000467,FNP-U01323,AD-001,CMP-001,2026-03-15 21:17:41
CLK-000264,FNP-U07702,AD-021,CMP-006,2026-02-15 18:54:33
CLK-002859,FNP-U04899,AD-004,CMP-001,2026-02-17 06:49:54
CLK-004816,FNP-U04892,AD-017,CMP-005,2026-02-08 09:24:16
CLK-002669,FNP-U02134,AD-015,CMP-004,2026-03-16 00:21:16
CLK-005841,FNP-U06097,AD-011,CMP-003,2026-02-11 01:02:22
CLK-003757,FNP-U02585,AD-015,CMP-004,2026-03-03 00:20:29
CLK-001975,FNP-U05025,AD-017,CMP-005,2026-01-30 13:40:13
CLK-005559,FNP-U09829,AD-017,CMP-005,2026-02-18 13:38:47
CLK-001427,FNP-U03628,AD-014,CMP-004,2026-03-08 06:36:51
CLK-002436,FNP-U01605,AD-012,CMP-003,2026-02-11 09:21:35
CLK-001541,FNP-U00623,AD-007,CMP-002,2026-01-25 21:49:42
CLK-002366,FNP-U08244,AD-002,CMP-001,2026-03-31 13:56:35
CLK-003000,FNP-U02737,AD-012,CMP-003,2026-03-14 18:07:47
CLK-001276,FNP-U06465,AD-015,CMP-004,2026-03-08 19:01:07
CLK-002708,FNP-U02271,AD-017,CMP-005,2026-01-05 09:38:51
CLK-004644,FNP-U05066,AD-003,CMP-001,2026-02-18 06:17:22
CLK-001892,FNP-U03406,AD-006,CMP-002,2026-01-18 14:08:16
CLK-003625,FNP-U00711,AD-017,CMP-005,2026-01-24 13:07:08
CLK-004659,FNP-U00385,AD-017,CMP-005,2026-02-24 18:19:19
CLK-000485,FNP-U02057,AD-003,CMP-001,2026-03-18 13:39:45
CLK-002370,FNP-U04985,AD-007,CMP-002,2026-01-23 13:11:54
CLK-000100,FNP-U01183,AD-001,CMP-001,2026-01-06 18:45:40
CLK-004237,FNP-U06170,AD-010,CMP-003,2026-03-10 13:41:40
CLK-001793,FNP-U08333,AD-013,CMP-004,2026-01-31 09:24:18
CLK-003988,FNP-U04345,AD-019,CMP-005,2026-02-02 14:08:46
CLK-003378,FNP-U05083,AD-014,CMP-004,2026-02-26 21:33:36
CLK-002636,FNP-U03908,AD-016,CMP-004,2026-02-25 18:30:39
CLK-002194,FNP-U01244,AD-006,CMP-002,2026-01-11 13:17:30
CLK-004776,FNP-U02323,AD-021,CMP-006,2026-01-14 21:54:03
CLK-002002,FNP-U03667,AD-015,CMP-004,2026-03-09 18:51:11
CLK-001424,FNP-U06330,AD-015,CMP-004,2026-03-25 13:51:38
CLK-000131,FNP-U01056,AD-021,CMP-006,2026-01-17 06:29:51
CLK-000116,FNP-U08149,AD-001,CMP-001,2026-01-09 00:18:20
CLK-001841,FNP-U04251,AD-018,CMP-005,2026-01-15 13:13:54
CLK-004366,FNP-U07762,AD-012,CMP-003,2026-02-18 09:44:14
CLK-001258,FNP-U04752,AD-012,CMP-003,2026-02-13 00:26:48
CLK-005439,FNP-U08839,AD-005,CMP-002,2026-03-25 06:12:30
CLK-003305,FNP-U02851,AD-011,CMP-003,2026-03-06 18:38:57
CLK-001001,FNP-U08861,AD-004,CMP-001,2026-02-08 13:09:19
CLK-002877,FNP-U09743,AD-006,CMP-002,2026-02-26 09:10:11
CLK-005945,FNP-U04005,AD-017,CMP-005,2026-01-10 18:22:25
CLK-003971,FNP-U08743,AD-015,CMP-004,2026-03-20 09:11:29
CLK-002016,FNP-U05647,AD-015,CMP-004,2026-02-06 09:37:45
CLK-005665,FNP-U07130,AD-004,CMP-001,2026-01-06 09:57:39
CLK-004938,FNP-U02032,AD-004,CMP-001,2026-01-22 18:48:29
CLK-004862,FNP-U05827,AD-017,CMP-005,2026-03-05 10:00:53
CLK-001770,FNP-U05373,AD-010,CMP-003,2026-01-10 13:41:11
CLK-004678,FNP-U04184,AD-009,CMP-003,2026-03-20 21:42:48
CLK-002406,FNP-U09891,AD-004,CMP-001,2026-02-06 14:10:24
CLK-004607,FNP-U05281,AD-004,CMP-001,2026-02-22 21:21:28
CLK-004030,FNP-U08696,AD-022,CMP-006,2026-01-31 14:03:36
CLK-003784,FNP-U09066,AD-005,CMP-002,2026-03-15 13:26:21
CLK-003910,FNP-U02450,AD-012,CMP-003,2026-01-13 21:57:26
CLK-005443,FNP-U00144,AD-006,CMP-002,2026-03-08 18:23:36
CLK-001300,FNP-U06387,AD-008,CMP-002,2026-03-11 09:44:59
CLK-004757,FNP-U05629,AD-002,CMP-001,2026-03-05 21:55:25
CLK-004074,FNP-U03680,AD-003,CMP-001,2026-03-20 19:02:09
CLK-002362,FNP-U03271,AD-021,CMP-006,2026-03-19 13:10:51
CLK-003888,FNP-U08439,AD-017,CMP-005,2026-02-08 18:50:53
CLK-002782,FNP-U03254,AD-004,CMP-001,2026-03-08 18:20:22
CLK-003747,FNP-U06946,AD-015,CMP-004,2026-01-02 18:42:36
CLK-000341,FNP-U08370,AD-010,CMP-003,2026-01-04 13:41:08
CLK-005432,FNP-U07051,AD-011,CMP-003,2026-03-22 21:39:59
CLK-003940,FNP-U08844,AD-001,CMP-001,2026-02-19 13:47:01
CLK-001464,FNP-U06850,AD-001,CMP-001,2026-03-23 06:39:26
CLK-002760,FNP-U06222,AD-013,CMP-004,2026-01-29 09:55:08
CLK-001773,FNP-U08912,AD-004,CMP-001,2026-01-23 18:19:42
CLK-003354,FNP-U03573,AD-002,CMP-001,2026-03-20 18:53:10
CLK-000326,FNP-U05539,AD-008,CMP-002,2026-01-18 10:01:49
CLK-003490,FNP-U04376,AD-009,CMP-003,2026-02-02 09:21:04
CLK-004782,FNP-U01144,AD-019,CMP-005,2026-01-15 21:27:21
CLK-001648,FNP-U08893,AD-017,CMP-005,2026-03-18 18:21:11
CLK-002423,FNP-U04335,AD-010,CMP-003,2026-01-23 06:49:43
CLK-000093,FNP-U08726,AD-014,CMP-004,2026-03-02 10:03:29
CLK-004618,FNP-U07460,AD-003,CMP-001,2026-02-06 13:49:22
CLK-004576,FNP-U08830,AD-017,CMP-005,2026-02-07 21:16:49
CLK-003893,FNP-U05882,AD-008,CMP-002,2026-01-14 13:58:38
CLK-001741,FNP-U05318,AD-012,CMP-003,2026-03-08 13:27:01
CLK-001021,FNP-U01337,AD-017,CMP-005,2026-02-24 21:01:26
CLK-001355,FNP-U08038,AD-016,CMP-004,2026-01-28 09:05:14
CLK-005027,FNP-U08953,AD-008,CMP-002,2026-02-03 06:42:06
CLK-005902,FNP-U01480,AD-015,CMP-004,2026-01-16 18:13:27
CLK-005553,FNP-U05404,AD-016,CMP-004,2026-03-07 10:03:46
CLK-000144,FNP-U02172,AD-008,CMP-002,2026-01-28 14:04:47
CLK-004934,FNP-U01168,AD-008,CMP-002,2026-03-05 10:00:35
CLK-003769,FNP-U02794,AD-017,CMP-005,2026-03-12 21:21:23
CLK-001672,FNP-U03740,AD-004,CMP-001,2026-01-30 13:45:57
CLK-005029,FNP-U00197,AD-008,CMP-002,2026-02-28 13:10:03
CLK-002398,FNP-U08259,AD-004,CMP-001,2026-01-08 21:42:30
CLK-000290,FNP-U03394,AD-010,CMP-003,2026-02-16 09:26:46
CLK-000956,FNP-U01492,AD-003,CMP-001,2026-02-23 13:47:32
CLK-003894,FNP-U09754,AD-007,CMP-002,2026-02-06 06:52:37
CLK-001094,FNP-U03011,AD-017,CMP-005,2026-03-19 18:45:06
CLK-003662,FNP-U03335,AD-008,CMP-002,2026-03-08 21:26:51
CLK-004685,FNP-U08193,AD-012,CMP-003,2026-02-19 18:07:08
CLK-005148,FNP-U01059,AD-017,CMP-005,2026-03-23 18:38:43
CLK-004470,FNP-U07803,AD-006,CMP-002,2026-01-07 07:13:27
CLK-002856,FNP-U06117,AD-020,CMP-005,2026-02-07 09:49:12
CLK-004243,FNP-U03616,AD-003,CMP-001,2026-01-26 09:40:17
CLK-002443,FNP-U09822,AD-015,CMP-004,2026-03-12 06:09:38
CLK-003847,FNP-U04565,AD-004,CMP-001,2026-02-18 21:47:09
CLK-001136,FNP-U04735,AD-016,CMP-004,2026-01-21 13:48:56
CLK-002238,FNP-U01419,AD-018,CMP-005,2026-02-18 18:22:33
CLK-000565,FNP-U06741,AD-006,CMP-002,2026-02-14 13:34:36
CLK-001643,FNP-U04537,AD-013,CMP-004,2026-01-16 18:40:37
CLK-001833,FNP-U04087,AD-022,CMP-006,2026-01-22 19:07:57
CLK-001564,FNP-U04342,AD-006,CMP-002,2026-03-11 13:54:00
CLK-000746,FNP-U05861,AD-017,CMP-005,2026-02-12 00:29:35
CLK-004138,FNP-U03372,AD-017,CMP-005,2026-01-05 06:27:55
CLK-000468,FNP-U07714,AD-008,CMP-002,2026-03-19 13:06:20
CLK-000419,FNP-U06658,AD-005,CMP-002,2026-03-11 13:42:57
CLK-003693,FNP-U09054,AD-008,CMP-002,2026-02-22 06:11:51
CLK-001910,FNP-U09756,AD-012,CMP-003,2026-01-27 13:56:52
CLK-005601,FNP-U08571,AD-004,CMP-001,2026-02-12 21:43:47
CLK-002008,FNP-U04309,AD-004,CMP-001,2026-02-14 18:48:09
CLK-000331,FNP-U07411,AD-009,CMP-003,2026-02-26 21:30:01
CLK-001395,FNP-U07734,AD-005,CMP-002,2026-01-26 13:43:10
CLK-004492,FNP-U04784,AD-016,CMP-004,2026-01-13 06:45:07
CLK-003990,FNP-U05302,AD-019,CMP-005,2026-02-09 18:07:28
CLK-000384,FNP-U09134,AD-005,CMP-002,2026-01-31 21:15:20
CLK-003720,FNP-U05163,AD-005,CMP-002,2026-01-27 14:03:53
CLK-005323,FNP-U06208,AD-003,CMP-001,2026-03-27 14:07:47
CLK-003597,FNP-U08651,AD-001,CMP-001,2026-01-06 13:55:55
CLK-002359,FNP-U07820,AD-009,CMP-003,2026-01-30 21:37:34
CLK-000683,FNP-U07278,AD-021,CMP-006,2026-02-23 14:02:37
CLK-002361,FNP-U06791,AD-004,CMP-001,2026-03-06 06:29:34
CLK-003075,FNP-U02187,AD-017,CMP-005,2026-01-17 06:17:41
CLK-001811,FNP-U07109,AD-017,CMP-005,2026-03-20 13:34:08
CLK-000858,FNP-U09222,AD-004,CMP-001,2026-03-09 06:24:50
CLK-003528,FNP-U07791,AD-008,CMP-002,2026-01-17 19:10:46
CLK-005774,FNP-U02461,AD-013,CMP-004,2026-01-12 06:48:38
CLK-004308,FNP-U04652,AD-013,CMP-004,2026-02-12 14:02:30
CLK-003855,FNP-U03172,AD-007,CMP-002,2026-01-22 14:04:04
CLK-001430,FNP-U04370,AD-015,CMP-004,2026-02-19 21:15:23
CLK-004459,FNP-U00460,AD-021,CMP-006,2026-01-01 13:23:56
CLK-005457,FNP-U05770,AD-009,CMP-003,2026-03-23 18:28:27
CLK-004232,FNP-U09281,AD-021,CMP-006,2026-03-04 09:58:07
CLK-001018,FNP-U06190,AD-004,CMP-001,2026-02-07 06:45:48
CLK-000731,FNP-U09599,AD-019,CMP-005,2026-02-15 21:14:52
CLK-005653,FNP-U06688,AD-006,CMP-002,2026-03-22 18:05:47
CLK-005289,FNP-U03857,AD-001,CMP-001,2026-01-18 13:19:35
CLK-003692,FNP-U00927,AD-008,CMP-002,2026-01-02 21:26:16
CLK-006000,FNP-U00835,AD-004,CMP-001,2026-02-05 21:24:10
CLK-003115,FNP-U09225,AD-008,CMP-002,2026-03-20 13:05:52
CLK-002747,FNP-U03506,AD-010,CMP-003,2026-01-09 22:03:01
CLK-002616,FNP-U05152,AD-004,CMP-001,2026-03-19 09:36:00
CLK-001097,FNP-U04726,AD-015,CMP-004,2026-03-24 18:20:55
CLK-000121,FNP-U08607,AD-007,CMP-002,2026-02-02 13:19:28
CLK-005739,FNP-U01480,AD-020,CMP-005,2026-01-28 13:18:11
CLK-002355,FNP-U01389,AD-019,CMP-005,2026-03-29 18:19:46
CLK-002048,FNP-U03774,AD-008,CMP-002,2026-01-13 10:00:08
CLK-002433,FNP-U01899,AD-001,CMP-001,2026-01-14 14:03:35
CLK-004767,FNP-U06541,AD-004,CMP-001,2026-03-18 09:36:56
CLK-005214,FNP-U08425,AD-008,CMP-002,2026-03-27 18:31:26
CLK-003314,FNP-U03431,AD-009,CMP-003,2026-01-07 21:44:04
CLK-005802,FNP-U09094,AD-012,CMP-003,2026-03-12 09:32:30
CLK-001685,FNP-U02595,AD-021,CMP-006,2026-01-08 14:03:45
CLK-004670,FNP-U07619,AD-021,CMP-006,2026-01-28 18:58:34
CLK-000205,FNP-U03763,AD-006,CMP-002,2026-03-08 14:01:57
CLK-004255,FNP-U03205,AD-013,CMP-004,2026-01-07 09:19:48
CLK-003026,FNP-U02031,AD-010,CMP-003,2026-01-18 09:43:32
CLK-000206,FNP-U04542,AD-008,CMP-002,2026-02-24 21:45:18
CLK-005845,FNP-U08311,AD-017,CMP-005,2026-03-23 09:37:22
CLK-000960,FNP-U03223,AD-008,CMP-002,2026-01-08 13:14:27
CLK-000993,FNP-U07601,AD-004,CMP-001,2026-02-17 21:21:08
CLK-000181,FNP-U07180,AD-015,CMP-004,2026-02-13 18:25:35
CLK-000847,FNP-U03397,AD-007,CMP-002,2026-02-09 13:35:30
CLK-002819,FNP-U05673,AD-004,CMP-001,2026-01-07 06:38:11
CLK-004823,FNP-U07276,AD-015,CMP-004,2026-01-09 09:54:50
CLK-001458,FNP-U01438,AD-001,CMP-001,2026-02-20 21:40:37
CLK-002495,FNP-U07943,AD-010,CMP-003,2026-03-09 13:39:48
CLK-000031,FNP-U06827,AD-001,CMP-001,2026-01-08 21:58:46
CLK-001457,FNP-U04430,AD-012,CMP-003,2026-02-03 13:31:27
CLK-005106,FNP-U01002,AD-002,CMP-001,2026-02-02 09:09:29
CLK-000982,FNP-U01517,AD-001,CMP-001,2026-02-22 13:37:54
CLK-004549,FNP-U01746,AD-004,CMP-001,2026-01-03 22:03:16
CLK-000168,FNP-U02109,AD-007,CMP-002,2026-01-18 09:37:07
CLK-003663,FNP-U09422,AD-006,CMP-002,2026-01-15 09:56:20
CLK-000451,FNP-U03917,AD-010,CMP-003,2026-03-28 14:05:09
CLK-000977,FNP-U08795,AD-012,CMP-003,2026-01-08 06:28:08
CLK-000891,FNP-U08306,AD-001,CMP-001,2026-01-28 21:03:33
CLK-004404,FNP-U00167,AD-018,CMP-005,2026-01-29 18:33:48
CLK-000672,FNP-U08358,AD-005,CMP-002,2026-01-25 18:56:46
CLK-005212,FNP-U04190,AD-012,CMP-003,2026-03-07 18:53:28
CLK-002618,FNP-U03401,AD-010,CMP-003,2026-01-06 06:18:45
CLK-001923,FNP-U07952,AD-002,CMP-001,2026-01-27 14:04:49
CLK-004201,FNP-U06369,AD-019,CMP-005,2026-03-12 13:10:19
CLK-001895,FNP-U04359,AD-007,CMP-002,2026-02-15 09:51:48
CLK-001358,FNP-U05722,AD-016,CMP-004,2026-02-13 13:46:51
CLK-002571,FNP-U01836,AD-017,CMP-005,2026-03-05 13:59:12
CLK-002814,FNP-U04076,AD-009,CMP-003,2026-02-10 13:34:22
CLK-002833,FNP-U05162,AD-010,CMP-003,2026-01-11 06:38:49
CLK-005514,FNP-U04431,AD-013,CMP-004,2026-01-06 13:50:10
CLK-003362,FNP-U08655,AD-011,CMP-003,2026-02-02 09:40:52
CLK-000072,FNP-U07741,AD-021,CMP-006,2026-01-31 13:34:33
CLK-005282,FNP-U08604,AD-017,CMP-005,2026-01-23 09:40:32
CLK-003870,FNP-U08574,AD-010,CMP-003,2026-03-06 09:14:27
CLK-001938,FNP-U08357,AD-019,CMP-005,2026-02-03 13:40:28
CLK-001727,FNP-U08907,AD-021,CMP-006,2026-01-14 10:02:50
CLK-004032,FNP-U05216,AD-015,CMP-004,2026-02-02 06:10:15
CLK-004664,FNP-U07897,AD-008,CMP-002,2026-01-19 13:42:38
CLK-001336,FNP-U06069,AD-012,CMP-003,2026-01-03 09:19:38
CLK-003593,FNP-U09911,AD-023,CMP-006,2026-02-05 21:37:01
CLK-000640,FNP-U06756,AD-004,CMP-001,2026-02-12 13:30:36
CLK-004265,FNP-U06057,AD-013,CMP-004,2026-02-12 09:18:04
CLK-000328,FNP-U01452,AD-012,CMP-003,2026-03-21 09:19:43
CLK-000541,FNP-U02260,AD-004,CMP-001,2026-01-14 09:26:15
CLK-000555,FNP-U00705,AD-010,CMP-003,2026-03-10 21:44:39
CLK-004754,FNP-U00582,AD-008,CMP-002,2026-01-21 18:12:59
CLK-004341,FNP-U06379,AD-005,CMP-002,2026-03-26 21:53:17
CLK-000862,FNP-U05030,AD-001,CMP-001,2026-01-01 09:17:58
CLK-000179,FNP-U08303,AD-012,CMP-003,2026-01-07 18:35:46
CLK-001606,FNP-U02649,AD-017,CMP-005,2026-01-07 06:55:11
CLK-003015,FNP-U05479,AD-008,CMP-002,2026-02-06 18:35:54
CLK-004461,FNP-U06375,AD-021,CMP-006,2026-02-20 13:43:29
CLK-001344,FNP-U05389,AD-010,CMP-003,2026-03-06 13:43:28
CLK-005908,FNP-U09455,AD-017,CMP-005,2026-02-23 13:56:30
CLK-005257,FNP-U00907,AD-002,CMP-001,2026-02-07 10:11:25
CLK-005932,FNP-U02120,AD-013,CMP-004,2026-03-18 09:16:50
CLK-002299,FNP-U04961,AD-001,CMP-001,2026-03-23 18:22:46
CLK-001002,FNP-U00331,AD-008,CMP-002,2026-01-10 18:19:11
CLK-003337,FNP-U02281,AD-007,CMP-002,2026-03-19 13:47:05
CLK-003117,FNP-U02310,AD-002,CMP-001,2026-01-20 21:54:12
CLK-001054,FNP-U03037,AD-011,CMP-003,2026-01-27 13:36:08
CLK-004893,FNP-U02989,AD-015,CMP-004,2026-01-26 18:08:25
CLK-003519,FNP-U02112,AD-013,CMP-004,2026-01-26 14:02:24
CLK-000817,FNP-U07822,AD-005,CMP-002,2026-03-13 18:34:15
CLK-004971,FNP-U04601,AD-020,CMP-005,2026-03-29 09:18:23
CLK-001033,FNP-U04322,AD-021,CMP-006,2026-03-04 21:25:43
CLK-001642,FNP-U06723,AD-011,CMP-003,2026-01-23 13:18:15
CLK-000118,FNP-U03167,AD-012,CMP-003,2026-03-17 13:22:51
CLK-002201,FNP-U09172,AD-003,CMP-001,2026-02-19 13:38:57
CLK-000013,FNP-U07113,AD-010,CMP-003,2026-02-14 18:37:46
CLK-002732,FNP-U08736,AD-005,CMP-002,2026-03-27 06:51:42
CLK-002586,FNP-U07073,AD-005,CMP-002,2026-03-22 18:53:36
CLK-002666,FNP-U02782,AD-007,CMP-002,2026-03-21 18:57:21
CLK-000668,FNP-U08122,AD-001,CMP-001,2026-03-27 09:56:02
CLK-005263,FNP-U04092,AD-004,CMP-001,2026-02-16 21:34:34
CLK-003653,FNP-U05762,AD-001,CMP-001,2026-03-26 09:33:57
CLK-001304,FNP-U01454,AD-018,CMP-005,2026-01-12 06:15:54
CLK-000650,FNP-U05415,AD-015,CMP-004,2026-03-18 18:38:40
CLK-002162,FNP-U07573,AD-010,CMP-003,2026-01-18 18:16:06
CLK-004413,FNP-U03299,AD-018,CMP-005,2026-01-29 18:41:43
CLK-001165,FNP-U05596,AD-012,CMP-003,2026-02-28 18:31:57
CLK-000248,FNP-U00176,AD-016,CMP-004,2026-01-29 10:07:29
CLK-000703,FNP-U00580,AD-008,CMP-002,2026-03-29 09:32:29
CLK-002881,FNP-U09878,AD-006,CMP-002,2026-01-31 13:45:59
CLK-003932,FNP-U01543,AD-022,CMP-006,2026-03-28 13:26:57
CLK-004672,FNP-U04843,AD-001,CMP-001,2026-03-17 06:24:41
CLK-004848,FNP-U03093,AD-014,CMP-004,2026-02-02 00:31:08
CLK-000923,FNP-U09605,AD-001,CMP-001,2026-03-23 13:59:49
CLK-003319,FNP-U08470,AD-006,CMP-002,2026-01-05 10:03:08
CLK-000438,FNP-U04036,AD-021,CMP-006,2026-01-30 09:42:08
CLK-000382,FNP-U03406,AD-010,CMP-003,2026-01-08 13:13:39
CLK-000357,FNP-U02535,AD-018,CMP-005,2026-03-09 18:43:02
CLK-005141,FNP-U06454,AD-012,CMP-003,2026-01-04 14:01:39
CLK-003315,FNP-U04701,AD-020,CMP-005,2026-03-18 21:32:13
CLK-003788,FNP-U08310,AD-008,CMP-002,2026-03-08 06:26:44
CLK-003376,FNP-U06734,AD-015,CMP-004,2026-03-18 09:09:45
CLK-005674,FNP-U08615,AD-006,CMP-002,2026-03-20 13:17:56
CLK-000058,FNP-U02783,AD-004,CMP-001,2026-03-20 00:44:27
CLK-003647,FNP-U04590,AD-011,CMP-003,2026-03-28 13:41:11
CLK-002961,FNP-U02385,AD-021,CMP-006,2026-03-18 09:17:13
CLK-003868,FNP-U05222,AD-008,CMP-002,2026-01-12 07:11:58
CLK-002435,FNP-U06712,AD-017,CMP-005,2026-03-26 13:17:13
CLK-005059,FNP-U03846,AD-019,CMP-005,2026-02-11 06:20:37
CLK-005707,FNP-U07451,AD-004,CMP-001,2026-02-07 13:19:22
CLK-003332,FNP-U09816,AD-012,CMP-003,2026-02-06 09:52:55
CLK-002955,FNP-U01894,AD-011,CMP-003,2026-01-02 22:06:50
CLK-005117,FNP-U00694,AD-006,CMP-002,2026-01-12 13:41:21
CLK-005512,FNP-U08334,AD-017,CMP-005,2026-02-12 19:03:31
CLK-003863,FNP-U01299,AD-016,CMP-004,2026-03-01 10:10:24
CLK-000184,FNP-U08938,AD-018,CMP-005,2026-02-02 09:14:44
CLK-000296,FNP-U03859,AD-008,CMP-002,2026-03-12 13:28:30
CLK-002630,FNP-U06706,AD-015,CMP-004,2026-01-27 22:01:32
CLK-002484,FNP-U02223,AD-017,CMP-005,2026-02-12 06:59:59
CLK-004961,FNP-U07888,AD-012,CMP-003,2026-02-03 18:53:22
CLK-004174,FNP-U03305,AD-017,CMP-005,2026-03-24 21:37:21
CLK-001107,FNP-U09447,AD-009,CMP-003,2026-02-14 21:30:35
CLK-003372,FNP-U09041,AD-019,CMP-005,2026-01-16 18:59:03
CLK-002700,FNP-U00514,AD-008,CMP-002,2026-03-16 09:27:53
CLK-001618,FNP-U01139,AD-004,CMP-001,2026-01-11 21:46:15
CLK-001556,FNP-U08486,AD-004,CMP-001,2026-03-26 10:05:10
CLK-002835,FNP-U02899,AD-003,CMP-001,2026-03-28 13:36:55
CLK-000320,FNP-U04224,AD-013,CMP-004,2026-03-12 21:57:10
CLK-005915,FNP-U08034,AD-015,CMP-004,2026-03-27 00:53:20
CLK-003012,FNP-U01600,AD-020,CMP-005,2026-03-05 09:51:41
CLK-004392,FNP-U02452,AD-004,CMP-001,2026-01-12 13:24:04
CLK-003013,FNP-U06408,AD-004,CMP-001,2026-02-04 13:15:13
CLK-002325,FNP-U03085,AD-005,CMP-002,2026-01-28 00:25:26
CLK-001466,FNP-U00922,AD-010,CMP-003,2026-01-16 13:52:47
CLK-001921,FNP-U06406,AD-007,CMP-002,2026-02-02 13:40:31
CLK-003539,FNP-U03250,AD-005,CMP-002,2026-01-06 13:14:13
CLK-004066,FNP-U02679,AD-021,CMP-006,2026-01-01 13:27:19
CLK-000661,FNP-U06459,AD-009,CMP-003,2026-02-08 09:23:11
CLK-001121,FNP-U00473,AD-013,CMP-004,2026-03-20 09:52:12
CLK-003167,FNP-U06096,AD-014,CMP-004,2026-03-09 13:24:20
CLK-004728,FNP-U07299,AD-001,CMP-001,2026-02-17 13:18:43
CLK-004717,FNP-U06343,AD-020,CMP-005,2026-01-27 21:16:44
CLK-002769,FNP-U08606,AD-013,CMP-004,2026-02-17 13:30:13
CLK-001515,FNP-U04011,AD-011,CMP-003,2026-01-25 09:42:01
CLK-001070,FNP-U02120,AD-002,CMP-001,2026-02-20 06:20:52
CLK-002173,FNP-U02155,AD-008,CMP-002,2026-02-17 18:21:21
CLK-002452,FNP-U05438,AD-013,CMP-004,2026-03-06 00:30:33
CLK-005237,FNP-U06246,AD-001,CMP-001,2026-03-26 18:25:38
CLK-003687,FNP-U08313,AD-002,CMP-001,2026-01-20 09:29:43
CLK-004296,FNP-U09658,AD-010,CMP-003,2026-01-24 21:56:35
CLK-000257,FNP-U03227,AD-021,CMP-006,2026-02-13 13:42:37
CLK-002502,FNP-U02769,AD-018,CMP-005,2026-03-26 13:52:12
CLK-001261,FNP-U09979,AD-014,CMP-004,2026-03-06 19:07:23
CLK-003655,FNP-U01324,AD-011,CMP-003,2026-03-14 06:17:40
CLK-004886,FNP-U09734,AD-013,CMP-004,2026-02-19 18:30:12
CLK-000821,FNP-U01370,AD-016,CMP-004,2026-03-18 13:22:15
CLK-000437,FNP-U06644,AD-008,CMP-002,2026-01-07 09:29:37
CLK-003118,FNP-U02793,AD-002,CMP-001,2026-02-04 21:15:30
CLK-001152,FNP-U09163,AD-008,CMP-002,2026-01-07 21:25:56
CLK-004849,FNP-U02516,AD-013,CMP-004,2026-02-27 09:37:37
CLK-003442,FNP-U08187,AD-018,CMP-005,2026-02-27 13:27:06
CLK-002761,FNP-U04892,AD-008,CMP-002,2026-01-27 09:20:45
CLK-002430,FNP-U07028,AD-008,CMP-002,2026-02-09 21:57:55
CLK-000542,FNP-U03745,AD-004,CMP-001,2026-01-15 19:02:33
CLK-000574,FNP-U08880,AD-018,CMP-005,2026-01-16 13:06:41
CLK-001096,FNP-U08759,AD-018,CMP-005,2026-03-19 09:48:01
CLK-004591,FNP-U01458,AD-021,CMP-006,2026-02-18 00:56:26
CLK-005222,FNP-U04956,AD-014,CMP-004,2026-02-25 13:47:41
CLK-004569,FNP-U03249,AD-017,CMP-005,2026-01-13 18:58:26
CLK-003906,FNP-U00076,AD-005,CMP-002,2026-02-12 18:21:20
CLK-004580,FNP-U06382,AD-004,CMP-001,2026-02-07 14:09:15
CLK-003486,FNP-U02086,AD-009,CMP-003,2026-02-28 13:47:17
CLK-002933,FNP-U06508,AD-012,CMP-003,2026-02-11 18:38:01
CLK-000678,FNP-U01602,AD-015,CMP-004,2026-03-28 21:29:41
CLK-005118,FNP-U06261,AD-013,CMP-004,2026-03-17 09:04:41
CLK-004421,FNP-U04909,AD-017,CMP-005,2026-01-20 18:43:33
CLK-005718,FNP-U06832,AD-002,CMP-001,2026-01-12 18:52:52
CLK-002971,FNP-U04240,AD-021,CMP-006,2026-02-03 18:11:43
CLK-002132,FNP-U09521,AD-014,CMP-004,2026-01-03 18:11:39
CLK-005140,FNP-U04855,AD-008,CMP-002,2026-03-17 13:02:51
CLK-001432,FNP-U04150,AD-004,CMP-001,2026-03-06 21:37:55
CLK-005239,FNP-U05680,AD-010,CMP-003,2026-02-19 13:11:26
CLK-004372,FNP-U01748,AD-011,CMP-003,2026-03-02 18:42:23
CLK-000511,FNP-U02216,AD-008,CMP-002,2026-02-15 09:08:18
CLK-000259,FNP-U09441,AD-018,CMP-005,2026-01-20 21:38:59
CLK-001249,FNP-U09905,AD-018,CMP-005,2026-01-09 09:24:33
CLK-002904,FNP-U02874,AD-021,CMP-006,2026-03-13 06:35:54
CLK-002371,FNP-U05128,AD-010,CMP-003,2026-01-05 18:34:24
CLK-002851,FNP-U00733,AD-019,CMP-005,2026-03-03 09:37:09
CLK-002791,FNP-U05452,AD-002,CMP-001,2026-02-10 21:15:01
CLK-002464,FNP-U05413,AD-002,CMP-001,2026-02-26 18:43:32
CLK-002499,FNP-U01392,AD-008,CMP-002,2026-01-07 13:17:47
CLK-004290,FNP-U01051,AD-013,CMP-004,2026-01-16 09:57:19
CLK-003912,FNP-U03444,AD-017,CMP-005,2026-01-18 13:50:32
CLK-000115,FNP-U02719,AD-022,CMP-006,2026-03-08 13:43:50
CLK-002520,FNP-U03641,AD-004,CMP-001,2026-02-03 13:59:37
CLK-004996,FNP-U00369,AD-002,CMP-001,2026-01-04 09:47:43
CLK-002301,FNP-U00449,AD-004,CMP-001,2026-03-17 00:14:26
CLK-001534,FNP-U00569,AD-008,CMP-002,2026-01-21 13:11:49
CLK-001403,FNP-U05714,AD-020,CMP-005,2026-02-09 18:16:01
CLK-005720,FNP-U01935,AD-019,CMP-005,2026-01-01 09:10:22
CLK-002644,FNP-U04569,AD-022,CMP-006,2026-01-12 13:22:27
CLK-005714,FNP-U04011,AD-012,CMP-003,2026-02-20 21:35:25
CLK-000588,FNP-U07123,AD-018,CMP-005,2026-03-13 13:53:30
CLK-005605,FNP-U08163,AD-002,CMP-001,2026-03-09 09:20:18
CLK-001408,FNP-U05166,AD-012,CMP-003,2026-02-15 00:23:20
CLK-004192,FNP-U02909,AD-009,CMP-003,2026-03-02 06:47:34
CLK-004325,FNP-U05986,AD-013,CMP-004,2026-03-30 13:20:55
CLK-003576,FNP-U03539,AD-017,CMP-005,2026-03-18 13:51:56
CLK-003299,FNP-U04505,AD-001,CMP-001,2026-02-01 21:47:38
CLK-004022,FNP-U09861,AD-015,CMP-004,2026-01-10 07:11:03
CLK-003767,FNP-U06684,AD-008,CMP-002,2026-01-16 13:38:53
CLK-002773,FNP-U09740,AD-018,CMP-005,2026-02-05 13:52:05
CLK-001421,FNP-U00358,AD-005,CMP-002,2026-03-09 13:48:04
CLK-000521,FNP-U08119,AD-003,CMP-001,2026-02-27 13:35:11
CLK-000322,FNP-U08521,AD-010,CMP-003,2026-01-06 06:41:31
CLK-005069,FNP-U01159,AD-006,CMP-002,2026-02-27 21:26:11
CLK-001878,FNP-U04738,AD-004,CMP-001,2026-01-17 19:01:17
CLK-005469,FNP-U01082,AD-001,CMP-001,2026-03-15 21:57:47
CLK-004758,FNP-U02733,AD-003,CMP-001,2026-03-05 13:44:53
CLK-002102,FNP-U09118,AD-008,CMP-002,2026-02-28 13:18:18
CLK-000766,FNP-U06989,AD-012,CMP-003,2026-03-19 21:54:04
CLK-004635,FNP-U09727,AD-015,CMP-004,2026-03-10 13:07:36
CLK-000664,FNP-U05315,AD-015,CMP-004,2026-02-04 09:29:10
CLK-002485,FNP-U06255,AD-002,CMP-001,2026-02-01 10:00:52
CLK-004428,FNP-U06709,AD-018,CMP-005,2026-01-27 21:57:06
CLK-000909,FNP-U05892,AD-021,CMP-006,2026-02-24 13:40:24
CLK-004129,FNP-U09331,AD-017,CMP-005,2026-03-16 14:00:46
CLK-004282,FNP-U00510,AD-012,CMP-003,2026-01-26 13:45:27
CLK-004889,FNP-U00078,AD-002,CMP-001,2026-02-09 00:42:54
CLK-003941,FNP-U06527,AD-016,CMP-004,2026-03-12 21:32:08
CLK-004139,FNP-U08555,AD-008,CMP-002,2026-02-11 18:33:39
CLK-005470,FNP-U05169,AD-011,CMP-003,2026-02-03 13:41:18
CLK-001858,FNP-U09781,AD-001,CMP-001,2026-01-28 13:03:43
CLK-000851,FNP-U01386,AD-016,CMP-004,2026-01-04 06:44:07
CLK-001569,FNP-U07379,AD-001,CMP-001,2026-01-10 19:02:52
CLK-000776,FNP-U05276,AD-001,CMP-001,2026-01-10 06:21:30
CLK-004698,FNP-U08631,AD-013,CMP-004,2026-02-16 09:26:17
CLK-002609,FNP-U00596,AD-001,CMP-001,2026-01-12 13:24:56
CLK-004730,FNP-U02289,AD-019,CMP-005,2026-02-10 18:15:34
CLK-004843,FNP-U01122,AD-010,CMP-003,2026-01-11 00:50:21
CLK-003276,FNP-U07081,AD-007,CMP-002,2026-01-07 18:17:21
CLK-004651,FNP-U03726,AD-018,CMP-005,2026-02-17 21:38:24
CLK-000580,FNP-U04703,AD-006,CMP-002,2026-02-10 14:00:34
CLK-005903,FNP-U02635,AD-001,CMP-001,2026-03-10 13:33:05
CLK-001499,FNP-U01174,AD-014,CMP-004,2026-03-10 21:28:07
CLK-002318,FNP-U00293,AD-001,CMP-001,2026-02-10 18:48:39
CLK-000403,FNP-U00410,AD-018,CMP-005,2026-02-18 14:03:03
CLK-002693,FNP-U08809,AD-002,CMP-001,2026-03-05 13:53:13
CLK-002793,FNP-U09365,AD-002,CMP-001,2026-03-26 21:29:22
CLK-003517,FNP-U07255,AD-018,CMP-005,2026-03-21 06:36:08
CLK-004626,FNP-U01412,AD-018,CMP-005,2026-03-25 13:49:27
CLK-000875,FNP-U09409,AD-021,CMP-006,2026-02-11 13:40:24
CLK-002905,FNP-U05673,AD-009,CMP-003,2026-03-15 21:52:08
CLK-005456,FNP-U01252,AD-015,CMP-004,2026-01-31 13:18:44
CLK-001439,FNP-U01642,AD-010,CMP-003,2026-02-13 06:46:13
CLK-003095,FNP-U09222,AD-010,CMP-003,2026-03-13 13:32:16
CLK-002923,FNP-U07032,AD-008,CMP-002,2026-01-15 13:53:25
CLK-000878,FNP-U07381,AD-003,CMP-001,2026-03-16 18:39:12
CLK-003560,FNP-U09643,AD-007,CMP-002,2026-03-11 00:54:07
CLK-004780,FNP-U06813,AD-021,CMP-006,2026-01-20 13:14:03
CLK-000853,FNP-U05069,AD-010,CMP-003,2026-02-28 13:47:39
CLK-002312,FNP-U01577,AD-017,CMP-005,2026-02-26 07:07:29
CLK-004738,FNP-U07791,AD-009,CMP-003,2026-03-30 13:55:14
CLK-005587,FNP-U02237,AD-001,CMP-001,2026-01-27 09:57:32
CLK-001228,FNP-U03564,AD-016,CMP-004,2026-03-31 13:41:19
CLK-001301,FNP-U03650,AD-005,CMP-002,2026-01-10 18:31:14
CLK-001884,FNP-U03287,AD-013,CMP-004,2026-01-16 06:13:51
CLK-003259,FNP-U03258,AD-017,CMP-005,2026-02-15 13:34:38
CLK-002459,FNP-U03382,AD-017,CMP-005,2026-03-20 06:08:06
CLK-004673,FNP-U03384,AD-017,CMP-005,2026-02-01 21:26:04
CLK-004605,FNP-U00569,AD-004,CMP-001,2026-03-09 21:26:29
CLK-000697,FNP-U08955,AD-010,CMP-003,2026-01-24 06:55:39
CLK-005421,FNP-U00776,AD-013,CMP-004,2026-02-16 09:45:26
CLK-001442,FNP-U08674,AD-004,CMP-001,2026-03-27 18:58:41
CLK-002684,FNP-U02905,AD-015,CMP-004,2026-02-07 18:46:36
CLK-002291,FNP-U09205,AD-005,CMP-002,2026-03-14 13:33:22
CLK-001230,FNP-U07901,AD-001,CMP-001,2026-03-07 18:02:56
CLK-005024,FNP-U02674,AD-013,CMP-004,2026-02-06 18:49:29
CLK-003189,FNP-U09274,AD-006,CMP-002,2026-02-23 13:15:47
CLK-004918,FNP-U03490,AD-018,CMP-005,2026-03-27 18:40:46
CLK-001504,FNP-U05266,AD-009,CMP-003,2026-01-15 18:39:59
CLK-002898,FNP-U01930,AD-008,CMP-002,2026-03-23 18:26:34
CLK-004102,FNP-U03880,AD-010,CMP-003,2026-03-20 13:12:12
CLK-000793,FNP-U02411,AD-002,CMP-001,2026-01-26 18:45:23
CLK-005813,FNP-U06837,AD-005,CMP-002,2026-03-23 14:02:43
CLK-000148,FNP-U02196,AD-001,CMP-001,2026-03-10 21:12:13
CLK-004729,FNP-U05129,AD-008,CMP-002,2026-03-16 13:49:31
CLK-004435,FNP-U03137,AD-005,CMP-002,2026-01-20 21:49:41
CLK-004954,FNP-U06672,AD-009,CMP-003,2026-02-07 21:42:16
CLK-002015,FNP-U07779,AD-012,CMP-003,2026-01-30 09:43:59
CLK-005809,FNP-U05713,AD-002,CMP-001,2026-01-13 18:28:27
CLK-004152,FNP-U01568,AD-004,CMP-001,2026-01-29 21:47:34
CLK-001861,FNP-U03101,AD-019,CMP-005,2026-01-23 19:00:49
CLK-002445,FNP-U03173,AD-012,CMP-003,2026-01-05 00:25:38
CLK-003217,FNP-U07871,AD-013,CMP-004,2026-02-22 09:48:57
CLK-000622,FNP-U04111,AD-019,CMP-005,2026-03-25 18:16:11
CLK-005602,FNP-U08932,AD-010,CMP-003,2026-02-12 09:59:13
CLK-001837,FNP-U09633,AD-002,CMP-001,2026-01-19 09:11:07
CLK-003424,FNP-U05193,AD-008,CMP-002,2026-01-07 09:57:31
CLK-003899,FNP-U08318,AD-002,CMP-001,2026-01-31 13:30:56
CLK-002036,FNP-U08120,AD-012,CMP-003,2026-02-21 18:32:17
CLK-005922,FNP-U01093,AD-017,CMP-005,2026-02-03 13:29:10
CLK-005318,FNP-U04634,AD-002,CMP-001,2026-01-05 22:11:22
CLK-004116,FNP-U06528,AD-016,CMP-004,2026-01-09 18:37:49
CLK-004335,FNP-U01632,AD-001,CMP-001,2026-01-14 19:12:06
CLK-002468,FNP-U02944,AD-005,CMP-002,2026-01-03 09:13:01
CLK-005102,FNP-U00230,AD-015,CMP-004,2026-03-17 00:49:57
CLK-005680,FNP-U00337,AD-006,CMP-002,2026-01-27 06:58:47
CLK-001843,FNP-U03803,AD-009,CMP-003,2026-02-08 09:53:06
CLK-003097,FNP-U07755,AD-001,CMP-001,2026-01-12 18:13:42
CLK-005191,FNP-U06893,AD-009,CMP-003,2026-02-05 22:04:57
CLK-005358,FNP-U04614,AD-023,CMP-006,2026-03-05 06:37:28
CLK-002524,FNP-U04971,AD-009,CMP-003,2026-03-14 21:45:54
CLK-004625,FNP-U02763,AD-001,CMP-001,2026-01-30 09:31:00
CLK-001573,FNP-U00440,AD-007,CMP-002,2026-03-19 18:33:59
CLK-000576,FNP-U03177,AD-008,CMP-002,2026-03-18 13:21:51
CLK-003619,FNP-U05763,AD-004,CMP-001,2026-02-19 18:27:26
CLK-005035,FNP-U02112,AD-004,CMP-001,2026-03-27 13:39:55
CLK-001552,FNP-U03960,AD-010,CMP-003,2026-03-03 13:45:29
CLK-000465,FNP-U02326,AD-004,CMP-001,2026-01-25 13:46:52
CLK-002897,FNP-U03555,AD-006,CMP-002,2026-02-17 09:36:21
CLK-004145,FNP-U09046,AD-010,CMP-003,2026-03-27 13:16:26
CLK-003429,FNP-U06825,AD-012,CMP-003,2026-03-30 18:25:37
CLK-003586,FNP-U05842,AD-003,CMP-001,2026-02-12 13:19:03
CLK-002588,FNP-U09966,AD-021,CMP-006,2026-01-30 13:48:23
CLK-002252,FNP-U08047,AD-014,CMP-004,2026-03-01 21:21:33
CLK-000506,FNP-U00073,AD-003,CMP-001,2026-01-01 18:39:46
CLK-001940,FNP-U01175,AD-010,CMP-003,2026-03-13 09:32:07
CLK-001186,FNP-U02568,AD-005,CMP-002,2026-02-05 13:45:06
CLK-000704,FNP-U07281,AD-018,CMP-005,2026-01-24 10:00:24
CLK-001902,FNP-U09087,AD-012,CMP-003,2026-03-04 21:38:06
CLK-002185,FNP-U02149,AD-008,CMP-002,2026-03-10 18:58:24
CLK-004564,FNP-U06947,AD-017,CMP-005,2026-01-30 00:14:46
CLK-005080,FNP-U09347,AD-005,CMP-002,2026-02-26 18:59:38
CLK-005253,FNP-U04257,AD-004,CMP-001,2026-01-08 18:26:39
CLK-004448,FNP-U01694,AD-013,CMP-004,2026-02-01 14:03:49
CLK-003787,FNP-U07111,AD-012,CMP-003,2026-03-02 00:08:44
CLK-001630,FNP-U02397,AD-021,CMP-006,2026-03-16 13:57:22
CLK-001719,FNP-U09328,AD-013,CMP-004,2026-01-05 13:31:21
CLK-003818,FNP-U03482,AD-006,CMP-002,2026-01-31 09:24:00
CLK-000090,FNP-U06931,AD-010,CMP-003,2026-03-14 13:46:31
CLK-004422,FNP-U09136,AD-009,CMP-003,2026-02-09 18:22:15
CLK-002746,FNP-U02062,AD-014,CMP-004,2026-03-04 14:01:15
CLK-000840,FNP-U00238,AD-013,CMP-004,2026-01-31 13:50:11
CLK-002451,FNP-U08876,AD-006,CMP-002,2026-01-18 18:33:18
CLK-003147,FNP-U08407,AD-019,CMP-005,2026-03-12 13:49:53
CLK-005873,FNP-U03221,AD-017,CMP-005,2026-03-07 09:08:05
CLK-004148,FNP-U00271,AD-019,CMP-005,2026-03-22 09:49:26
CLK-002206,FNP-U03590,AD-010,CMP-003,2026-03-03 18:55:56
CLK-001554,FNP-U08631,AD-008,CMP-002,2026-02-19 06:23:54
CLK-000098,FNP-U04869,AD-001,CMP-001,2026-03-28 18:30:43
CLK-005599,FNP-U02045,AD-022,CMP-006,2026-01-01 18:18:18
CLK-001431,FNP-U06721,AD-003,CMP-001,2026-03-27 21:14:51
CLK-002570,FNP-U02890,AD-010,CMP-003,2026-02-12 09:57:29
CLK-001326,FNP-U06554,AD-017,CMP-005,2026-02-11 18:23:28
CLK-004526,FNP-U00596,AD-001,CMP-001,2026-02-04 21:21:10
CLK-002180,FNP-U02372,AD-010,CMP-003,2026-03-18 13:20:04
CLK-003059,FNP-U08147,AD-001,CMP-001,2026-02-09 06:17:17
CLK-002543,FNP-U08428,AD-010,CMP-003,2026-03-10 21:15:54
CLK-003605,FNP-U06703,AD-008,CMP-002,2026-02-11 21:53:41
CLK-005366,FNP-U06993,AD-017,CMP-005,2026-03-15 18:22:54
CLK-003918,FNP-U07621,AD-018,CMP-005,2026-03-19 09:20:11
CLK-005596,FNP-U04082,AD-018,CMP-005,2026-03-04 18:20:34
CLK-000173,FNP-U01657,AD-017,CMP-005,2026-01-31 13:50:22
CLK-005167,FNP-U00343,AD-013,CMP-004,2026-01-21 06:48:14
CLK-003860,FNP-U01162,AD-023,CMP-006,2026-02-10 09:54:17
CLK-001486,FNP-U04789,AD-016,CMP-004,2026-01-15 18:13:43
CLK-004624,FNP-U01272,AD-013,CMP-004,2026-01-13 13:24:02
CLK-003461,FNP-U01609,AD-003,CMP-001,2026-03-21 21:58:52
CLK-003043,FNP-U02867,AD-012,CMP-003,2026-02-19 21:45:33
CLK-001440,FNP-U02424,AD-008,CMP-002,2026-01-05 21:12:15
CLK-003602,FNP-U00258,AD-001,CMP-001,2026-03-25 21:59:25
CLK-002583,FNP-U07816,AD-004,CMP-001,2026-02-10 07:05:37
CLK-005397,FNP-U04038,AD-006,CMP-002,2026-02-09 07:02:21
CLK-004675,FNP-U03148,AD-010,CMP-003,2026-02-01 06:41:28
CLK-004351,FNP-U02005,AD-002,CMP-001,2026-01-06 18:27:04
CLK-001993,FNP-U03208,AD-009,CMP-003,2026-02-05 13:18:42
CLK-002887,FNP-U00941,AD-008,CMP-002,2026-01-26 13:35:57
CLK-002218,FNP-U03434,AD-002,CMP-001,2026-01-07 06:55:33
CLK-005924,FNP-U07106,AD-014,CMP-004,2026-01-04 13:49:19
CLK-003810,FNP-U05708,AD-017,CMP-005,2026-02-12 18:07:30
CLK-003439,FNP-U07637,AD-017,CMP-005,2026-02-24 13:08:32
CLK-005110,FNP-U07163,AD-012,CMP-003,2026-02-06 06:53:52
CLK-002148,FNP-U08555,AD-001,CMP-001,2026-03-12 13:21:22
CLK-000616,FNP-U07699,AD-002,CMP-001,2026-03-31 07:03:51
CLK-003600,FNP-U08364,AD-001,CMP-001,2026-01-14 09:45:50
CLK-001909,FNP-U09621,AD-003,CMP-001,2026-03-28 13:31:34
CLK-004166,FNP-U05753,AD-021,CMP-006,2026-02-21 09:25:25
CLK-004169,FNP-U07493,AD-003,CMP-001,2026-01-04 10:01:20
CLK-005048,FNP-U03091,AD-008,CMP-002,2026-03-11 09:31:38
CLK-001334,FNP-U03175,AD-015,CMP-004,2026-03-25 09:14:11
CLK-000933,FNP-U01036,AD-006,CMP-002,2026-03-03 14:05:07
CLK-004503,FNP-U03809,AD-010,CMP-003,2026-02-14 13:58:05
CLK-003145,FNP-U01655,AD-017,CMP-005,2026-02-12 00:16:36
CLK-002416,FNP-U05773,AD-014,CMP-004,2026-02-01 13:33:52
CLK-005950,FNP-U08890,AD-009,CMP-003,2026-01-02 13:17:12
CLK-005659,FNP-U01473,AD-005,CMP-002,2026-03-15 09:08:50
CLK-005078,FNP-U09685,AD-015,CMP-004,2026-02-23 19:06:42
CLK-000958,FNP-U07434,AD-013,CMP-004,2026-01-28 10:00:08
CLK-005567,FNP-U01016,AD-008,CMP-002,2026-03-09 09:30:48
CLK-002390,FNP-U05334,AD-003,CMP-001,2026-01-26 21:41:21
CLK-004870,FNP-U04444,AD-009,CMP-003,2026-01-10 18:13:26
CLK-004466,FNP-U03735,AD-017,CMP-005,2026-01-23 00:38:59
CLK-003295,FNP-U06187,AD-001,CMP-001,2026-01-03 13:25:23
CLK-003537,FNP-U08986,AD-008,CMP-002,2026-03-15 22:04:05
CLK-001936,FNP-U02522,AD-004,CMP-001,2026-02-04 18:09:51
CLK-000197,FNP-U03556,AD-015,CMP-004,2026-03-26 18:59:26
CLK-005871,FNP-U05141,AD-008,CMP-002,2026-03-13 06:14:25
CLK-002339,FNP-U09745,AD-012,CMP-003,2026-02-26 18:18:11
CLK-004393,FNP-U05676,AD-008,CMP-002,2026-03-10 13:39:23
CLK-005801,FNP-U02822,AD-008,CMP-002,2026-01-18 18:52:46
CLK-002458,FNP-U03100,AD-005,CMP-002,2026-03-31 22:03:25
CLK-002082,FNP-U08035,AD-004,CMP-001,2026-01-01 09:56:26
CLK-003484,FNP-U05097,AD-003,CMP-001,2026-01-08 09:56:11
CLK-002391,FNP-U05143,AD-005,CMP-002,2026-03-23 13:47:13
CLK-003507,FNP-U07514,AD-017,CMP-005,2026-02-03 13:26:18
CLK-005603,FNP-U00260,AD-021,CMP-006,2026-02-06 18:07:19
CLK-005051,FNP-U06566,AD-015,CMP-004,2026-02-23 14:07:20
CLK-003301,FNP-U01147,AD-006,CMP-002,2026-02-05 18:37:10
CLK-004613,FNP-U01472,AD-004,CMP-001,2026-03-03 13:47:44
CLK-004050,FNP-U02680,AD-001,CMP-001,2026-01-12 13:52:56
CLK-002966,FNP-U09920,AD-003,CMP-001,2026-03-22 00:53:58
CLK-001714,FNP-U07065,AD-009,CMP-003,2026-03-20 00:41:10
CLK-004874,FNP-U04449,AD-002,CMP-001,2026-02-04 19:10:32
CLK-001206,FNP-U07010,AD-012,CMP-003,2026-03-08 09:53:13
CLK-004721,FNP-U07128,AD-015,CMP-004,2026-01-31 18:43:52
CLK-002315,FNP-U04529,AD-017,CMP-005,2026-02-09 00:32:54
CLK-001497,FNP-U08195,AD-015,CMP-004,2026-01-13 13:43:22
CLK-001009,FNP-U06317,AD-011,CMP-003,2026-03-27 13:27:35
CLK-002392,FNP-U00224,AD-005,CMP-002,2026-02-22 13:34:23
CLK-005465,FNP-U08146,AD-007,CMP-002,2026-01-04 00:34:35
CLK-001676,FNP-U01275,AD-004,CMP-001,2026-03-29 13:38:18
CLK-002959,FNP-U09411,AD-008,CMP-002,2026-03-17 13:13:36
CLK-003917,FNP-U07716,AD-006,CMP-002,2026-03-30 10:05:02
CLK-001048,FNP-U00779,AD-004,CMP-001,2026-03-12 13:56:49
CLK-003683,FNP-U07236,AD-008,CMP-002,2026-02-28 18:10:02
CLK-003040,FNP-U04550,AD-012,CMP-003,2026-01-17 06:39:59
CLK-002645,FNP-U09863,AD-021,CMP-006,2026-02-22 21:34:03
CLK-005121,FNP-U03690,AD-002,CMP-001,2026-01-02 13:06:22
CLK-003285,FNP-U06679,AD-006,CMP-002,2026-03-10 00:18:50
CLK-001235,FNP-U01096,AD-001,CMP-001,2026-03-15 07:10:00
CLK-003596,FNP-U02634,AD-005,CMP-002,2026-02-10 13:42:41
CLK-005476,FNP-U08167,AD-012,CMP-003,2026-03-26 06:25:58
CLK-004537,FNP-U08880,AD-006,CMP-002,2026-02-16 09:53:23
CLK-001248,FNP-U02636,AD-010,CMP-003,2026-02-18 21:18:12
CLK-000951,FNP-U02689,AD-006,CMP-002,2026-02-24 18:27:10
CLK-001292,FNP-U03916,AD-010,CMP-003,2026-03-01 13:25:26
CLK-004291,FNP-U09057,AD-013,CMP-004,2026-02-28 22:07:23
CLK-002094,FNP-U07900,AD-021,CMP-006,2026-02-25 13:22:46
CLK-000223,FNP-U07955,AD-005,CMP-002,2026-03-16 21:22:02
CLK-003853,FNP-U00472,AD-011,CMP-003,2026-01-05 13:27:58
CLK-002920,FNP-U09414,AD-012,CMP-003,2026-01-21 18:46:59
CLK-003469,FNP-U09159,AD-015,CMP-004,2026-03-04 19:04:33
CLK-000970,FNP-U08505,AD-006,CMP-002,2026-02-18 21:06:17
CLK-004753,FNP-U09419,AD-021,CMP-006,2026-02-16 09:30:01
CLK-000076,FNP-U04183,AD-013,CMP-004,2026-02-17 09:33:43
CLK-000617,FNP-U04583,AD-018,CMP-005,2026-03-30 13:40:45
CLK-001551,FNP-U03623,AD-015,CMP-004,2026-01-24 19:05:54
CLK-002762,FNP-U06879,AD-013,CMP-004,2026-02-17 21:11:05
CLK-002283,FNP-U07159,AD-004,CMP-001,2026-01-21 13:57:18
CLK-002149,FNP-U09704,AD-013,CMP-004,2026-02-09 14:00:54
CLK-001465,FNP-U03522,AD-021,CMP-006,2026-03-11 07:01:17
CLK-001509,FNP-U05721,AD-008,CMP-002,2026-01-06 21:58:25
CLK-001717,FNP-U03789,AD-002,CMP-001,2026-03-24 13:38:13
CLK-002867,FNP-U07778,AD-014,CMP-004,2026-03-05 22:01:30
CLK-000994,FNP-U02013,AD-018,CMP-005,2026-01-04 21:40:31
CLK-001414,FNP-U03326,AD-009,CMP-003,2026-02-07 18:54:48
CLK-001429,FNP-U00640,AD-015,CMP-004,2026-01-09 06:53:08
CLK-000771,FNP-U04795,AD-017,CMP-005,2026-01-30 06:35:26
CLK-004469,FNP-U06607,AD-019,CMP-005,2026-02-23 21:14:16
CLK-005799,FNP-U06742,AD-009,CMP-003,2026-03-17 00:52:59
CLK-005322,FNP-U07055,AD-015,CMP-004,2026-01-11 13:12:44
CLK-003709,FNP-U06466,AD-009,CMP-003,2026-03-29 13:41:54
CLK-000693,FNP-U02834,AD-009,CMP-003,2026-02-15 09:35:15
CLK-000645,FNP-U07818,AD-009,CMP-003,2026-03-24 09:17:39
CLK-003738,FNP-U00315,AD-004,CMP-001,2026-03-26 22:07:59
CLK-003388,FNP-U09986,AD-015,CMP-004,2026-03-21 06:27:10
CLK-001731,FNP-U05823,AD-005,CMP-002,2026-01-21 06:41:08
CLK-000724,FNP-U09299,AD-017,CMP-005,2026-03-01 13:26:26
CLK-000323,FNP-U09862,AD-016,CMP-004,2026-01-05 09:28:25
CLK-004056,FNP-U01578,AD-005,CMP-002,2026-02-01 13:16:20
CLK-002554,FNP-U01589,AD-008,CMP-002,2026-01-30 09:48:56
CLK-003105,FNP-U07090,AD-022,CMP-006,2026-01-27 18:58:38
CLK-005787,FNP-U02153,AD-012,CMP-003,2026-02-24 09:40:02
CLK-003956,FNP-U02917,AD-017,CMP-005,2026-03-05 13:47:10
CLK-002088,FNP-U01241,AD-021,CMP-006,2026-01-21 13:28:46
CLK-001538,FNP-U00823,AD-004,CMP-001,2026-01-17 13:21:23
CLK-001216,FNP-U08192,AD-021,CMP-006,2026-01-30 13:11:59
CLK-004445,FNP-U01623,AD-014,CMP-004,2026-03-21 06:57:23
CLK-002492,FNP-U08449,AD-012,CMP-003,2026-02-17 18:02:12
CLK-001377,FNP-U01759,AD-014,CMP-004,2026-03-18 13:06:41
CLK-003325,FNP-U03144,AD-006,CMP-002,2026-02-12 09:18:37
CLK-004516,FNP-U01355,AD-017,CMP-005,2026-03-13 00:41:13
CLK-002783,FNP-U04520,AD-019,CMP-005,2026-03-21 21:12:13
CLK-004196,FNP-U04704,AD-017,CMP-005,2026-01-14 18:36:08
CLK-003991,FNP-U04905,AD-011,CMP-003,2026-03-17 21:05:55
CLK-000777,FNP-U00648,AD-011,CMP-003,2026-02-26 00:11:02
CLK-002737,FNP-U02916,AD-017,CMP-005,2026-01-10 06:31:18
CLK-000124,FNP-U00385,AD-021,CMP-006,2026-02-14 09:51:37
CLK-001576,FNP-U05994,AD-011,CMP-003,2026-03-29 13:01:00
CLK-003269,FNP-U09618,AD-018,CMP-005,2026-01-02 06:34:48
CLK-005723,FNP-U01204,AD-008,CMP-002,2026-02-17 00:55:05
CLK-004464,FNP-U08773,AD-012,CMP-003,2026-02-18 18:34:01
CLK-004527,FNP-U02459,AD-006,CMP-002,2026-03-18 21:56:53
CLK-005284,FNP-U05527,AD-008,CMP-002,2026-03-20 13:56:08
CLK-000417,FNP-U07870,AD-021,CMP-006,2026-01-31 21:42:43
CLK-002068,FNP-U03751,AD-014,CMP-004,2026-01-05 09:16:59
CLK-003992,FNP-U08019,AD-010,CMP-003,2026-01-03 18:02:49
CLK-002745,FNP-U07049,AD-010,CMP-003,2026-03-06 10:03:44
CLK-003046,FNP-U08060,AD-015,CMP-004,2026-03-09 13:32:02
CLK-005816,FNP-U06808,AD-004,CMP-001,2026-01-05 18:53:58
CLK-005891,FNP-U07348,AD-019,CMP-005,2026-01-07 13:55:00
CLK-001623,FNP-U03100,AD-007,CMP-002,2026-01-10 09:23:40
CLK-001706,FNP-U09441,AD-004,CMP-001,2026-03-20 06:16:58
CLK-003634,FNP-U06440,AD-009,CMP-003,2026-03-05 18:57:26
CLK-005976,FNP-U09709,AD-016,CMP-004,2026-02-24 00:16:40
CLK-005839,FNP-U09562,AD-008,CMP-002,2026-02-08 00:56:23
CLK-003169,FNP-U06244,AD-006,CMP-002,2026-01-25 13:22:00
CLK-002060,FNP-U04123,AD-010,CMP-003,2026-01-05 13:12:25
CLK-001885,FNP-U03270,AD-002,CMP-001,2026-02-19 18:48:23
CLK-004642,FNP-U00309,AD-016,CMP-004,2026-01-14 13:42:48
CLK-003636,FNP-U09000,AD-013,CMP-004,2026-02-28 18:45:04
CLK-001279,FNP-U07857,AD-013,CMP-004,2026-01-19 13:47:45
CLK-004817,FNP-U01749,AD-021,CMP-006,2026-01-03 13:59:07
CLK-005500,FNP-U06494,AD-011,CMP-003,2026-02-19 18:32:16
CLK-001370,FNP-U02756,AD-020,CMP-005,2026-03-15 13:52:48
CLK-005449,FNP-U08022,AD-002,CMP-001,2026-02-09 13:59:26
CLK-000882,FNP-U08881,AD-008,CMP-002,2026-03-18 13:16:51
CLK-000940,FNP-U01874,AD-005,CMP-002,2026-02-18 13:47:30
CLK-004502,FNP-U03148,AD-013,CMP-004,2026-02-13 18:50:46
CLK-001855,FNP-U03990,AD-017,CMP-005,2026-01-11 06:28:35
CLK-002821,FNP-U03577,AD-003,CMP-001,2026-02-10 13:15:49
CLK-001108,FNP-U03150,AD-014,CMP-004,2026-03-26 21:41:39
CLK-000827,FNP-U03789,AD-019,CMP-005,2026-02-16 13:40:39
CLK-001387,FNP-U05170,AD-003,CMP-001,2026-03-17 09:57:24
CLK-003800,FNP-U02964,AD-009,CMP-003,2026-02-28 21:36:11
CLK-002703,FNP-U05919,AD-001,CMP-001,2026-03-08 18:59:04
CLK-003566,FNP-U09407,AD-012,CMP-003,2026-03-24 19:00:19
CLK-000050,FNP-U00639,AD-002,CMP-001,2026-02-16 21:11:32
CLK-004693,FNP-U00750,AD-005,CMP-002,2026-01-30 09:38:13
CLK-003473,FNP-U07707,AD-010,CMP-003,2026-01-03 13:41:45
CLK-003405,FNP-U00066,AD-021,CMP-006,2026-02-17 21:57:09
CLK-005326,FNP-U01795,AD-021,CMP-006,2026-02-16 19:06:24
CLK-005906,FNP-U05305,AD-015,CMP-004,2026-02-14 10:03:53
CLK-004044,FNP-U09696,AD-014,CMP-004,2026-03-22 13:18:21
CLK-005021,FNP-U01334,AD-010,CMP-003,2026-01-20 18:50:39
CLK-000392,FNP-U00008,AD-008,CMP-002,2026-02-13 21:12:20
CLK-003676,FNP-U03505,AD-008,CMP-002,2026-01-19 09:25:59
CLK-002965,FNP-U01420,AD-005,CMP-002,2026-01-27 09:35:26
CLK-005447,FNP-U06490,AD-004,CMP-001,2026-03-21 21:06:18
CLK-003588,FNP-U08781,AD-008,CMP-002,2026-03-12 18:28:28
CLK-001997,FNP-U08098,AD-007,CMP-002,2026-02-24 14:00:51
CLK-005209,FNP-U03495,AD-017,CMP-005,2026-01-17 21:44:11
CLK-003754,FNP-U04557,AD-006,CMP-002,2026-03-15 21:35:39
CLK-001968,FNP-U04539,AD-018,CMP-005,2026-03-06 09:22:48
CLK-004072,FNP-U01190,AD-014,CMP-004,2026-02-09 21:40:00
CLK-003408,FNP-U02612,AD-018,CMP-005,2026-03-18 13:39:18
CLK-001690,FNP-U00167,AD-018,CMP-005,2026-03-18 13:39:56
CLK-005800,FNP-U07578,AD-017,CMP-005,2026-03-13 13:14:52
CLK-003668,FNP-U08593,AD-019,CMP-005,2026-01-08 13:26:06
CLK-000063,FNP-U03832,AD-005,CMP-002,2026-02-01 21:17:47
CLK-002408,FNP-U05616,AD-001,CMP-001,2026-01-23 13:54:29
CLK-003942,FNP-U03164,AD-012,CMP-003,2026-03-08 14:02:41
CLK-000069,FNP-U07366,AD-001,CMP-001,2026-02-16 09:12:11
CLK-000111,FNP-U09376,AD-018,CMP-005,2026-03-31 14:02:09
CLK-000061,FNP-U06863,AD-008,CMP-002,2026-02-12 09:15:57
CLK-001651,FNP-U05340,AD-003,CMP-001,2026-01-20 21:13:36
CLK-000824,FNP-U00067,AD-007,CMP-002,2026-03-29 19:06:16
CLK-000972,FNP-U09157,AD-008,CMP-002,2026-02-18 09:29:06
CLK-000047,FNP-U02495,AD-003,CMP-001,2026-01-30 06:30:34
CLK-003751,FNP-U00635,AD-012,CMP-003,2026-03-15 07:02:22
CLK-004112,FNP-U07752,AD-018,CMP-005,2026-02-28 21:57:12
CLK-000479,FNP-U04735,AD-006,CMP-002,2026-01-07 18:43:23
CLK-005095,FNP-U08441,AD-021,CMP-006,2026-02-26 10:02:42
CLK-000380,FNP-U03695,AD-010,CMP-003,2026-02-11 09:17:57
CLK-005433,FNP-U02582,AD-015,CMP-004,2026-02-20 06:35:40
CLK-005155,FNP-U07165,AD-004,CMP-001,2026-03-20 21:37:10
CLK-002779,FNP-U05690,AD-004,CMP-001,2026-03-25 22:01:13
CLK-004040,FNP-U00734,AD-004,CMP-001,2026-01-09 13:36:03
CLK-002233,FNP-U07898,AD-010,CMP-003,2026-03-09 10:08:03
CLK-004183,FNP-U01732,AD-014,CMP-004,2026-02-06 06:34:40
CLK-001064,FNP-U03450,AD-021,CMP-006,2026-03-22 21:27:17
CLK-003869,FNP-U03693,AD-003,CMP-001,2026-01-28 13:27:53
CLK-002567,FNP-U04133,AD-013,CMP-004,2026-01-18 09:34:46
CLK-004287,FNP-U06212,AD-008,CMP-002,2026-01-09 00:13:44
CLK-005783,FNP-U03490,AD-002,CMP-001,2026-01-25 18:20:23
CLK-005364,FNP-U09477,AD-011,CMP-003,2026-03-27 00:29:57
CLK-003951,FNP-U08404,AD-001,CMP-001,2026-01-21 00:36:25
CLK-004884,FNP-U06250,AD-016,CMP-004,2026-01-22 09:44:19
CLK-005616,FNP-U03742,AD-012,CMP-003,2026-03-09 21:37:00
CLK-005154,FNP-U08965,AD-021,CMP-006,2026-03-14 19:03:56
CLK-005880,FNP-U07220,AD-021,CMP-006,2026-02-27 18:50:29
CLK-001768,FNP-U04097,AD-018,CMP-005,2026-03-05 00:50:08
CLK-000959,FNP-U05996,AD-012,CMP-003,2026-02-24 21:18:17
CLK-002640,FNP-U05566,AD-018,CMP-005,2026-03-25 18:10:16
CLK-000041,FNP-U01733,AD-012,CMP-003,2026-03-20 18:07:55
CLK-000829,FNP-U04067,AD-001,CMP-001,2026-02-01 09:27:33
CLK-003961,FNP-U01181,AD-010,CMP-003,2026-01-19 21:29:35
CLK-003735,FNP-U02604,AD-008,CMP-002,2026-01-09 18:47:29
CLK-005765,FNP-U00371,AD-010,CMP-003,2026-01-09 13:09:10
CLK-000552,FNP-U02337,AD-019,CMP-005,2026-03-25 21:26:10
CLK-002429,FNP-U05335,AD-018,CMP-005,2026-01-21 00:29:03
CLK-000717,FNP-U08426,AD-017,CMP-005,2026-03-14 18:27:01
CLK-000064,FNP-U01208,AD-014,CMP-004,2026-01-17 21:29:11
CLK-000710,FNP-U04268,AD-003,CMP-001,2026-01-29 18:13:07
CLK-005359,FNP-U09117,AD-002,CMP-001,2026-03-07 13:43:14
CLK-002861,FNP-U08201,AD-009,CMP-003,2026-01-09 09:24:33
CLK-000276,FNP-U05089,AD-011,CMP-003,2026-03-22 13:52:28
CLK-000066,FNP-U00467,AD-014,CMP-004,2026-01-01 14:02:48
CLK-003226,FNP-U08503,AD-004,CMP-001,2026-03-10 13:47:16
CLK-000655,FNP-U07735,AD-003,CMP-001,2026-03-10 18:42:17
CLK-003053,FNP-U09792,AD-015,CMP-004,2026-02-08 13:39:27
CLK-003253,FNP-U05378,AD-016,CMP-004,2026-03-09 09:38:15
CLK-003839,FNP-U04394,AD-022,CMP-006,2026-01-30 06:19:53
CLK-000262,FNP-U04996,AD-008,CMP-002,2026-02-25 10:07:17
CLK-002890,FNP-U05137,AD-006,CMP-002,2026-02-26 21:22:40
CLK-005656,FNP-U09760,AD-011,CMP-003,2026-02-16 21:46:40
CLK-001857,FNP-U02993,AD-004,CMP-001,2026-01-31 18:39:30
CLK-003768,FNP-U04488,AD-003,CMP-001,2026-01-09 21:14:31
CLK-000912,FNP-U09150,AD-013,CMP-004,2026-03-11 21:05:12
CLK-004227,FNP-U03867,AD-023,CMP-006,2026-03-31 06:30:24
CLK-001035,FNP-U08645,AD-019,CMP-005,2026-03-22 13:28:31
CLK-000217,FNP-U06982,AD-018,CMP-005,2026-03-27 13:27:34
CLK-003831,FNP-U09517,AD-006,CMP-002,2026-02-20 14:01:20
CLK-003553,FNP-U05976,AD-002,CMP-001,2026-03-25 13:18:31
CLK-000992,FNP-U02580,AD-008,CMP-002,2026-01-17 13:33:29
CLK-005407,FNP-U09203,AD-013,CMP-004,2026-03-05 13:06:50
CLK-001378,FNP-U03837,AD-002,CMP-001,2026-01-08 13:37:34
CLK-005593,FNP-U05930,AD-005,CMP-002,2026-03-24 18:45:30
CLK-005970,FNP-U07252,AD-017,CMP-005,2026-03-07 00:28:12
CLK-000614,FNP-U09017,AD-019,CMP-005,2026-03-30 06:53:04
CLK-005971,FNP-U06684,AD-006,CMP-002,2026-03-02 09:40:16
CLK-001508,FNP-U09246,AD-015,CMP-004,2026-02-27 21:07:16
CLK-000976,FNP-U02210,AD-001,CMP-001,2026-01-01 13:14:29
CLK-000112,FNP-U04178,AD-021,CMP-006,2026-01-17 21:22:55
CLK-001329,FNP-U01376,AD-012,CMP-003,2026-02-03 06:13:28
CLK-004483,FNP-U08753,AD-018,CMP-005,2026-03-15 06:09:52
CLK-001449,FNP-U08891,AD-015,CMP-004,2026-03-20 21:33:18
CLK-002307,FNP-U07506,AD-010,CMP-003,2026-02-02 21:12:53
CLK-002153,FNP-U09813,AD-010,CMP-003,2026-02-24 21:13:12
CLK-004824,FNP-U03056,AD-014,CMP-004,2026-03-15 13:54:40
CLK-001872,FNP-U06345,AD-008,CMP-002,2026-02-13 09:49:39
CLK-001611,FNP-U08817,AD-022,CMP-006,2026-02-08 21:42:03
CLK-005946,FNP-U08038,AD-008,CMP-002,2026-02-02 18:52:26
CLK-001262,FNP-U07068,AD-017,CMP-005,2026-03-26 09:29:08
CLK-000665,FNP-U01270,AD-009,CMP-003,2026-03-20 13:23:54
CLK-005547,FNP-U01826,AD-004,CMP-001,2026-01-15 13:27:53
CLK-002809,FNP-U04103,AD-019,CMP-005,2026-02-17 13:43:55
CLK-001787,FNP-U02259,AD-015,CMP-004,2026-01-05 18:51:04
CLK-002541,FNP-U04546,AD-001,CMP-001,2026-03-22 21:19:39
CLK-005028,FNP-U08430,AD-005,CMP-002,2026-02-16 09:16:09
CLK-002858,FNP-U09285,AD-014,CMP-004,2026-02-18 06:48:55
CLK-000586,FNP-U05091,AD-008,CMP-002,2026-03-17 13:12:40
CLK-002410,FNP-U04676,AD-006,CMP-002,2026-02-27 18:30:37
CLK-000831,FNP-U01203,AD-002,CMP-001,2026-01-23 18:26:21
CLK-005151,FNP-U07956,AD-002,CMP-001,2026-02-06 13:39:52
CLK-004810,FNP-U06511,AD-008,CMP-002,2026-01-06 13:54:47
CLK-002388,FNP-U01651,AD-008,CMP-002,2026-03-28 07:06:22
CLK-004614,FNP-U05067,AD-003,CMP-001,2026-02-05 18:59:45
CLK-001647,FNP-U06202,AD-021,CMP-006,2026-01-30 13:09:14
CLK-002138,FNP-U05328,AD-011,CMP-003,2026-03-14 13:10:13
CLK-001783,FNP-U05892,AD-004,CMP-001,2026-02-21 09:21:30
CLK-002357,FNP-U07189,AD-018,CMP-005,2026-03-16 14:01:26
CLK-001563,FNP-U05826,AD-004,CMP-001,2026-02-18 18:09:55
CLK-002951,FNP-U05061,AD-011,CMP-003,2026-02-18 13:38:55
CLK-004431,FNP-U09685,AD-024,CMP-006,2026-02-23 21:39:21
CLK-001291,FNP-U04820,AD-001,CMP-001,2026-01-13 13:12:16
CLK-004264,FNP-U00163,AD-010,CMP-003,2026-02-23 21:32:03
CLK-005210,FNP-U05227,AD-017,CMP-005,2026-03-31 09:22:20
CLK-004219,FNP-U08003,AD-003,CMP-001,2026-03-03 09:21:53
CLK-003928,FNP-U09995,AD-021,CMP-006,2026-03-07 19:01:36
CLK-005461,FNP-U08817,AD-008,CMP-002,2026-02-04 14:04:27
CLK-004101,FNP-U09377,AD-010,CMP-003,2026-02-03 21:09:49
CLK-004200,FNP-U03202,AD-017,CMP-005,2026-02-26 06:16:37
CLK-005068,FNP-U01911,AD-013,CMP-004,2026-03-22 09:23:50
CLK-000739,FNP-U05263,AD-015,CMP-004,2026-01-04 22:04:45
CLK-004014,FNP-U03731,AD-019,CMP-005,2026-03-25 00:24:19
CLK-004899,FNP-U00348,AD-002,CMP-001,2026-03-18 09:53:08
CLK-001901,FNP-U06135,AD-015,CMP-004,2026-03-26 18:25:52
CLK-004352,FNP-U01847,AD-009,CMP-003,2026-03-31 19:03:34
CLK-000367,FNP-U08630,AD-014,CMP-004,2026-03-15 09:12:16
CLK-003577,FNP-U06210,AD-002,CMP-001,2026-03-26 09:44:28
CLK-004631,FNP-U00264,AD-005,CMP-002,2026-01-17 21:53:23
CLK-001112,FNP-U00890,AD-018,CMP-005,2026-02-20 06:40:44
CLK-004274,FNP-U01798,AD-009,CMP-003,2026-01-04 18:32:43
CLK-005733,FNP-U06383,AD-021,CMP-006,2026-03-31 13:15:42
CLK-000730,FNP-U01661,AD-001,CMP-001,2026-01-06 18:26:59
CLK-002268,FNP-U03877,AD-007,CMP-002,2026-03-30 21:59:49
CLK-005383,FNP-U08455,AD-010,CMP-003,2026-02-07 21:16:51
CLK-005700,FNP-U08159,AD-005,CMP-002,2026-02-20 18:38:00
CLK-004488,FNP-U01259,AD-008,CMP-002,2026-01-02 21:33:21
CLK-002911,FNP-U02699,AD-010,CMP-003,2026-02-08 18:07:23
CLK-003978,FNP-U06444,AD-021,CMP-006,2026-03-28 14:06:46
CLK-000559,FNP-U01368,AD-015,CMP-004,2026-01-15 13:44:19
CLK-001131,FNP-U03158,AD-017,CMP-005,2026-02-09 18:48:47
CLK-002440,FNP-U04332,AD-018,CMP-005,2026-01-31 13:31:06
CLK-002221,FNP-U03258,AD-006,CMP-002,2026-03-20 13:19:26
CLK-004640,FNP-U02527,AD-017,CMP-005,2026-03-10 01:04:57
CLK-000158,FNP-U04943,AD-002,CMP-001,2026-01-30 21:48:41
CLK-005717,FNP-U07072,AD-012,CMP-003,2026-01-10 00:43:41
CLK-003037,FNP-U04398,AD-009,CMP-003,2026-01-06 09:52:52
CLK-002831,FNP-U07680,AD-002,CMP-001,2026-02-14 21:30:42
CLK-005524,FNP-U01715,AD-003,CMP-001,2026-03-11 22:11:19
CLK-001012,FNP-U05269,AD-018,CMP-005,2026-02-12 13:35:25
CLK-000863,FNP-U06759,AD-008,CMP-002,2026-01-20 18:47:28
CLK-000211,FNP-U08832,AD-001,CMP-001,2026-03-12 13:48:40
CLK-001965,FNP-U00009,AD-015,CMP-004,2026-03-24 13:35:45
CLK-002356,FNP-U01524,AD-001,CMP-001,2026-02-04 09:49:51
CLK-002394,FNP-U08359,AD-001,CMP-001,2026-02-14 22:01:28
CLK-005182,FNP-U09736,AD-013,CMP-004,2026-03-05 18:21:26
CLK-003093,FNP-U08068,AD-001,CMP-001,2026-03-10 00:23:41
CLK-004986,FNP-U00522,AD-004,CMP-001,2026-01-14 18:57:17
CLK-005379,FNP-U09868,AD-010,CMP-003,2026-02-15 13:17:27
CLK-002061,FNP-U00043,AD-003,CMP-001,2026-01-07 13:34:22
CLK-004322,FNP-U04975,AD-013,CMP-004,2026-03-18 06:05:22
CLK-002281,FNP-U01440,AD-013,CMP-004,2026-02-25 13:18:59
CLK-002535,FNP-U07811,AD-012,CMP-003,2026-01-29 21:47:40
CLK-002493,FNP-U06142,AD-005,CMP-002,2026-03-06 13:10:29
CLK-002096,FNP-U00005,AD-011,CMP-003,2026-02-18 18:31:08
CLK-003360,FNP-U01076,AD-008,CMP-002,2026-01-27 19:01:54
CLK-004211,FNP-U01596,AD-017,CMP-005,2026-02-13 09:26:05
CLK-000230,FNP-U07027,AD-015,CMP-004,2026-03-08 18:16:17
CLK-002382,FNP-U06027,AD-004,CMP-001,2026-03-03 13:59:04
CLK-001166,FNP-U04980,AD-001,CMP-001,2026-03-12 13:56:00
CLK-001400,FNP-U04889,AD-002,CMP-001,2026-01-06 09:10:12
CLK-005243,FNP-U00821,AD-018,CMP-005,2026-02-10 09:43:35
CLK-005271,FNP-U02650,AD-005,CMP-002,2026-02-04 09:40:05
CLK-000383,FNP-U06246,AD-016,CMP-004,2026-03-19 13:39:00
CLK-000200,FNP-U03153,AD-001,CMP-001,2026-03-26 13:12:16
CLK-002160,FNP-U03047,AD-016,CMP-004,2026-02-01 00:48:57
CLK-000255,FNP-U04295,AD-010,CMP-003,2026-02-22 09:43:37
CLK-001306,FNP-U04374,AD-021,CMP-006,2026-01-16 13:24:32
CLK-001669,FNP-U00199,AD-002,CMP-001,2026-03-29 18:23:59
CLK-001849,FNP-U07265,AD-010,CMP-003,2026-03-14 18:29:27
CLK-001233,FNP-U07988,AD-015,CMP-004,2026-01-31 09:21:33
CLK-002719,FNP-U08334,AD-002,CMP-001,2026-02-25 21:35:29
CLK-005041,FNP-U01216,AD-001,CMP-001,2026-02-02 21:37:21
CLK-004500,FNP-U07187,AD-008,CMP-002,2026-01-24 13:38:01
CLK-004463,FNP-U05155,AD-017,CMP-005,2026-02-03 13:49:49
CLK-005838,FNP-U05767,AD-017,CMP-005,2026-02-10 18:34:45
CLK-000271,FNP-U02350,AD-018,CMP-005,2026-03-09 06:41:05
CLK-005499,FNP-U08142,AD-010,CMP-003,2026-02-25 06:24:48
CLK-002014,FNP-U04024,AD-018,CMP-005,2026-01-17 21:38:11
CLK-001989,FNP-U09863,AD-004,CMP-001,2026-02-07 13:25:35
CLK-005162,FNP-U04903,AD-017,CMP-005,2026-01-25 21:16:59
CLK-003158,FNP-U04922,AD-005,CMP-002,2026-02-25 21:30:04
CLK-002675,FNP-U01467,AD-009,CMP-003,2026-03-05 21:38:34
CLK-000791,FNP-U01917,AD-013,CMP-004,2026-03-31 06:41:04
CLK-004399,FNP-U08050,AD-002,CMP-001,2026-03-30 18:51:16
CLK-001996,FNP-U00870,AD-003,CMP-001,2026-03-31 06:12:04
CLK-002042,FNP-U06102,AD-012,CMP-003,2026-03-06 13:29:56
CLK-004761,FNP-U09466,AD-019,CMP-005,2026-02-28 18:53:48
CLK-005126,FNP-U02183,AD-021,CMP-006,2026-02-02 13:42:48
CLK-004812,FNP-U07618,AD-003,CMP-001,2026-03-07 13:53:32
CLK-001210,FNP-U08924,AD-010,CMP-003,2026-01-10 18:49:23
CLK-004258,FNP-U08843,AD-012,CMP-003,2026-03-23 13:23:23
CLK-003052,FNP-U03395,AD-017,CMP-005,2026-03-16 18:50:16
CLK-001100,FNP-U01063,AD-015,CMP-004,2026-03-14 09:22:57
CLK-003289,FNP-U07612,AD-015,CMP-004,2026-03-27 13:44:17
CLK-004544,FNP-U06573,AD-021,CMP-006,2026-01-30 13:17:27
CLK-003902,FNP-U07977,AD-019,CMP-005,2026-02-09 21:52:37
CLK-005287,FNP-U02639,AD-022,CMP-006,2026-01-09 06:48:30
CLK-005589,FNP-U03737,AD-008,CMP-002,2026-01-24 09:47:16
CLK-001419,FNP-U08953,AD-017,CMP-005,2026-03-30 21:45:51
CLK-005686,FNP-U07417,AD-021,CMP-006,2026-03-04 18:48:31
CLK-005248,FNP-U05697,AD-013,CMP-004,2026-02-17 13:26:16
CLK-000834,FNP-U09615,AD-013,CMP-004,2026-03-03 09:08:40
CLK-002302,FNP-U02400,AD-022,CMP-006,2026-03-21 21:49:23
CLK-001653,FNP-U09091,AD-001,CMP-001,2026-02-21 13:13:32
CLK-002000,FNP-U03290,AD-006,CMP-002,2026-02-17 06:52:22
CLK-000937,FNP-U03978,AD-017,CMP-005,2026-03-27 09:27:11
CLK-003065,FNP-U02974,AD-013,CMP-004,2026-02-12 09:40:03
CLK-000032,FNP-U06826,AD-003,CMP-001,2026-01-12 21:38:58
CLK-003248,FNP-U08593,AD-011,CMP-003,2026-03-13 09:54:16
CLK-004525,FNP-U08110,AD-005,CMP-002,2026-02-26 09:30:38
CLK-003852,FNP-U05199,AD-012,CMP-003,2026-03-19 21:14:44
CLK-000826,FNP-U07737,AD-002,CMP-001,2026-02-27 06:44:45
CLK-005152,FNP-U00893,AD-004,CMP-001,2026-01-12 00:15:44
CLK-000127,FNP-U01849,AD-009,CMP-003,2026-01-07 21:24:38
CLK-002731,FNP-U04208,AD-023,CMP-006,2026-03-21 21:46:29
CLK-002012,FNP-U01839,AD-013,CMP-004,2026-03-22 21:27:50
CLK-004329,FNP-U01821,AD-017,CMP-005,2026-03-10 09:44:08
CLK-003170,FNP-U02077,AD-003,CMP-001,2026-03-27 09:51:46
CLK-000788,FNP-U02772,AD-002,CMP-001,2026-01-23 09:38:14
CLK-004348,FNP-U03792,AD-021,CMP-006,2026-01-10 13:40:44
CLK-004309,FNP-U03142,AD-017,CMP-005,2026-02-22 18:45:49
CLK-000509,FNP-U01322,AD-013,CMP-004,2026-01-07 18:50:33
CLK-000123,FNP-U00007,AD-012,CMP-003,2026-02-23 18:38:31
CLK-005098,FNP-U08477,AD-001,CMP-001,2026-01-12 18:34:08
CLK-003373,FNP-U01053,AD-002,CMP-001,2026-03-28 13:05:06
CLK-002414,FNP-U04665,AD-008,CMP-002,2026-03-31 13:51:03
CLK-005962,FNP-U03136,AD-008,CMP-002,2026-01-20 13:56:22
CLK-001172,FNP-U06778,AD-001,CMP-001,2026-01-09 09:40:30
CLK-003426,FNP-U03134,AD-012,CMP-003,2026-02-10 22:02:08
CLK-001692,FNP-U00442,AD-001,CMP-001,2026-01-17 21:57:48
CLK-000307,FNP-U07026,AD-002,CMP-001,2026-03-21 00:06:49
CLK-000995,FNP-U05735,AD-001,CMP-001,2026-02-22 06:44:29
CLK-005882,FNP-U06954,AD-008,CMP-002,2026-03-03 13:32:17
CLK-001602,FNP-U03494,AD-011,CMP-003,2026-02-05 13:44:47
CLK-003156,FNP-U04693,AD-001,CMP-001,2026-02-16 06:21:43
CLK-005303,FNP-U08089,AD-021,CMP-006,2026-03-29 09:33:27
CLK-001583,FNP-U00971,AD-015,CMP-004,2026-02-22 13:43:26
CLK-004173,FNP-U09471,AD-001,CMP-001,2026-01-31 18:43:25
CLK-003781,FNP-U06435,AD-017,CMP-005,2026-03-17 19:00:37
CLK-002828,FNP-U03091,AD-004,CMP-001,2026-01-12 14:01:41
CLK-000543,FNP-U09832,AD-012,CMP-003,2026-02-24 09:57:07
CLK-004369,FNP-U01563,AD-014,CMP-004,2026-03-01 13:07:50
CLK-004657,FNP-U00357,AD-015,CMP-004,2026-02-23 14:00:23
CLK-004363,FNP-U04517,AD-002,CMP-001,2026-02-20 18:40:27
CLK-001126,FNP-U04203,AD-005,CMP-002,2026-02-15 18:33:36
CLK-001063,FNP-U07601,AD-001,CMP-001,2026-01-07 13:15:10
CLK-000560,FNP-U05364,AD-001,CMP-001,2026-01-10 21:13:48
CLK-000484,FNP-U02485,AD-015,CMP-004,2026-03-18 06:59:28
CLK-004598,FNP-U06208,AD-018,CMP-005,2026-03-28 06:18:27
CLK-005085,FNP-U06519,AD-014,CMP-004,2026-03-21 13:47:18
CLK-004933,FNP-U02913,AD-018,CMP-005,2026-01-28 18:23:53
CLK-004937,FNP-U03394,AD-005,CMP-002,2026-03-07 18:33:42
CLK-002200,FNP-U05316,AD-009,CMP-003,2026-03-15 21:53:23
CLK-004241,FNP-U07963,AD-003,CMP-001,2026-02-25 09:27:36
CLK-000136,FNP-U01070,AD-017,CMP-005,2026-03-26 13:15:42
CLK-001500,FNP-U05904,AD-010,CMP-003,2026-03-12 21:44:33
CLK-003250,FNP-U05405,AD-021,CMP-006,2026-03-04 18:29:25
CLK-005561,FNP-U03266,AD-013,CMP-004,2026-02-02 21:36:19
CLK-001109,FNP-U02205,AD-017,CMP-005,2026-02-01 14:04:40
CLK-000192,FNP-U01957,AD-003,CMP-001,2026-03-09 13:25:27
CLK-002476,FNP-U03938,AD-012,CMP-003,2026-01-14 13:44:14
CLK-004926,FNP-U08963,AD-009,CMP-003,2026-03-29 13:54:33
CLK-002969,FNP-U02237,AD-013,CMP-004,2026-03-21 09:25:51
CLK-000873,FNP-U04772,AD-003,CMP-001,2026-01-30 18:34:31
CLK-000735,FNP-U00741,AD-016,CMP-004,2026-01-04 13:34:33
CLK-003966,FNP-U00743,AD-002,CMP-001,2026-01-08 07:00:48
CLK-005741,FNP-U09060,AD-003,CMP-001,2026-02-01 09:54:29
CLK-002540,FNP-U03541,AD-021,CMP-006,2026-02-05 18:26:24
CLK-003014,FNP-U04543,AD-017,CMP-005,2026-01-21 13:39:51
CLK-005560,FNP-U06903,AD-019,CMP-005,2026-03-05 18:51:22
CLK-000751,FNP-U03735,AD-013,CMP-004,2026-01-13 19:04:07
CLK-001493,FNP-U06032,AD-011,CMP-003,2026-01-13 13:26:23
CLK-002601,FNP-U09343,AD-010,CMP-003,2026-01-01 18:15:18
CLK-003514,FNP-U02165,AD-001,CMP-001,2026-02-07 09:19:01
CLK-005254,FNP-U00083,AD-007,CMP-002,2026-02-05 09:56:37
CLK-002939,FNP-U01243,AD-018,CMP-005,2026-02-21 14:04:28
CLK-004233,FNP-U06298,AD-019,CMP-005,2026-01-27 22:01:00
CLK-003033,FNP-U03318,AD-002,CMP-001,2026-03-26 13:53:06
CLK-004279,FNP-U00969,AD-015,CMP-004,2026-02-13 18:45:30
CLK-001401,FNP-U00156,AD-002,CMP-001,2026-01-09 13:32:59
CLK-001525,FNP-U09273,AD-021,CMP-006,2026-03-28 14:01:55
CLK-001242,FNP-U07516,AD-003,CMP-001,2026-03-29 18:02:23
CLK-002063,FNP-U02174,AD-003,CMP-001,2026-02-26 14:02:14
CLK-001513,FNP-U06466,AD-021,CMP-006,2026-03-13 09:20:03
CLK-005770,FNP-U09658,AD-009,CMP-003,2026-01-02 06:24:09
CLK-000984,FNP-U08247,AD-001,CMP-001,2026-01-18 13:40:40
CLK-004622,FNP-U09538,AD-011,CMP-003,2026-03-24 13:07:00
CLK-005115,FNP-U06202,AD-001,CMP-001,2026-02-04 13:36:50
CLK-001477,FNP-U03739,AD-021,CMP-006,2026-02-14 13:30:34
CLK-004999,FNP-U04736,AD-008,CMP-002,2026-01-15 00:24:58
CLK-000804,FNP-U04050,AD-014,CMP-004,2026-02-19 21:16:42
CLK-000917,FNP-U07989,AD-019,CMP-005,2026-01-30 18:44:15
CLK-004025,FNP-U08601,AD-015,CMP-004,2026-02-02 09:33:18
CLK-003009,FNP-U02456,AD-006,CMP-002,2026-02-12 18:12:49
CLK-001467,FNP-U01379,AD-003,CMP-001,2026-01-15 13:34:40
CLK-002960,FNP-U01893,AD-017,CMP-005,2026-03-01 13:37:19
CLK-004822,FNP-U02148,AD-001,CMP-001,2026-02-17 18:13:52
CLK-004114,FNP-U08115,AD-017,CMP-005,2026-03-07 09:39:55
CLK-000767,FNP-U03313,AD-001,CMP-001,2026-02-11 09:53:45
CLK-004084,FNP-U07359,AD-003,CMP-001,2026-02-06 09:25:05
CLK-002973,FNP-U02645,AD-008,CMP-002,2026-02-12 13:48:43
CLK-003525,FNP-U07188,AD-003,CMP-001,2026-02-22 06:40:04
CLK-000554,FNP-U06674,AD-006,CMP-002,2026-02-03 13:56:55
CLK-002788,FNP-U04511,AD-016,CMP-004,2026-01-28 13:39:49
CLK-000396,FNP-U01338,AD-010,CMP-003,2026-01-04 18:33:39
CLK-002624,FNP-U00316,AD-007,CMP-002,2026-03-25 07:08:36
CLK-004792,FNP-U02958,AD-004,CMP-001,2026-02-08 13:08:21
CLK-001700,FNP-U03229,AD-012,CMP-003,2026-03-09 13:40:27
CLK-003554,FNP-U04458,AD-015,CMP-004,2026-02-18 13:47:24
CLK-000966,FNP-U05610,AD-003,CMP-001,2026-02-09 18:03:38
CLK-003540,FNP-U01455,AD-016,CMP-004,2026-01-16 13:46:33
CLK-000164,FNP-U04053,AD-007,CMP-002,2026-03-28 09:38:16
CLK-002752,FNP-U01623,AD-006,CMP-002,2026-02-13 13:47:42
CLK-002641,FNP-U07431,AD-013,CMP-004,2026-03-01 13:59:53
CLK-004479,FNP-U07153,AD-017,CMP-005,2026-03-29 14:10:57
CLK-005472,FNP-U00150,AD-021,CMP-006,2026-02-02 21:20:41
CLK-000374,FNP-U05461,AD-014,CMP-004,2026-01-21 19:01:59
CLK-004523,FNP-U03049,AD-003,CMP-001,2026-02-11 18:54:28
CLK-003133,FNP-U05862,AD-023,CMP-006,2026-03-20 19:08:59
CLK-005585,FNP-U07151,AD-001,CMP-001,2026-01-20 18:53:40
CLK-001581,FNP-U00829,AD-015,CMP-004,2026-01-24 09:44:28
CLK-001015,FNP-U00633,AD-015,CMP-004,2026-03-17 13:41:27
CLK-003069,FNP-U08850,AD-006,CMP-002,2026-02-09 13:11:03
CLK-004299,FNP-U05533,AD-012,CMP-003,2026-03-22 09:49:54
CLK-004847,FNP-U01733,AD-006,CMP-002,2026-02-17 09:24:07
CLK-004655,FNP-U05382,AD-021,CMP-006,2026-01-26 22:00:39
CLK-003612,FNP-U02277,AD-021,CMP-006,2026-01-14 09:56:43
CLK-000870,FNP-U04300,AD-008,CMP-002,2026-01-12 18:16:18
CLK-005281,FNP-U06282,AD-018,CMP-005,2026-03-23 13:34:01
CLK-000099,FNP-U06902,AD-021,CMP-006,2026-02-10 21:50:56
CLK-001905,FNP-U01764,AD-011,CMP-003,2026-02-14 13:42:32
CLK-004187,FNP-U06522,AD-017,CMP-005,2026-01-22 09:25:54
CLK-001999,FNP-U06090,AD-013,CMP-004,2026-01-21 14:04:18
CLK-000526,FNP-U08769,AD-021,CMP-006,2026-02-09 21:05:22
CLK-003555,FNP-U02125,AD-001,CMP-001,2026-01-28 18:40:43
CLK-001102,FNP-U08910,AD-003,CMP-001,2026-01-09 18:30:39
CLK-000635,FNP-U08758,AD-001,CMP-001,2026-03-25 18:18:16
CLK-003448,FNP-U00388,AD-019,CMP-005,2026-02-22 21:25:37
CLK-001485,FNP-U08302,AD-001,CMP-001,2026-02-27 06:48:22
CLK-005032,FNP-U02275,AD-021,CMP-006,2026-01-09 00:21:46
CLK-004437,FNP-U04299,AD-014,CMP-004,2026-01-29 18:23:32
CLK-000811,FNP-U08289,AD-013,CMP-004,2026-01-26 21:59:31
CLK-002175,FNP-U03890,AD-017,CMP-005,2026-01-27 13:36:57
CLK-003954,FNP-U07960,AD-017,CMP-005,2026-01-11 18:13:15
CLK-001158,FNP-U07210,AD-008,CMP-002,2026-02-08 13:57:19
CLK-001978,FNP-U02175,AD-023,CMP-006,2026-01-23 06:03:23
CLK-005889,FNP-U02804,AD-001,CMP-001,2026-02-23 13:06:45
CLK-001666,FNP-U04706,AD-007,CMP-002,2026-03-25 18:52:23
CLK-005430,FNP-U07325,AD-018,CMP-005,2026-03-21 21:35:12
CLK-002300,FNP-U03231,AD-015,CMP-004,2026-03-05 13:14:15
CLK-005149,FNP-U09812,AD-005,CMP-002,2026-03-09 19:03:02
CLK-003415,FNP-U01944,AD-004,CMP-001,2026-03-15 09:32:13
CLK-005298,FNP-U06104,AD-013,CMP-004,2026-02-21 21:18:28
CLK-001834,FNP-U03132,AD-020,CMP-005,2026-02-10 13:38:19
CLK-003513,FNP-U06818,AD-014,CMP-004,2026-02-12 21:54:03
CLK-002712,FNP-U01190,AD-009,CMP-003,2026-01-07 18:58:37
CLK-005843,FNP-U03718,AD-015,CMP-004,2026-01-15 00:26:39
CLK-002407,FNP-U01408,AD-001,CMP-001,2026-03-24 13:45:43
CLK-005160,FNP-U09506,AD-015,CMP-004,2026-02-12 13:42:18
CLK-005532,FNP-U05757,AD-001,CMP-001,2026-03-23 09:21:45
CLK-005328,FNP-U09184,AD-020,CMP-005,2026-02-07 06:35:43
CLK-005728,FNP-U02247,AD-010,CMP-003,2026-02-24 06:33:51
CLK-004669,FNP-U07646,AD-002,CMP-001,2026-03-17 18:41:56
CLK-004295,FNP-U06863,AD-002,CMP-001,2026-02-09 13:55:38
CLK-002333,FNP-U08155,AD-001,CMP-001,2026-01-14 09:08:29
CLK-000281,FNP-U07421,AD-007,CMP-002,2026-03-24 06:20:49
CLK-002193,FNP-U04636,AD-001,CMP-001,2026-03-14 13:56:14
CLK-001546,FNP-U01714,AD-003,CMP-001,2026-03-22 13:34:40
CLK-004977,FNP-U06276,AD-013,CMP-004,2026-01-10 09:23:55
CLK-000010,FNP-U05483,AD-005,CMP-002,2026-01-05 21:20:52
CLK-003329,FNP-U05468,AD-015,CMP-004,2026-03-16 21:19:13
CLK-005745,FNP-U09298,AD-008,CMP-002,2026-02-26 14:03:25
CLK-003986,FNP-U03882,AD-001,CMP-001,2026-02-04 13:16:10
CLK-000779,FNP-U04424,AD-013,CMP-004,2026-01-24 13:57:49
CLK-001896,FNP-U08344,AD-012,CMP-003,2026-03-17 21:17:52
CLK-005926,FNP-U08564,AD-016,CMP-004,2026-03-02 13:33:11
CLK-003935,FNP-U05543,AD-009,CMP-003,2026-01-04 18:08:21
CLK-004271,FNP-U05724,AD-017,CMP-005,2026-02-05 13:48:14
CLK-000304,FNP-U04405,AD-004,CMP-001,2026-02-23 06:24:59
CLK-003139,FNP-U06405,AD-004,CMP-001,2026-01-07 09:29:23
CLK-005855,FNP-U01784,AD-015,CMP-004,2026-03-15 10:03:22
CLK-004378,FNP-U03906,AD-001,CMP-001,2026-02-26 13:24:33
CLK-002431,FNP-U03854,AD-008,CMP-002,2026-03-02 13:36:57
CLK-002751,FNP-U01036,AD-003,CMP-001,2026-02-20 13:18:54
CLK-002027,FNP-U09203,AD-022,CMP-006,2026-01-31 06:13:27
CLK-001948,FNP-U02350,AD-003,CMP-001,2026-01-28 09:31:25
CLK-004266,FNP-U08283,AD-004,CMP-001,2026-01-05 18:47:56
CLK-001224,FNP-U01698,AD-021,CMP-006,2026-02-20 22:01:14
CLK-004553,FNP-U03927,AD-016,CMP-004,2026-02-03 09:34:52
CLK-003845,FNP-U07341,AD-004,CMP-001,2026-03-01 21:50:44
CLK-005896,FNP-U02250,AD-005,CMP-002,2026-01-06 14:01:18
CLK-004832,FNP-U06938,AD-001,CMP-001,2026-02-08 18:23:08
CLK-000999,FNP-U02919,AD-002,CMP-001,2026-01-04 06:50:42
CLK-004586,FNP-U02052,AD-004,CMP-001,2026-03-30 21:03:27
CLK-002589,FNP-U01549,AD-016,CMP-004,2026-01-28 13:57:33
CLK-003532,FNP-U04897,AD-003,CMP-001,2026-01-29 13:12:05
CLK-005917,FNP-U09467,AD-013,CMP-004,2026-03-11 13:39:10
CLK-004362,FNP-U08618,AD-012,CMP-003,2026-01-20 21:34:18
CLK-001118,FNP-U09551,AD-008,CMP-002,2026-03-02 09:35:33
CLK-001067,FNP-U00316,AD-002,CMP-001,2026-01-06 18:55:02
CLK-005546,FNP-U08949,AD-007,CMP-002,2026-01-29 18:38:51
CLK-003819,FNP-U06591,AD-018,CMP-005,2026-01-17 13:56:34
CLK-003310,FNP-U04698,AD-015,CMP-004,2026-03-13 22:09:12
CLK-001354,FNP-U05946,AD-006,CMP-002,2026-03-29 21:59:21
CLK-003091,FNP-U04618,AD-012,CMP-003,2026-03-26 13:38:03
CLK-001655,FNP-U03178,AD-007,CMP-002,2026-01-11 06:09:13
CLK-004356,FNP-U04512,AD-006,CMP-002,2026-02-02 21:49:00
CLK-004565,FNP-U09275,AD-003,CMP-001,2026-02-17 21:25:25
CLK-002667,FNP-U06555,AD-012,CMP-003,2026-01-18 22:07:31
CLK-000498,FNP-U05878,AD-010,CMP-003,2026-02-18 18:07:42
CLK-002784,FNP-U07470,AD-001,CMP-001,2026-03-30 09:10:33
CLK-003339,FNP-U01487,AD-014,CMP-004,2026-01-22 06:59:29
CLK-004912,FNP-U06844,AD-004,CMP-001,2026-01-26 18:51:29
CLK-000686,FNP-U06263,AD-021,CMP-006,2026-01-01 10:03:24
CLK-005967,FNP-U01806,AD-021,CMP-006,2026-01-25 09:12:50
CLK-001532,FNP-U02144,AD-010,CMP-003,2026-03-01 10:01:05
CLK-001917,FNP-U02625,AD-017,CMP-005,2026-03-29 00:12:51
CLK-003111,FNP-U04611,AD-015,CMP-004,2026-02-14 09:28:37
CLK-005454,FNP-U03846,AD-001,CMP-001,2026-02-23 21:31:43
CLK-005000,FNP-U04971,AD-006,CMP-002,2026-01-11 21:26:08
CLK-004213,FNP-U01572,AD-001,CMP-001,2026-03-15 18:35:26
CLK-003967,FNP-U02455,AD-001,CMP-001,2026-02-01 09:13:47
CLK-005223,FNP-U07068,AD-008,CMP-002,2026-02-20 14:04:20
CLK-000916,FNP-U09296,AD-013,CMP-004,2026-01-11 18:33:03
CLK-005506,FNP-U06679,AD-004,CMP-001,2026-01-22 09:05:51
CLK-000700,FNP-U07081,AD-010,CMP-003,2026-03-07 06:58:14
CLK-004982,FNP-U01111,AD-019,CMP-005,2026-01-04 13:21:03
CLK-005969,FNP-U08581,AD-021,CMP-006,2026-02-27 13:19:50
CLK-000815,FNP-U08236,AD-001,CMP-001,2026-01-02 21:41:30
CLK-000295,FNP-U04410,AD-015,CMP-004,2026-02-17 14:00:37
CLK-004438,FNP-U00004,AD-014,CMP-004,2026-01-07 13:07:28
CLK-000220,FNP-U02897,AD-012,CMP-003,2026-02-19 06:36:20
CLK-001913,FNP-U09948,AD-021,CMP-006,2026-01-10 13:44:18
CLK-001912,FNP-U01112,AD-014,CMP-004,2026-01-16 13:42:32
CLK-000705,FNP-U05314,AD-001,CMP-001,2026-02-08 13:59:24
CLK-004752,FNP-U09852,AD-018,CMP-005,2026-03-21 13:54:45
CLK-001977,FNP-U03735,AD-004,CMP-001,2026-03-16 06:46:02
CLK-004135,FNP-U02288,AD-001,CMP-001,2026-02-19 18:41:07
CLK-005050,FNP-U06367,AD-013,CMP-004,2026-02-15 18:54:42
CLK-005622,FNP-U00042,AD-008,CMP-002,2026-01-03 13:09:01
CLK-004796,FNP-U07582,AD-013,CMP-004,2026-01-12 13:19:34
CLK-001314,FNP-U09189,AD-018,CMP-005,2026-03-01 19:00:03
CLK-002974,FNP-U04485,AD-001,CMP-001,2026-02-24 10:00:56
CLK-003559,FNP-U07019,AD-005,CMP-002,2026-01-05 14:01:34
CLK-003334,FNP-U01586,AD-002,CMP-001,2026-02-09 13:45:12
CLK-004373,FNP-U01457,AD-012,CMP-003,2026-03-20 18:46:32
CLK-003686,FNP-U01460,AD-006,CMP-002,2026-01-03 18:25:31
CLK-005501,FNP-U08204,AD-008,CMP-002,2026-03-10 18:39:01
CLK-000504,FNP-U01138,AD-001,CMP-001,2026-01-30 21:22:20
CLK-003502,FNP-U09943,AD-008,CMP-002,2026-02-08 21:30:39
CLK-001043,FNP-U03739,AD-017,CMP-005,2026-01-01 13:46:30
CLK-000139,FNP-U07157,AD-018,CMP-005,2026-01-24 18:47:57
CLK-000364,FNP-U02519,AD-012,CMP-003,2026-03-18 09:00:30
CLK-003086,FNP-U00677,AD-012,CMP-003,2026-01-05 06:52:16
CLK-005377,FNP-U04148,AD-004,CMP-001,2026-01-12 06:33:22
CLK-002412,FNP-U06793,AD-017,CMP-005,2026-03-23 14:00:59
CLK-000306,FNP-U07226,AD-013,CMP-004,2026-02-17 06:38:11
CLK-001887,FNP-U07213,AD-005,CMP-002,2026-02-01 18:24:08
CLK-000805,FNP-U05144,AD-008,CMP-002,2026-03-19 06:31:25
CLK-003016,FNP-U07289,AD-018,CMP-005,2026-02-20 18:44:10
CLK-000481,FNP-U05171,AD-004,CMP-001,2026-01-21 13:23:59
CLK-001170,FNP-U00407,AD-001,CMP-001,2026-01-18 13:11:42
CLK-002637,FNP-U06082,AD-011,CMP-003,2026-01-11 06:02:05
CLK-000925,FNP-U00526,AD-002,CMP-001,2026-03-14 13:21:09
CLK-002364,FNP-U03979,AD-017,CMP-005,2026-01-13 14:03:15
CLK-001662,FNP-U01921,AD-011,CMP-003,2026-01-18 18:17:40
CLK-001716,FNP-U08716,AD-016,CMP-004,2026-02-26 10:01:55
CLK-004100,FNP-U08134,AD-008,CMP-002,2026-03-24 13:56:17
CLK-001321,FNP-U08201,AD-002,CMP-001,2026-02-19 21:43:16
CLK-000663,FNP-U04605,AD-011,CMP-003,2026-01-16 13:49:37
CLK-004994,FNP-U00109,AD-010,CMP-003,2026-02-18 18:39:36
CLK-000773,FNP-U09987,AD-003,CMP-001,2026-02-02 06:32:23
CLK-002209,FNP-U01790,AD-019,CMP-005,2026-01-23 06:21:17
CLK-001797,FNP-U05094,AD-002,CMP-001,2026-03-01 21:26:33
CLK-002089,FNP-U07573,AD-017,CMP-005,2026-02-22 09:06:13
CLK-002866,FNP-U03842,AD-001,CMP-001,2026-02-04 10:06:09
CLK-003272,FNP-U06141,AD-003,CMP-001,2026-01-13 00:10:04
CLK-003651,FNP-U02656,AD-012,CMP-003,2026-02-03 01:02:44
CLK-000466,FNP-U02577,AD-008,CMP-002,2026-01-16 09:45:13
CLK-001104,FNP-U09080,AD-006,CMP-002,2026-02-04 01:02:10
CLK-003455,FNP-U09151,AD-019,CMP-005,2026-03-25 14:03:10
CLK-002420,FNP-U01594,AD-019,CMP-005,2026-03-10 06:24:53
CLK-005636,FNP-U01111,AD-004,CMP-001,2026-02-02 13:36:32
CLK-003711,FNP-U01407,AD-014,CMP-004,2026-03-23 21:32:01
CLK-003974,FNP-U01594,AD-008,CMP-002,2026-01-08 09:55:29
CLK-005881,FNP-U01437,AD-021,CMP-006,2026-03-23 18:24:25
CLK-004146,FNP-U09813,AD-006,CMP-002,2026-03-16 22:00:12
CLK-003937,FNP-U01681,AD-021,CMP-006,2026-03-08 09:19:57
CLK-002425,FNP-U02854,AD-010,CMP-003,2026-02-16 13:06:19
CLK-005294,FNP-U06362,AD-008,CMP-002,2026-03-31 18:26:33
CLK-004048,FNP-U06064,AD-021,CMP-006,2026-03-07 09:35:06
CLK-003631,FNP-U01361,AD-021,CMP-006,2026-03-24 21:23:23
CLK-005357,FNP-U02698,AD-012,CMP-003,2026-02-17 18:45:05
CLK-005713,FNP-U00266,AD-018,CMP-005,2026-03-06 21:54:46
CLK-005683,FNP-U05512,AD-022,CMP-006,2026-01-02 21:35:21
CLK-004748,FNP-U05597,AD-013,CMP-004,2026-03-08 13:26:28
CLK-005482,FNP-U00949,AD-019,CMP-005,2026-02-06 00:50:07
CLK-003621,FNP-U02798,AD-014,CMP-004,2026-02-15 21:42:07
CLK-000151,FNP-U08953,AD-005,CMP-002,2026-02-02 18:41:43
CLK-000939,FNP-U07044,AD-021,CMP-006,2026-03-18 13:01:48
CLK-005687,FNP-U04770,AD-014,CMP-004,2026-02-17 21:45:25
CLK-003520,FNP-U02497,AD-005,CMP-002,2026-02-13 21:27:05
CLK-003011,FNP-U00999,AD-001,CMP-001,2026-01-13 21:33:38
CLK-005649,FNP-U00472,AD-021,CMP-006,2026-01-02 13:46:32
CLK-001271,FNP-U05392,AD-006,CMP-002,2026-01-20 13:58:46
CLK-004593,FNP-U08972,AD-013,CMP-004,2026-02-24 09:25:18
CLK-005866,FNP-U02936,AD-004,CMP-001,2026-01-12 21:58:21
CLK-000544,FNP-U05507,AD-008,CMP-002,2026-03-06 13:14:23
CLK-004696,FNP-U00239,AD-022,CMP-006,2026-01-01 21:33:38
CLK-000441,FNP-U07473,AD-020,CMP-005,2026-02-28 09:08:27
CLK-002386,FNP-U02673,AD-008,CMP-002,2026-02-05 18:48:18
CLK-003931,FNP-U00369,AD-004,CMP-001,2026-03-30 18:45:25
CLK-001029,FNP-U01050,AD-010,CMP-003,2026-03-23 09:18:08
CLK-003524,FNP-U01814,AD-007,CMP-002,2026-01-21 10:04:12
CLK-000898,FNP-U07915,AD-017,CMP-005,2026-02-03 06:01:29
CLK-003246,FNP-U04910,AD-011,CMP-003,2026-03-12 09:18:18
CLK-003268,FNP-U00726,AD-010,CMP-003,2026-01-15 18:10:05
CLK-005290,FNP-U02587,AD-024,CMP-006,2026-03-10 21:26:52
CLK-002889,FNP-U00185,AD-008,CMP-002,2026-03-04 13:47:36
CLK-002269,FNP-U04054,AD-004,CMP-001,2026-01-25 13:54:12
CLK-004574,FNP-U07821,AD-016,CMP-004,2026-01-09 13:32:41
CLK-000239,FNP-U03473,AD-021,CMP-006,2026-02-27 13:33:30
CLK-000991,FNP-U05780,AD-006,CMP-002,2026-02-12 09:34:51
CLK-001309,FNP-U00210,AD-014,CMP-004,2026-01-23 09:31:29
CLK-003582,FNP-U05748,AD-010,CMP-003,2026-01-02 21:16:10
CLK-004707,FNP-U03115,AD-001,CMP-001,2026-02-04 13:13:02
CLK-005831,FNP-U06824,AD-008,CMP-002,2026-03-04 13:37:54
CLK-003724,FNP-U00839,AD-014,CMP-004,2026-01-11 09:10:06
CLK-000549,FNP-U02580,AD-013,CMP-004,2026-03-25 21:27:20
CLK-005582,FNP-U06720,AD-013,CMP-004,2026-01-06 00:46:05
CLK-003669,FNP-U01377,AD-017,CMP-005,2026-02-18 21:57:38
CLK-005952,FNP-U04166,AD-006,CMP-002,2026-03-23 13:36:58
CLK-000978,FNP-U00492,AD-017,CMP-005,2026-03-03 00:06:26
CLK-002184,FNP-U02498,AD-004,CMP-001,2026-01-02 18:53:00
CLK-002935,FNP-U09769,AD-001,CMP-001,2026-03-14 21:21:55
CLK-000887,FNP-U03371,AD-021,CMP-006,2026-01-07 09:36:46
CLK-003255,FNP-U03755,AD-021,CMP-006,2026-02-11 18:09:38
CLK-005868,FNP-U02195,AD-006,CMP-002,2026-01-09 09:23:54
CLK-005900,FNP-U09458,AD-021,CMP-006,2026-01-18 13:47:31
CLK-001220,FNP-U02356,AD-004,CMP-001,2026-02-02 06:25:37
CLK-004091,FNP-U04819,AD-021,CMP-006,2026-01-10 22:02:11
CLK-002236,FNP-U00194,AD-001,CMP-001,2026-03-31 18:39:44
CLK-003721,FNP-U06317,AD-021,CMP-006,2026-01-03 09:56:24
CLK-004475,FNP-U05112,AD-015,CMP-004,2026-03-21 18:14:54
CLK-004616,FNP-U08251,AD-018,CMP-005,2026-03-22 09:43:18
CLK-002720,FNP-U09137,AD-004,CMP-001,2026-02-01 13:54:47
CLK-000714,FNP-U07361,AD-005,CMP-002,2026-03-21 21:54:37
CLK-005005,FNP-U04649,AD-013,CMP-004,2026-02-23 18:57:25
CLK-000237,FNP-U02200,AD-011,CMP-003,2026-01-20 13:18:49
CLK-005594,FNP-U07989,AD-011,CMP-003,2026-01-21 09:30:26
CLK-003837,FNP-U02588,AD-003,CMP-001,2026-01-19 00:36:33
CLK-000843,FNP-U07442,AD-017,CMP-005,2026-01-23 14:00:59
CLK-001897,FNP-U00227,AD-009,CMP-003,2026-01-21 18:35:43
CLK-003955,FNP-U08833,AD-012,CMP-003,2026-01-17 18:59:15
CLK-003498,FNP-U06682,AD-013,CMP-004,2026-01-27 00:10:34
CLK-002595,FNP-U06083,AD-023,CMP-006,2026-02-09 18:44:53
CLK-005704,FNP-U08444,AD-021,CMP-006,2026-02-23 13:16:43
CLK-005079,FNP-U00828,AD-007,CMP-002,2026-01-17 13:19:42
CLK-005692,FNP-U08566,AD-006,CMP-002,2026-02-12 18:27:32
CLK-003739,FNP-U02533,AD-006,CMP-002,2026-03-20 21:31:44
CLK-000234,FNP-U05724,AD-006,CMP-002,2026-03-05 19:05:24
CLK-003755,FNP-U02547,AD-004,CMP-001,2026-03-16 21:51:10
CLK-002794,FNP-U04748,AD-008,CMP-002,2026-03-25 06:15:15
CLK-004892,FNP-U09473,AD-006,CMP-002,2026-03-10 21:51:54
CLK-002284,FNP-U01557,AD-001,CMP-001,2026-02-02 13:07:38
CLK-004251,FNP-U09850,AD-021,CMP-006,2026-01-02 21:22:44
CLK-000946,FNP-U02649,AD-009,CMP-003,2026-02-24 13:25:46
CLK-004262,FNP-U01190,AD-017,CMP-005,2026-01-09 18:19:12
CLK-002723,FNP-U00107,AD-002,CMP-001,2026-03-29 13:54:26
CLK-002147,FNP-U06577,AD-001,CMP-001,2026-01-22 09:29:32
CLK-002066,FNP-U00033,AD-017,CMP-005,2026-03-05 09:20:25
CLK-000698,FNP-U09971,AD-017,CMP-005,2026-02-07 09:39:46
CLK-001418,FNP-U05716,AD-015,CMP-004,2026-02-02 06:52:45
CLK-002342,FNP-U06629,AD-005,CMP-002,2026-03-08 09:27:57
CLK-001507,FNP-U03316,AD-012,CMP-003,2026-03-07 18:38:41
CLK-004647,FNP-U06904,AD-021,CMP-006,2026-01-06 09:38:57
CLK-002164,FNP-U06262,AD-005,CMP-002,2026-02-27 10:00:14
CLK-004987,FNP-U06259,AD-011,CMP-003,2026-01-16 21:51:53
CLK-001871,FNP-U05727,AD-001,CMP-001,2026-03-08 18:03:18
CLK-003534,FNP-U09136,AD-011,CMP-003,2026-03-06 18:44:26
CLK-003821,FNP-U01551,AD-014,CMP-004,2026-01-06 09:56:45
CLK-002818,FNP-U05529,AD-005,CMP-002,2026-02-25 00:25:29
CLK-005250,FNP-U08007,AD-008,CMP-002,2026-03-30 06:21:21
CLK-003267,FNP-U06961,AD-010,CMP-003,2026-01-26 18:46:42
CLK-004455,FNP-U07842,AD-021,CMP-006,2026-03-09 18:57:22
CLK-001181,FNP-U00716,AD-012,CMP-003,2026-02-21 00:44:36
CLK-001129,FNP-U06339,AD-021,CMP-006,2026-01-28 18:09:58
CLK-000706,FNP-U09339,AD-011,CMP-003,2026-01-10 09:06:48
CLK-003124,FNP-U01041,AD-008,CMP-002,2026-03-07 09:48:27
CLK-004857,FNP-U09677,AD-017,CMP-005,2026-02-01 06:26:33
CLK-003707,FNP-U08068,AD-006,CMP-002,2026-03-22 13:58:46
CLK-005847,FNP-U07814,AD-001,CMP-001,2026-01-17 09:19:15
CLK-005064,FNP-U07702,AD-004,CMP-001,2026-01-01 18:23:29
CLK-005978,FNP-U06495,AD-004,CMP-001,2026-03-17 14:01:53
CLK-005876,FNP-U01096,AD-004,CMP-001,2026-03-06 13:29:27
CLK-003726,FNP-U04341,AD-021,CMP-006,2026-03-09 13:41:05
CLK-001540,FNP-U09195,AD-002,CMP-001,2026-03-27 21:20:26
CLK-000801,FNP-U09360,AD-012,CMP-003,2026-03-04 21:54:54
CLK-000052,FNP-U07419,AD-009,CMP-003,2026-02-03 19:09:58
CLK-004517,FNP-U05502,AD-017,CMP-005,2026-03-25 14:07:24
CLK-003936,FNP-U00702,AD-004,CMP-001,2026-02-12 09:11:42
CLK-001784,FNP-U09843,AD-017,CMP-005,2026-02-20 21:24:13
CLK-003723,FNP-U04962,AD-014,CMP-004,2026-03-29 13:40:56
CLK-001734,FNP-U05648,AD-017,CMP-005,2026-02-27 09:43:57
CLK-001703,FNP-U09655,AD-004,CMP-001,2026-02-04 09:38:09
CLK-002467,FNP-U06658,AD-017,CMP-005,2026-01-15 21:19:22
CLK-004315,FNP-U08164,AD-017,CMP-005,2026-02-11 09:37:19
CLK-005766,FNP-U06195,AD-001,CMP-001,2026-03-18 00:07:29
CLK-001268,FNP-U06739,AD-010,CMP-003,2026-02-26 22:01:51
CLK-004085,FNP-U08325,AD-009,CMP-003,2026-01-04 00:19:43
CLK-002619,FNP-U04550,AD-007,CMP-002,2026-02-26 10:09:16
CLK-000577,FNP-U04235,AD-020,CMP-005,2026-02-21 10:03:22
CLK-004615,FNP-U04441,AD-004,CMP-001,2026-03-12 13:19:52
CLK-000642,FNP-U00917,AD-016,CMP-004,2026-03-15 09:42:13
CLK-003062,FNP-U08651,AD-009,CMP-003,2026-01-12 13:39:23
CLK-000755,FNP-U07740,AD-004,CMP-001,2026-01-05 13:06:35
CLK-005460,FNP-U08442,AD-023,CMP-006,2026-01-30 18:13:28
CLK-002606,FNP-U02120,AD-001,CMP-001,2026-03-05 09:26:03
CLK-004602,FNP-U02863,AD-008,CMP-002,2026-02-10 09:56:54
CLK-001847,FNP-U07967,AD-019,CMP-005,2026-02-13 09:11:37
CLK-000695,FNP-U00470,AD-012,CMP-003,2026-03-28 21:37:24
CLK-005823,FNP-U00165,AD-016,CMP-004,2026-02-05 09:24:17
CLK-005354,FNP-U00784,AD-021,CMP-006,2026-03-12 09:39:09
CLK-002377,FNP-U02772,AD-015,CMP-004,2026-03-03 09:05:27
CLK-005130,FNP-U01822,AD-019,CMP-005,2026-03-16 00:23:20
CLK-004031,FNP-U03607,AD-005,CMP-002,2026-02-06 09:06:34
CLK-004660,FNP-U09999,AD-005,CMP-002,2026-03-06 21:55:43
CLK-001028,FNP-U01442,AD-001,CMP-001,2026-03-19 06:45:34
CLK-002683,FNP-U06116,AD-008,CMP-002,2026-03-08 09:53:07
CLK-002262,FNP-U01661,AD-005,CMP-002,2026-03-26 13:17:56
CLK-000003,FNP-U07016,AD-009,CMP-003,2026-03-19 13:56:32
CLK-000167,FNP-U06454,AD-001,CMP-001,2026-02-28 21:24:32
CLK-003989,FNP-U03664,AD-004,CMP-001,2026-03-04 09:15:58
CLK-001031,FNP-U04375,AD-021,CMP-006,2026-02-15 09:37:29
CLK-002944,FNP-U00931,AD-006,CMP-002,2026-03-23 13:14:29
CLK-005611,FNP-U05661,AD-005,CMP-002,2026-01-09 13:46:10
CLK-003092,FNP-U07302,AD-008,CMP-002,2026-03-20 21:13:18
CLK-005820,FNP-U08467,AD-013,CMP-004,2026-03-13 13:46:14
CLK-003103,FNP-U06985,AD-007,CMP-002,2026-02-05 09:50:29
CLK-001931,FNP-U08064,AD-019,CMP-005,2026-01-30 13:21:55
CLK-004597,FNP-U05758,AD-022,CMP-006,2026-01-14 06:05:36
CLK-004164,FNP-U04527,AD-013,CMP-004,2026-03-21 13:48:42
CLK-002980,FNP-U03825,AD-013,CMP-004,2026-03-27 21:11:00
CLK-005650,FNP-U02392,AD-021,CMP-006,2026-02-22 13:02:21
CLK-001337,FNP-U01385,AD-016,CMP-004,2026-02-20 13:47:52
CLK-000926,FNP-U04415,AD-010,CMP-003,2026-02-07 06:19:45
CLK-002472,FNP-U02040,AD-001,CMP-001,2026-02-20 13:32:02
CLK-001201,FNP-U00369,AD-004,CMP-001,2026-01-27 22:05:02
CLK-000260,FNP-U03244,AD-011,CMP-003,2026-02-17 00:58:44
CLK-004007,FNP-U01719,AD-006,CMP-002,2026-01-06 13:50:03
CLK-000089,FNP-U07522,AD-003,CMP-001,2026-01-17 13:46:23
CLK-001725,FNP-U06320,AD-012,CMP-003,2026-01-09 10:03:30
CLK-005203,FNP-U06954,AD-007,CMP-002,2026-03-02 14:02:26
CLK-001283,FNP-U04717,AD-018,CMP-005,2026-01-14 00:17:49
CLK-003099,FNP-U05281,AD-010,CMP-003,2026-03-29 13:27:08
CLK-002523,FNP-U06256,AD-018,CMP-005,2026-01-31 13:33:44
CLK-004312,FNP-U05798,AD-008,CMP-002,2026-03-29 13:38:20
CLK-001677,FNP-U05744,AD-018,CMP-005,2026-01-13 18:47:36
CLK-000595,FNP-U02065,AD-008,CMP-002,2026-03-21 06:29:03
CLK-004160,FNP-U09241,AD-001,CMP-001,2026-01-21 21:41:59
CLK-002324,FNP-U05458,AD-009,CMP-003,2026-01-19 06:12:08
CLK-005240,FNP-U03789,AD-013,CMP-004,2026-03-08 00:15:48
CLK-003674,FNP-U03423,AD-008,CMP-002,2026-03-16 18:45:53
CLK-003374,FNP-U09114,AD-015,CMP-004,2026-02-01 09:47:47
CLK-004292,FNP-U02030,AD-022,CMP-006,2026-01-31 13:19:58
CLK-002188,FNP-U01987,AD-010,CMP-003,2026-02-15 18:23:00
CLK-001132,FNP-U07741,AD-009,CMP-003,2026-01-12 18:46:27
CLK-005606,FNP-U07410,AD-014,CMP-004,2026-01-26 19:02:31
CLK-001236,FNP-U04138,AD-017,CMP-005,2026-01-27 13:06:30
CLK-001695,FNP-U08318,AD-011,CMP-003,2026-01-30 18:25:42
CLK-004959,FNP-U09344,AD-012,CMP-003,2026-02-15 13:19:06
CLK-005473,FNP-U00053,AD-017,CMP-005,2026-02-27 18:51:51
CLK-005097,FNP-U04791,AD-018,CMP-005,2026-03-18 06:26:56
CLK-003206,FNP-U09116,AD-019,CMP-005,2026-01-09 18:28:13
CLK-001238,FNP-U00622,AD-004,CMP-001,2026-02-22 09:39:03
CLK-001180,FNP-U07086,AD-002,CMP-001,2026-02-22 18:38:31
CLK-002111,FNP-U00694,AD-008,CMP-002,2026-02-06 18:56:39
CLK-005693,FNP-U05195,AD-017,CMP-005,2026-02-05 21:15:46
CLK-001502,FNP-U00425,AD-017,CMP-005,2026-01-08 09:40:04
CLK-001303,FNP-U00737,AD-008,CMP-002,2026-03-04 21:22:29
CLK-000876,FNP-U03695,AD-004,CMP-001,2026-01-02 09:34:40
CLK-002839,FNP-U09371,AD-004,CMP-001,2026-01-20 10:07:54
CLK-003743,FNP-U02253,AD-004,CMP-001,2026-03-07 09:10:53
CLK-002241,FNP-U03526,AD-022,CMP-006,2026-03-19 13:45:25
CLK-000162,FNP-U04385,AD-004,CMP-001,2026-03-01 10:06:45
CLK-002906,FNP-U00148,AD-022,CMP-006,2026-03-08 13:53:18
CLK-004519,FNP-U06352,AD-001,CMP-001,2026-01-03 13:57:32
CLK-000444,FNP-U06247,AD-008,CMP-002,2026-03-26 13:06:55
CLK-002987,FNP-U06502,AD-001,CMP-001,2026-02-02 18:11:10
CLK-000435,FNP-U00503,AD-022,CMP-006,2026-03-28 14:01:22
CLK-004695,FNP-U04438,AD-019,CMP-005,2026-03-18 18:19:10
CLK-001567,FNP-U07922,AD-003,CMP-001,2026-01-26 21:27:22
CLK-005259,FNP-U01568,AD-012,CMP-003,2026-02-13 21:40:00
CLK-004162,FNP-U09359,AD-004,CMP-001,2026-01-30 13:39:52
CLK-002384,FNP-U03088,AD-017,CMP-005,2026-03-02 13:47:20
CLK-000117,FNP-U06661,AD-019,CMP-005,2026-02-01 21:47:26
CLK-001845,FNP-U01655,AD-017,CMP-005,2026-01-01 13:06:29
CLK-004736,FNP-U07993,AD-013,CMP-004,2026-01-23 09:48:49
CLK-005748,FNP-U08188,AD-001,CMP-001,2026-01-22 21:15:10
CLK-001376,FNP-U07018,AD-013,CMP-004,2026-02-02 06:51:31
CLK-002869,FNP-U02139,AD-003,CMP-001,2026-01-12 09:37:07
CLK-002001,FNP-U00999,AD-002,CMP-001,2026-03-17 09:51:11
CLK-005634,FNP-U00603,AD-006,CMP-002,2026-02-07 18:51:05
CLK-002065,FNP-U07083,AD-005,CMP-002,2026-02-18 09:39:52
CLK-000269,FNP-U08771,AD-008,CMP-002,2026-03-27 18:20:40
CLK-001363,FNP-U04319,AD-004,CMP-001,2026-01-04 09:40:37
CLK-000095,FNP-U09963,AD-017,CMP-005,2026-03-06 06:56:18
CLK-003020,FNP-U03058,AD-006,CMP-002,2026-01-27 13:56:19
CLK-004579,FNP-U08169,AD-019,CMP-005,2026-01-16 18:14:21
CLK-002093,FNP-U03215,AD-017,CMP-005,2026-02-03 13:29:39
CLK-001673,FNP-U04111,AD-013,CMP-004,2026-01-16 14:06:17
CLK-003350,FNP-U06737,AD-020,CMP-005,2026-02-01 13:52:13
CLK-002823,FNP-U06747,AD-008,CMP-002,2026-02-09 09:15:46
CLK-005852,FNP-U09314,AD-009,CMP-003,2026-03-17 19:01:37
CLK-001889,FNP-U03769,AD-017,CMP-005,2026-01-24 10:03:18
CLK-000930,FNP-U06746,AD-002,CMP-001,2026-01-31 10:08:17
CLK-004596,FNP-U05188,AD-017,CMP-005,2026-02-18 18:49:14
CLK-002702,FNP-U05542,AD-001,CMP-001,2026-03-11 13:15:10
CLK-004818,FNP-U03305,AD-008,CMP-002,2026-03-05 13:20:28
CLK-005742,FNP-U04146,AD-013,CMP-004,2026-03-22 14:06:15
CLK-000726,FNP-U03596,AD-014,CMP-004,2026-02-24 13:13:58
CLK-000080,FNP-U07811,AD-012,CMP-003,2026-03-09 13:34:14
CLK-005477,FNP-U04298,AD-001,CMP-001,2026-02-20 06:42:48
CLK-001244,FNP-U04823,AD-018,CMP-005,2026-02-11 19:00:01
CLK-003644,FNP-U06520,AD-013,CMP-004,2026-02-21 06:29:06
CLK-002956,FNP-U02283,AD-002,CMP-001,2026-01-11 14:08:45
CLK-005960,FNP-U02041,AD-010,CMP-003,2026-02-28 09:34:53
CLK-000784,FNP-U06729,AD-014,CMP-004,2026-03-31 18:19:13
CLK-003082,FNP-U06735,AD-014,CMP-004,2026-03-15 18:59:03
CLK-000720,FNP-U06313,AD-007,CMP-002,2026-02-08 13:12:27
CLK-000563,FNP-U03352,AD-013,CMP-004,2026-03-24 18:22:40
CLK-003789,FNP-U08480,AD-021,CMP-006,2026-02-14 13:36:27
CLK-000238,FNP-U05290,AD-013,CMP-004,2026-01-07 07:07:53
CLK-003460,FNP-U02835,AD-009,CMP-003,2026-03-12 19:06:07
CLK-002210,FNP-U03406,AD-006,CMP-002,2026-01-25 09:43:25
CLK-003573,FNP-U08881,AD-003,CMP-001,2026-03-11 13:48:04
CLK-000673,FNP-U02087,AD-013,CMP-004,2026-01-12 09:42:59
CLK-000551,FNP-U07634,AD-006,CMP-002,2026-02-08 06:49:54
CLK-001969,FNP-U05686,AD-020,CMP-005,2026-01-04 18:36:57
CLK-000591,FNP-U07427,AD-015,CMP-004,2026-01-31 09:14:57
CLK-004973,FNP-U07893,AD-002,CMP-001,2026-03-20 18:50:08
CLK-005376,FNP-U02528,AD-011,CMP-003,2026-03-03 18:54:19
CLK-002313,FNP-U04802,AD-014,CMP-004,2026-02-26 01:01:07
CLK-005416,FNP-U07344,AD-017,CMP-005,2026-03-07 06:51:34
CLK-003401,FNP-U07935,AD-009,CMP-003,2026-02-13 06:15:30
CLK-005139,FNP-U02458,AD-010,CMP-003,2026-01-15 06:51:51
CLK-003729,FNP-U06871,AD-008,CMP-002,2026-01-12 18:18:59
CLK-005417,FNP-U03835,AD-022,CMP-006,2026-03-14 18:20:45
CLK-001480,FNP-U02519,AD-014,CMP-004,2026-02-11 13:14:33
CLK-003300,FNP-U02264,AD-015,CMP-004,2026-01-10 19:11:09
CLK-005550,FNP-U02512,AD-008,CMP-002,2026-03-21 13:38:57
CLK-001718,FNP-U05117,AD-012,CMP-003,2026-02-05 14:06:07
CLK-002668,FNP-U05073,AD-008,CMP-002,2026-01-30 13:42:19
CLK-003628,FNP-U07513,AD-004,CMP-001,2026-02-11 13:42:28
CLK-003366,FNP-U06695,AD-012,CMP-003,2026-03-24 09:48:22
CLK-004948,FNP-U02314,AD-015,CMP-004,2026-01-14 13:42:22
CLK-005702,FNP-U04741,AD-020,CMP-005,2026-01-29 13:51:39
CLK-002994,FNP-U09275,AD-005,CMP-002,2026-02-12 18:57:11
CLK-005556,FNP-U07741,AD-019,CMP-005,2026-02-19 09:27:31
CLK-001699,FNP-U00568,AD-003,CMP-001,2026-03-28 06:40:16
CLK-004534,FNP-U03176,AD-016,CMP-004,2026-01-13 18:58:46
CLK-001411,FNP-U05963,AD-015,CMP-004,2026-02-27 19:05:43
CLK-002741,FNP-U06679,AD-007,CMP-002,2026-01-28 19:08:02
CLK-005690,FNP-U03200,AD-009,CMP-003,2026-03-27 09:26:58
CLK-005394,FNP-U06346,AD-014,CMP-004,2026-03-10 21:26:36
CLK-002893,FNP-U00566,AD-021,CMP-006,2026-01-13 22:00:43
CLK-002128,FNP-U08525,AD-021,CMP-006,2026-02-15 22:00:41
CLK-003759,FNP-U01242,AD-021,CMP-006,2026-03-13 21:35:10
CLK-002598,FNP-U00305,AD-017,CMP-005,2026-03-08 18:51:32
CLK-001560,FNP-U06257,AD-003,CMP-001,2026-03-20 09:14:14
CLK-003828,FNP-U00117,AD-021,CMP-006,2026-02-23 13:22:09
CLK-003284,FNP-U06554,AD-011,CMP-003,2026-02-13 21:54:17
CLK-002329,FNP-U06619,AD-015,CMP-004,2026-03-03 13:53:30
CLK-004900,FNP-U01347,AD-008,CMP-002,2026-01-22 14:06:50
CLK-000027,FNP-U07507,AD-021,CMP-006,2026-02-12 19:08:25
CLK-003242,FNP-U09495,AD-010,CMP-003,2026-02-18 13:49:03
CLK-001864,FNP-U08380,AD-005,CMP-002,2026-03-20 21:44:08
CLK-005040,FNP-U01004,AD-001,CMP-001,2026-01-25 18:35:43
CLK-002587,FNP-U04577,AD-019,CMP-005,2026-03-12 18:24:31
CLK-005947,FNP-U03052,AD-001,CMP-001,2026-02-04 13:25:38
CLK-000221,FNP-U07962,AD-002,CMP-001,2026-01-19 21:38:33
CLK-002913,FNP-U06574,AD-004,CMP-001,2026-02-06 21:20:28
CLK-000394,FNP-U07109,AD-004,CMP-001,2026-03-27 09:25:44
CLK-005438,FNP-U02475,AD-009,CMP-003,2026-01-06 09:31:21
CLK-001657,FNP-U05088,AD-002,CMP-001,2026-02-16 13:09:23
CLK-004781,FNP-U01779,AD-006,CMP-002,2026-01-04 09:10:35
CLK-003702,FNP-U07158,AD-014,CMP-004,2026-01-23 14:01:25
CLK-002600,FNP-U01610,AD-014,CMP-004,2026-02-19 18:06:43
CLK-000525,FNP-U02013,AD-001,CMP-001,2026-03-25 09:19:04
CLK-005199,FNP-U01688,AD-019,CMP-005,2026-02-09 21:43:36
CLK-004009,FNP-U05285,AD-004,CMP-001,2026-01-21 21:17:17
CLK-000936,FNP-U09733,AD-011,CMP-003,2026-02-17 06:52:59
CLK-003826,FNP-U01818,AD-003,CMP-001,2026-02-04 09:15:54
CLK-002349,FNP-U07093,AD-011,CMP-003,2026-01-14 13:40:14
CLK-003773,FNP-U06361,AD-015,CMP-004,2026-02-09 14:01:15
CLK-003437,FNP-U01114,AD-004,CMP-001,2026-03-16 06:11:12
CLK-005614,FNP-U06926,AD-001,CMP-001,2026-02-17 14:05:34
CLK-002759,FNP-U04614,AD-013,CMP-004,2026-02-21 00:36:31
CLK-002187,FNP-U09817,AD-018,CMP-005,2026-02-06 21:48:32
CLK-001379,FNP-U01722,AD-021,CMP-006,2026-01-14 14:06:50
CLK-002562,FNP-U01582,AD-004,CMP-001,2026-03-13 18:32:46
CLK-004039,FNP-U02602,AD-008,CMP-002,2026-03-15 18:22:43
CLK-003688,FNP-U03946,AD-011,CMP-003,2026-02-16 09:18:38
CLK-005387,FNP-U05647,AD-007,CMP-002,2026-02-24 18:30:29
CLK-003462,FNP-U08049,AD-007,CMP-002,2026-03-22 09:21:26
CLK-005612,FNP-U07515,AD-015,CMP-004,2026-01-31 06:08:06
CLK-004839,FNP-U07043,AD-017,CMP-005,2026-01-01 14:05:33
CLK-002330,FNP-U03955,AD-001,CMP-001,2026-02-16 22:00:17
CLK-004762,FNP-U01307,AD-004,CMP-001,2026-03-15 09:39:21
CLK-002775,FNP-U05941,AD-009,CMP-003,2026-03-01 13:30:14
CLK-004663,FNP-U05927,AD-012,CMP-003,2026-01-09 09:11:14
CLK-003363,FNP-U01137,AD-015,CMP-004,2026-03-07 06:39:03
CLK-003278,FNP-U06075,AD-014,CMP-004,2026-01-22 06:08:53
CLK-003830,FNP-U08778,AD-010,CMP-003,2026-03-22 10:02:44
CLK-003742,FNP-U01189,AD-006,CMP-002,2026-02-04 13:50:35
CLK-000677,FNP-U01500,AD-001,CMP-001,2026-03-21 18:46:25
CLK-004371,FNP-U09338,AD-015,CMP-004,2026-03-21 13:57:45
CLK-000011,FNP-U04336,AD-008,CMP-002,2026-03-28 10:01:14
CLK-002876,FNP-U09322,AD-006,CMP-002,2026-02-23 13:15:44
CLK-005342,FNP-U00794,AD-013,CMP-004,2026-01-21 00:16:51
CLK-004130,FNP-U05296,AD-011,CMP-003,2026-01-12 13:04:24
CLK-002119,FNP-U07449,AD-008,CMP-002,2026-03-13 21:24:06
CLK-001139,FNP-U09291,AD-005,CMP-002,2026-03-22 09:09:27
CLK-000570,FNP-U07063,AD-001,CMP-001,2026-01-26 09:54:39
CLK-005920,FNP-U08757,AD-008,CMP-002,2026-01-10 13:39:28
CLK-000071,FNP-U00604,AD-003,CMP-001,2026-02-03 18:16:30
CLK-005775,FNP-U06503,AD-003,CMP-001,2026-01-07 00:43:37
CLK-000915,FNP-U07860,AD-015,CMP-004,2026-01-25 13:10:47
CLK-004449,FNP-U07982,AD-002,CMP-001,2026-01-27 18:34:13
CLK-002447,FNP-U02070,AD-004,CMP-001,2026-03-08 13:18:18
CLK-000867,FNP-U08818,AD-018,CMP-005,2026-03-25 09:45:37
CLK-000470,FNP-U05051,AD-023,CMP-006,2026-01-09 18:29:10
CLK-005331,FNP-U06167,AD-003,CMP-001,2026-01-18 07:07:56
CLK-000775,FNP-U04769,AD-004,CMP-001,2026-02-06 09:23:23
CLK-004417,FNP-U08400,AD-006,CMP-002,2026-03-05 06:24:51
CLK-004427,FNP-U03984,AD-004,CMP-001,2026-01-18 13:45:36
CLK-003414,FNP-U06419,AD-017,CMP-005,2026-03-03 18:40:18
CLK-004212,FNP-U03043,AD-002,CMP-001,2026-01-27 21:26:31
CLK-005190,FNP-U04635,AD-002,CMP-001,2026-01-21 22:02:14
CLK-000487,FNP-U05498,AD-004,CMP-001,2026-01-15 09:28:43
CLK-004709,FNP-U09290,AD-008,CMP-002,2026-01-31 21:49:08
CLK-005617,FNP-U04716,AD-007,CMP-002,2026-02-26 13:23:32
CLK-000378,FNP-U00306,AD-013,CMP-004,2026-02-05 13:45:44
CLK-000557,FNP-U04482,AD-006,CMP-002,2026-01-25 06:47:38
CLK-004801,FNP-U07478,AD-006,CMP-002,2026-01-20 21:45:50
CLK-002928,FNP-U02129,AD-017,CMP-005,2026-01-25 10:06:41
CLK-002477,FNP-U02751,AD-021,CMP-006,2026-02-15 09:34:01
CLK-005527,FNP-U04045,AD-021,CMP-006,2026-02-02 18:22:09
CLK-004865,FNP-U04488,AD-022,CMP-006,2026-02-24 13:41:01
CLK-001061,FNP-U03343,AD-021,CMP-006,2026-02-16 18:38:56
CLK-000369,FNP-U02035,AD-002,CMP-001,2026-03-27 22:00:44
CLK-005781,FNP-U08807,AD-002,CMP-001,2026-02-26 21:38:48
CLK-003518,FNP-U05711,AD-002,CMP-001,2026-01-19 13:17:48
CLK-002208,FNP-U05870,AD-013,CMP-004,2026-01-15 21:18:23
CLK-002158,FNP-U02427,AD-020,CMP-005,2026-01-10 13:25:47
CLK-005958,FNP-U09513,AD-003,CMP-001,2026-03-07 13:38:53
CLK-003854,FNP-U03608,AD-005,CMP-002,2026-01-08 01:04:25
CLK-003527,FNP-U05576,AD-004,CMP-001,2026-02-03 21:49:10
CLK-004957,FNP-U05454,AD-017,CMP-005,2026-02-22 13:57:14
CLK-000911,FNP-U02387,AD-017,CMP-005,2026-01-13 06:14:18
CLK-001461,FNP-U05227,AD-018,CMP-005,2026-03-18 21:27:06
CLK-004208,FNP-U01558,AD-007,CMP-002,2026-03-09 09:14:20
CLK-002141,FNP-U01599,AD-022,CMP-006,2026-01-21 18:47:15
CLK-000713,FNP-U02515,AD-001,CMP-001,2026-01-09 09:21:05
CLK-000373,FNP-U06784,AD-001,CMP-001,2026-02-13 18:10:18
CLK-001038,FNP-U02196,AD-015,CMP-004,2026-03-23 18:58:20
CLK-005954,FNP-U04705,AD-017,CMP-005,2026-02-14 06:20:02
CLK-002235,FNP-U08071,AD-012,CMP-003,2026-01-27 06:41:49
CLK-002996,FNP-U02387,AD-004,CMP-001,2026-02-01 18:31:47
CLK-000202,FNP-U08506,AD-019,CMP-005,2026-03-20 13:57:13
CLK-001615,FNP-U07678,AD-001,CMP-001,2026-02-10 18:36:48
CLK-005730,FNP-U05201,AD-009,CMP-003,2026-02-02 13:59:53
CLK-005724,FNP-U03798,AD-013,CMP-004,2026-01-14 10:01:22
CLK-005337,FNP-U05531,AD-021,CMP-006,2026-01-12 14:02:58
CLK-004338,FNP-U00017,AD-009,CMP-003,2026-01-28 18:11:35
CLK-001874,FNP-U06715,AD-012,CMP-003,2026-02-05 18:32:31
CLK-005877,FNP-U02264,AD-011,CMP-003,2026-01-26 13:35:41
CLK-001459,FNP-U09060,AD-008,CMP-002,2026-02-14 13:18:05
CLK-002617,FNP-U06064,AD-007,CMP-002,2026-01-21 06:18:01
CLK-005569,FNP-U04807,AD-013,CMP-004,2026-02-02 09:53:22
CLK-000832,FNP-U08612,AD-019,CMP-005,2026-02-16 13:26:54
CLK-001243,FNP-U00611,AD-010,CMP-003,2026-02-28 09:27:29
CLK-000644,FNP-U02642,AD-001,CMP-001,2026-03-02 18:21:10
CLK-004906,FNP-U00770,AD-012,CMP-003,2026-01-02 13:32:11
CLK-003340,FNP-U08993,AD-022,CMP-006,2026-01-18 09:40:39
CLK-001925,FNP-U02871,AD-007,CMP-002,2026-02-20 21:18:09
CLK-001549,FNP-U07840,AD-017,CMP-005,2026-02-12 22:10:43
CLK-004694,FNP-U04400,AD-012,CMP-003,2026-02-01 18:17:22
CLK-004252,FNP-U08555,AD-019,CMP-005,2026-02-13 18:26:25
CLK-004311,FNP-U07295,AD-001,CMP-001,2026-02-09 18:55:17
CLK-000163,FNP-U08927,AD-005,CMP-002,2026-01-24 18:52:30
CLK-004840,FNP-U07768,AD-009,CMP-003,2026-02-03 21:35:25
CLK-002267,FNP-U00785,AD-010,CMP-003,2026-02-26 21:28:36
CLK-005921,FNP-U00087,AD-015,CMP-004,2026-02-25 18:25:33
CLK-001813,FNP-U02614,AD-020,CMP-005,2026-02-21 13:13:28
CLK-003430,FNP-U01566,AD-018,CMP-005,2026-01-20 01:03:55
CLK-004606,FNP-U06979,AD-014,CMP-004,2026-01-01 13:04:20
CLK-001016,FNP-U05977,AD-021,CMP-006,2026-03-11 10:01:51
CLK-003914,FNP-U04959,AD-006,CMP-002,2026-03-18 13:58:03
CLK-000529,FNP-U01810,AD-006,CMP-002,2026-03-04 09:50:04
CLK-001113,FNP-U04440,AD-001,CMP-001,2026-03-11 18:50:34
CLK-003184,FNP-U00813,AD-004,CMP-001,2026-03-09 13:46:06
CLK-000844,FNP-U08694,AD-011,CMP-003,2026-01-06 18:46:14
CLK-003548,FNP-U09882,AD-009,CMP-003,2026-03-05 21:48:12
CLK-005466,FNP-U00959,AD-017,CMP-005,2026-01-13 18:49:29
CLK-004247,FNP-U01202,AD-007,CMP-002,2026-03-03 09:47:51
CLK-001164,FNP-U03619,AD-018,CMP-005,2026-01-08 21:19:42
CLK-001435,FNP-U06701,AD-002,CMP-001,2026-03-21 18:39:28
CLK-001721,FNP-U07850,AD-017,CMP-005,2026-01-29 06:13:43
CLK-003241,FNP-U02138,AD-003,CMP-001,2026-01-13 21:43:45
CLK-004149,FNP-U00480,AD-006,CMP-002,2026-02-22 13:47:41
CLK-000253,FNP-U01990,AD-011,CMP-003,2026-02-13 06:46:06
CLK-003385,FNP-U09491,AD-017,CMP-005,2026-02-23 18:16:13
CLK-001023,FNP-U02390,AD-022,CMP-006,2026-03-11 13:33:52
CLK-005598,FNP-U02396,AD-014,CMP-004,2026-02-02 09:59:10
CLK-000752,FNP-U07348,AD-003,CMP-001,2026-01-17 13:53:37
CLK-000536,FNP-U01822,AD-013,CMP-004,2026-01-13 09:21:06
CLK-004397,FNP-U03246,AD-020,CMP-005,2026-01-09 14:01:20
CLK-001190,FNP-U09548,AD-015,CMP-004,2026-01-10 13:04:42
CLK-000789,FNP-U03772,AD-014,CMP-004,2026-02-19 21:11:30
CLK-001862,FNP-U03432,AD-016,CMP-004,2026-03-25 06:41:57
CLK-003243,FNP-U05552,AD-020,CMP-005,2026-03-04 13:28:29
CLK-003191,FNP-U01527,AD-014,CMP-004,2026-02-14 09:13:13
CLK-004059,FNP-U07010,AD-019,CMP-005,2026-02-12 21:54:36
CLK-001517,FNP-U06007,AD-003,CMP-001,2026-03-12 10:04:23
CLK-003614,FNP-U06421,AD-004,CMP-001,2026-01-09 13:22:23
CLK-004985,FNP-U05053,AD-010,CMP-003,2026-03-25 14:03:55
CLK-005186,FNP-U09497,AD-008,CMP-002,2026-03-23 21:23:35
CLK-002121,FNP-U00784,AD-020,CMP-005,2026-02-13 13:54:16
CLK-002216,FNP-U09275,AD-006,CMP-002,2026-02-14 09:46:25
CLK-000928,FNP-U00921,AD-005,CMP-002,2026-03-07 06:32:22
CLK-005229,FNP-U07150,AD-004,CMP-001,2026-02-21 21:45:06
CLK-005474,FNP-U04635,AD-001,CMP-001,2026-03-22 06:43:39
CLK-001011,FNP-U06216,AD-017,CMP-005,2026-02-21 18:29:38
CLK-003848,FNP-U04605,AD-015,CMP-004,2026-03-31 18:33:27
CLK-001608,FNP-U03456,AD-015,CMP-004,2026-03-31 21:53:25
CLK-001177,FNP-U05718,AD-004,CMP-001,2026-03-01 14:01:00
CLK-005574,FNP-U06821,AD-008,CMP-002,2026-01-17 18:28:27
CLK-000348,FNP-U02551,AD-008,CMP-002,2026-03-08 06:45:00
CLK-005764,FNP-U06845,AD-023,CMP-006,2026-01-03 09:11:42
CLK-000365,FNP-U04207,AD-014,CMP-004,2026-01-29 18:21:57
CLK-003790,FNP-U01501,AD-019,CMP-005,2026-03-12 13:58:42
CLK-004275,FNP-U07658,AD-014,CMP-004,2026-03-14 18:40:28
CLK-004403,FNP-U07853,AD-015,CMP-004,2026-02-11 13:16:22
CLK-001239,FNP-U00593,AD-001,CMP-001,2026-02-06 06:23:02
CLK-000733,FNP-U05021,AD-008,CMP-002,2026-02-20 00:22:23
CLK-002127,FNP-U07574,AD-006,CMP-002,2026-02-17 21:28:41
CLK-001954,FNP-U06111,AD-022,CMP-006,2026-03-16 06:37:44
CLK-005609,FNP-U09219,AD-009,CMP-003,2026-03-08 13:23:24
CLK-000885,FNP-U03776,AD-017,CMP-005,2026-02-10 13:44:02
CLK-001561,FNP-U00370,AD-013,CMP-004,2026-03-20 13:05:05
CLK-005832,FNP-U01831,AD-017,CMP-005,2026-02-23 18:32:33
CLK-005763,FNP-U06375,AD-017,CMP-005,2026-03-12 09:29:54
CLK-002129,FNP-U08749,AD-010,CMP-003,2026-03-15 13:23:55
CLK-000667,FNP-U09536,AD-008,CMP-002,2026-01-26 21:25:44
CLK-002870,FNP-U09569,AD-010,CMP-003,2026-02-07 09:45:15
CLK-002721,FNP-U02670,AD-017,CMP-005,2026-03-20 13:23:55
CLK-003950,FNP-U07191,AD-016,CMP-004,2026-03-22 13:24:47
CLK-003835,FNP-U01485,AD-003,CMP-001,2026-03-17 13:29:31
CLK-000985,FNP-U04266,AD-009,CMP-003,2026-02-26 13:20:35
CLK-001200,FNP-U00389,AD-010,CMP-003,2026-01-18 06:40:17
CLK-004945,FNP-U06467,AD-013,CMP-004,2026-03-08 21:44:02
CLK-001366,FNP-U00565,AD-018,CMP-005,2026-02-02 06:31:27
CLK-004649,FNP-U02258,AD-001,CMP-001,2026-02-11 00:19:51
CLK-005075,FNP-U06176,AD-017,CMP-005,2026-03-29 13:33:08
CLK-005505,FNP-U04603,AD-007,CMP-002,2026-01-25 21:38:29
CLK-003737,FNP-U05030,AD-009,CMP-003,2026-02-21 13:09:03
CLK-005153,FNP-U04849,AD-012,CMP-003,2026-03-16 21:44:58
CLK-004055,FNP-U00841,AD-008,CMP-002,2026-01-10 18:28:48
CLK-005295,FNP-U09222,AD-013,CMP-004,2026-03-27 14:00:05
CLK-002995,FNP-U04451,AD-024,CMP-006,2026-03-23 13:43:48
CLK-003471,FNP-U09566,AD-009,CMP-003,2026-02-18 09:44:43
CLK-001144,FNP-U02707,AD-018,CMP-005,2026-02-11 09:20:56
CLK-003891,FNP-U03911,AD-006,CMP-002,2026-03-12 18:43:22
CLK-002263,FNP-U07437,AD-001,CMP-001,2026-01-09 00:53:05
CLK-003862,FNP-U03750,AD-009,CMP-003,2026-02-26 18:47:11
CLK-004575,FNP-U06827,AD-013,CMP-004,2026-03-26 18:24:37
CLK-005459,FNP-U06026,AD-009,CMP-003,2026-02-18 13:19:25
CLK-002287,FNP-U09105,AD-008,CMP-002,2026-01-14 14:05:48
CLK-003465,FNP-U09725,AD-018,CMP-005,2026-01-06 14:10:41
CLK-000459,FNP-U06833,AD-010,CMP-003,2026-01-22 21:56:30
CLK-004382,FNP-U05352,AD-014,CMP-004,2026-02-11 09:19:58
CLK-003546,FNP-U09308,AD-003,CMP-001,2026-03-05 18:44:24
CLK-001362,FNP-U07713,AD-011,CMP-003,2026-01-29 06:19:47
CLK-004285,FNP-U08616,AD-010,CMP-003,2026-01-27 13:51:14
CLK-000265,FNP-U06242,AD-017,CMP-005,2026-03-15 13:34:38
CLK-000799,FNP-U05812,AD-004,CMP-001,2026-02-03 13:40:19
CLK-001209,FNP-U09629,AD-001,CMP-001,2026-02-25 19:04:23
CLK-002512,FNP-U03869,AD-003,CMP-001,2026-01-08 18:23:03
CLK-001282,FNP-U06702,AD-010,CMP-003,2026-01-04 00:51:02
CLK-003474,FNP-U08786,AD-002,CMP-001,2026-02-14 09:27:24
CLK-003982,FNP-U02382,AD-017,CMP-005,2026-02-27 13:44:25
CLK-004821,FNP-U00858,AD-010,CMP-003,2026-01-23 00:59:20
CLK-005492,FNP-U04760,AD-015,CMP-004,2026-01-17 06:18:41
CLK-004347,FNP-U04602,AD-010,CMP-003,2026-01-19 09:21:25
CLK-003734,FNP-U00533,AD-010,CMP-003,2026-01-14 18:11:42
CLK-002687,FNP-U02977,AD-021,CMP-006,2026-01-31 21:15:19
CLK-004515,FNP-U05713,AD-018,CMP-005,2026-01-21 21:37:45
CLK-001373,FNP-U03527,AD-003,CMP-001,2026-03-27 06:25:23
CLK-000445,FNP-U00521,AD-015,CMP-004,2026-03-30 09:56:36
CLK-000147,FNP-U03337,AD-009,CMP-003,2026-03-27 09:54:31
CLK-002028,FNP-U07677,AD-009,CMP-003,2026-03-24 21:08:47
CLK-000297,FNP-U03613,AD-022,CMP-006,2026-02-27 09:08:24
CLK-005772,FNP-U02174,AD-004,CMP-001,2026-01-30 18:11:27
CLK-000298,FNP-U09717,AD-003,CMP-001,2026-01-11 13:32:29
CLK-002155,FNP-U00056,AD-001,CMP-001,2026-03-17 21:58:51
CLK-004423,FNP-U04210,AD-010,CMP-003,2026-01-28 18:12:34
CLK-001138,FNP-U04214,AD-002,CMP-001,2026-03-26 13:30:50
CLK-001792,FNP-U06110,AD-018,CMP-005,2026-01-15 09:43:48
CLK-003499,FNP-U05997,AD-009,CMP-003,2026-01-19 09:46:55
CLK-003710,FNP-U07173,AD-019,CMP-005,2026-01-29 06:51:36
CLK-005804,FNP-U04026,AD-011,CMP-003,2026-01-23 09:18:29
CLK-005934,FNP-U08908,AD-018,CMP-005,2026-02-27 13:07:18
CLK-002592,FNP-U08033,AD-005,CMP-002,2026-01-08 10:01:33
CLK-002303,FNP-U08255,AD-001,CMP-001,2026-03-11 09:39:11
CLK-000155,FNP-U05150,AD-001,CMP-001,2026-03-13 09:09:26
CLK-001565,FNP-U01406,AD-019,CMP-005,2026-03-21 06:44:53
CLK-000675,FNP-U01937,AD-008,CMP-002,2026-01-03 18:30:22
CLK-005381,FNP-U04490,AD-007,CMP-002,2026-02-04 21:19:51
CLK-000107,FNP-U07213,AD-015,CMP-004,2026-02-07 13:29:35
CLK-005942,FNP-U02343,AD-010,CMP-003,2026-01-17 01:00:57
CLK-005651,FNP-U00820,AD-013,CMP-004,2026-01-20 18:56:38
CLK-005722,FNP-U04526,AD-012,CMP-003,2026-01-10 18:22:15
CLK-001826,FNP-U03149,AD-001,CMP-001,2026-01-03 14:00:01
CLK-004697,FNP-U04107,AD-018,CMP-005,2026-02-07 21:10:39
CLK-005081,FNP-U02226,AD-004,CMP-001,2026-02-04 21:59:09
CLK-004191,FNP-U09132,AD-010,CMP-003,2026-02-12 00:18:46
CLK-000372,FNP-U02332,AD-002,CMP-001,2026-03-08 09:31:54
CLK-000533,FNP-U02675,AD-013,CMP-004,2026-03-31 10:06:01
CLK-005893,FNP-U08277,AD-001,CMP-001,2026-01-07 09:25:40
CLK-003700,FNP-U05484,AD-004,CMP-001,2026-01-23 09:27:09
CLK-003977,FNP-U07835,AD-001,CMP-001,2026-03-06 09:29:26
CLK-003418,FNP-U02906,AD-008,CMP-002,2026-03-18 10:02:45
CLK-003447,FNP-U07836,AD-007,CMP-002,2026-01-09 13:30:24
CLK-004453,FNP-U01218,AD-014,CMP-004,2026-03-14 06:57:44
CLK-000284,FNP-U08842,AD-007,CMP-002,2026-03-09 18:44:13
CLK-005494,FNP-U09863,AD-010,CMP-003,2026-03-14 18:29:12
CLK-001026,FNP-U09908,AD-005,CMP-002,2026-02-25 13:51:31
CLK-005003,FNP-U03717,AD-016,CMP-004,2026-02-11 00:38:34
CLK-003457,FNP-U06494,AD-007,CMP-002,2026-03-19 13:53:30
CLK-000495,FNP-U05439,AD-021,CMP-006,2026-02-17 06:12:43
CLK-004943,FNP-U04646,AD-002,CMP-001,2026-03-16 09:55:15
CLK-004787,FNP-U00507,AD-014,CMP-004,2026-01-17 09:24:16
CLK-004599,FNP-U06917,AD-011,CMP-003,2026-02-09 18:07:20
CLK-001702,FNP-U03231,AD-012,CMP-003,2026-03-13 13:12:59
CLK-005995,FNP-U09312,AD-006,CMP-002,2026-01-09 06:09:46
CLK-002326,FNP-U08238,AD-016,CMP-004,2026-03-21 09:06:06
CLK-002004,FNP-U08315,AD-012,CMP-003,2026-01-06 09:20:52
CLK-001332,FNP-U07279,AD-018,CMP-005,2026-02-15 07:06:06
CLK-000379,FNP-U07410,AD-013,CMP-004,2026-01-08 10:05:13
CLK-000572,FNP-U00026,AD-002,CMP-001,2026-03-12 06:43:52
CLK-003667,FNP-U00109,AD-017,CMP-005,2026-03-01 09:46:40
CLK-004559,FNP-U06617,AD-012,CMP-003,2026-03-26 21:41:58
CLK-001752,FNP-U05362,AD-012,CMP-003,2026-01-11 10:05:32
CLK-000471,FNP-U05270,AD-009,CMP-003,2026-01-20 18:45:59
CLK-005371,FNP-U08353,AD-010,CMP-003,2026-03-31 09:59:25
CLK-003084,FNP-U02981,AD-012,CMP-003,2026-03-16 13:35:48
CLK-001735,FNP-U06066,AD-001,CMP-001,2026-02-01 18:11:31
CLK-002266,FNP-U08015,AD-018,CMP-005,2026-03-03 06:58:06
CLK-001520,FNP-U02647,AD-018,CMP-005,2026-01-08 14:00:12
CLK-003335,FNP-U00183,AD-005,CMP-002,2026-01-26 13:17:08
CLK-000931,FNP-U01825,AD-007,CMP-002,2026-03-21 21:37:41
CLK-002205,FNP-U06597,AD-013,CMP-004,2026-02-04 13:51:06
CLK-000249,FNP-U05140,AD-021,CMP-006,2026-01-02 18:56:11
CLK-004921,FNP-U04387,AD-013,CMP-004,2026-01-15 18:25:53
CLK-001900,FNP-U05990,AD-002,CMP-001,2026-01-23 22:02:39
CLK-004628,FNP-U01201,AD-009,CMP-003,2026-03-08 18:20:34
CLK-000405,FNP-U04051,AD-018,CMP-005,2026-01-18 18:29:07
CLK-004005,FNP-U09576,AD-002,CMP-001,2026-01-14 13:38:25
CLK-004165,FNP-U00335,AD-021,CMP-006,2026-01-25 10:07:46
CLK-005270,FNP-U08616,AD-004,CMP-001,2026-02-25 14:08:08
CLK-000681,FNP-U05408,AD-006,CMP-002,2026-03-20 18:17:48
CLK-002449,FNP-U07923,AD-003,CMP-001,2026-02-17 21:28:20
CLK-002045,FNP-U04699,AD-013,CMP-004,2026-03-29 09:47:56
CLK-001769,FNP-U04120,AD-003,CMP-001,2026-02-13 09:38:25
CLK-003611,FNP-U04465,AD-005,CMP-002,2026-01-22 00:25:24
CLK-000194,FNP-U04945,AD-006,CMP-002,2026-03-16 14:02:46
CLK-004484,FNP-U04822,AD-018,CMP-005,2026-03-14 19:04:23
CLK-004125,FNP-U00044,AD-006,CMP-002,2026-03-01 21:03:53
CLK-003704,FNP-U09347,AD-006,CMP-002,2026-03-28 18:55:24
CLK-003627,FNP-U07808,AD-006,CMP-002,2026-02-21 18:22:26
CLK-003409,FNP-U08000,AD-016,CMP-004,2026-02-17 18:14:25
CLK-002838,FNP-U04908,AD-002,CMP-001,2026-03-13 06:55:39
CLK-000443,FNP-U02261,AD-015,CMP-004,2026-03-10 13:37:34
CLK-004259,FNP-U03405,AD-013,CMP-004,2026-03-17 18:11:09
CLK-001476,FNP-U03620,AD-016,CMP-004,2026-01-17 13:28:57
CLK-005503,FNP-U01178,AD-004,CMP-001,2026-02-27 18:16:48
CLK-003727,FNP-U06532,AD-012,CMP-003,2026-02-21 09:21:45
CLK-000594,FNP-U08577,AD-010,CMP-003,2026-01-08 00:36:43
CLK-001199,FNP-U07333,AD-012,CMP-003,2026-01-08 18:12:21
CLK-002400,FNP-U01405,AD-009,CMP-003,2026-03-13 13:53:17
CLK-004079,FNP-U09169,AD-009,CMP-003,2026-02-25 00:41:02
CLK-002249,FNP-U06623,AD-014,CMP-004,2026-02-21 22:03:28
CLK-004108,FNP-U02730,AD-004,CMP-001,2026-02-12 18:51:31
CLK-000183,FNP-U07516,AD-006,CMP-002,2026-02-14 13:16:53
CLK-000456,FNP-U03526,AD-008,CMP-002,2026-01-26 00:28:27
CLK-002997,FNP-U04197,AD-017,CMP-005,2026-02-22 21:37:54
CLK-002694,FNP-U04883,AD-017,CMP-005,2026-03-14 21:58:07
CLK-005536,FNP-U00523,AD-021,CMP-006,2026-02-24 09:26:48
CLK-005198,FNP-U04947,AD-011,CMP-003,2026-03-25 06:21:01
CLK-001076,FNP-U04956,AD-012,CMP-003,2026-02-18 13:39:58
CLK-003432,FNP-U07108,AD-015,CMP-004,2026-03-23 09:20:26
CLK-005773,FNP-U06300,AD-017,CMP-005,2026-03-26 10:06:00
CLK-001390,FNP-U03221,AD-016,CMP-004,2026-01-08 13:24:45
CLK-001246,FNP-U07809,AD-007,CMP-002,2026-01-13 01:11:53
CLK-004567,FNP-U01664,AD-004,CMP-001,2026-02-17 06:34:55
CLK-004374,FNP-U03421,AD-017,CMP-005,2026-01-22 21:18:58
CLK-000868,FNP-U02575,AD-004,CMP-001,2026-01-12 06:45:42
CLK-002347,FNP-U02594,AD-007,CMP-002,2026-01-27 13:23:48
CLK-000073,FNP-U09291,AD-001,CMP-001,2026-02-22 18:34:56
CLK-001489,FNP-U08616,AD-007,CMP-002,2026-01-28 09:12:38
CLK-003365,FNP-U00428,AD-018,CMP-005,2026-01-26 06:41:30
CLK-004768,FNP-U04592,AD-001,CMP-001,2026-03-16 09:46:06
CLK-002038,FNP-U09983,AD-007,CMP-002,2026-03-04 18:36:21
CLK-005412,FNP-U07076,AD-010,CMP-003,2026-02-02 18:33:28
CLK-004088,FNP-U03632,AD-010,CMP-003,2026-01-23 18:48:00
CLK-001252,FNP-U05201,AD-021,CMP-006,2026-02-25 13:30:30
CLK-005727,FNP-U03900,AD-018,CMP-005,2026-02-20 21:10:02
CLK-002118,FNP-U01412,AD-021,CMP-006,2026-03-27 18:59:36
CLK-005215,FNP-U02533,AD-007,CMP-002,2026-01-12 13:12:47
CLK-005859,FNP-U04367,AD-001,CMP-001,2026-03-09 09:56:09
CLK-004896,FNP-U08938,AD-012,CMP-003,2026-03-23 09:08:52
CLK-004433,FNP-U04667,AD-021,CMP-006,2026-02-23 18:33:28
CLK-001082,FNP-U09150,AD-021,CMP-006,2026-02-15 06:20:25
CLK-001924,FNP-U01043,AD-004,CMP-001,2026-02-21 09:36:55
CLK-001234,FNP-U07936,AD-004,CMP-001,2026-01-13 09:51:48
CLK-003247,FNP-U09683,AD-002,CMP-001,2026-01-05 13:18:29
CLK-005415,FNP-U09678,AD-006,CMP-002,2026-01-27 13:15:10
CLK-004609,FNP-U05462,AD-009,CMP-003,2026-03-18 06:49:37
CLK-000340,FNP-U06628,AD-010,CMP-003,2026-03-05 06:18:39
CLK-003146,FNP-U01995,AD-011,CMP-003,2026-01-18 18:22:04
CLK-002926,FNP-U00447,AD-014,CMP-004,2026-01-27 21:58:43
CLK-001463,FNP-U00314,AD-003,CMP-001,2026-03-04 18:18:29
CLK-000102,FNP-U02751,AD-011,CMP-003,2026-01-28 13:32:31
CLK-003604,FNP-U05393,AD-021,CMP-006,2026-03-07 00:13:58
CLK-002603,FNP-U07799,AD-021,CMP-006,2026-01-21 21:18:28
CLK-000491,FNP-U09761,AD-014,CMP-004,2026-03-09 13:14:26
CLK-004107,FNP-U03947,AD-019,CMP-005,2026-01-07 13:59:27
CLK-003041,FNP-U00821,AD-002,CMP-001,2026-01-14 06:55:57
CLK-005670,FNP-U08838,AD-021,CMP-006,2026-02-20 00:23:28
CLK-005134,FNP-U07679,AD-001,CMP-001,2026-01-01 06:38:51
CLK-003454,FNP-U09261,AD-007,CMP-002,2026-02-07 21:17:42
CLK-001959,FNP-U07168,AD-018,CMP-005,2026-03-08 18:10:29
CLK-002072,FNP-U05621,AD-006,CMP-002,2026-02-02 09:29:13
CLK-004712,FNP-U06185,AD-019,CMP-005,2026-01-10 18:44:21
CLK-005260,FNP-U02625,AD-008,CMP-002,2026-02-02 21:50:06
CLK-001819,FNP-U07341,AD-018,CMP-005,2026-02-14 13:42:24
CLK-004194,FNP-U09160,AD-015,CMP-004,2026-01-31 01:01:19
CLK-003219,FNP-U05090,AD-022,CMP-006,2026-02-09 13:59:14
CLK-005451,FNP-U06386,AD-012,CMP-003,2026-01-04 09:54:55
CLK-004687,FNP-U03090,AD-014,CMP-004,2026-02-02 09:49:22
CLK-003760,FNP-U05452,AD-012,CMP-003,2026-02-06 13:48:10
CLK-005583,FNP-U09252,AD-010,CMP-003,2026-03-09 10:01:44
CLK-004546,FNP-U03237,AD-009,CMP-003,2026-01-19 00:19:42
CLK-002348,FNP-U09904,AD-013,CMP-004,2026-01-10 18:22:10
CLK-001825,FNP-U07339,AD-004,CMP-001,2026-02-08 13:49:31
CLK-004600,FNP-U03330,AD-002,CMP-001,2026-02-03 13:55:23
CLK-005273,FNP-U08891,AD-004,CMP-001,2026-03-09 18:54:32
CLK-005251,FNP-U04555,AD-015,CMP-004,2026-03-21 06:22:03
CLK-001544,FNP-U03380,AD-007,CMP-002,2026-01-20 09:43:38
CLK-004078,FNP-U06479,AD-018,CMP-005,2026-02-26 13:41:04
CLK-000869,FNP-U09146,AD-005,CMP-002,2026-03-18 22:01:45
CLK-005673,FNP-U01434,AD-008,CMP-002,2026-02-22 09:35:25
CLK-004802,FNP-U07512,AD-021,CMP-006,2026-03-24 13:36:28
CLK-005658,FNP-U07106,AD-015,CMP-004,2026-01-17 13:33:31
CLK-002380,FNP-U00816,AD-009,CMP-003,2026-01-02 18:19:29
CLK-000716,FNP-U06173,AD-005,CMP-002,2026-03-19 13:33:32
CLK-002151,FNP-U01324,AD-007,CMP-002,2026-03-13 13:15:41
CLK-003775,FNP-U04638,AD-010,CMP-003,2026-02-03 21:33:44
CLK-000356,FNP-U06362,AD-004,CMP-001,2026-02-17 18:40:36
CLK-000092,FNP-U01887,AD-010,CMP-003,2026-02-23 13:55:50
CLK-005399,FNP-U01740,AD-015,CMP-004,2026-03-18 19:00:31
CLK-003106,FNP-U09597,AD-010,CMP-003,2026-01-12 18:54:53
CLK-000643,FNP-U01965,AD-008,CMP-002,2026-01-29 13:38:02
CLK-002007,FNP-U01418,AD-004,CMP-001,2026-02-10 13:49:30
CLK-005549,FNP-U02421,AD-010,CMP-003,2026-01-29 09:56:58
CLK-004034,FNP-U02266,AD-017,CMP-005,2026-03-11 18:07:27
CLK-000743,FNP-U00215,AD-002,CMP-001,2026-01-27 21:37:41
CLK-000042,FNP-U05766,AD-021,CMP-006,2026-01-08 13:05:53
CLK-005828,FNP-U08589,AD-004,CMP-001,2026-01-22 14:08:58
CLK-004336,FNP-U09345,AD-013,CMP-004,2026-03-02 13:26:45
CLK-005177,FNP-U03794,AD-021,CMP-006,2026-02-07 13:08:48
CLK-002726,FNP-U00052,AD-010,CMP-003,2026-01-05 09:14:27
CLK-002596,FNP-U07478,AD-022,CMP-006,2026-02-03 06:40:55
CLK-003336,FNP-U04954,AD-004,CMP-001,2026-02-21 09:32:30
CLK-003731,FNP-U03465,AD-006,CMP-002,2026-02-15 13:12:24
CLK-004608,FNP-U08146,AD-011,CMP-003,2026-02-07 09:46:35
CLK-003849,FNP-U07650,AD-006,CMP-002,2026-01-08 09:40:01
CLK-001631,FNP-U02018,AD-010,CMP-003,2026-02-15 07:00:29
CLK-001683,FNP-U07910,AD-011,CMP-003,2026-01-25 09:44:43
CLK-002227,FNP-U09322,AD-017,CMP-005,2026-02-27 06:22:29
CLK-005980,FNP-U06913,AD-012,CMP-003,2026-01-20 13:35:53
CLK-005246,FNP-U06752,AD-021,CMP-006,2026-03-12 18:52:29
CLK-003130,FNP-U09109,AD-017,CMP-005,2026-03-05 18:19:04
CLK-001405,FNP-U05769,AD-012,CMP-003,2026-03-23 18:30:04
CLK-003371,FNP-U03009,AD-008,CMP-002,2026-01-05 18:59:29
CLK-001444,FNP-U01574,AD-021,CMP-006,2026-03-01 21:49:08
CLK-003563,FNP-U08039,AD-021,CMP-006,2026-01-25 10:02:12
CLK-000662,FNP-U09857,AD-002,CMP-001,2026-02-23 13:44:56
CLK-005497,FNP-U02472,AD-008,CMP-002,2026-02-26 09:47:21
CLK-004170,FNP-U07270,AD-001,CMP-001,2026-02-09 21:57:37
CLK-002561,FNP-U01840,AD-010,CMP-003,2026-02-15 21:15:01
CLK-002860,FNP-U02538,AD-006,CMP-002,2026-02-01 18:40:44
CLK-002888,FNP-U01905,AD-002,CMP-001,2026-01-19 18:17:12
CLK-004505,FNP-U00114,AD-001,CMP-001,2026-03-19 18:26:27
CLK-002207,FNP-U09459,AD-002,CMP-001,2026-03-22 18:11:23
CLK-001369,FNP-U03781,AD-007,CMP-002,2026-01-22 09:17:14
CLK-005489,FNP-U02630,AD-002,CMP-001,2026-02-27 09:32:32
CLK-003997,FNP-U05510,AD-011,CMP-003,2026-03-13 13:12:38
CLK-004113,FNP-U06375,AD-007,CMP-002,2026-01-09 21:12:57
CLK-001632,FNP-U03898,AD-001,CMP-001,2026-03-18 13:51:35
CLK-004473,FNP-U01951,AD-010,CMP-003,2026-01-01 18:45:29
CLK-005010,FNP-U00564,AD-015,CMP-004,2026-02-16 00:27:15
CLK-000809,FNP-U01555,AD-017,CMP-005,2026-01-28 18:33:43
CLK-005009,FNP-U05737,AD-008,CMP-002,2026-03-20 21:34:30
CLK-001754,FNP-U08135,AD-001,CMP-001,2026-01-29 13:12:34
CLK-005668,FNP-U06523,AD-008,CMP-002,2026-03-06 06:57:03
CLK-000227,FNP-U09572,AD-017,CMP-005,2026-01-08 21:09:16
CLK-005608,FNP-U01548,AD-010,CMP-003,2026-02-15 00:49:01
CLK-003601,FNP-U02444,AD-015,CMP-004,2026-01-24 13:39:04
CLK-001545,FNP-U01496,AD-010,CMP-003,2026-03-19 14:02:11
CLK-005437,FNP-U08547,AD-015,CMP-004,2026-02-14 07:12:02
CLK-000454,FNP-U01985,AD-021,CMP-006,2026-03-15 21:39:56
CLK-002532,FNP-U00392,AD-002,CMP-001,2026-03-10 09:25:08
CLK-000981,FNP-U07703,AD-004,CMP-001,2026-02-24 13:34:59
CLK-003341,FNP-U05048,AD-004,CMP-001,2026-02-20 06:04:51
CLK-005699,FNP-U03094,AD-008,CMP-002,2026-02-01 06:23:12
CLK-003774,FNP-U07526,AD-010,CMP-003,2026-03-06 21:03:46
CLK-004344,FNP-U07775,AD-009,CMP-003,2026-02-24 21:28:25
CLK-001866,FNP-U08779,AD-009,CMP-003,2026-02-06 09:04:11
CLK-000074,FNP-U05065,AD-017,CMP-005,2026-01-24 18:21:37
CLK-000889,FNP-U02357,AD-018,CMP-005,2026-01-29 13:32:14
CLK-002409,FNP-U07258,AD-009,CMP-003,2026-01-21 09:45:24
CLK-004281,FNP-U03692,AD-017,CMP-005,2026-03-16 09:19:22
CLK-001831,FNP-U00185,AD-013,CMP-004,2026-03-09 00:42:03
CLK-005256,FNP-U09314,AD-017,CMP-005,2026-03-15 09:31:04
CLK-004562,FNP-U00344,AD-004,CMP-001,2026-03-24 18:19:02
CLK-003714,FNP-U06547,AD-017,CMP-005,2026-02-13 13:30:44
CLK-002186,FNP-U08096,AD-015,CMP-004,2026-02-02 18:19:43
CLK-000474,FNP-U04275,AD-013,CMP-004,2026-02-25 18:51:30
CLK-000888,FNP-U09111,AD-001,CMP-001,2026-03-31 18:25:19
CLK-005390,FNP-U00098,AD-005,CMP-002,2026-01-20 14:06:34
CLK-004894,FNP-U07474,AD-013,CMP-004,2026-03-09 09:32:47
CLK-001089,FNP-U00895,AD-021,CMP-006,2026-02-16 13:21:39
CLK-000573,FNP-U01544,AD-021,CMP-006,2026-03-18 09:51:05
CLK-001821,FNP-U02092,AD-011,CMP-003,2026-02-03 18:14:08
CLK-005562,FNP-U01911,AD-020,CMP-005,2026-03-05 13:30:29
CLK-000017,FNP-U05257,AD-004,CMP-001,2026-02-09 13:16:06
CLK-002585,FNP-U07832,AD-014,CMP-004,2026-01-04 21:24:52
CLK-001446,FNP-U09117,AD-005,CMP-002,2026-02-13 09:13:44
CLK-000638,FNP-U01550,AD-016,CMP-004,2026-03-19 10:04:21
CLK-004975,FNP-U09691,AD-007,CMP-002,2026-02-03 09:36:48
CLK-003353,FNP-U01792,AD-017,CMP-005,2026-01-21 13:59:46
CLK-001818,FNP-U07626,AD-008,CMP-002,2026-03-03 18:49:02
CLK-005858,FNP-U05069,AD-002,CMP-001,2026-03-22 13:39:18
CLK-003776,FNP-U01734,AD-015,CMP-004,2026-02-13 09:41:33
CLK-003948,FNP-U04267,AD-014,CMP-004,2026-01-30 09:49:02
CLK-004930,FNP-U03285,AD-003,CMP-001,2026-01-03 14:05:16
CLK-004386,FNP-U01079,AD-017,CMP-005,2026-02-19 09:55:59
CLK-000029,FNP-U01938,AD-015,CMP-004,2026-02-27 18:39:38
CLK-004555,FNP-U09503,AD-008,CMP-002,2026-03-29 13:49:51
CLK-003963,FNP-U06831,AD-004,CMP-001,2026-02-09 10:03:39
CLK-002604,FNP-U07509,AD-004,CMP-001,2026-03-04 21:52:31
CLK-005276,FNP-U06154,AD-021,CMP-006,2026-02-24 10:05:44
CLK-001955,FNP-U03092,AD-005,CMP-002,2026-02-18 09:24:35
CLK-004590,FNP-U02354,AD-012,CMP-003,2026-02-21 09:41:37
CLK-005930,FNP-U06308,AD-005,CMP-002,2026-01-09 09:26:55
CLK-000008,FNP-U06415,AD-006,CMP-002,2026-03-27 18:21:28
CLK-003468,FNP-U02489,AD-007,CMP-002,2026-03-19 06:09:28
CLK-004359,FNP-U09645,AD-009,CMP-003,2026-03-10 21:21:25
CLK-001386,FNP-U08504,AD-005,CMP-002,2026-01-11 13:30:32
CLK-001278,FNP-U06566,AD-021,CMP-006,2026-03-21 18:41:24
CLK-000091,FNP-U02237,AD-004,CMP-001,2026-02-02 21:29:57
CLK-000514,FNP-U02051,AD-010,CMP-003,2026-02-13 22:04:37
CLK-000440,FNP-U06129,AD-007,CMP-002,2026-02-27 18:17:56
CLK-003512,FNP-U09493,AD-012,CMP-003,2026-03-14 09:27:09
CLK-002864,FNP-U05643,AD-017,CMP-005,2026-01-05 21:37:30
CLK-002607,FNP-U04942,AD-010,CMP-003,2026-01-30 13:37:45
CLK-000803,FNP-U03118,AD-016,CMP-004,2026-01-22 09:53:45
CLK-003282,FNP-U04121,AD-013,CMP-004,2026-03-11 13:52:21
CLK-005694,FNP-U04835,AD-014,CMP-004,2026-03-05 13:57:20
CLK-003884,FNP-U00776,AD-017,CMP-005,2026-02-21 13:42:34
CLK-004931,FNP-U02558,AD-014,CMP-004,2026-03-10 18:26:53
CLK-003293,FNP-U09761,AD-009,CMP-003,2026-03-02 22:08:09
CLK-003725,FNP-U02392,AD-006,CMP-002,2026-01-18 14:02:04
CLK-000110,FNP-U01359,AD-001,CMP-001,2026-02-07 09:38:11
CLK-001389,FNP-U01719,AD-014,CMP-004,2026-02-27 22:09:26
CLK-001447,FNP-U07742,AD-002,CMP-001,2026-01-29 07:07:39
CLK-001625,FNP-U06504,AD-004,CMP-001,2026-01-16 09:49:38
CLK-004844,FNP-U02402,AD-013,CMP-004,2026-03-07 14:00:35
CLK-005904,FNP-U05219,AD-002,CMP-001,2026-01-29 13:51:35
CLK-004666,FNP-U02839,AD-018,CMP-005,2026-02-26 13:26:16
CLK-004814,FNP-U02108,AD-016,CMP-004,2026-03-04 06:32:52
CLK-002895,FNP-U07627,AD-020,CMP-005,2026-01-09 21:39:55
CLK-000035,FNP-U02288,AD-014,CMP-004,2026-01-15 09:48:14
CLK-000209,FNP-U08868,AD-009,CMP-003,2026-01-24 13:33:01
CLK-000087,FNP-U01808,AD-011,CMP-003,2026-03-28 09:26:17
CLK-005940,FNP-U01896,AD-009,CMP-003,2026-02-04 18:37:37
CLK-005113,FNP-U06326,AD-005,CMP-002,2026-01-26 18:17:36
CLK-004532,FNP-U01709,AD-005,CMP-002,2026-02-04 19:06:33
CLK-003581,FNP-U06578,AD-019,CMP-005,2026-01-23 21:34:27
CLK-000741,FNP-U04038,AD-001,CMP-001,2026-02-04 18:58:32
CLK-002340,FNP-U02875,AD-004,CMP-001,2026-01-27 13:50:11
CLK-003677,FNP-U06264,AD-013,CMP-004,2026-03-03 01:02:02
CLK-002369,FNP-U07995,AD-018,CMP-005,2026-01-03 09:09:25
CLK-005435,FNP-U03413,AD-012,CMP-003,2026-03-07 18:10:56
CLK-001890,FNP-U03602,AD-001,CMP-001,2026-02-10 21:12:27
CLK-003149,FNP-U07936,AD-023,CMP-006,2026-01-04 13:29:22
CLK-002706,FNP-U07551,AD-021,CMP-006,2026-03-04 13:17:08
CLK-001188,FNP-U02612,AD-012,CMP-003,2026-03-17 13:04:53
CLK-000413,FNP-U04499,AD-004,CMP-001,2026-03-29 21:36:59
CLK-002841,FNP-U01878,AD-001,CMP-001,2026-03-27 21:08:21
CLK-001880,FNP-U08547,AD-016,CMP-004,2026-03-15 13:35:32
CLK-004267,FNP-U09447,AD-004,CMP-001,2026-01-25 21:35:37
CLK-000313,FNP-U04598,AD-002,CMP-001,2026-02-10 13:49:28
CLK-001030,FNP-U05432,AD-010,CMP-003,2026-01-30 13:49:23
CLK-003580,FNP-U02705,AD-004,CMP-001,2026-01-07 13:46:48
CLK-000219,FNP-U00725,AD-017,CMP-005,2026-02-05 09:30:47
CLK-003697,FNP-U04186,AD-001,CMP-001,2026-02-13 21:03:46
CLK-002120,FNP-U05123,AD-005,CMP-002,2026-03-18 22:00:23
CLK-005351,FNP-U07168,AD-007,CMP-002,2026-01-13 13:20:12
CLK-000857,FNP-U00967,AD-006,CMP-002,2026-03-06 09:45:58
CLK-003402,FNP-U05485,AD-009,CMP-003,2026-02-19 09:29:08
CLK-002378,FNP-U05603,AD-013,CMP-004,2026-03-24 18:37:47
CLK-000330,FNP-U00336,AD-007,CMP-002,2026-01-04 18:43:34
CLK-001908,FNP-U06537,AD-004,CMP-001,2026-01-01 09:39:55
CLK-003274,FNP-U00394,AD-013,CMP-004,2026-01-23 13:10:33
CLK-002908,FNP-U08580,AD-013,CMP-004,2026-01-16 18:59:29
CLK-003126,FNP-U03651,AD-015,CMP-004,2026-02-05 13:29:31
CLK-003979,FNP-U04390,AD-021,CMP-006,2026-03-14 14:06:58
CLK-003159,FNP-U04535,AD-003,CMP-001,2026-03-23 06:37:08
CLK-000351,FNP-U00850,AD-018,CMP-005,2026-02-23 13:48:29
CLK-003545,FNP-U03569,AD-010,CMP-003,2026-03-06 00:21:57
CLK-001343,FNP-U09976,AD-004,CMP-001,2026-01-22 13:58:44
CLK-003480,FNP-U00932,AD-013,CMP-004,2026-03-08 21:56:11
CLK-001289,FNP-U05090,AD-001,CMP-001,2026-01-27 13:14:43
CLK-003562,FNP-U01893,AD-016,CMP-004,2026-03-09 09:06:58
CLK-005752,FNP-U00320,AD-004,CMP-001,2026-02-05 22:00:19
CLK-000764,FNP-U06631,AD-004,CMP-001,2026-01-18 21:30:38
CLK-003321,FNP-U06873,AD-008,CMP-002,2026-01-18 09:28:44
CLK-005012,FNP-U02864,AD-005,CMP-002,2026-02-12 00:47:21
CLK-001682,FNP-U01668,AD-021,CMP-006,2026-02-08 09:28:45
CLK-002628,FNP-U08827,AD-020,CMP-005,2026-03-24 21:59:45
CLK-003585,FNP-U08885,AD-008,CMP-002,2026-01-27 13:36:07
CLK-003297,FNP-U04657,AD-015,CMP-004,2026-01-14 21:38:13
CLK-002444,FNP-U06043,AD-021,CMP-006,2026-02-25 07:07:46
CLK-002085,FNP-U08467,AD-006,CMP-002,2026-03-26 18:54:07
CLK-000070,FNP-U07477,AD-002,CMP-001,2026-01-02 13:12:38
CLK-005116,FNP-U07364,AD-005,CMP-002,2026-03-16 09:30:44
CLK-001675,FNP-U03494,AD-002,CMP-001,2026-03-20 06:19:22
CLK-005369,FNP-U08372,AD-001,CMP-001,2026-02-16 00:44:24
CLK-000935,FNP-U09762,AD-017,CMP-005,2026-02-28 19:02:46
CLK-005143,FNP-U08260,AD-008,CMP-002,2026-03-28 14:08:06
CLK-004203,FNP-U04447,AD-001,CMP-001,2026-02-13 18:44:57
CLK-001766,FNP-U02856,AD-003,CMP-001,2026-03-31 10:08:03
CLK-003412,FNP-U03718,AD-017,CMP-005,2026-01-12 00:33:48
CLK-005738,FNP-U01712,AD-021,CMP-006,2026-03-08 18:39:11
CLK-004052,FNP-U01768,AD-007,CMP-002,2026-03-29 22:00:18
CLK-005836,FNP-U00297,AD-010,CMP-003,2026-02-21 21:39:06
CLK-005025,FNP-U02520,AD-018,CMP-005,2026-02-06 13:40:36
CLK-004096,FNP-U02561,AD-004,CMP-001,2026-03-18 18:29:29
CLK-000114,FNP-U09740,AD-004,CMP-001,2026-03-06 09:54:30
CLK-001272,FNP-U03887,AD-024,CMP-006,2026-03-24 21:30:30
CLK-000634,FNP-U08462,AD-012,CMP-003,2026-03-30 18:06:51
CLK-001848,FNP-U06768,AD-002,CMP-001,2026-03-19 13:20:01
CLK-001339,FNP-U07847,AD-016,CMP-004,2026-03-18 18:39:53
CLK-003481,FNP-U08537,AD-009,CMP-003,2026-03-27 09:40:52
CLK-001454,FNP-U03910,AD-006,CMP-002,2026-03-11 09:45:32
CLK-000628,FNP-U01462,AD-003,CMP-001,2026-03-16 07:09:56
CLK-003425,FNP-U02739,AD-003,CMP-001,2026-01-29 06:08:11
CLK-003538,FNP-U05994,AD-003,CMP-001,2026-01-19 18:41:15
CLK-000708,FNP-U04570,AD-018,CMP-005,2026-01-22 10:03:48
CLK-000942,FNP-U05416,AD-006,CMP-002,2026-02-12 13:53:02
CLK-003240,FNP-U01993,AD-012,CMP-003,2026-01-09 09:59:00
CLK-004064,FNP-U02826,AD-001,CMP-001,2026-01-09 13:26:37
CLK-002334,FNP-U04192,AD-012,CMP-003,2026-02-13 13:34:59
CLK-002363,FNP-U09037,AD-015,CMP-004,2026-03-07 18:38:47
CLK-005600,FNP-U08569,AD-010,CMP-003,2026-01-17 09:16:31
CLK-005464,FNP-U00170,AD-008,CMP-002,2026-02-06 21:07:07
CLK-002320,FNP-U07578,AD-024,CMP-006,2026-02-19 09:03:37
CLK-005201,FNP-U09163,AD-008,CMP-002,2026-02-08 21:18:09
CLK-004027,FNP-U01736,AD-017,CMP-005,2026-01-17 18:54:52
CLK-001693,FNP-U01851,AD-012,CMP-003,2026-01-11 13:26:30
CLK-001879,FNP-U02949,AD-021,CMP-006,2026-03-19 13:21:05
CLK-002612,FNP-U03806,AD-005,CMP-002,2026-01-15 21:25:18
CLK-001055,FNP-U04214,AD-010,CMP-003,2026-01-11 13:32:01
CLK-001349,FNP-U01044,AD-015,CMP-004,2026-03-10 13:53:07
CLK-003648,FNP-U07979,AD-003,CMP-001,2026-01-01 07:09:23
CLK-004947,FNP-U05185,AD-011,CMP-003,2026-01-21 13:37:32
CLK-001536,FNP-U07258,AD-009,CMP-003,2026-02-09 13:50:30
CLK-000761,FNP-U09867,AD-023,CMP-006,2026-01-23 18:58:00
CLK-002243,FNP-U09361,AD-015,CMP-004,2026-03-30 13:22:32
CLK-005750,FNP-U09150,AD-021,CMP-006,2026-03-22 18:48:21
CLK-003384,FNP-U09855,AD-017,CMP-005,2026-03-02 13:33:45
CLK-002986,FNP-U06203,AD-017,CMP-005,2026-02-11 13:54:31
CLK-004777,FNP-U00979,AD-005,CMP-002,2026-01-16 18:21:27
CLK-003044,FNP-U03907,AD-023,CMP-006,2026-03-17 21:21:45
CLK-000285,FNP-U00544,AD-013,CMP-004,2026-01-13 10:09:15
CLK-004161,FNP-U01782,AD-012,CMP-003,2026-03-22 06:28:40
CLK-000449,FNP-U02142,AD-012,CMP-003,2026-02-14 09:23:08
CLK-004223,FNP-U03913,AD-004,CMP-001,2026-03-23 13:08:27
CLK-000311,FNP-U05264,AD-010,CMP-003,2026-03-29 09:11:10
CLK-001774,FNP-U07838,AD-008,CMP-002,2026-03-17 10:03:56
CLK-000055,FNP-U06550,AD-012,CMP-003,2026-01-18 13:56:39
CLK-000781,FNP-U07233,AD-010,CMP-003,2026-01-31 06:43:31
CLK-003233,FNP-U03916,AD-001,CMP-001,2026-03-09 13:20:41
CLK-000492,FNP-U08664,AD-004,CMP-001,2026-02-06 21:51:49
CLK-004689,FNP-U00860,AD-012,CMP-003,2026-01-06 09:47:09
CLK-001761,FNP-U08285,AD-010,CMP-003,2026-01-21 09:20:27
CLK-004068,FNP-U07346,AD-005,CMP-002,2026-01-29 18:47:43
CLK-004482,FNP-U03304,AD-006,CMP-002,2026-03-15 14:11:35
CLK-003395,FNP-U01365,AD-015,CMP-004,2026-02-05 00:31:14
CLK-002434,FNP-U06329,AD-015,CMP-004,2026-02-28 21:19:00
CLK-002323,FNP-U08609,AD-008,CMP-002,2026-03-05 10:06:50
CLK-005872,FNP-U01694,AD-003,CMP-001,2026-02-18 18:42:24
CLK-003814,FNP-U09482,AD-007,CMP-002,2026-02-08 06:22:46
CLK-000676,FNP-U06084,AD-012,CMP-003,2026-01-05 09:39:04
CLK-000082,FNP-U09058,AD-005,CMP-002,2026-02-11 13:19:48
CLK-002494,FNP-U01555,AD-011,CMP-003,2026-01-14 14:03:28
CLK-002672,FNP-U00534,AD-012,CMP-003,2026-03-03 14:06:44
CLK-004395,FNP-U05627,AD-015,CMP-004,2026-01-13 21:43:39
CLK-002489,FNP-U02583,AD-016,CMP-004,2026-03-21 06:32:19
CLK-001882,FNP-U01483,AD-021,CMP-006,2026-01-27 09:23:02
CLK-001550,FNP-U06163,AD-013,CMP-004,2026-01-22 21:21:19
CLK-003964,FNP-U00223,AD-023,CMP-006,2026-03-07 09:52:16
CLK-005798,FNP-U00252,AD-004,CMP-001,2026-02-03 06:10:41
CLK-002738,FNP-U06234,AD-008,CMP-002,2026-03-08 06:54:50
CLK-005425,FNP-U06955,AD-008,CMP-002,2026-01-25 07:02:37
CLK-001659,FNP-U03220,AD-020,CMP-005,2026-02-04 21:57:38
CLK-002253,FNP-U07533,AD-010,CMP-003,2026-02-24 09:58:45
CLK-004513,FNP-U05527,AD-022,CMP-006,2026-02-27 18:42:23
CLK-005999,FNP-U02824,AD-015,CMP-004,2026-03-08 10:03:59
CLK-000561,FNP-U00148,AD-017,CMP-005,2026-02-28 00:31:57
CLK-003656,FNP-U02292,AD-004,CMP-001,2026-01-10 14:02:31
CLK-000974,FNP-U01883,AD-009,CMP-003,2026-03-14 21:25:47
CLK-000637,FNP-U07541,AD-006,CMP-002,2026-01-06 22:03:00
CLK-002975,FNP-U01156,AD-016,CMP-004,2026-01-02 18:37:11
CLK-002114,FNP-U03209,AD-006,CMP-002,2026-02-19 18:11:40
CLK-000986,FNP-U07642,AD-022,CMP-006,2026-01-24 13:37:17
CLK-000649,FNP-U00476,AD-015,CMP-004,2026-03-14 21:56:49
CLK-003045,FNP-U07208,AD-005,CMP-002,2026-01-03 13:15:28
CLK-001765,FNP-U04772,AD-004,CMP-001,2026-02-04 14:03:52
CLK-005883,FNP-U07756,AD-005,CMP-002,2026-03-24 18:14:03
CLK-005272,FNP-U02989,AD-007,CMP-002,2026-03-23 06:30:15
CLK-005109,FNP-U09107,AD-008,CMP-002,2026-01-06 09:18:52
CLK-001638,FNP-U03227,AD-020,CMP-005,2026-01-31 09:27:38
CLK-003952,FNP-U06694,AD-006,CMP-002,2026-01-31 18:42:31
CLK-000279,FNP-U08325,AD-014,CMP-004,2026-02-02 21:18:39
CLK-000368,FNP-U09401,AD-017,CMP-005,2026-01-11 09:14:49
CLK-000317,FNP-U05942,AD-005,CMP-002,2026-03-05 00:29:51
CLK-002469,FNP-U03518,AD-012,CMP-003,2026-01-17 13:29:09
CLK-003809,FNP-U04899,AD-005,CMP-002,2026-01-25 06:40:45
CLK-001764,FNP-U02507,AD-010,CMP-003,2026-02-26 13:10:06
CLK-005235,FNP-U04411,AD-019,CMP-005,2026-03-17 09:59:17
CLK-000684,FNP-U04282,AD-004,CMP-001,2026-01-03 18:04:01
CLK-005360,FNP-U02177,AD-018,CMP-005,2026-03-27 13:21:04
CLK-004944,FNP-U08042,AD-021,CMP-006,2026-03-23 21:35:35
CLK-003035,FNP-U01602,AD-006,CMP-002,2026-02-12 21:53:34
CLK-001302,FNP-U02657,AD-015,CMP-004,2026-03-07 21:23:28
CLK-004711,FNP-U03808,AD-017,CMP-005,2026-03-14 21:30:12
CLK-003252,FNP-U01202,AD-008,CMP-002,2026-03-24 13:38:08
CLK-001436,FNP-U08179,AD-005,CMP-002,2026-02-14 21:50:31
CLK-002807,FNP-U00464,AD-016,CMP-004,2026-01-15 18:41:24
CLK-003131,FNP-U02577,AD-014,CMP-004,2026-03-19 06:35:38
CLK-003318,FNP-U05344,AD-004,CMP-001,2026-03-07 21:21:55
CLK-004627,FNP-U03657,AD-009,CMP-003,2026-02-03 13:27:31
CLK-003587,FNP-U00961,AD-001,CMP-001,2026-03-25 21:23:38
CLK-001438,FNP-U09185,AD-008,CMP-002,2026-01-24 09:29:35
CLK-000901,FNP-U06872,AD-007,CMP-002,2026-01-31 09:54:09
CLK-005638,FNP-U01316,AD-014,CMP-004,2026-01-19 18:47:04
CLK-002483,FNP-U01602,AD-002,CMP-001,2026-03-08 13:55:44
CLK-004340,FNP-U00417,AD-008,CMP-002,2026-03-15 06:42:23
CLK-000105,FNP-U01945,AD-013,CMP-004,2026-03-04 09:45:45
CLK-003128,FNP-U01134,AD-006,CMP-002,2026-02-13 07:10:49
CLK-004836,FNP-U00421,AD-008,CMP-002,2026-01-03 13:59:32
CLK-001460,FNP-U02325,AD-002,CMP-001,2026-03-12 09:38:13
CLK-002584,FNP-U09533,AD-002,CMP-001,2026-02-17 13:49:45
CLK-000872,FNP-U08706,AD-010,CMP-003,2026-03-12 13:44:37
CLK-000983,FNP-U05259,AD-006,CMP-002,2026-03-05 21:27:11
CLK-005467,FNP-U08464,AD-015,CMP-004,2026-01-13 21:21:17
CLK-002474,FNP-U01027,AD-007,CMP-002,2026-03-27 21:31:25
CLK-003705,FNP-U05222,AD-015,CMP-004,2026-02-14 21:51:51
CLK-000140,FNP-U02759,AD-001,CMP-001,2026-01-04 21:23:30
CLK-002767,FNP-U07665,AD-014,CMP-004,2026-03-21 09:23:16
CLK-002190,FNP-U07905,AD-019,CMP-005,2026-02-25 07:04:03
CLK-000532,FNP-U03782,AD-001,CMP-001,2026-02-04 22:08:14
CLK-002473,FNP-U09068,AD-010,CMP-003,2026-02-19 13:12:38
CLK-002174,FNP-U05899,AD-012,CMP-003,2026-01-24 06:48:39
CLK-005299,FNP-U05794,AD-018,CMP-005,2026-03-16 09:52:38
CLK-005996,FNP-U05147,AD-018,CMP-005,2026-03-20 21:42:53
CLK-000780,FNP-U08716,AD-004,CMP-001,2026-03-09 09:58:59
CLK-005132,FNP-U03848,AD-008,CMP-002,2026-03-06 13:13:44
CLK-005974,FNP-U01145,AD-008,CMP-002,2026-01-06 13:12:43
CLK-004043,FNP-U00503,AD-019,CMP-005,2026-02-15 09:23:13
CLK-004412,FNP-U00195,AD-007,CMP-002,2026-02-07 18:45:00
CLK-005063,FNP-U01083,AD-010,CMP-003,2026-02-26 06:45:40
CLK-000004,FNP-U01799,AD-013,CMP-004,2026-03-31 09:22:50
CLK-004387,FNP-U00293,AD-021,CMP-006,2026-03-28 09:52:52
CLK-005463,FNP-U09297,AD-011,CMP-003,2026-03-24 21:08:49
CLK-002827,FNP-U08904,AD-017,CMP-005,2026-02-20 06:11:01
CLK-004184,FNP-U08386,AD-021,CMP-006,2026-02-15 18:21:46
CLK-001219,FNP-U03399,AD-017,CMP-005,2026-01-30 09:04:13
CLK-000390,FNP-U06738,AD-017,CMP-005,2026-02-13 00:37:03
CLK-001478,FNP-U04911,AD-008,CMP-002,2026-02-18 18:24:19
CLK-000246,FNP-U07385,AD-021,CMP-006,2026-02-14 18:52:39
CLK-004520,FNP-U02968,AD-002,CMP-001,2026-02-10 18:15:21
CLK-003114,FNP-U09842,AD-004,CMP-001,2026-02-03 21:32:21
CLK-005138,FNP-U00012,AD-002,CMP-001,2026-02-25 13:59:47
CLK-005709,FNP-U09458,AD-003,CMP-001,2026-02-28 09:53:57
CLK-002899,FNP-U03762,AD-014,CMP-004,2026-01-01 09:59:58
CLK-000744,FNP-U09474,AD-017,CMP-005,2026-02-07 13:24:22
CLK-000604,FNP-U06053,AD-006,CMP-002,2026-02-10 13:33:00
CLK-001215,FNP-U05802,AD-004,CMP-001,2026-01-13 09:11:16
CLK-000054,FNP-U07692,AD-017,CMP-005,2026-02-18 13:36:35
CLK-005278,FNP-U01343,AD-010,CMP-003,2026-01-29 09:39:09
CLK-003960,FNP-U08887,AD-006,CMP-002,2026-02-07 21:22:38
CLK-005545,FNP-U06440,AD-006,CMP-002,2026-03-16 09:58:00
CLK-002638,FNP-U08337,AD-011,CMP-003,2026-02-11 13:57:24
CLK-002734,FNP-U08748,AD-011,CMP-003,2026-01-05 18:58:23
CLK-003699,FNP-U02278,AD-011,CMP-003,2026-03-09 13:31:58
CLK-000501,FNP-U06302,AD-020,CMP-005,2026-01-23 09:33:06
CLK-005220,FNP-U04949,AD-004,CMP-001,2026-01-29 18:15:00
CLK-004506,FNP-U08646,AD-011,CMP-003,2026-01-18 09:09:18
CLK-001575,FNP-U05861,AD-008,CMP-002,2026-02-03 13:50:52
CLK-005101,FNP-U08196,AD-023,CMP-006,2026-01-11 18:51:38
CLK-003328,FNP-U00126,AD-013,CMP-004,2026-03-26 06:55:52
CLK-002125,FNP-U07278,AD-004,CMP-001,2026-01-05 09:13:22
CLK-003958,FNP-U01580,AD-001,CMP-001,2026-02-04 18:13:37
CLK-000971,FNP-U09378,AD-003,CMP-001,2026-03-16 09:55:23
CLK-000593,FNP-U00272,AD-021,CMP-006,2026-01-22 09:42:40
CLK-000132,FNP-U08523,AD-010,CMP-003,2026-01-11 18:48:16
CLK-002258,FNP-U05286,AD-012,CMP-003,2026-03-10 18:46:05
CLK-000463,FNP-U03103,AD-002,CMP-001,2026-01-12 13:56:46
CLK-000906,FNP-U02433,AD-003,CMP-001,2026-03-11 13:38:00
CLK-001353,FNP-U00753,AD-021,CMP-006,2026-03-06 18:13:34
CLK-000142,FNP-U07117,AD-001,CMP-001,2026-02-21 09:31:20
CLK-003533,FNP-U05007,AD-005,CMP-002,2026-02-16 22:02:22
CLK-000350,FNP-U08873,AD-015,CMP-004,2026-03-26 13:05:45
CLK-002047,FNP-U03980,AD-008,CMP-002,2026-02-24 09:27:41
CLK-003237,FNP-U03763,AD-020,CMP-005,2026-02-06 09:53:31
CLK-004799,FNP-U05195,AD-007,CMP-002,2026-01-03 13:44:09
CLK-005648,FNP-U06484,AD-003,CMP-001,2026-03-28 19:09:47
CLK-003144,FNP-U02946,AD-021,CMP-006,2026-02-09 13:26:52
CLK-005826,FNP-U03858,AD-013,CMP-004,2026-03-14 13:31:06
CLK-005175,FNP-U00833,AD-017,CMP-005,2026-01-21 09:27:46
CLK-001229,FNP-U08250,AD-010,CMP-003,2026-03-12 06:48:53
CLK-000762,FNP-U01808,AD-013,CMP-004,2026-03-02 09:32:45
CLK-000448,FNP-U08031,AD-003,CMP-001,2026-03-06 13:14:44
CLK-001323,FNP-U04398,AD-007,CMP-002,2026-02-04 09:53:44
CLK-000308,FNP-U06156,AD-021,CMP-006,2026-03-07 09:46:51
CLK-003383,FNP-U06154,AD-006,CMP-002,2026-01-12 13:18:37
CLK-004368,FNP-U09272,AD-005,CMP-002,2026-01-23 13:59:19
CLK-000233,FNP-U07717,AD-011,CMP-003,2026-02-27 13:46:23
CLK-000798,FNP-U01488,AD-018,CMP-005,2026-02-07 13:58:40
CLK-000416,FNP-U08684,AD-010,CMP-003,2026-03-11 09:59:56
CLK-000519,FNP-U02941,AD-010,CMP-003,2026-02-21 13:08:05
CLK-005825,FNP-U00458,AD-008,CMP-002,2026-03-18 18:59:55
CLK-005824,FNP-U01256,AD-001,CMP-001,2026-02-06 13:55:37
CLK-001333,FNP-U08323,AD-003,CMP-001,2026-01-21 21:53:59
CLK-002113,FNP-U07252,AD-001,CMP-001,2026-03-10 21:51:49
CLK-001875,FNP-U02545,AD-017,CMP-005,2026-01-13 21:50:33
CLK-005405,FNP-U00520,AD-021,CMP-006,2026-03-25 09:04:48
CLK-005726,FNP-U08363,AD-015,CMP-004,2026-02-08 13:20:49
CLK-005519,FNP-U04612,AD-010,CMP-003,2026-03-22 13:19:53
CLK-002247,FNP-U05892,AD-008,CMP-002,2026-01-21 07:03:18
CLK-001195,FNP-U00919,AD-017,CMP-005,2026-02-21 18:36:01
CLK-001256,FNP-U09529,AD-015,CMP-004,2026-03-15 06:12:53
CLK-002228,FNP-U04394,AD-003,CMP-001,2026-01-25 18:34:20
CLK-005055,FNP-U02258,AD-008,CMP-002,2026-01-28 18:26:51
CLK-005341,FNP-U07600,AD-018,CMP-005,2026-01-01 22:03:02
CLK-000605,FNP-U02905,AD-015,CMP-004,2026-02-11 00:22:29
CLK-004566,FNP-U09150,AD-009,CMP-003,2026-03-20 06:25:25
CLK-004582,FNP-U06307,AD-006,CMP-002,2026-01-20 09:18:04
CLK-004301,FNP-U03446,AD-004,CMP-001,2026-02-04 13:21:05
CLK-003406,FNP-U05025,AD-012,CMP-003,2026-01-13 21:52:59
CLK-001045,FNP-U03848,AD-004,CMP-001,2026-03-04 06:52:40
CLK-000496,FNP-U05461,AD-008,CMP-002,2026-02-09 13:25:00
CLK-001710,FNP-U04702,AD-002,CMP-001,2026-03-22 10:05:56
CLK-000646,FNP-U00017,AD-017,CMP-005,2026-03-30 10:07:36
CLK-001017,FNP-U02383,AD-015,CMP-004,2026-01-14 13:38:31
CLK-000797,FNP-U04778,AD-006,CMP-002,2026-02-10 22:00:08
CLK-003887,FNP-U06851,AD-002,CMP-001,2026-01-14 21:12:24
CLK-001398,FNP-U05765,AD-004,CMP-001,2026-01-16 10:00:05
CLK-002439,FNP-U06183,AD-016,CMP-004,2026-01-30 13:09:58
CLK-005865,FNP-U04432,AD-010,CMP-003,2026-01-18 19:00:47
CLK-002874,FNP-U05812,AD-010,CMP-003,2026-02-24 06:23:35
CLK-004446,FNP-U00473,AD-011,CMP-003,2026-02-25 13:18:40
CLK-002019,FNP-U08373,AD-013,CMP-004,2026-01-18 18:54:47
CLK-001914,FNP-U06160,AD-001,CMP-001,2026-01-27 18:08:41
CLK-004904,FNP-U08595,AD-004,CMP-001,2026-01-22 06:19:48
CLK-002528,FNP-U08639,AD-001,CMP-001,2026-01-09 13:16:38
CLK-000442,FNP-U03549,AD-002,CMP-001,2026-02-13 13:50:18
CLK-005817,FNP-U02991,AD-002,CMP-001,2026-03-14 13:48:51
CLK-004699,FNP-U02014,AD-021,CMP-006,2026-03-10 18:43:09
CLK-002022,FNP-U06993,AD-021,CMP-006,2026-03-25 07:00:28
CLK-004769,FNP-U01875,AD-009,CMP-003,2026-03-05 06:23:36
CLK-004771,FNP-U02595,AD-004,CMP-001,2026-03-21 10:02:37
CLK-001290,FNP-U00733,AD-018,CMP-005,2026-01-30 21:51:27
CLK-003529,FNP-U01207,AD-013,CMP-004,2026-01-15 21:03:45
CLK-000694,FNP-U00997,AD-012,CMP-003,2026-03-19 18:57:24
CLK-003197,FNP-U05110,AD-021,CMP-006,2026-03-25 18:22:24
CLK-005325,FNP-U03023,AD-002,CMP-001,2026-03-03 18:37:43
CLK-002246,FNP-U00379,AD-018,CMP-005,2026-01-25 18:33:23
CLK-004508,FNP-U05989,AD-017,CMP-005,2026-01-13 06:42:46
CLK-000584,FNP-U06639,AD-013,CMP-004,2026-03-23 10:12:09
CLK-005795,FNP-U07527,AD-019,CMP-005,2026-01-05 18:54:56
CLK-002427,FNP-U09397,AD-014,CMP-004,2026-02-26 22:05:25
CLK-000193,FNP-U04990,AD-003,CMP-001,2026-01-30 09:25:06
CLK-003824,FNP-U00950,AD-008,CMP-002,2026-01-13 09:42:46
CLK-002165,FNP-U09828,AD-004,CMP-001,2026-02-23 13:35:48
CLK-005211,FNP-U04403,AD-010,CMP-003,2026-01-18 13:19:10
CLK-003444,FNP-U00553,AD-002,CMP-001,2026-03-24 18:59:29
CLK-001641,FNP-U05003,AD-006,CMP-002,2026-01-30 13:51:20
CLK-000482,FNP-U01943,AD-017,CMP-005,2026-01-09 00:48:47
CLK-001007,FNP-U06903,AD-015,CMP-004,2026-01-14 14:03:35
CLK-002242,FNP-U05454,AD-010,CMP-003,2026-01-05 09:33:26
CLK-003829,FNP-U05270,AD-018,CMP-005,2026-01-22 09:09:15
CLK-004646,FNP-U02434,AD-009,CMP-003,2026-03-15 13:35:45
CLK-005757,FNP-U06052,AD-021,CMP-006,2026-02-06 09:16:33
CLK-004531,FNP-U06493,AD-015,CMP-004,2026-01-10 06:20:19
CLK-004038,FNP-U08159,AD-021,CMP-006,2026-01-05 18:35:07
CLK-004533,FNP-U05059,AD-017,CMP-005,2026-02-02 13:12:26
CLK-001284,FNP-U01374,AD-001,CMP-001,2026-03-16 13:41:54
CLK-002166,FNP-U01268,AD-001,CMP-001,2026-03-09 10:05:31
CLK-005370,FNP-U05825,AD-012,CMP-003,2026-03-08 09:41:12
CLK-003392,FNP-U08070,AD-013,CMP-004,2026-01-04 21:16:19
CLK-004681,FNP-U01071,AD-002,CMP-001,2026-03-13 13:28:43
CLK-002558,FNP-U08017,AD-010,CMP-003,2026-03-16 13:15:43
CLK-001295,FNP-U00894,AD-001,CMP-001,2026-02-17 13:31:51
CLK-002527,FNP-U03814,AD-006,CMP-002,2026-02-09 06:16:51
CLK-003178,FNP-U04141,AD-004,CMP-001,2026-03-22 13:18:33
CLK-001074,FNP-U04257,AD-005,CMP-002,2026-03-22 09:34:53
CLK-003493,FNP-U07832,AD-011,CMP-003,2026-03-14 18:41:18
CLK-002730,FNP-U07972,AD-014,CMP-004,2026-01-12 14:03:16
CLK-001984,FNP-U09262,AD-006,CMP-002,2026-01-14 21:52:33
CLK-004638,FNP-U00701,AD-011,CMP-003,2026-03-30 22:07:33
CLK-003398,FNP-U05183,AD-008,CMP-002,2026-03-21 18:43:12
CLK-002509,FNP-U05423,AD-015,CMP-004,2026-01-29 06:09:59
CLK-005835,FNP-U08262,AD-018,CMP-005,2026-01-09 06:22:50
CLK-000079,FNP-U02343,AD-008,CMP-002,2026-01-19 13:53:59
CLK-003445,FNP-U03630,AD-002,CMP-001,2026-01-26 14:02:04
CLK-004952,FNP-U02237,AD-008,CMP-002,2026-03-15 13:47:38
CLK-005979,FNP-U04280,AD-008,CMP-002,2026-01-01 09:20:22
CLK-000109,FNP-U04916,AD-002,CMP-001,2026-01-31 09:27:31
CLK-005200,FNP-U02426,AD-011,CMP-003,2026-02-25 21:53:19
CLK-004939,FNP-U05977,AD-017,CMP-005,2026-03-22 18:34:48
CLK-002625,FNP-U00851,AD-004,CMP-001,2026-02-20 18:41:09
CLK-001361,FNP-U08186,AD-012,CMP-003,2026-03-03 09:47:55
CLK-003878,FNP-U04137,AD-010,CMP-003,2026-01-05 18:24:01
CLK-003291,FNP-U05228,AD-007,CMP-002,2026-02-04 18:33:44
CLK-001946,FNP-U04585,AD-002,CMP-001,2026-01-23 13:59:02
CLK-002517,FNP-U03733,AD-019,CMP-005,2026-01-05 13:43:43
CLK-001701,FNP-U09700,AD-006,CMP-002,2026-01-22 13:43:28
CLK-003010,FNP-U09040,AD-008,CMP-002,2026-01-02 13:15:10
CLK-003309,FNP-U09269,AD-001,CMP-001,2026-01-10 18:25:10
CLK-004876,FNP-U03950,AD-019,CMP-005,2026-01-07 18:50:17
CLK-000658,FNP-U08937,AD-002,CMP-001,2026-01-11 06:54:45
CLK-000159,FNP-U08337,AD-014,CMP-004,2026-01-04 13:46:27
CLK-000423,FNP-U01873,AD-020,CMP-005,2026-03-28 14:07:51
CLK-002804,FNP-U00078,AD-012,CMP-003,2026-03-29 10:05:36
CLK-003229,FNP-U06718,AD-014,CMP-004,2026-01-22 13:56:37
CLK-000478,FNP-U09590,AD-015,CMP-004,2026-01-23 06:50:31
CLK-001533,FNP-U04940,AD-007,CMP-002,2026-03-07 13:35:47
CLK-001584,FNP-U08567,AD-017,CMP-005,2026-02-06 06:50:07
CLK-001903,FNP-U06163,AD-004,CMP-001,2026-01-10 13:40:09
CLK-002852,FNP-U01391,AD-002,CMP-001,2026-03-23 18:25:49
CLK-000619,FNP-U03073,AD-005,CMP-002,2026-03-13 21:19:49
CLK-003382,FNP-U06991,AD-015,CMP-004,2026-02-11 18:36:25
CLK-003223,FNP-U09186,AD-004,CMP-001,2026-01-04 09:46:15
CLK-001512,FNP-U04904,AD-019,CMP-005,2026-02-27 09:07:54
CLK-004595,FNP-U09216,AD-021,CMP-006,2026-02-28 06:09:59
CLK-005929,FNP-U08377,AD-008,CMP-002,2026-03-17 21:09:05
CLK-000864,FNP-U09459,AD-019,CMP-005,2026-01-15 18:20:20
CLK-005698,FNP-U06168,AD-002,CMP-001,2026-02-18 18:30:48
CLK-001851,FNP-U08978,AD-001,CMP-001,2026-01-24 13:43:01
CLK-001629,FNP-U06113,AD-001,CMP-001,2026-01-22 13:46:45
CLK-005173,FNP-U05875,AD-018,CMP-005,2026-03-20 13:28:24
CLK-001597,FNP-U08843,AD-015,CMP-004,2026-02-14 13:43:40
CLK-005985,FNP-U08268,AD-006,CMP-002,2026-03-28 21:51:58
CLK-002389,FNP-U05296,AD-004,CMP-001,2026-03-20 13:39:48
CLK-000244,FNP-U07810,AD-010,CMP-003,2026-01-19 13:13:22
CLK-002277,FNP-U02193,AD-021,CMP-006,2026-02-14 06:13:43
CLK-000333,FNP-U04377,AD-005,CMP-002,2026-01-16 10:02:23
CLK-004854,FNP-U06973,AD-013,CMP-004,2026-01-15 14:03:57
CLK-004304,FNP-U08232,AD-001,CMP-001,2026-02-23 06:10:15
CLK-005667,FNP-U03656,AD-001,CMP-001,2026-01-08 13:34:11
CLK-003452,FNP-U00400,AD-020,CMP-005,2026-01-07 13:51:09
CLK-000018,FNP-U00350,AD-015,CMP-004,2026-03-05 18:52:40
CLK-005124,FNP-U00413,AD-014,CMP-004,2026-01-28 19:05:57
CLK-000426,FNP-U01775,AD-008,CMP-002,2026-03-01 18:49:33
CLK-002850,FNP-U09841,AD-015,CMP-004,2026-01-28 18:48:28
CLK-004103,FNP-U06905,AD-020,CMP-005,2026-03-26 18:46:34
CLK-004468,FNP-U01331,AD-010,CMP-003,2026-03-26 13:48:28
CLK-001423,FNP-U03532,AD-008,CMP-002,2026-01-20 10:00:06
CLK-000216,FNP-U07810,AD-004,CMP-001,2026-02-03 21:52:30
CLK-005849,FNP-U01702,AD-002,CMP-001,2026-01-04 13:54:36
CLK-005172,FNP-U00892,AD-001,CMP-001,2026-03-28 21:11:04
CLK-004216,FNP-U09690,AD-022,CMP-006,2026-01-24 18:34:22
CLK-002104,FNP-U01326,AD-003,CMP-001,2026-01-09 18:44:15
CLK-003164,FNP-U05652,AD-004,CMP-001,2026-03-31 09:50:41
CLK-005689,FNP-U09574,AD-008,CMP-002,2026-01-27 21:41:35
CLK-001577,FNP-U08353,AD-001,CMP-001,2026-03-15 09:56:27
CLK-003077,FNP-U08320,AD-009,CMP-003,2026-03-16 13:14:03
CLK-000988,FNP-U06929,AD-008,CMP-002,2026-03-07 18:33:13
CLK-002813,FNP-U02180,AD-021,CMP-006,2026-01-07 13:53:26
CLK-004307,FNP-U06003,AD-017,CMP-005,2026-03-25 13:50:44
CLK-002916,FNP-U05882,AD-014,CMP-004,2026-02-15 13:36:15
CLK-000835,FNP-U09587,AD-001,CMP-001,2026-01-14 09:05:27
CLK-004733,FNP-U04361,AD-020,CMP-005,2026-02-20 13:26:52
CLK-005681,FNP-U08012,AD-009,CMP-003,2026-03-05 09:55:30
CLK-000949,FNP-U03214,AD-017,CMP-005,2026-02-04 21:25:11
CLK-000927,FNP-U05452,AD-017,CMP-005,2026-01-16 13:13:06
CLK-001722,FNP-U09164,AD-007,CMP-002,2026-02-13 21:33:09
CLK-000196,FNP-U09412,AD-018,CMP-005,2026-03-03 18:58:18
CLK-004504,FNP-U05983,AD-003,CMP-001,2026-03-03 21:58:15
CLK-004318,FNP-U08669,AD-001,CMP-001,2026-03-06 09:58:29
CLK-005422,FNP-U08035,AD-019,CMP-005,2026-02-08 18:58:26
CLK-004929,FNP-U08655,AD-004,CMP-001,2026-01-11 18:49:59
CLK-005255,FNP-U05599,AD-015,CMP-004,2026-03-29 18:12:31
CLK-001935,FNP-U05342,AD-010,CMP-003,2026-03-16 06:39:23
CLK-003483,FNP-U03120,AD-021,CMP-006,2026-03-15 09:13:50
CLK-002764,FNP-U06477,AD-017,CMP-005,2026-01-14 19:11:05
CLK-001083,FNP-U00361,AD-008,CMP-002,2026-03-12 13:46:22
CLK-001738,FNP-U03950,AD-021,CMP-006,2026-03-06 09:54:50
CLK-002934,FNP-U00479,AD-010,CMP-003,2026-02-21 22:05:04
CLK-001836,FNP-U00710,AD-015,CMP-004,2026-02-20 21:17:54
CLK-002143,FNP-U05562,AD-001,CMP-001,2026-01-08 09:41:57
CLK-004316,FNP-U01877,AD-014,CMP-004,2026-03-26 18:40:44
CLK-002442,FNP-U07875,AD-017,CMP-005,2026-01-14 09:45:02
CLK-001671,FNP-U05034,AD-011,CMP-003,2026-03-17 13:22:23
CLK-004172,FNP-U01309,AD-014,CMP-004,2026-03-14 09:18:40
CLK-001523,FNP-U06403,AD-001,CMP-001,2026-01-04 14:02:23
CLK-004143,FNP-U03327,AD-013,CMP-004,2026-01-26 18:47:22
CLK-002437,FNP-U01821,AD-002,CMP-001,2026-01-13 09:45:49
CLK-004099,FNP-U02997,AD-001,CMP-001,2026-02-09 06:46:52
CLK-000122,FNP-U03258,AD-018,CMP-005,2026-03-23 00:31:10
CLK-000538,FNP-U08253,AD-022,CMP-006,2026-03-15 14:11:28
CLK-003817,FNP-U04860,AD-015,CMP-004,2026-01-20 18:52:24
CLK-005374,FNP-U03140,AD-021,CMP-006,2026-01-14 06:32:28
CLK-004756,FNP-U00797,AD-019,CMP-005,2026-01-21 21:45:25
CLK-004988,FNP-U05796,AD-002,CMP-001,2026-01-13 09:30:18
CLK-004978,FNP-U07082,AD-005,CMP-002,2026-03-27 14:00:13
CLK-003661,FNP-U01458,AD-005,CMP-002,2026-02-08 13:08:06
CLK-003568,FNP-U04809,AD-001,CMP-001,2026-01-03 22:00:03
CLK-001986,FNP-U06753,AD-003,CMP-001,2026-01-07 18:18:42
CLK-003643,FNP-U01876,AD-021,CMP-006,2026-03-14 13:14:21
CLK-004895,FNP-U08233,AD-004,CMP-001,2026-03-16 21:18:44
CLK-003404,FNP-U06912,AD-014,CMP-004,2026-01-17 18:37:27
CLK-000021,FNP-U09866,AD-023,CMP-006,2026-02-24 13:27:45
CLK-004122,FNP-U07133,AD-004,CMP-001,2026-02-11 09:28:36
CLK-003842,FNP-U01787,AD-001,CMP-001,2026-02-05 14:01:02
CLK-002103,FNP-U07732,AD-021,CMP-006,2026-01-12 21:16:19
CLK-005330,FNP-U08245,AD-018,CMP-005,2026-02-26 13:36:33
CLK-005446,FNP-U04474,AD-003,CMP-001,2026-01-06 13:03:09
CLK-001927,FNP-U03828,AD-002,CMP-001,2026-01-11 21:27:17
CLK-001658,FNP-U08678,AD-004,CMP-001,2026-03-16 18:32:33
CLK-004037,FNP-U03964,AD-012,CMP-003,2026-01-28 00:43:48
CLK-001079,FNP-U06048,AD-005,CMP-002,2026-01-23 09:15:19
CLK-002909,FNP-U06677,AD-014,CMP-004,2026-03-25 18:57:30
CLK-000007,FNP-U07600,AD-001,CMP-001,2026-02-19 21:09:12
CLK-004633,FNP-U06324,AD-019,CMP-005,2026-03-11 06:18:31
CLK-004167,FNP-U00215,AD-005,CMP-002,2026-02-04 21:42:11
CLK-004345,FNP-U08538,AD-017,CMP-005,2026-03-18 13:56:03
CLK-002556,FNP-U09622,AD-013,CMP-004,2026-01-13 14:11:00
CLK-000816,FNP-U08396,AD-002,CMP-001,2026-01-07 06:26:07
CLK-001338,FNP-U08058,AD-002,CMP-001,2026-01-02 13:52:37
CLK-002658,FNP-U05142,AD-001,CMP-001,2026-03-16 21:57:58
CLK-004497,FNP-U06964,AD-008,CMP-002,2026-03-12 18:30:08
CLK-005953,FNP-U07131,AD-017,CMP-005,2026-03-12 21:53:20
CLK-005661,FNP-U07928,AD-009,CMP-003,2026-02-21 18:30:51
CLK-002691,FNP-U03004,AD-008,CMP-002,2026-03-18 13:39:36
CLK-000302,FNP-U04104,AD-004,CMP-001,2026-01-24 10:06:43
CLK-002744,FNP-U09812,AD-017,CMP-005,2026-01-14 13:31:36
CLK-001707,FNP-U01643,AD-010,CMP-003,2026-03-12 09:57:00
CLK-002496,FNP-U00631,AD-002,CMP-001,2026-01-31 13:13:55
CLK-002079,FNP-U04159,AD-014,CMP-004,2026-02-18 07:01:14
CLK-004110,FNP-U04493,AD-014,CMP-004,2026-01-19 21:48:17
CLK-003678,FNP-U09016,AD-001,CMP-001,2026-02-16 09:00:34
CLK-003375,FNP-U01682,AD-013,CMP-004,2026-02-14 06:37:19
CLK-002198,FNP-U02193,AD-012,CMP-003,2026-03-03 09:31:14
CLK-001481,FNP-U09118,AD-011,CMP-003,2026-01-12 13:10:00
CLK-004984,FNP-U04311,AD-007,CMP-002,2026-01-07 09:36:09
CLK-000838,FNP-U04895,AD-006,CMP-002,2026-02-25 13:26:37
CLK-003650,FNP-U07490,AD-006,CMP-002,2026-03-26 13:14:08
CLK-002172,FNP-U08333,AD-012,CMP-003,2026-03-27 09:12:05
CLK-004790,FNP-U00455,AD-006,CMP-002,2026-03-17 18:37:54
CLK-005701,FNP-U09171,AD-008,CMP-002,2026-02-08 21:38:40
CLK-001128,FNP-U05151,AD-018,CMP-005,2026-01-10 13:34:00
CLK-003431,FNP-U01337,AD-010,CMP-003,2026-02-10 13:18:15
CLK-001922,FNP-U01204,AD-004,CMP-001,2026-01-31 21:23:52
CLK-000366,FNP-U06714,AD-011,CMP-003,2026-02-01 21:44:16
CLK-003165,FNP-U08013,AD-017,CMP-005,2026-03-03 13:50:29
CLK-003615,FNP-U04772,AD-009,CMP-003,2026-02-23 07:06:07
CLK-004240,FNP-U07111,AD-015,CMP-004,2026-03-16 13:04:16
CLK-001494,FNP-U03589,AD-017,CMP-005,2026-01-27 13:20:58
CLK-004974,FNP-U06275,AD-010,CMP-003,2026-03-21 00:27:45
CLK-003804,FNP-U08723,AD-010,CMP-003,2026-01-24 13:43:12
CLK-001637,FNP-U08542,AD-010,CMP-003,2026-01-25 10:06:02
CLK-004770,FNP-U00653,AD-017,CMP-005,2026-01-19 10:04:49
CLK-004349,FNP-U01631,AD-004,CMP-001,2026-03-25 13:26:02
CLK-003758,FNP-U00590,AD-004,CMP-001,2026-02-15 13:45:37
CLK-002727,FNP-U09231,AD-017,CMP-005,2026-01-07 13:37:34
CLK-003916,FNP-U07957,AD-013,CMP-004,2026-01-24 09:35:03
CLK-004396,FNP-U02848,AD-021,CMP-006,2026-01-22 18:43:39
CLK-000291,FNP-U08892,AD-009,CMP-003,2026-01-02 06:48:21
CLK-000422,FNP-U06646,AD-009,CMP-003,2026-02-09 21:56:11
CLK-004238,FNP-U04513,AD-018,CMP-005,2026-01-25 13:54:56
CLK-002896,FNP-U02394,AD-001,CMP-001,2026-02-06 21:27:01
CLK-003998,FNP-U09334,AD-001,CMP-001,2026-01-03 13:28:12
CLK-001869,FNP-U08319,AD-007,CMP-002,2026-03-28 18:47:02
CLK-004355,FNP-U03155,AD-014,CMP-004,2026-01-05 18:26:22
CLK-004775,FNP-U07273,AD-014,CMP-004,2026-02-04 21:17:23
CLK-000274,FNP-U08416,AD-010,CMP-003,2026-01-30 21:51:49
CLK-005402,FNP-U01568,AD-006,CMP-002,2026-03-25 09:14:35
CLK-002847,FNP-U05363,AD-008,CMP-002,2026-02-17 07:01:19
CLK-000175,FNP-U03488,AD-006,CMP-002,2026-01-01 13:17:05
CLK-002549,FNP-U02513,AD-017,CMP-005,2026-02-12 21:39:26
CLK-004903,FNP-U06747,AD-004,CMP-001,2026-03-10 09:29:30
CLK-000899,FNP-U04215,AD-013,CMP-004,2026-02-04 18:35:01
CLK-004702,FNP-U05196,AD-008,CMP-002,2026-01-24 00:30:14
CLK-000189,FNP-U01195,AD-007,CMP-002,2026-03-30 06:58:48
CLK-001992,FNP-U03965,AD-001,CMP-001,2026-02-19 13:37:47
CLK-002919,FNP-U05777,AD-001,CMP-001,2026-02-23 09:26:04
CLK-000243,FNP-U00031,AD-004,CMP-001,2026-03-27 09:45:34
CLK-005697,FNP-U01003,AD-008,CMP-002,2026-03-09 13:10:30
CLK-000948,FNP-U04381,AD-015,CMP-004,2026-01-19 18:39:47
CLK-004720,FNP-U07579,AD-005,CMP-002,2026-02-03 13:40:36
CLK-000222,FNP-U02052,AD-010,CMP-003,2026-03-13 18:09:31
CLK-004979,FNP-U04340,AD-006,CMP-002,2026-02-07 13:38:32
CLK-005475,FNP-U07471,AD-015,CMP-004,2026-01-03 18:08:14
CLK-004621,FNP-U01951,AD-010,CMP-003,2026-01-01 13:07:32
CLK-005664,FNP-U09541,AD-001,CMP-001,2026-01-19 13:42:53
CLK-005869,FNP-U03530,AD-023,CMP-006,2026-02-17 18:54:19
CLK-004278,FNP-U09829,AD-020,CMP-005,2026-02-18 21:28:25
CLK-005285,FNP-U03301,AD-012,CMP-003,2026-02-09 07:07:28
CLK-000154,FNP-U03641,AD-017,CMP-005,2026-01-24 13:12:38
CLK-000685,FNP-U08283,AD-006,CMP-002,2026-03-20 09:17:52
CLK-003851,FNP-U08050,AD-017,CMP-005,2026-01-18 13:43:29
CLK-004283,FNP-U00097,AD-008,CMP-002,2026-01-13 21:07:23
CLK-002199,FNP-U07427,AD-001,CMP-001,2026-03-05 09:32:46
CLK-003816,FNP-U09765,AD-017,CMP-005,2026-03-17 18:29:27
CLK-001799,FNP-U07392,AD-020,CMP-005,2026-01-29 09:59:25
CLK-000795,FNP-U08234,AD-002,CMP-001,2026-02-13 09:46:57
CLK-001926,FNP-U04634,AD-002,CMP-001,2026-01-20 09:18:12
CLK-002724,FNP-U09819,AD-022,CMP-006,2026-03-08 18:06:08
CLK-004873,FNP-U06828,AD-012,CMP-003,2026-01-24 14:04:14
CLK-001357,FNP-U08275,AD-005,CMP-002,2026-02-22 13:10:12
CLK-001222,FNP-U05405,AD-013,CMP-004,2026-02-23 18:09:30
CLK-001956,FNP-U02319,AD-001,CMP-001,2026-02-05 09:36:59
CLK-003055,FNP-U02776,AD-013,CMP-004,2026-02-18 18:40:33
CLK-000944,FNP-U04792,AD-006,CMP-002,2026-02-05 09:38:36
CLK-001780,FNP-U01990,AD-006,CMP-002,2026-03-05 09:31:53
CLK-000748,FNP-U04104,AD-004,CMP-001,2026-02-28 13:19:29
CLK-002652,FNP-U00147,AD-002,CMP-001,2026-03-16 13:30:10
CLK-002555,FNP-U04762,AD-021,CMP-006,2026-01-10 21:32:38
CLK-004046,FNP-U09410,AD-009,CMP-003,2026-03-14 13:44:15
